survey_id,site_code,survey_start,survey_end,survey_method,observation_hours,observed_bat_count,acoustic_detection_count,nightly_visit_count,colony_estimate,comparison_species_count,observer_team,survey_quality,weather_interference
BAT-0000001,KNT-KES,2019-01-05T18:00:00,2019-01-12T00:00:00,fixed_acoustic_station,28.6,7,13,7,3.8,8,TEAM-11-2,high,32.0
BAT-0000002,KNT-KES,2019-02-05T18:00:00,2019-02-12T00:00:00,acoustic_and_visual,31.7,8,12,9,7.3,18,TEAM-11-2,acceptable,18.5
BAT-0000003,KNT-KES,2019-03-05T18:00:00,2019-03-12T00:00:00,fixed_acoustic_station,32.4,22,28,14,19.9,8,TEAM-11-2,high,26.2
BAT-0000004,KNT-KES,2019-04-05T18:00:00,2019-04-12T00:00:00,acoustic_and_visual,35.7,26,36,19,32.2,14,TEAM-11-2,high,35.0
BAT-0000005,KNT-KES,2019-05-05T18:00:00,2019-05-12T00:00:00,acoustic_transect,32.0,23,29,22,20.9,16,TEAM-11-2,acceptable,38.7
BAT-0000006,KNT-KES,2019-06-05T18:00:00,2019-06-12T00:00:00,acoustic_and_visual,23.5,21,39,10,20.2,14,TEAM-11-2,acceptable,31.6
BAT-0000007,KNT-KES,2019-07-05T18:00:00,2019-07-12T00:00:00,acoustic_and_visual,27.5,19,22,20,24.3,10,TEAM-11-2,acceptable,60.1
BAT-0000008,KNT-KES,2019-08-05T18:00:00,2019-08-12T00:00:00,fixed_acoustic_station,23.1,13,15,11,14.2,13,TEAM-11-2,acceptable,58.4
BAT-0000009,KNT-KES,2019-09-05T18:00:00,2019-09-12T00:00:00,acoustic_transect,29.7,10,13,11,10.0,9,TEAM-11-2,acceptable,62.2
BAT-0000010,KNT-KES,2019-10-05T18:00:00,2019-10-12T00:00:00,acoustic_and_visual,32.2,21,23,3,18.1,21,TEAM-11-2,high,33.4
BAT-0000011,KNT-KES,2019-11-05T18:00:00,2019-11-12T00:00:00,acoustic_transect,33.0,18,22,11,18.6,12,TEAM-11-2,high,19.1
BAT-0000012,KNT-KES,2019-12-05T18:00:00,2019-12-12T00:00:00,acoustic_and_visual,30.1,16,12,11,20.6,13,TEAM-11-2,limited,7.9
BAT-0000013,KNT-KES,2020-01-05T18:00:00,2020-01-12T00:00:00,acoustic_and_visual,35.4,17,36,13,16.9,11,TEAM-11-2,high,16.5
BAT-0000014,KNT-KES,2020-02-05T18:00:00,2020-02-12T00:00:00,fixed_acoustic_station,43.5,28,31,27,27.8,7,TEAM-11-2,high,24.6
BAT-0000015,KNT-KES,2020-03-05T18:00:00,2020-03-12T00:00:00,fixed_acoustic_station,34.3,31,18,16,34.5,11,TEAM-11-2,acceptable,37.6
BAT-0000016,KNT-KES,2020-04-05T18:00:00,2020-04-12T00:00:00,acoustic_and_visual,27.3,28,31,15,28.5,14,TEAM-11-2,acceptable,31.9
BAT-0000017,KNT-KES,2020-05-05T18:00:00,2020-05-12T00:00:00,acoustic_and_visual,33.9,32,31,19,25.3,9,TEAM-11-2,high,38.0
BAT-0000018,KNT-KES,2020-06-05T18:00:00,2020-06-12T00:00:00,acoustic_transect,23.2,18,15,15,22.7,14,TEAM-11-2,acceptable,60.8
BAT-0000019,KNT-KES,2020-07-05T18:00:00,2020-07-12T00:00:00,acoustic_transect,27.2,21,27,18,22.7,10,TEAM-11-2,high,47.2
BAT-0000020,KNT-KES,2020-08-05T18:00:00,2020-08-12T00:00:00,acoustic_and_visual,25.6,9,15,10,9.2,14,TEAM-11-2,acceptable,56.2
BAT-0000021,KNT-KES,2020-09-05T18:00:00,2020-09-12T00:00:00,fixed_acoustic_station,12.2,7,5,5,5.3,14,TEAM-11-2,limited,58.5
BAT-0000022,KNT-KES,2020-10-05T18:00:00,2020-10-12T00:00:00,acoustic_and_visual,28.1,11,16,10,9.0,10,TEAM-11-2,acceptable,49.7
BAT-0000023,KNT-KES,2020-11-05T18:00:00,2020-11-12T00:00:00,acoustic_and_visual,32.2,9,15,10,11.3,12,TEAM-11-2,high,41.0
BAT-0000024,KNT-KES,2020-12-05T18:00:00,2020-12-12T00:00:00,acoustic_and_visual,37.8,24,31,16,29.2,8,TEAM-11-2,high,6.9
BAT-0000025,KNT-KES,2021-01-05T18:00:00,2021-01-12T00:00:00,fixed_acoustic_station,33.0,17,26,9,17.1,7,TEAM-11-2,acceptable,32.4
BAT-0000026,KNT-KES,2021-02-05T18:00:00,2021-02-12T00:00:00,fixed_acoustic_station,34.5,25,34,20,19.2,10,TEAM-11-2,high,23.1
BAT-0000027,KNT-KES,2021-03-05T18:00:00,2021-03-12T00:00:00,acoustic_and_visual,34.5,38,47,17,50.3,18,TEAM-11-2,high,23.3
BAT-0000028,KNT-KES,2021-04-05T18:00:00,2021-04-12T00:00:00,fixed_acoustic_station,37.2,9,6,5,10.6,6,TEAM-11-2,high,24.7
BAT-0000029,KNT-KES,2021-05-05T18:00:00,2021-05-12T00:00:00,fixed_acoustic_station,32.7,11,18,7,9.8,9,TEAM-11-2,acceptable,44.3
BAT-0000030,KNT-KES,2021-06-05T18:00:00,2021-06-12T00:00:00,acoustic_transect,29.5,5,12,8,5.3,13,TEAM-11-2,acceptable,41.3
BAT-0000031,KNT-KES,2021-07-05T18:00:00,2021-07-12T00:00:00,acoustic_and_visual,25.8,9,3,5,9.5,19,TEAM-11-2,high,57.0
BAT-0000032,KNT-KES,2021-08-05T18:00:00,2021-08-12T00:00:00,fixed_acoustic_station,31.7,12,12,8,11.7,19,TEAM-11-2,high,56.1
BAT-0000033,KNT-KES,2021-09-05T18:00:00,2021-09-12T00:00:00,acoustic_transect,29.7,5,13,13,4.5,12,TEAM-11-2,high,41.9
BAT-0000034,KNT-KES,2021-10-05T18:00:00,2021-10-12T00:00:00,acoustic_transect,29.3,7,17,4,7.8,12,TEAM-11-2,acceptable,35.7
BAT-0000035,KNT-KES,2021-11-05T18:00:00,2021-11-12T00:00:00,acoustic_and_visual,35.3,8,14,8,8.0,14,TEAM-11-2,high,22.1
BAT-0000036,KNT-KES,2021-12-05T18:00:00,2021-12-12T00:00:00,acoustic_and_visual,35.1,13,19,5,15.0,14,TEAM-11-2,high,9.5
BAT-0000037,KNT-KES,2022-01-05T18:00:00,2022-01-12T00:00:00,acoustic_transect,32.1,18,19,12,24.2,16,TEAM-11-2,high,22.2
BAT-0000038,KNT-KES,2022-02-05T18:00:00,2022-02-12T00:00:00,acoustic_and_visual,27.8,13,12,6,12.7,12,TEAM-11-2,acceptable,31.8
BAT-0000039,KNT-KES,2022-03-05T18:00:00,2022-03-12T00:00:00,fixed_acoustic_station,31.9,24,31,18,26.9,10,TEAM-11-2,acceptable,40.3
BAT-0000040,KNT-KES,2022-04-05T18:00:00,2022-04-12T00:00:00,acoustic_transect,39.3,40,38,35,50.0,10,TEAM-11-2,high,32.7
BAT-0000041,KNT-KES,2022-05-05T18:00:00,2022-05-12T00:00:00,fixed_acoustic_station,34.4,25,28,17,30.9,8,TEAM-11-2,acceptable,35.7
BAT-0000042,KNT-KES,2022-06-05T18:00:00,2022-06-12T00:00:00,fixed_acoustic_station,31.4,36,52,22,46.2,6,TEAM-11-2,high,44.3
BAT-0000043,KNT-KES,2022-07-05T18:00:00,2022-07-12T00:00:00,acoustic_transect,27.9,18,23,9,18.3,10,TEAM-11-2,acceptable,46.2
BAT-0000044,KNT-KES,2022-08-05T18:00:00,2022-08-12T00:00:00,acoustic_transect,24.5,11,34,6,13.9,13,TEAM-11-2,acceptable,51.7
BAT-0000045,KNT-KES,2022-09-05T18:00:00,2022-09-12T00:00:00,fixed_acoustic_station,28.6,22,34,10,21.1,6,TEAM-11-2,acceptable,31.2
BAT-0000046,KNT-KES,2022-10-05T18:00:00,2022-10-12T00:00:00,acoustic_and_visual,28.7,15,10,6,16.2,8,TEAM-11-2,acceptable,40.6
BAT-0000047,KNT-KES,2022-11-05T18:00:00,2022-11-12T00:00:00,acoustic_and_visual,43.7,20,33,18,19.1,2,TEAM-11-2,acceptable,10.9
BAT-0000048,KNT-KES,2022-12-05T18:00:00,2022-12-12T00:00:00,acoustic_transect,33.3,16,24,15,15.7,6,TEAM-11-2,high,27.3
BAT-0000049,KNT-KES,2023-01-05T18:00:00,2023-01-12T00:00:00,acoustic_transect,36.9,13,40,11,13.1,15,TEAM-11-2,high,12.2
BAT-0000050,KNT-KES,2023-02-05T18:00:00,2023-02-12T00:00:00,acoustic_and_visual,41.7,41,52,19,43.8,10,TEAM-11-2,high,15.5
BAT-0000051,KNT-KES,2023-03-05T18:00:00,2023-03-12T00:00:00,acoustic_transect,33.8,21,45,16,22.4,5,TEAM-11-2,high,24.1
BAT-0000052,KNT-KES,2023-04-05T18:00:00,2023-04-12T00:00:00,acoustic_and_visual,31.3,22,34,12,27.9,11,TEAM-11-2,acceptable,29.2
BAT-0000053,KNT-KES,2023-05-05T18:00:00,2023-05-12T00:00:00,fixed_acoustic_station,25.1,17,34,13,17.7,9,TEAM-11-2,acceptable,40.5
BAT-0000054,KNT-KES,2023-06-05T18:00:00,2023-06-12T00:00:00,fixed_acoustic_station,27.0,33,30,11,38.3,9,TEAM-11-2,high,54.9
BAT-0000055,KNT-KES,2023-07-05T18:00:00,2023-07-12T00:00:00,acoustic_and_visual,26.3,15,19,8,14.4,10,TEAM-11-2,high,35.4
BAT-0000056,KNT-KES,2023-08-05T18:00:00,2023-08-12T00:00:00,acoustic_and_visual,28.2,17,33,9,16.9,11,TEAM-11-2,high,34.5
BAT-0000057,KNT-KES,2023-09-05T18:00:00,2023-09-12T00:00:00,acoustic_transect,26.9,10,13,6,6.8,15,TEAM-11-2,acceptable,44.1
BAT-0000058,KNT-KES,2023-10-05T18:00:00,2023-10-12T00:00:00,fixed_acoustic_station,30.2,11,15,14,16.3,9,TEAM-11-2,high,31.8
BAT-0000059,KNT-KES,2023-11-05T18:00:00,2023-11-12T00:00:00,acoustic_transect,35.2,23,28,15,29.5,11,TEAM-11-2,acceptable,26.1
BAT-0000060,KNT-KES,2023-12-05T18:00:00,2023-12-12T00:00:00,fixed_acoustic_station,33.7,8,17,14,9.6,7,TEAM-11-2,high,15.9
BAT-0000061,KNT-KES,2024-01-05T18:00:00,2024-01-12T00:00:00,acoustic_transect,31.2,17,38,18,17.7,5,TEAM-11-2,high,30.1
BAT-0000062,KNT-KES,2024-02-05T18:00:00,2024-02-12T00:00:00,acoustic_transect,31.4,21,37,22,24.8,8,TEAM-11-2,high,17.2
BAT-0000063,KNT-KES,2024-03-05T18:00:00,2024-03-12T00:00:00,acoustic_transect,31.9,16,30,11,18.5,18,TEAM-11-2,acceptable,21.5
BAT-0000064,KNT-KES,2024-04-05T18:00:00,2024-04-12T00:00:00,acoustic_and_visual,29.9,10,15,5,9.5,13,TEAM-11-2,acceptable,29.9
BAT-0000065,KNT-KES,2024-05-05T18:00:00,2024-05-12T00:00:00,acoustic_and_visual,27.1,3,12,9,5.7,9,TEAM-11-2,acceptable,47.0
BAT-0000066,KNT-KES,2024-06-05T18:00:00,2024-06-12T00:00:00,acoustic_and_visual,28.6,14,7,5,15.8,10,TEAM-11-2,acceptable,54.1
BAT-0000067,KNT-KES,2024-07-05T18:00:00,2024-07-12T00:00:00,fixed_acoustic_station,30.0,11,9,10,10.1,16,TEAM-11-2,high,48.9
BAT-0000068,KNT-KES,2024-08-05T18:00:00,2024-08-12T00:00:00,acoustic_and_visual,20.1,5,21,5,4.9,12,TEAM-11-2,high,56.8
BAT-0000069,KNT-KES,2024-09-05T18:00:00,2024-09-12T00:00:00,acoustic_and_visual,31.5,13,14,13,15.1,10,TEAM-11-2,acceptable,25.8
BAT-0000070,KNT-KES,2024-10-05T18:00:00,2024-10-12T00:00:00,acoustic_transect,38.0,6,19,7,7.4,12,TEAM-11-2,high,20.6
BAT-0000071,KNT-KES,2024-11-05T18:00:00,2024-11-12T00:00:00,acoustic_transect,32.0,7,18,9,7.0,9,TEAM-11-2,high,20.6
BAT-0000072,KNT-KES,2024-12-05T18:00:00,2024-12-12T00:00:00,acoustic_and_visual,35.5,13,20,10,10.9,12,TEAM-11-2,high,21.0
BAT-0000073,KNT-KES,2025-01-05T18:00:00,2025-01-12T00:00:00,acoustic_and_visual,28.2,10,24,9,10.1,11,TEAM-11-2,high,27.5
BAT-0000074,KNT-KES,2025-02-05T18:00:00,2025-02-12T00:00:00,fixed_acoustic_station,28.5,9,32,14,10.6,8,TEAM-11-2,acceptable,18.6
BAT-0000075,KNT-KES,2025-03-05T18:00:00,2025-03-12T00:00:00,fixed_acoustic_station,28.3,23,13,8,27.7,11,TEAM-11-2,acceptable,44.0
BAT-0000076,KNT-KES,2025-04-05T18:00:00,2025-04-12T00:00:00,acoustic_transect,27.6,21,31,10,22.9,17,TEAM-11-2,acceptable,41.3
BAT-0000077,KNT-KES,2025-05-05T18:00:00,2025-05-12T00:00:00,acoustic_and_visual,30.0,23,39,16,26.8,11,TEAM-11-2,high,40.8
BAT-0000078,KNT-KES,2025-06-05T18:00:00,2025-06-12T00:00:00,acoustic_transect,31.5,32,29,18,29.5,14,TEAM-11-2,acceptable,51.6
BAT-0000079,KNT-LUM,2019-01-05T18:00:00,2019-01-12T00:00:00,fixed_acoustic_station,37.7,12,26,11,13.4,11,TEAM-11-3,high,25.2
BAT-0000080,KNT-LUM,2019-02-05T18:00:00,2019-02-12T00:00:00,acoustic_transect,34.7,18,29,12,21.4,8,TEAM-11-3,high,18.2
BAT-0000081,KNT-LUM,2019-03-05T18:00:00,2019-03-12T00:00:00,fixed_acoustic_station,35.1,25,20,22,32.2,13,TEAM-11-3,acceptable,34.2
BAT-0000082,KNT-LUM,2019-04-05T18:00:00,2019-04-12T00:00:00,acoustic_and_visual,32.7,18,17,12,19.6,11,TEAM-11-3,acceptable,40.3
BAT-0000083,KNT-LUM,2019-05-05T18:00:00,2019-05-12T00:00:00,fixed_acoustic_station,25.5,11,13,13,12.5,7,TEAM-11-3,high,37.9
BAT-0000084,KNT-LUM,2019-06-05T18:00:00,2019-06-12T00:00:00,acoustic_transect,25.4,16,20,11,22.4,11,TEAM-11-3,acceptable,64.6
BAT-0000085,KNT-LUM,2019-07-05T18:00:00,2019-07-12T00:00:00,acoustic_transect,23.9,10,12,6,10.2,10,TEAM-11-3,acceptable,42.3
BAT-0000086,KNT-LUM,2019-08-05T18:00:00,2019-08-12T00:00:00,acoustic_and_visual,23.5,15,15,3,18.9,14,TEAM-11-3,high,57.5
BAT-0000087,KNT-LUM,2019-09-05T18:00:00,2019-09-12T00:00:00,fixed_acoustic_station,24.7,4,8,3,6.1,9,TEAM-11-3,acceptable,49.8
BAT-0000088,KNT-LUM,2019-10-05T18:00:00,2019-10-12T00:00:00,acoustic_and_visual,30.5,3,10,3,4.8,9,TEAM-11-3,acceptable,33.4
BAT-0000089,KNT-LUM,2019-11-05T18:00:00,2019-11-12T00:00:00,acoustic_and_visual,34.2,1,9,0,2.6,11,TEAM-11-3,high,20.2
BAT-0000090,KNT-LUM,2019-12-05T18:00:00,2019-12-12T00:00:00,acoustic_and_visual,31.4,8,12,4,11.7,10,TEAM-11-3,high,12.3
BAT-0000091,KNT-LUM,2020-01-05T18:00:00,2020-01-12T00:00:00,acoustic_transect,35.3,4,8,1,1.1,9,TEAM-11-3,high,20.5
BAT-0000092,KNT-LUM,2020-02-05T18:00:00,2020-02-12T00:00:00,acoustic_and_visual,34.9,5,7,6,6.1,11,TEAM-11-3,acceptable,10.7
BAT-0000093,KNT-LUM,2020-03-05T18:00:00,2020-03-12T00:00:00,acoustic_transect,39.1,12,17,8,15.0,14,TEAM-11-3,high,16.0
BAT-0000094,KNT-LUM,2020-04-05T18:00:00,2020-04-12T00:00:00,acoustic_transect,29.5,7,11,9,10.9,7,TEAM-11-3,high,31.4
BAT-0000095,KNT-LUM,2020-05-05T18:00:00,2020-05-12T00:00:00,acoustic_and_visual,28.1,7,20,10,6.8,11,TEAM-11-3,acceptable,44.1
BAT-0000096,KNT-LUM,2020-06-05T18:00:00,2020-06-12T00:00:00,acoustic_transect,19.1,13,9,6,13.9,11,TEAM-11-3,acceptable,68.3
BAT-0000097,KNT-LUM,2020-07-05T18:00:00,2020-07-12T00:00:00,acoustic_transect,26.4,11,9,8,11.4,12,TEAM-11-3,acceptable,56.9
BAT-0000098,KNT-LUM,2020-08-05T18:00:00,2020-08-12T00:00:00,acoustic_transect,28.1,12,15,5,14.3,10,TEAM-11-3,acceptable,53.2
BAT-0000099,KNT-LUM,2020-09-05T18:00:00,2020-09-12T00:00:00,acoustic_transect,30.4,21,39,13,21.8,10,TEAM-11-3,high,28.5
BAT-0000100,KNT-LUM,2020-10-05T18:00:00,2020-10-12T00:00:00,fixed_acoustic_station,27.0,12,17,6,13.5,15,TEAM-11-3,high,41.3
BAT-0000101,KNT-LUM,2020-11-05T18:00:00,2020-11-12T00:00:00,fixed_acoustic_station,34.1,18,13,10,24.2,14,TEAM-11-3,acceptable,24.2
BAT-0000102,KNT-LUM,2020-12-05T18:00:00,2020-12-12T00:00:00,acoustic_transect,22.7,6,12,3,5.9,12,TEAM-11-3,limited,26.7
BAT-0000103,KNT-LUM,2021-01-05T18:00:00,2021-01-12T00:00:00,acoustic_transect,34.6,18,26,10,19.7,13,TEAM-11-3,high,34.1
BAT-0000104,KNT-LUM,2021-02-05T18:00:00,2021-02-12T00:00:00,fixed_acoustic_station,31.9,17,9,12,19.3,13,TEAM-11-3,acceptable,26.2
BAT-0000105,KNT-LUM,2021-03-05T18:00:00,2021-03-12T00:00:00,fixed_acoustic_station,24.2,8,16,6,12.7,9,TEAM-11-3,limited,24.0
BAT-0000106,KNT-LUM,2021-04-05T18:00:00,2021-04-12T00:00:00,acoustic_and_visual,32.7,17,20,15,12.9,5,TEAM-11-3,acceptable,45.7
BAT-0000107,KNT-LUM,2021-05-05T18:00:00,2021-05-12T00:00:00,acoustic_and_visual,25.6,14,9,11,11.7,9,TEAM-11-3,high,54.1
BAT-0000108,KNT-LUM,2021-06-05T18:00:00,2021-06-12T00:00:00,fixed_acoustic_station,23.9,15,11,8,12.9,6,TEAM-11-3,acceptable,67.7
BAT-0000109,KNT-LUM,2021-07-05T18:00:00,2021-07-12T00:00:00,acoustic_and_visual,23.3,14,9,7,17.4,13,TEAM-11-3,acceptable,64.4
BAT-0000110,KNT-LUM,2021-08-05T18:00:00,2021-08-12T00:00:00,acoustic_and_visual,18.2,7,10,6,7.0,10,TEAM-11-3,acceptable,62.2
BAT-0000111,KNT-LUM,2021-09-05T18:00:00,2021-09-12T00:00:00,acoustic_and_visual,22.5,10,18,9,11.0,16,TEAM-11-3,acceptable,53.1
BAT-0000112,KNT-LUM,2021-10-05T18:00:00,2021-10-12T00:00:00,acoustic_and_visual,26.7,12,14,4,13.1,15,TEAM-11-3,high,41.9
BAT-0000113,KNT-LUM,2021-11-05T18:00:00,2021-11-12T00:00:00,acoustic_transect,40.7,13,18,9,13.5,15,TEAM-11-3,high,17.0
BAT-0000114,KNT-LUM,2021-12-05T18:00:00,2021-12-12T00:00:00,fixed_acoustic_station,32.6,16,27,7,18.5,9,TEAM-11-3,high,13.0
BAT-0000115,KNT-LUM,2022-01-05T18:00:00,2022-01-12T00:00:00,fixed_acoustic_station,30.4,17,15,11,14.2,11,TEAM-11-3,high,18.9
BAT-0000116,KNT-LUM,2022-02-05T18:00:00,2022-02-12T00:00:00,acoustic_and_visual,27.6,10,18,11,8.0,16,TEAM-11-3,acceptable,26.4
BAT-0000117,KNT-LUM,2022-03-05T18:00:00,2022-03-12T00:00:00,fixed_acoustic_station,34.8,19,25,11,25.9,15,TEAM-11-3,high,28.4
BAT-0000118,KNT-LUM,2022-04-05T18:00:00,2022-04-12T00:00:00,acoustic_and_visual,25.7,15,21,12,14.6,8,TEAM-11-3,acceptable,42.0
BAT-0000119,KNT-LUM,2022-05-05T18:00:00,2022-05-12T00:00:00,fixed_acoustic_station,29.9,11,21,13,13.7,13,TEAM-11-3,high,54.9
BAT-0000120,KNT-LUM,2022-06-05T18:00:00,2022-06-12T00:00:00,acoustic_transect,26.0,9,12,7,10.7,10,TEAM-11-3,acceptable,57.8
BAT-0000121,KNT-LUM,2022-07-05T18:00:00,2022-07-12T00:00:00,acoustic_transect,17.8,10,15,9,11.0,13,TEAM-11-3,acceptable,44.7
BAT-0000122,KNT-LUM,2022-08-05T18:00:00,2022-08-12T00:00:00,acoustic_transect,25.8,11,10,9,10.5,9,TEAM-11-3,high,57.9
BAT-0000123,KNT-LUM,2022-09-05T18:00:00,2022-09-12T00:00:00,acoustic_transect,32.1,17,10,17,20.5,9,TEAM-11-3,high,44.5
BAT-0000124,KNT-LUM,2022-10-05T18:00:00,2022-10-12T00:00:00,acoustic_and_visual,32.2,10,15,14,11.2,8,TEAM-11-3,high,38.4
BAT-0000125,KNT-LUM,2022-11-05T18:00:00,2022-11-12T00:00:00,fixed_acoustic_station,29.6,15,15,9,15.0,14,TEAM-11-3,acceptable,32.9
BAT-0000126,KNT-LUM,2022-12-05T18:00:00,2022-12-12T00:00:00,acoustic_and_visual,26.0,8,13,8,6.4,11,TEAM-11-3,high,31.0
BAT-0000127,KNT-LUM,2023-01-05T18:00:00,2023-01-12T00:00:00,acoustic_and_visual,35.7,16,30,8,19.9,11,TEAM-11-3,high,16.4
BAT-0000128,KNT-LUM,2023-02-05T18:00:00,2023-02-12T00:00:00,fixed_acoustic_station,31.3,14,23,11,13.8,13,TEAM-11-3,high,39.0
BAT-0000129,KNT-LUM,2023-03-05T18:00:00,2023-03-12T00:00:00,acoustic_transect,35.7,21,39,18,20.2,11,TEAM-11-3,high,21.5
BAT-0000130,KNT-LUM,2023-04-05T18:00:00,2023-04-12T00:00:00,acoustic_transect,29.9,29,22,13,28.9,11,TEAM-11-3,high,41.0
BAT-0000131,KNT-LUM,2023-05-05T18:00:00,2023-05-12T00:00:00,acoustic_and_visual,23.2,21,27,7,29.6,9,TEAM-11-3,high,52.6
BAT-0000132,KNT-LUM,2023-06-05T18:00:00,2023-06-12T00:00:00,acoustic_and_visual,23.3,12,19,6,16.9,10,TEAM-11-3,acceptable,54.2
BAT-0000133,KNT-LUM,2023-07-05T18:00:00,2023-07-12T00:00:00,acoustic_transect,19.9,13,23,10,12.2,15,TEAM-11-3,acceptable,62.4
BAT-0000134,KNT-LUM,2023-08-05T18:00:00,2023-08-12T00:00:00,acoustic_transect,29.1,6,24,14,8.2,10,TEAM-11-3,acceptable,58.2
BAT-0000135,KNT-LUM,2023-09-05T18:00:00,2023-09-12T00:00:00,fixed_acoustic_station,29.5,3,3,2,3.1,11,TEAM-11-3,acceptable,69.5
BAT-0000136,KNT-LUM,2023-10-05T18:00:00,2023-10-12T00:00:00,fixed_acoustic_station,32.6,3,6,1,2.1,14,TEAM-11-3,acceptable,35.9
BAT-0000137,KNT-LUM,2023-11-05T18:00:00,2023-11-12T00:00:00,acoustic_transect,27.4,3,9,3,6.0,10,TEAM-11-3,acceptable,32.7
BAT-0000138,KNT-LUM,2023-12-05T18:00:00,2023-12-12T00:00:00,acoustic_and_visual,40.4,11,16,7,12.4,15,TEAM-11-3,high,12.1
BAT-0000139,KNT-LUM,2024-01-05T18:00:00,2024-01-12T00:00:00,acoustic_transect,37.2,16,24,10,17.6,6,TEAM-11-3,high,15.6
BAT-0000140,KNT-LUM,2024-02-05T18:00:00,2024-02-12T00:00:00,fixed_acoustic_station,29.9,4,13,5,7.2,8,TEAM-11-3,high,36.8
BAT-0000141,KNT-LUM,2024-03-05T18:00:00,2024-03-12T00:00:00,acoustic_transect,36.7,17,23,12,16.9,6,TEAM-11-3,high,20.0
BAT-0000142,KNT-LUM,2024-04-05T18:00:00,2024-04-12T00:00:00,fixed_acoustic_station,23.5,6,12,3,8.7,10,TEAM-11-3,high,62.7
BAT-0000143,KNT-LUM,2024-05-05T18:00:00,2024-05-12T00:00:00,fixed_acoustic_station,26.4,8,5,2,7.7,12,TEAM-11-3,acceptable,70.8
BAT-0000144,KNT-LUM,2024-06-05T18:00:00,2024-06-12T00:00:00,acoustic_and_visual,19.4,9,7,7,9.1,9,TEAM-11-3,acceptable,60.9
BAT-0000145,KNT-LUM,2024-07-05T18:00:00,2024-07-12T00:00:00,acoustic_transect,27.1,4,12,2,2.9,11,TEAM-11-3,acceptable,55.4
BAT-0000146,KNT-LUM,2024-08-05T18:00:00,2024-08-12T00:00:00,fixed_acoustic_station,21.4,7,11,6,10.4,10,TEAM-11-3,acceptable,65.3
BAT-0000147,KNT-LUM,2024-09-05T18:00:00,2024-09-12T00:00:00,fixed_acoustic_station,32.3,5,12,7,2.1,8,TEAM-11-3,acceptable,66.9
BAT-0000148,KNT-LUM,2024-10-05T18:00:00,2024-10-12T00:00:00,acoustic_and_visual,28.9,13,18,10,14.3,13,TEAM-11-3,high,54.4
BAT-0000149,KNT-LUM,2024-11-05T18:00:00,2024-11-12T00:00:00,acoustic_transect,31.7,26,31,15,29.3,13,TEAM-11-3,acceptable,26.8
BAT-0000150,KNT-LUM,2024-12-05T18:00:00,2024-12-12T00:00:00,acoustic_transect,38.9,20,18,15,23.3,11,TEAM-11-3,high,15.4
BAT-0000151,KNT-LUM,2025-01-05T18:00:00,2025-01-12T00:00:00,acoustic_transect,39.5,15,26,9,15.7,7,TEAM-11-3,high,11.5
BAT-0000152,KNT-LUM,2025-02-05T18:00:00,2025-02-12T00:00:00,acoustic_transect,12.5,3,9,9,1.0,12,TEAM-11-3,limited,11.4
BAT-0000153,KNT-LUM,2025-03-05T18:00:00,2025-03-12T00:00:00,acoustic_and_visual,37.0,24,19,10,30.8,13,TEAM-11-3,high,25.2
BAT-0000154,KNT-LUM,2025-04-05T18:00:00,2025-04-12T00:00:00,acoustic_transect,27.0,14,28,11,16.0,13,TEAM-11-3,acceptable,40.4
BAT-0000155,KNT-LUM,2025-05-05T18:00:00,2025-05-12T00:00:00,acoustic_transect,30.8,13,24,13,14.5,13,TEAM-11-3,high,30.8
BAT-0000156,KNT-LUM,2025-06-05T18:00:00,2025-06-12T00:00:00,fixed_acoustic_station,22.1,9,15,6,8.3,8,TEAM-11-3,acceptable,61.9
BAT-0000157,KNT-SEN,2019-01-05T18:00:00,2019-01-12T00:00:00,fixed_acoustic_station,16.9,5,9,4,7.8,16,TEAM-11-4,limited,19.3
BAT-0000158,KNT-SEN,2019-02-05T18:00:00,2019-02-12T00:00:00,fixed_acoustic_station,35.2,20,27,25,22.5,16,TEAM-11-4,acceptable,27.9
BAT-0000159,KNT-SEN,2019-03-05T18:00:00,2019-03-12T00:00:00,acoustic_transect,29.6,26,27,17,32.1,11,TEAM-11-4,acceptable,23.7
BAT-0000160,KNT-SEN,2019-04-05T18:00:00,2019-04-12T00:00:00,fixed_acoustic_station,34.2,18,13,20,21.6,11,TEAM-11-4,acceptable,43.0
BAT-0000161,KNT-SEN,2019-05-05T18:00:00,2019-05-12T00:00:00,fixed_acoustic_station,33.6,25,26,24,29.6,7,TEAM-11-4,acceptable,43.7
BAT-0000162,KNT-SEN,2019-06-05T18:00:00,2019-06-12T00:00:00,acoustic_transect,30.5,26,37,11,32.3,10,TEAM-11-4,high,47.4
BAT-0000163,KNT-SEN,2019-07-05T18:00:00,2019-07-12T00:00:00,acoustic_and_visual,22.4,17,22,15,22.1,22,TEAM-11-4,acceptable,60.5
BAT-0000164,KNT-SEN,2019-08-05T18:00:00,2019-08-12T00:00:00,acoustic_transect,16.0,11,6,8,14.4,11,TEAM-11-4,acceptable,80.7
BAT-0000165,KNT-SEN,2019-09-05T18:00:00,2019-09-12T00:00:00,fixed_acoustic_station,31.0,16,20,5,11.6,5,TEAM-11-4,acceptable,40.9
BAT-0000166,KNT-SEN,2019-10-05T18:00:00,2019-10-12T00:00:00,fixed_acoustic_station,26.6,7,4,3,6.9,6,TEAM-11-4,high,46.4
BAT-0000167,KNT-SEN,2019-11-05T18:00:00,2019-11-12T00:00:00,fixed_acoustic_station,30.5,14,32,11,11.2,16,TEAM-11-4,high,24.6
BAT-0000168,KNT-SEN,2019-12-05T18:00:00,2019-12-12T00:00:00,acoustic_transect,32.6,13,26,14,15.0,6,TEAM-11-4,high,15.6
BAT-0000169,KNT-SEN,2020-01-05T18:00:00,2020-01-12T00:00:00,acoustic_transect,35.7,13,26,12,12.8,8,TEAM-11-4,acceptable,26.9
BAT-0000170,KNT-SEN,2020-02-05T18:00:00,2020-02-12T00:00:00,acoustic_transect,28.5,23,30,12,23.9,16,TEAM-11-4,high,35.0
BAT-0000171,KNT-SEN,2020-03-05T18:00:00,2020-03-12T00:00:00,acoustic_and_visual,31.7,15,25,13,17.7,13,TEAM-11-4,acceptable,26.1
BAT-0000172,KNT-SEN,2020-04-05T18:00:00,2020-04-12T00:00:00,fixed_acoustic_station,27.0,4,11,4,7.1,8,TEAM-11-4,high,33.3
BAT-0000173,KNT-SEN,2020-05-05T18:00:00,2020-05-12T00:00:00,acoustic_transect,27.8,9,7,0,12.4,13,TEAM-11-4,high,40.7
BAT-0000174,KNT-SEN,2020-06-05T18:00:00,2020-06-12T00:00:00,fixed_acoustic_station,26.0,6,4,9,10.9,7,TEAM-11-4,high,69.3
BAT-0000175,KNT-SEN,2020-07-05T18:00:00,2020-07-12T00:00:00,fixed_acoustic_station,28.6,9,5,5,10.0,13,TEAM-11-4,acceptable,48.9
BAT-0000176,KNT-SEN,2020-08-05T18:00:00,2020-08-12T00:00:00,acoustic_transect,26.7,7,13,5,5.8,16,TEAM-11-4,high,37.6
BAT-0000177,KNT-SEN,2020-09-05T18:00:00,2020-09-12T00:00:00,acoustic_transect,27.4,7,13,6,8.4,8,TEAM-11-4,acceptable,39.1
BAT-0000178,KNT-SEN,2020-10-05T18:00:00,2020-10-12T00:00:00,acoustic_and_visual,31.9,19,11,5,22.5,9,TEAM-11-4,acceptable,33.2
BAT-0000179,KNT-SEN,2020-11-05T18:00:00,2020-11-12T00:00:00,acoustic_transect,29.5,12,20,8,14.9,21,TEAM-11-4,high,46.2
BAT-0000180,KNT-SEN,2020-12-05T18:00:00,2020-12-12T00:00:00,acoustic_transect,40.0,12,16,9,15.5,11,TEAM-11-4,acceptable,24.6
BAT-0000181,KNT-SEN,2021-01-05T18:00:00,2021-01-12T00:00:00,acoustic_transect,42.4,8,27,12,8.6,6,TEAM-11-4,high,14.8
BAT-0000182,KNT-SEN,2021-02-05T18:00:00,2021-02-12T00:00:00,acoustic_and_visual,44.4,15,21,16,19.3,9,TEAM-11-4,high,28.9
BAT-0000183,KNT-SEN,2021-03-05T18:00:00,2021-03-12T00:00:00,acoustic_and_visual,29.2,15,12,10,14.3,10,TEAM-11-4,acceptable,32.6
BAT-0000184,KNT-SEN,2021-04-05T18:00:00,2021-04-12T00:00:00,acoustic_and_visual,34.0,14,20,8,15.1,12,TEAM-11-4,acceptable,24.9
BAT-0000185,KNT-SEN,2021-05-05T18:00:00,2021-05-12T00:00:00,acoustic_transect,30.4,15,29,12,10.8,15,TEAM-11-4,high,53.5
BAT-0000186,KNT-SEN,2021-06-05T18:00:00,2021-06-12T00:00:00,acoustic_transect,25.0,18,16,8,20.0,12,TEAM-11-4,acceptable,69.7
BAT-0000187,KNT-SEN,2021-07-05T18:00:00,2021-07-12T00:00:00,acoustic_transect,27.1,12,9,8,13.1,6,TEAM-11-4,acceptable,60.6
BAT-0000188,KNT-SEN,2021-08-05T18:00:00,2021-08-12T00:00:00,fixed_acoustic_station,26.6,15,17,10,16.1,9,TEAM-11-4,acceptable,56.4
BAT-0000189,KNT-SEN,2021-09-05T18:00:00,2021-09-12T00:00:00,fixed_acoustic_station,29.3,11,19,7,18.0,3,TEAM-11-4,high,54.8
BAT-0000190,KNT-SEN,2021-10-05T18:00:00,2021-10-12T00:00:00,acoustic_transect,29.9,9,15,8,9.4,13,TEAM-11-4,acceptable,44.2
BAT-0000191,KNT-SEN,2021-11-05T18:00:00,2021-11-12T00:00:00,acoustic_and_visual,35.9,21,18,5,26.3,7,TEAM-11-4,high,28.6
BAT-0000192,KNT-SEN,2021-12-05T18:00:00,2021-12-12T00:00:00,fixed_acoustic_station,31.1,15,23,12,12.2,14,TEAM-11-4,high,19.1
BAT-0000193,KNT-SEN,2022-01-05T18:00:00,2022-01-12T00:00:00,acoustic_and_visual,35.5,13,26,16,13.5,14,TEAM-11-4,high,26.0
BAT-0000194,KNT-SEN,2022-02-05T18:00:00,2022-02-12T00:00:00,fixed_acoustic_station,34.4,19,21,10,21.9,13,TEAM-11-4,high,23.2
BAT-0000195,KNT-SEN,2022-03-05T18:00:00,2022-03-12T00:00:00,acoustic_and_visual,28.4,23,37,21,27.8,5,TEAM-11-4,high,27.1
BAT-0000196,KNT-SEN,2022-04-05T18:00:00,2022-04-12T00:00:00,fixed_acoustic_station,30.8,20,30,14,21.6,12,TEAM-11-4,acceptable,36.1
BAT-0000197,KNT-SEN,2022-05-05T18:00:00,2022-05-12T00:00:00,fixed_acoustic_station,22.9,14,14,9,18.1,11,TEAM-11-4,acceptable,51.9
BAT-0000198,KNT-SEN,2022-06-05T18:00:00,2022-06-12T00:00:00,fixed_acoustic_station,24.4,12,16,7,13.7,15,TEAM-11-4,acceptable,59.8
BAT-0000199,KNT-SEN,2022-07-05T18:00:00,2022-07-12T00:00:00,acoustic_and_visual,24.3,15,17,9,18.2,15,TEAM-11-4,acceptable,50.0
BAT-0000200,KNT-SEN,2022-08-05T18:00:00,2022-08-12T00:00:00,fixed_acoustic_station,15.3,1,15,4,0.2,12,TEAM-11-4,acceptable,60.4
BAT-0000201,KNT-SEN,2022-09-05T18:00:00,2022-09-12T00:00:00,acoustic_transect,24.1,12,15,4,16.7,8,TEAM-11-4,high,49.4
BAT-0000202,KNT-SEN,2022-10-05T18:00:00,2022-10-12T00:00:00,fixed_acoustic_station,26.3,12,14,11,13.2,10,TEAM-11-4,acceptable,52.0
BAT-0000203,KNT-SEN,2022-11-05T18:00:00,2022-11-12T00:00:00,acoustic_transect,23.5,10,7,8,11.3,7,TEAM-11-4,limited,36.9
BAT-0000204,KNT-SEN,2022-12-05T18:00:00,2022-12-12T00:00:00,acoustic_transect,37.2,15,16,7,17.2,6,TEAM-11-4,high,45.1
BAT-0000205,KNT-SEN,2023-01-05T18:00:00,2023-01-12T00:00:00,fixed_acoustic_station,40.6,19,23,16,20.7,10,TEAM-11-4,high,7.4
BAT-0000206,KNT-SEN,2023-02-05T18:00:00,2023-02-12T00:00:00,fixed_acoustic_station,29.9,12,26,14,10.7,12,TEAM-11-4,high,32.2
BAT-0000207,KNT-SEN,2023-03-05T18:00:00,2023-03-12T00:00:00,acoustic_and_visual,36.7,18,41,21,18.7,14,TEAM-11-4,high,17.3
BAT-0000208,KNT-SEN,2023-04-05T18:00:00,2023-04-12T00:00:00,fixed_acoustic_station,28.2,17,21,15,22.3,8,TEAM-11-4,acceptable,32.0
BAT-0000209,KNT-SEN,2023-05-05T18:00:00,2023-05-12T00:00:00,acoustic_transect,27.2,20,25,22,19.2,15,TEAM-11-4,high,53.0
BAT-0000210,KNT-SEN,2023-06-05T18:00:00,2023-06-12T00:00:00,fixed_acoustic_station,25.5,24,21,11,23.0,14,TEAM-11-4,high,53.0
BAT-0000211,KNT-SEN,2023-07-05T18:00:00,2023-07-12T00:00:00,fixed_acoustic_station,20.1,8,13,6,11.1,9,TEAM-11-4,acceptable,64.1
BAT-0000212,KNT-SEN,2023-08-05T18:00:00,2023-08-12T00:00:00,fixed_acoustic_station,25.4,11,10,7,11.5,11,TEAM-11-4,acceptable,73.4
BAT-0000213,KNT-SEN,2023-09-05T18:00:00,2023-09-12T00:00:00,acoustic_transect,27.6,10,15,12,14.9,13,TEAM-11-4,acceptable,54.0
BAT-0000214,KNT-SEN,2023-10-05T18:00:00,2023-10-12T00:00:00,fixed_acoustic_station,30.1,17,19,3,19.1,5,TEAM-11-4,acceptable,41.6
BAT-0000215,KNT-SEN,2023-11-05T18:00:00,2023-11-12T00:00:00,fixed_acoustic_station,32.1,16,15,12,20.8,13,TEAM-11-4,acceptable,38.1
BAT-0000216,KNT-SEN,2023-12-05T18:00:00,2023-12-12T00:00:00,fixed_acoustic_station,38.2,18,26,14,24.0,6,TEAM-11-4,acceptable,28.1
BAT-0000217,KNT-SEN,2024-01-05T18:00:00,2024-01-12T00:00:00,acoustic_and_visual,33.2,14,31,10,14.1,9,TEAM-11-4,high,29.3
BAT-0000218,KNT-SEN,2024-02-05T18:00:00,2024-02-12T00:00:00,acoustic_and_visual,36.7,22,32,12,28.4,14,TEAM-11-4,high,8.0
BAT-0000219,KNT-SEN,2024-03-05T18:00:00,2024-03-12T00:00:00,acoustic_and_visual,28.1,14,26,9,14.3,13,TEAM-11-4,high,27.6
BAT-0000220,KNT-SEN,2024-04-05T18:00:00,2024-04-12T00:00:00,fixed_acoustic_station,33.2,18,33,16,20.5,12,TEAM-11-4,acceptable,27.1
BAT-0000221,KNT-SEN,2024-05-05T18:00:00,2024-05-12T00:00:00,fixed_acoustic_station,28.2,12,22,10,11.7,7,TEAM-11-4,acceptable,48.4
BAT-0000222,KNT-SEN,2024-06-05T18:00:00,2024-06-12T00:00:00,acoustic_and_visual,19.6,12,15,10,9.2,16,TEAM-11-4,acceptable,53.3
BAT-0000223,KNT-SEN,2024-07-05T18:00:00,2024-07-12T00:00:00,fixed_acoustic_station,26.4,10,14,4,11.3,6,TEAM-11-4,acceptable,48.0
BAT-0000224,KNT-SEN,2024-08-05T18:00:00,2024-08-12T00:00:00,fixed_acoustic_station,25.9,12,6,8,11.8,12,TEAM-11-4,acceptable,62.9
BAT-0000225,KNT-SEN,2024-09-05T18:00:00,2024-09-12T00:00:00,fixed_acoustic_station,27.3,10,13,13,10.3,13,TEAM-11-4,acceptable,42.1
BAT-0000226,KNT-SEN,2024-10-05T18:00:00,2024-10-12T00:00:00,fixed_acoustic_station,36.8,21,31,6,27.7,10,TEAM-11-4,high,35.6
BAT-0000227,KNT-SEN,2024-11-05T18:00:00,2024-11-12T00:00:00,fixed_acoustic_station,33.0,14,17,10,12.3,11,TEAM-11-4,high,34.2
BAT-0000228,KNT-SEN,2024-12-05T18:00:00,2024-12-12T00:00:00,acoustic_and_visual,24.3,9,15,10,10.9,13,TEAM-11-4,acceptable,27.7
BAT-0000229,KNT-SEN,2025-01-05T18:00:00,2025-01-12T00:00:00,acoustic_transect,39.2,10,33,12,9.8,11,TEAM-11-4,high,8.6
BAT-0000230,KNT-SEN,2025-02-05T18:00:00,2025-02-12T00:00:00,acoustic_and_visual,36.6,19,29,12,21.0,7,TEAM-11-4,high,17.5
BAT-0000231,KNT-SEN,2025-03-05T18:00:00,2025-03-12T00:00:00,fixed_acoustic_station,38.2,17,31,10,20.0,11,TEAM-11-4,high,16.0
BAT-0000232,KNT-SEN,2025-04-05T18:00:00,2025-04-12T00:00:00,acoustic_and_visual,29.8,11,14,6,10.1,8,TEAM-11-4,acceptable,47.3
BAT-0000233,KNT-SEN,2025-05-05T18:00:00,2025-05-12T00:00:00,fixed_acoustic_station,32.2,5,6,2,1.1,10,TEAM-11-4,high,48.9
BAT-0000234,KNT-SEN,2025-06-05T18:00:00,2025-06-12T00:00:00,acoustic_transect,29.3,12,9,4,13.1,9,TEAM-11-4,high,61.7
BAT-0000235,AVL-MAR,2019-01-05T18:00:00,2019-01-12T00:00:00,acoustic_and_visual,32.4,2,7,1,7.0,13,TEAM-12-5,acceptable,40.5
BAT-0000236,AVL-MAR,2019-02-05T18:00:00,2019-02-12T00:00:00,fixed_acoustic_station,34.1,6,17,5,4.3,11,TEAM-12-5,acceptable,31.6
BAT-0000237,AVL-MAR,2019-03-05T18:00:00,2019-03-12T00:00:00,acoustic_transect,31.9,12,21,6,12.5,10,TEAM-12-5,acceptable,39.7
BAT-0000238,AVL-MAR,2019-04-05T18:00:00,2019-04-12T00:00:00,acoustic_transect,23.2,6,20,12,7.5,10,TEAM-12-5,acceptable,44.5
BAT-0000239,AVL-MAR,2019-05-05T18:00:00,2019-05-12T00:00:00,acoustic_and_visual,34.4,22,30,17,25.3,7,TEAM-12-5,high,29.1
BAT-0000240,AVL-MAR,2019-06-05T18:00:00,2019-06-12T00:00:00,acoustic_transect,27.4,30,52,26,30.6,16,TEAM-12-5,high,44.6
BAT-0000241,AVL-MAR,2019-07-05T18:00:00,2019-07-12T00:00:00,acoustic_and_visual,28.2,13,32,13,15.8,9,TEAM-12-5,acceptable,46.1
BAT-0000242,AVL-MAR,2019-08-05T18:00:00,2019-08-12T00:00:00,fixed_acoustic_station,22.1,14,24,12,20.2,15,TEAM-12-5,acceptable,44.2
BAT-0000243,AVL-MAR,2019-09-05T18:00:00,2019-09-12T00:00:00,fixed_acoustic_station,23.7,7,7,3,7.0,17,TEAM-12-5,acceptable,69.4
BAT-0000244,AVL-MAR,2019-10-05T18:00:00,2019-10-12T00:00:00,fixed_acoustic_station,18.6,7,5,2,8.1,21,TEAM-12-5,acceptable,84.8
BAT-0000245,AVL-MAR,2019-11-05T18:00:00,2019-11-12T00:00:00,fixed_acoustic_station,28.0,14,19,13,13.4,20,TEAM-12-5,high,50.0
BAT-0000246,AVL-MAR,2019-12-05T18:00:00,2019-12-12T00:00:00,fixed_acoustic_station,31.3,12,14,8,13.1,10,TEAM-12-5,high,35.8
BAT-0000247,AVL-MAR,2020-01-05T18:00:00,2020-01-12T00:00:00,acoustic_and_visual,19.0,7,16,4,4.9,11,TEAM-12-5,limited,20.8
BAT-0000248,AVL-MAR,2020-02-05T18:00:00,2020-02-12T00:00:00,acoustic_and_visual,37.5,21,36,14,18.0,8,TEAM-12-5,high,12.5
BAT-0000249,AVL-MAR,2020-03-05T18:00:00,2020-03-12T00:00:00,fixed_acoustic_station,36.7,12,29,14,12.8,12,TEAM-12-5,acceptable,14.4
BAT-0000250,AVL-MAR,2020-04-05T18:00:00,2020-04-12T00:00:00,acoustic_and_visual,38.6,33,44,19,31.7,6,TEAM-12-5,high,15.9
BAT-0000251,AVL-MAR,2020-05-05T18:00:00,2020-05-12T00:00:00,acoustic_and_visual,32.6,20,24,18,26.9,6,TEAM-12-5,high,42.2
BAT-0000252,AVL-MAR,2020-06-05T18:00:00,2020-06-12T00:00:00,fixed_acoustic_station,27.0,17,31,17,17.0,8,TEAM-12-5,high,53.2
BAT-0000253,AVL-MAR,2020-07-05T18:00:00,2020-07-12T00:00:00,acoustic_and_visual,25.5,19,16,14,18.4,5,TEAM-12-5,acceptable,53.4
BAT-0000254,AVL-MAR,2020-08-05T18:00:00,2020-08-12T00:00:00,acoustic_and_visual,23.8,7,11,4,9.7,17,TEAM-12-5,acceptable,67.7
BAT-0000255,AVL-MAR,2020-09-05T18:00:00,2020-09-12T00:00:00,fixed_acoustic_station,29.3,16,12,9,19.5,9,TEAM-12-5,acceptable,66.1
BAT-0000256,AVL-MAR,2020-10-05T18:00:00,2020-10-12T00:00:00,acoustic_and_visual,19.1,6,10,6,5.6,10,TEAM-12-5,acceptable,66.0
BAT-0000257,AVL-MAR,2020-11-05T18:00:00,2020-11-12T00:00:00,acoustic_and_visual,29.8,25,34,17,27.6,11,TEAM-12-5,acceptable,39.7
BAT-0000258,AVL-MAR,2020-12-05T18:00:00,2020-12-12T00:00:00,acoustic_and_visual,34.0,16,19,9,19.5,8,TEAM-12-5,high,45.1
BAT-0000259,AVL-MAR,2021-01-05T18:00:00,2021-01-12T00:00:00,acoustic_transect,30.3,14,24,9,18.0,11,TEAM-12-5,acceptable,23.4
BAT-0000260,AVL-MAR,2021-02-05T18:00:00,2021-02-12T00:00:00,acoustic_and_visual,35.6,11,23,15,13.3,7,TEAM-12-5,high,15.0
BAT-0000261,AVL-MAR,2021-03-05T18:00:00,2021-03-12T00:00:00,acoustic_transect,34.9,16,23,10,15.2,14,TEAM-12-5,high,18.7
BAT-0000262,AVL-MAR,2021-04-05T18:00:00,2021-04-12T00:00:00,acoustic_transect,41.1,36,52,23,43.2,14,TEAM-12-5,high,19.8
BAT-0000263,AVL-MAR,2021-05-05T18:00:00,2021-05-12T00:00:00,fixed_acoustic_station,29.3,30,38,8,33.1,10,TEAM-12-5,high,25.5
BAT-0000264,AVL-MAR,2021-06-05T18:00:00,2021-06-12T00:00:00,fixed_acoustic_station,28.0,3,13,1,0.1,13,TEAM-12-5,high,36.0
BAT-0000265,AVL-MAR,2021-07-05T18:00:00,2021-07-12T00:00:00,acoustic_transect,20.7,5,6,3,10.4,10,TEAM-12-5,acceptable,58.8
BAT-0000266,AVL-MAR,2021-08-05T18:00:00,2021-08-12T00:00:00,fixed_acoustic_station,29.7,10,11,6,14.8,10,TEAM-12-5,acceptable,44.3
BAT-0000267,AVL-MAR,2021-09-05T18:00:00,2021-09-12T00:00:00,acoustic_transect,19.8,1,8,2,3.9,11,TEAM-12-5,limited,69.3
BAT-0000268,AVL-MAR,2021-10-05T18:00:00,2021-10-12T00:00:00,fixed_acoustic_station,23.6,2,8,2,0.0,11,TEAM-12-5,acceptable,49.6
BAT-0000269,AVL-MAR,2021-11-05T18:00:00,2021-11-12T00:00:00,acoustic_transect,23.7,7,2,2,7.4,10,TEAM-12-5,acceptable,44.8
BAT-0000270,AVL-MAR,2021-12-05T18:00:00,2021-12-12T00:00:00,acoustic_and_visual,30.3,13,9,16,17.6,7,TEAM-12-5,acceptable,46.9
BAT-0000271,AVL-MAR,2022-01-05T18:00:00,2022-01-12T00:00:00,acoustic_transect,38.3,13,10,5,17.3,10,TEAM-12-5,high,24.2
BAT-0000272,AVL-MAR,2022-02-05T18:00:00,2022-02-12T00:00:00,acoustic_and_visual,41.6,11,23,16,11.4,9,TEAM-12-5,high,14.7
BAT-0000273,AVL-MAR,2022-03-05T18:00:00,2022-03-12T00:00:00,acoustic_and_visual,33.2,21,16,10,22.1,7,TEAM-12-5,high,37.4
BAT-0000274,AVL-MAR,2022-04-05T18:00:00,2022-04-12T00:00:00,acoustic_transect,33.3,15,29,10,15.2,10,TEAM-12-5,high,23.5
BAT-0000275,AVL-MAR,2022-05-05T18:00:00,2022-05-12T00:00:00,acoustic_transect,27.4,8,20,11,11.4,13,TEAM-12-5,high,44.8
BAT-0000276,AVL-MAR,2022-06-05T18:00:00,2022-06-12T00:00:00,acoustic_and_visual,32.0,22,18,17,28.2,17,TEAM-12-5,high,52.9
BAT-0000277,AVL-MAR,2022-07-05T18:00:00,2022-07-12T00:00:00,acoustic_transect,29.3,12,21,12,10.5,20,TEAM-12-5,high,49.2
BAT-0000278,AVL-MAR,2022-08-05T18:00:00,2022-08-12T00:00:00,fixed_acoustic_station,31.2,18,12,5,19.9,14,TEAM-12-5,limited,45.9
BAT-0000279,AVL-MAR,2022-09-05T18:00:00,2022-09-12T00:00:00,acoustic_transect,24.4,9,14,9,10.5,18,TEAM-12-5,acceptable,61.5
BAT-0000280,AVL-MAR,2022-10-05T18:00:00,2022-10-12T00:00:00,acoustic_and_visual,20.6,16,18,7,13.6,8,TEAM-12-5,acceptable,65.6
BAT-0000281,AVL-MAR,2022-11-05T18:00:00,2022-11-12T00:00:00,fixed_acoustic_station,31.1,13,21,7,12.8,11,TEAM-12-5,acceptable,48.0
BAT-0000282,AVL-MAR,2022-12-05T18:00:00,2022-12-12T00:00:00,fixed_acoustic_station,27.2,15,29,18,19.1,14,TEAM-12-5,acceptable,41.6
BAT-0000283,AVL-MAR,2023-01-05T18:00:00,2023-01-12T00:00:00,acoustic_and_visual,35.3,12,22,7,11.2,12,TEAM-12-5,high,7.8
BAT-0000284,AVL-MAR,2023-02-05T18:00:00,2023-02-12T00:00:00,acoustic_transect,29.3,11,30,7,9.2,6,TEAM-12-5,high,28.9
BAT-0000285,AVL-MAR,2023-03-05T18:00:00,2023-03-12T00:00:00,acoustic_and_visual,33.3,19,39,14,22.6,12,TEAM-12-5,high,19.2
BAT-0000286,AVL-MAR,2023-04-05T18:00:00,2023-04-12T00:00:00,acoustic_transect,31.7,16,33,16,15.7,11,TEAM-12-5,high,26.9
BAT-0000287,AVL-MAR,2023-05-05T18:00:00,2023-05-12T00:00:00,fixed_acoustic_station,30.8,21,23,12,19.6,13,TEAM-12-5,high,29.9
BAT-0000288,AVL-MAR,2023-06-05T18:00:00,2023-06-12T00:00:00,acoustic_transect,37.2,19,43,16,21.3,11,TEAM-12-5,high,16.2
BAT-0000289,AVL-MAR,2023-07-05T18:00:00,2023-07-12T00:00:00,fixed_acoustic_station,25.4,15,25,7,13.9,13,TEAM-12-5,high,50.6
BAT-0000290,AVL-MAR,2023-08-05T18:00:00,2023-08-12T00:00:00,acoustic_and_visual,26.6,11,13,2,12.5,20,TEAM-12-5,acceptable,58.1
BAT-0000291,AVL-MAR,2023-09-05T18:00:00,2023-09-12T00:00:00,acoustic_and_visual,22.7,15,19,13,22.1,15,TEAM-12-5,high,66.2
BAT-0000292,AVL-MAR,2023-10-05T18:00:00,2023-10-12T00:00:00,acoustic_transect,29.3,6,12,6,8.9,14,TEAM-12-5,high,57.9
BAT-0000293,AVL-MAR,2023-11-05T18:00:00,2023-11-12T00:00:00,acoustic_and_visual,31.0,13,16,8,14.7,18,TEAM-12-5,high,39.0
BAT-0000294,AVL-MAR,2023-12-05T18:00:00,2023-12-12T00:00:00,acoustic_transect,35.8,10,11,11,9.4,14,TEAM-12-5,acceptable,35.2
BAT-0000295,AVL-MAR,2024-01-05T18:00:00,2024-01-12T00:00:00,acoustic_transect,35.8,15,23,7,16.1,11,TEAM-12-5,high,18.9
BAT-0000296,AVL-MAR,2024-02-05T18:00:00,2024-02-12T00:00:00,acoustic_transect,34.5,18,35,13,23.6,13,TEAM-12-5,high,27.2
BAT-0000297,AVL-MAR,2024-03-05T18:00:00,2024-03-12T00:00:00,acoustic_transect,34.3,11,20,11,13.6,15,TEAM-12-5,high,7.0
BAT-0000298,AVL-MAR,2024-04-05T18:00:00,2024-04-12T00:00:00,acoustic_and_visual,33.0,15,26,15,18.3,15,TEAM-12-5,high,29.7
BAT-0000299,AVL-MAR,2024-05-05T18:00:00,2024-05-12T00:00:00,acoustic_transect,31.1,22,40,19,23.4,9,TEAM-12-5,high,33.3
BAT-0000300,AVL-MAR,2024-06-05T18:00:00,2024-06-12T00:00:00,acoustic_transect,33.5,13,14,5,14.1,14,TEAM-12-5,high,46.5
BAT-0000301,AVL-MAR,2024-07-05T18:00:00,2024-07-12T00:00:00,acoustic_transect,26.3,5,9,2,6.8,6,TEAM-12-5,high,43.2
BAT-0000302,AVL-MAR,2024-08-05T18:00:00,2024-08-12T00:00:00,fixed_acoustic_station,28.2,7,10,10,8.5,10,TEAM-12-5,acceptable,52.5
BAT-0000303,AVL-MAR,2024-09-05T18:00:00,2024-09-12T00:00:00,acoustic_and_visual,32.0,8,7,4,12.7,12,TEAM-12-5,high,58.0
BAT-0000304,AVL-MAR,2024-10-05T18:00:00,2024-10-12T00:00:00,fixed_acoustic_station,29.0,7,4,2,7.4,16,TEAM-12-5,acceptable,53.1
BAT-0000305,AVL-MAR,2024-11-05T18:00:00,2024-11-12T00:00:00,acoustic_and_visual,29.6,4,11,4,6.3,9,TEAM-12-5,high,53.8
BAT-0000306,AVL-MAR,2024-12-05T18:00:00,2024-12-12T00:00:00,fixed_acoustic_station,25.9,6,14,4,5.0,11,TEAM-12-5,high,42.9
BAT-0000307,AVL-MAR,2025-01-05T18:00:00,2025-01-12T00:00:00,acoustic_and_visual,31.2,19,19,3,24.7,15,TEAM-12-5,high,31.4
BAT-0000308,AVL-MAR,2025-02-05T18:00:00,2025-02-12T00:00:00,acoustic_and_visual,30.2,7,13,4,9.1,9,TEAM-12-5,acceptable,14.9
BAT-0000309,AVL-MAR,2025-03-05T18:00:00,2025-03-12T00:00:00,acoustic_transect,38.0,19,31,16,21.6,15,TEAM-12-5,high,21.6
BAT-0000310,AVL-MAR,2025-04-05T18:00:00,2025-04-12T00:00:00,acoustic_transect,39.0,22,30,18,23.3,13,TEAM-12-5,high,21.2
BAT-0000311,AVL-MAR,2025-05-05T18:00:00,2025-05-12T00:00:00,acoustic_and_visual,30.8,10,30,12,11.4,9,TEAM-12-5,high,35.1
BAT-0000312,AVL-MAR,2025-06-05T18:00:00,2025-06-12T00:00:00,fixed_acoustic_station,32.6,25,25,17,32.9,8,TEAM-12-5,acceptable,39.1
BAT-0000313,AVL-VEL,2019-01-05T18:00:00,2019-01-12T00:00:00,fixed_acoustic_station,30.3,13,37,9,15.8,13,TEAM-12-1,acceptable,31.3
BAT-0000314,AVL-VEL,2019-02-05T18:00:00,2019-02-12T00:00:00,fixed_acoustic_station,35.4,26,31,13,31.0,11,TEAM-12-1,high,14.2
BAT-0000315,AVL-VEL,2019-03-05T18:00:00,2019-03-12T00:00:00,acoustic_transect,26.1,16,39,4,20.5,7,TEAM-12-1,high,30.1
BAT-0000316,AVL-VEL,2019-04-05T18:00:00,2019-04-12T00:00:00,acoustic_and_visual,27.8,36,34,31,39.4,12,TEAM-12-1,acceptable,36.0
BAT-0000317,AVL-VEL,2019-05-05T18:00:00,2019-05-12T00:00:00,acoustic_transect,31.6,20,46,12,23.6,8,TEAM-12-1,high,23.1
BAT-0000318,AVL-VEL,2019-06-05T18:00:00,2019-06-12T00:00:00,fixed_acoustic_station,28.6,21,34,15,21.7,11,TEAM-12-1,high,37.7
BAT-0000319,AVL-VEL,2019-07-05T18:00:00,2019-07-12T00:00:00,fixed_acoustic_station,30.3,19,47,21,19.6,13,TEAM-12-1,high,39.4
BAT-0000320,AVL-VEL,2019-08-05T18:00:00,2019-08-12T00:00:00,acoustic_transect,37.1,20,44,20,22.1,10,TEAM-12-1,acceptable,33.7
BAT-0000321,AVL-VEL,2019-09-05T18:00:00,2019-09-12T00:00:00,acoustic_transect,28.0,23,17,16,29.9,8,TEAM-12-1,acceptable,56.5
BAT-0000322,AVL-VEL,2019-10-05T18:00:00,2019-10-12T00:00:00,acoustic_and_visual,27.2,18,27,15,23.2,15,TEAM-12-1,high,55.8
BAT-0000323,AVL-VEL,2019-11-05T18:00:00,2019-11-12T00:00:00,acoustic_and_visual,32.9,10,12,9,11.0,10,TEAM-12-1,high,46.1
BAT-0000324,AVL-VEL,2019-12-05T18:00:00,2019-12-12T00:00:00,acoustic_transect,24.4,4,14,7,3.1,12,TEAM-12-1,high,43.5
BAT-0000325,AVL-VEL,2020-01-05T18:00:00,2020-01-12T00:00:00,acoustic_transect,31.1,10,18,7,8.5,13,TEAM-12-1,high,14.3
BAT-0000326,AVL-VEL,2020-02-05T18:00:00,2020-02-12T00:00:00,acoustic_and_visual,31.7,12,14,10,13.1,6,TEAM-12-1,high,22.7
BAT-0000327,AVL-VEL,2020-03-05T18:00:00,2020-03-12T00:00:00,acoustic_and_visual,31.2,17,27,6,17.8,15,TEAM-12-1,acceptable,23.4
BAT-0000328,AVL-VEL,2020-04-05T18:00:00,2020-04-12T00:00:00,fixed_acoustic_station,27.2,6,17,8,7.4,10,TEAM-12-1,acceptable,36.4
BAT-0000329,AVL-VEL,2020-05-05T18:00:00,2020-05-12T00:00:00,acoustic_and_visual,37.9,24,28,23,27.8,13,TEAM-12-1,high,19.0
BAT-0000330,AVL-VEL,2020-06-05T18:00:00,2020-06-12T00:00:00,fixed_acoustic_station,32.7,23,41,18,30.9,10,TEAM-12-1,high,31.4
BAT-0000331,AVL-VEL,2020-07-05T18:00:00,2020-07-12T00:00:00,acoustic_and_visual,27.1,14,30,17,15.5,12,TEAM-12-1,high,41.6
BAT-0000332,AVL-VEL,2020-08-05T18:00:00,2020-08-12T00:00:00,acoustic_transect,28.1,23,22,12,25.2,9,TEAM-12-1,high,54.3
BAT-0000333,AVL-VEL,2020-09-05T18:00:00,2020-09-12T00:00:00,fixed_acoustic_station,27.7,16,21,12,23.0,11,TEAM-12-1,high,61.6
BAT-0000334,AVL-VEL,2020-10-05T18:00:00,2020-10-12T00:00:00,acoustic_and_visual,27.3,14,31,16,17.8,11,TEAM-12-1,high,42.6
BAT-0000335,AVL-VEL,2020-11-05T18:00:00,2020-11-12T00:00:00,acoustic_and_visual,34.5,21,30,18,17.4,11,TEAM-12-1,acceptable,34.2
BAT-0000336,AVL-VEL,2020-12-05T18:00:00,2020-12-12T00:00:00,acoustic_transect,28.1,30,15,13,37.4,9,TEAM-12-1,acceptable,44.0
BAT-0000337,AVL-VEL,2021-01-05T18:00:00,2021-01-12T00:00:00,acoustic_transect,30.2,26,32,14,27.7,13,TEAM-12-1,acceptable,39.0
BAT-0000338,AVL-VEL,2021-02-05T18:00:00,2021-02-12T00:00:00,fixed_acoustic_station,32.8,18,32,23,24.0,10,TEAM-12-1,high,21.6
BAT-0000339,AVL-VEL,2021-03-05T18:00:00,2021-03-12T00:00:00,acoustic_transect,39.5,31,60,22,38.8,14,TEAM-12-1,high,18.9
BAT-0000340,AVL-VEL,2021-04-05T18:00:00,2021-04-12T00:00:00,acoustic_and_visual,29.9,25,40,21,22.8,14,TEAM-12-1,high,36.9
BAT-0000341,AVL-VEL,2021-05-05T18:00:00,2021-05-12T00:00:00,fixed_acoustic_station,34.9,30,37,19,39.4,4,TEAM-12-1,high,39.5
BAT-0000342,AVL-VEL,2021-06-05T18:00:00,2021-06-12T00:00:00,acoustic_and_visual,38.7,25,49,35,30.3,7,TEAM-12-1,high,29.3
BAT-0000343,AVL-VEL,2021-07-05T18:00:00,2021-07-12T00:00:00,acoustic_transect,25.4,29,30,25,30.8,9,TEAM-12-1,acceptable,55.5
BAT-0000344,AVL-VEL,2021-08-05T18:00:00,2021-08-12T00:00:00,acoustic_and_visual,26.7,22,28,7,21.4,9,TEAM-12-1,high,35.1
BAT-0000345,AVL-VEL,2021-09-05T18:00:00,2021-09-12T00:00:00,acoustic_transect,26.6,10,23,16,11.6,14,TEAM-12-1,acceptable,58.1
BAT-0000346,AVL-VEL,2021-10-05T18:00:00,2021-10-12T00:00:00,acoustic_and_visual,22.2,13,16,8,13.7,9,TEAM-12-1,acceptable,47.0
BAT-0000347,AVL-VEL,2021-11-05T18:00:00,2021-11-12T00:00:00,fixed_acoustic_station,22.7,12,42,10,11.0,4,TEAM-12-1,high,44.8
BAT-0000348,AVL-VEL,2021-12-05T18:00:00,2021-12-12T00:00:00,acoustic_transect,28.7,19,26,13,19.5,8,TEAM-12-1,acceptable,50.7
BAT-0000349,AVL-VEL,2022-01-05T18:00:00,2022-01-12T00:00:00,fixed_acoustic_station,33.4,16,32,18,18.3,4,TEAM-12-1,high,29.9
BAT-0000350,AVL-VEL,2022-02-05T18:00:00,2022-02-12T00:00:00,acoustic_and_visual,39.9,24,26,10,28.5,11,TEAM-12-1,high,17.7
BAT-0000351,AVL-VEL,2022-03-05T18:00:00,2022-03-12T00:00:00,acoustic_and_visual,33.8,33,35,14,30.1,8,TEAM-12-1,high,27.4
BAT-0000352,AVL-VEL,2022-04-05T18:00:00,2022-04-12T00:00:00,acoustic_transect,34.8,27,32,15,30.8,11,TEAM-12-1,acceptable,7.5
BAT-0000353,AVL-VEL,2022-05-05T18:00:00,2022-05-12T00:00:00,acoustic_and_visual,32.4,32,55,28,36.0,8,TEAM-12-1,acceptable,21.2
BAT-0000354,AVL-VEL,2022-06-05T18:00:00,2022-06-12T00:00:00,acoustic_and_visual,37.0,36,49,30,46.3,12,TEAM-12-1,high,43.5
BAT-0000355,AVL-VEL,2022-07-05T18:00:00,2022-07-12T00:00:00,fixed_acoustic_station,32.6,22,64,15,24.0,13,TEAM-12-1,high,37.2
BAT-0000356,AVL-VEL,2022-08-05T18:00:00,2022-08-12T00:00:00,acoustic_and_visual,31.7,28,21,14,43.0,9,TEAM-12-1,acceptable,47.1
BAT-0000357,AVL-VEL,2022-09-05T18:00:00,2022-09-12T00:00:00,acoustic_transect,29.8,22,24,11,27.5,11,TEAM-12-1,acceptable,52.8
BAT-0000358,AVL-VEL,2022-10-05T18:00:00,2022-10-12T00:00:00,acoustic_transect,33.1,30,27,14,39.8,10,TEAM-12-1,acceptable,35.1
BAT-0000359,AVL-VEL,2022-11-05T18:00:00,2022-11-12T00:00:00,acoustic_transect,34.4,22,30,18,19.3,14,TEAM-12-1,acceptable,30.5
BAT-0000360,AVL-VEL,2022-12-05T18:00:00,2022-12-12T00:00:00,fixed_acoustic_station,37.2,17,42,17,16.1,11,TEAM-12-1,high,22.3
BAT-0000361,AVL-VEL,2023-01-05T18:00:00,2023-01-12T00:00:00,acoustic_and_visual,38.4,20,30,24,15.9,11,TEAM-12-1,high,27.4
BAT-0000362,AVL-VEL,2023-02-05T18:00:00,2023-02-12T00:00:00,acoustic_and_visual,33.0,27,42,21,32.9,13,TEAM-12-1,high,12.0
BAT-0000363,AVL-VEL,2023-03-05T18:00:00,2023-03-12T00:00:00,acoustic_and_visual,36.2,30,38,16,35.9,13,TEAM-12-1,high,20.0
BAT-0000364,AVL-VEL,2023-04-05T18:00:00,2023-04-12T00:00:00,fixed_acoustic_station,36.0,53,66,28,55.4,13,TEAM-12-1,high,25.5
BAT-0000365,AVL-VEL,2023-05-05T18:00:00,2023-05-12T00:00:00,acoustic_transect,30.2,20,48,16,23.3,12,TEAM-12-1,high,20.7
BAT-0000366,AVL-VEL,2023-06-05T18:00:00,2023-06-12T00:00:00,acoustic_and_visual,30.4,15,33,17,16.3,12,TEAM-12-1,acceptable,37.3
BAT-0000367,AVL-VEL,2023-07-05T18:00:00,2023-07-12T00:00:00,fixed_acoustic_station,26.3,29,40,15,26.7,17,TEAM-12-1,high,40.9
BAT-0000368,AVL-VEL,2023-08-05T18:00:00,2023-08-12T00:00:00,acoustic_transect,28.4,27,35,21,29.1,9,TEAM-12-1,acceptable,47.0
BAT-0000369,AVL-VEL,2023-09-05T18:00:00,2023-09-12T00:00:00,acoustic_and_visual,27.0,16,36,20,19.9,13,TEAM-12-1,high,56.6
BAT-0000370,AVL-VEL,2023-10-05T18:00:00,2023-10-12T00:00:00,acoustic_transect,28.6,25,33,14,34.2,13,TEAM-12-1,acceptable,45.7
BAT-0000371,AVL-VEL,2023-11-05T18:00:00,2023-11-12T00:00:00,acoustic_transect,20.4,2,7,1,3.3,7,TEAM-12-1,acceptable,43.0
BAT-0000372,AVL-VEL,2023-12-05T18:00:00,2023-12-12T00:00:00,acoustic_and_visual,31.4,11,15,2,10.6,14,TEAM-12-1,high,40.5
BAT-0000373,AVL-VEL,2024-01-05T18:00:00,2024-01-12T00:00:00,fixed_acoustic_station,35.5,7,8,2,8.4,11,TEAM-12-1,high,12.1
BAT-0000374,AVL-VEL,2024-02-05T18:00:00,2024-02-12T00:00:00,acoustic_transect,26.2,4,14,10,3.8,11,TEAM-12-1,high,35.4
BAT-0000375,AVL-VEL,2024-03-05T18:00:00,2024-03-12T00:00:00,acoustic_transect,34.2,11,20,9,12.2,9,TEAM-12-1,high,11.8
BAT-0000376,AVL-VEL,2024-04-05T18:00:00,2024-04-12T00:00:00,acoustic_and_visual,39.6,16,34,20,21.8,10,TEAM-12-1,high,11.3
BAT-0000377,AVL-VEL,2024-05-05T18:00:00,2024-05-12T00:00:00,acoustic_and_visual,30.3,18,27,10,22.5,10,TEAM-12-1,high,20.7
BAT-0000378,AVL-VEL,2024-06-05T18:00:00,2024-06-12T00:00:00,fixed_acoustic_station,35.8,21,30,10,20.6,13,TEAM-12-1,high,23.5
BAT-0000379,AVL-VEL,2024-07-05T18:00:00,2024-07-12T00:00:00,acoustic_and_visual,22.6,9,6,8,13.4,12,TEAM-12-1,limited,51.8
BAT-0000380,AVL-VEL,2024-08-05T18:00:00,2024-08-12T00:00:00,acoustic_and_visual,34.2,18,23,16,18.4,11,TEAM-12-1,acceptable,48.4
BAT-0000381,AVL-VEL,2024-09-05T18:00:00,2024-09-12T00:00:00,acoustic_transect,28.7,19,28,9,20.4,9,TEAM-12-1,acceptable,46.8
BAT-0000382,AVL-VEL,2024-10-05T18:00:00,2024-10-12T00:00:00,acoustic_and_visual,29.8,19,17,11,21.2,19,TEAM-12-1,acceptable,53.0
BAT-0000383,AVL-VEL,2024-11-05T18:00:00,2024-11-12T00:00:00,acoustic_transect,32.9,16,21,19,16.9,11,TEAM-12-1,acceptable,46.2
BAT-0000384,AVL-VEL,2024-12-05T18:00:00,2024-12-12T00:00:00,acoustic_transect,34.6,23,26,8,21.0,14,TEAM-12-1,acceptable,28.6
BAT-0000385,AVL-VEL,2025-01-05T18:00:00,2025-01-12T00:00:00,fixed_acoustic_station,30.9,18,27,19,19.4,12,TEAM-12-1,high,35.2
BAT-0000386,AVL-VEL,2025-02-05T18:00:00,2025-02-12T00:00:00,acoustic_and_visual,39.5,23,54,20,20.2,13,TEAM-12-1,high,11.5
BAT-0000387,AVL-VEL,2025-03-05T18:00:00,2025-03-12T00:00:00,acoustic_transect,35.5,19,36,11,20.2,8,TEAM-12-1,high,9.4
BAT-0000388,AVL-VEL,2025-04-05T18:00:00,2025-04-12T00:00:00,acoustic_and_visual,32.2,20,19,14,18.8,15,TEAM-12-1,acceptable,28.9
BAT-0000389,AVL-VEL,2025-05-05T18:00:00,2025-05-12T00:00:00,fixed_acoustic_station,37.5,21,30,21,22.5,15,TEAM-12-1,acceptable,13.8
BAT-0000390,AVL-VEL,2025-06-05T18:00:00,2025-06-12T00:00:00,acoustic_and_visual,33.6,27,39,24,25.2,9,TEAM-12-1,acceptable,33.1
BAT-0000391,AVL-ORR,2019-01-05T18:00:00,2019-01-12T00:00:00,fixed_acoustic_station,36.1,17,20,11,18.2,12,TEAM-12-2,acceptable,27.2
BAT-0000392,AVL-ORR,2019-02-05T18:00:00,2019-02-12T00:00:00,fixed_acoustic_station,35.8,18,23,13,17.8,9,TEAM-12-2,high,8.3
BAT-0000393,AVL-ORR,2019-03-05T18:00:00,2019-03-12T00:00:00,acoustic_and_visual,38.1,13,18,11,14.4,9,TEAM-12-2,high,36.5
BAT-0000394,AVL-ORR,2019-04-05T18:00:00,2019-04-12T00:00:00,acoustic_and_visual,39.8,12,17,10,13.6,14,TEAM-12-2,high,26.0
BAT-0000395,AVL-ORR,2019-05-05T18:00:00,2019-05-12T00:00:00,acoustic_transect,29.0,29,33,19,30.0,9,TEAM-12-2,acceptable,33.4
BAT-0000396,AVL-ORR,2019-06-05T18:00:00,2019-06-12T00:00:00,fixed_acoustic_station,26.5,11,21,9,15.0,15,TEAM-12-2,high,31.2
BAT-0000397,AVL-ORR,2019-07-05T18:00:00,2019-07-12T00:00:00,acoustic_transect,21.7,21,17,9,25.4,13,TEAM-12-2,high,60.6
BAT-0000398,AVL-ORR,2019-08-05T18:00:00,2019-08-12T00:00:00,fixed_acoustic_station,31.1,19,12,9,22.8,12,TEAM-12-2,acceptable,55.1
BAT-0000399,AVL-ORR,2019-09-05T18:00:00,2019-09-12T00:00:00,fixed_acoustic_station,21.3,17,20,11,21.5,13,TEAM-12-2,acceptable,64.7
BAT-0000400,AVL-ORR,2019-10-05T18:00:00,2019-10-12T00:00:00,acoustic_and_visual,19.0,9,29,4,10.7,12,TEAM-12-2,acceptable,58.1
BAT-0000401,AVL-ORR,2019-11-05T18:00:00,2019-11-12T00:00:00,fixed_acoustic_station,31.5,9,16,6,10.2,8,TEAM-12-2,high,50.3
BAT-0000402,AVL-ORR,2019-12-05T18:00:00,2019-12-12T00:00:00,fixed_acoustic_station,35.9,21,19,8,27.9,11,TEAM-12-2,high,28.4
BAT-0000403,AVL-ORR,2020-01-05T18:00:00,2020-01-12T00:00:00,acoustic_transect,36.1,15,29,4,18.0,12,TEAM-12-2,high,17.1
BAT-0000404,AVL-ORR,2020-02-05T18:00:00,2020-02-12T00:00:00,acoustic_and_visual,36.8,17,29,10,15.0,12,TEAM-12-2,high,12.6
BAT-0000405,AVL-ORR,2020-03-05T18:00:00,2020-03-12T00:00:00,acoustic_transect,33.6,16,28,12,17.9,6,TEAM-12-2,high,20.1
BAT-0000406,AVL-ORR,2020-04-05T18:00:00,2020-04-12T00:00:00,fixed_acoustic_station,37.5,14,20,10,15.0,15,TEAM-12-2,high,14.5
BAT-0000407,AVL-ORR,2020-05-05T18:00:00,2020-05-12T00:00:00,acoustic_and_visual,33.9,23,26,16,27.4,11,TEAM-12-2,acceptable,32.5
BAT-0000408,AVL-ORR,2020-06-05T18:00:00,2020-06-12T00:00:00,acoustic_and_visual,31.6,15,19,8,12.5,9,TEAM-12-2,high,36.2
BAT-0000409,AVL-ORR,2020-07-05T18:00:00,2020-07-12T00:00:00,acoustic_transect,32.4,9,12,7,7.2,12,TEAM-12-2,high,37.5
BAT-0000410,AVL-ORR,2020-08-05T18:00:00,2020-08-12T00:00:00,acoustic_and_visual,32.4,8,7,5,9.7,16,TEAM-12-2,high,49.9
BAT-0000411,AVL-ORR,2020-09-05T18:00:00,2020-09-12T00:00:00,acoustic_transect,30.2,9,7,5,10.5,7,TEAM-12-2,acceptable,45.5
BAT-0000412,AVL-ORR,2020-10-05T18:00:00,2020-10-12T00:00:00,acoustic_and_visual,21.3,4,7,5,4.7,12,TEAM-12-2,acceptable,50.3
BAT-0000413,AVL-ORR,2020-11-05T18:00:00,2020-11-12T00:00:00,fixed_acoustic_station,28.4,7,15,4,7.3,11,TEAM-12-2,high,40.0
BAT-0000414,AVL-ORR,2020-12-05T18:00:00,2020-12-12T00:00:00,acoustic_transect,29.0,9,11,11,11.1,10,TEAM-12-2,high,42.4
BAT-0000415,AVL-ORR,2021-01-05T18:00:00,2021-01-12T00:00:00,fixed_acoustic_station,30.5,5,12,0,5.1,12,TEAM-12-2,acceptable,36.3
BAT-0000416,AVL-ORR,2021-02-05T18:00:00,2021-02-12T00:00:00,acoustic_and_visual,32.6,8,10,7,9.2,9,TEAM-12-2,high,24.0
BAT-0000417,AVL-ORR,2021-03-05T18:00:00,2021-03-12T00:00:00,fixed_acoustic_station,27.6,8,7,12,7.5,6,TEAM-12-2,acceptable,19.0
BAT-0000418,AVL-ORR,2021-04-05T18:00:00,2021-04-12T00:00:00,fixed_acoustic_station,28.7,10,24,11,13.1,9,TEAM-12-2,high,34.2
BAT-0000419,AVL-ORR,2021-05-05T18:00:00,2021-05-12T00:00:00,acoustic_transect,32.9,15,16,11,16.8,12,TEAM-12-2,acceptable,31.8
BAT-0000420,AVL-ORR,2021-06-05T18:00:00,2021-06-12T00:00:00,acoustic_and_visual,21.8,9,22,8,13.8,7,TEAM-12-2,acceptable,33.1
BAT-0000421,AVL-ORR,2021-07-05T18:00:00,2021-07-12T00:00:00,acoustic_transect,32.1,12,21,9,14.3,11,TEAM-12-2,acceptable,46.3
BAT-0000422,AVL-ORR,2021-08-05T18:00:00,2021-08-12T00:00:00,fixed_acoustic_station,32.0,18,13,11,19.9,9,TEAM-12-2,acceptable,56.4
BAT-0000423,AVL-ORR,2021-09-05T18:00:00,2021-09-12T00:00:00,acoustic_transect,30.6,14,24,9,20.3,12,TEAM-12-2,high,53.3
BAT-0000424,AVL-ORR,2021-10-05T18:00:00,2021-10-12T00:00:00,fixed_acoustic_station,29.9,23,17,11,26.1,6,TEAM-12-2,high,67.8
BAT-0000425,AVL-ORR,2021-11-05T18:00:00,2021-11-12T00:00:00,acoustic_and_visual,25.8,11,21,7,17.5,18,TEAM-12-2,acceptable,56.4
BAT-0000426,AVL-ORR,2021-12-05T18:00:00,2021-12-12T00:00:00,acoustic_and_visual,25.8,10,9,6,12.4,10,TEAM-12-2,acceptable,39.9
BAT-0000427,AVL-ORR,2022-01-05T18:00:00,2022-01-12T00:00:00,acoustic_and_visual,29.6,12,20,9,12.5,11,TEAM-12-2,high,19.3
BAT-0000428,AVL-ORR,2022-02-05T18:00:00,2022-02-12T00:00:00,fixed_acoustic_station,29.0,12,18,6,15.2,9,TEAM-12-2,acceptable,14.2
BAT-0000429,AVL-ORR,2022-03-05T18:00:00,2022-03-12T00:00:00,fixed_acoustic_station,32.7,19,49,15,19.7,18,TEAM-12-2,high,9.6
BAT-0000430,AVL-ORR,2022-04-05T18:00:00,2022-04-12T00:00:00,fixed_acoustic_station,28.7,8,24,8,8.6,7,TEAM-12-2,high,21.9
BAT-0000431,AVL-ORR,2022-05-05T18:00:00,2022-05-12T00:00:00,acoustic_transect,38.4,12,19,16,10.3,7,TEAM-12-2,high,29.2
BAT-0000432,AVL-ORR,2022-06-05T18:00:00,2022-06-12T00:00:00,fixed_acoustic_station,30.8,28,24,17,38.7,9,TEAM-12-2,acceptable,32.6
BAT-0000433,AVL-ORR,2022-07-05T18:00:00,2022-07-12T00:00:00,acoustic_and_visual,29.8,13,18,14,12.6,13,TEAM-12-2,high,39.4
BAT-0000434,AVL-ORR,2022-08-05T18:00:00,2022-08-12T00:00:00,acoustic_and_visual,31.2,15,20,11,12.3,14,TEAM-12-2,high,37.8
BAT-0000435,AVL-ORR,2022-09-05T18:00:00,2022-09-12T00:00:00,fixed_acoustic_station,31.4,11,15,14,12.7,8,TEAM-12-2,acceptable,51.2
BAT-0000436,AVL-ORR,2022-10-05T18:00:00,2022-10-12T00:00:00,fixed_acoustic_station,26.0,15,18,11,14.0,9,TEAM-12-2,acceptable,52.8
BAT-0000437,AVL-ORR,2022-11-05T18:00:00,2022-11-12T00:00:00,acoustic_transect,20.6,14,10,10,13.7,11,TEAM-12-2,acceptable,42.1
BAT-0000438,AVL-ORR,2022-12-05T18:00:00,2022-12-12T00:00:00,fixed_acoustic_station,27.6,10,24,11,10.3,16,TEAM-12-2,acceptable,40.3
BAT-0000439,AVL-ORR,2023-01-05T18:00:00,2023-01-12T00:00:00,acoustic_and_visual,27.2,12,9,9,13.2,18,TEAM-12-2,acceptable,41.8
BAT-0000440,AVL-ORR,2023-02-05T18:00:00,2023-02-12T00:00:00,acoustic_transect,26.3,13,14,10,13.5,7,TEAM-12-2,high,38.2
BAT-0000441,AVL-ORR,2023-03-05T18:00:00,2023-03-12T00:00:00,acoustic_transect,33.9,18,33,13,19.7,16,TEAM-12-2,high,16.8
BAT-0000442,AVL-ORR,2023-04-05T18:00:00,2023-04-12T00:00:00,acoustic_and_visual,35.0,8,30,13,5.2,11,TEAM-12-2,high,13.9
BAT-0000443,AVL-ORR,2023-05-05T18:00:00,2023-05-12T00:00:00,acoustic_and_visual,31.6,12,21,11,17.4,13,TEAM-12-2,high,36.5
BAT-0000444,AVL-ORR,2023-06-05T18:00:00,2023-06-12T00:00:00,acoustic_transect,36.2,23,31,18,26.4,10,TEAM-12-2,acceptable,12.5
BAT-0000445,AVL-ORR,2023-07-05T18:00:00,2023-07-12T00:00:00,acoustic_transect,29.9,20,25,12,18.8,10,TEAM-12-2,high,35.9
BAT-0000446,AVL-ORR,2023-08-05T18:00:00,2023-08-12T00:00:00,fixed_acoustic_station,27.3,12,16,8,13.9,9,TEAM-12-2,acceptable,48.2
BAT-0000447,AVL-ORR,2023-09-05T18:00:00,2023-09-12T00:00:00,acoustic_and_visual,31.4,15,28,14,17.9,12,TEAM-12-2,acceptable,55.5
BAT-0000448,AVL-ORR,2023-10-05T18:00:00,2023-10-12T00:00:00,acoustic_transect,26.3,13,15,6,10.7,19,TEAM-12-2,high,56.8
BAT-0000449,AVL-ORR,2023-11-05T18:00:00,2023-11-12T00:00:00,acoustic_and_visual,32.4,18,27,15,16.8,11,TEAM-12-2,acceptable,45.8
BAT-0000450,AVL-ORR,2023-12-05T18:00:00,2023-12-12T00:00:00,fixed_acoustic_station,35.9,15,26,14,17.0,9,TEAM-12-2,high,25.2
BAT-0000451,AVL-ORR,2024-01-05T18:00:00,2024-01-12T00:00:00,acoustic_and_visual,36.5,8,10,2,8.6,9,TEAM-12-2,high,21.6
BAT-0000452,AVL-ORR,2024-02-05T18:00:00,2024-02-12T00:00:00,acoustic_transect,35.0,8,19,5,5.9,9,TEAM-12-2,high,26.2
BAT-0000453,AVL-ORR,2024-03-05T18:00:00,2024-03-12T00:00:00,acoustic_transect,40.5,16,23,11,18.3,11,TEAM-12-2,high,3.0
BAT-0000454,AVL-ORR,2024-04-05T18:00:00,2024-04-12T00:00:00,fixed_acoustic_station,35.2,12,24,10,13.1,10,TEAM-12-2,acceptable,34.4
BAT-0000455,AVL-ORR,2024-05-05T18:00:00,2024-05-12T00:00:00,acoustic_and_visual,30.9,23,22,15,22.8,11,TEAM-12-2,high,27.4
BAT-0000456,AVL-ORR,2024-06-05T18:00:00,2024-06-12T00:00:00,acoustic_transect,32.3,20,30,11,20.8,18,TEAM-12-2,high,27.2
BAT-0000457,AVL-ORR,2024-07-05T18:00:00,2024-07-12T00:00:00,acoustic_transect,28.7,25,24,9,32.9,13,TEAM-12-2,high,41.4
BAT-0000458,AVL-ORR,2024-08-05T18:00:00,2024-08-12T00:00:00,acoustic_transect,23.0,2,20,7,0.3,13,TEAM-12-2,acceptable,45.8
BAT-0000459,AVL-ORR,2024-09-05T18:00:00,2024-09-12T00:00:00,acoustic_transect,25.6,12,18,11,13.6,12,TEAM-12-2,acceptable,53.8
BAT-0000460,AVL-ORR,2024-10-05T18:00:00,2024-10-12T00:00:00,acoustic_and_visual,33.0,18,24,16,21.8,10,TEAM-12-2,acceptable,42.2
BAT-0000461,AVL-ORR,2024-11-05T18:00:00,2024-11-12T00:00:00,fixed_acoustic_station,33.9,18,14,12,21.2,8,TEAM-12-2,acceptable,46.7
BAT-0000462,AVL-ORR,2024-12-05T18:00:00,2024-12-12T00:00:00,fixed_acoustic_station,27.0,11,10,3,15.8,14,TEAM-12-2,acceptable,44.5
BAT-0000463,AVL-ORR,2025-01-05T18:00:00,2025-01-12T00:00:00,acoustic_transect,30.6,7,14,14,6.5,11,TEAM-12-2,high,41.9
BAT-0000464,AVL-ORR,2025-02-05T18:00:00,2025-02-12T00:00:00,fixed_acoustic_station,38.5,16,14,9,17.4,5,TEAM-12-2,acceptable,31.7
BAT-0000465,AVL-ORR,2025-03-05T18:00:00,2025-03-12T00:00:00,fixed_acoustic_station,30.7,8,20,7,11.3,10,TEAM-12-2,high,15.9
BAT-0000466,AVL-ORR,2025-04-05T18:00:00,2025-04-12T00:00:00,fixed_acoustic_station,31.5,23,39,9,28.7,12,TEAM-12-2,high,12.3
BAT-0000467,AVL-ORR,2025-05-05T18:00:00,2025-05-12T00:00:00,acoustic_and_visual,31.6,13,41,15,16.1,16,TEAM-12-2,high,19.2
BAT-0000468,AVL-ORR,2025-06-05T18:00:00,2025-06-12T00:00:00,fixed_acoustic_station,35.2,8,6,5,9.7,7,TEAM-12-2,acceptable,24.7
BAT-0000469,TMB-NAC,2019-01-05T18:00:00,2019-01-12T00:00:00,acoustic_transect,26.5,10,11,6,13.0,12,TEAM-13-3,acceptable,44.4
BAT-0000470,TMB-NAC,2019-02-05T18:00:00,2019-02-12T00:00:00,acoustic_and_visual,25.8,8,17,8,9.1,14,TEAM-13-3,high,60.3
BAT-0000471,TMB-NAC,2019-03-05T18:00:00,2019-03-12T00:00:00,acoustic_transect,26.8,28,34,13,32.7,17,TEAM-13-3,high,61.8
BAT-0000472,TMB-NAC,2019-04-05T18:00:00,2019-04-12T00:00:00,acoustic_transect,31.8,17,35,11,20.0,7,TEAM-13-3,high,33.4
BAT-0000473,TMB-NAC,2019-05-05T18:00:00,2019-05-12T00:00:00,fixed_acoustic_station,27.9,12,19,7,14.0,15,TEAM-13-3,acceptable,44.5
BAT-0000474,TMB-NAC,2019-06-05T18:00:00,2019-06-12T00:00:00,acoustic_transect,32.4,21,55,13,22.1,15,TEAM-13-3,high,19.5
BAT-0000475,TMB-NAC,2019-07-05T18:00:00,2019-07-12T00:00:00,acoustic_and_visual,37.2,22,32,17,27.6,9,TEAM-13-3,high,23.5
BAT-0000476,TMB-NAC,2019-08-05T18:00:00,2019-08-12T00:00:00,acoustic_and_visual,25.8,17,36,12,14.8,10,TEAM-13-3,high,27.8
BAT-0000477,TMB-NAC,2019-09-05T18:00:00,2019-09-12T00:00:00,acoustic_and_visual,28.8,17,36,9,19.7,8,TEAM-13-3,high,26.1
BAT-0000478,TMB-NAC,2019-10-05T18:00:00,2019-10-12T00:00:00,fixed_acoustic_station,30.7,13,21,6,17.9,12,TEAM-13-3,high,29.7
BAT-0000479,TMB-NAC,2019-11-05T18:00:00,2019-11-12T00:00:00,acoustic_and_visual,24.7,18,16,11,21.3,15,TEAM-13-3,acceptable,64.5
BAT-0000480,TMB-NAC,2019-12-05T18:00:00,2019-12-12T00:00:00,fixed_acoustic_station,31.3,23,21,12,24.8,11,TEAM-13-3,high,63.7
BAT-0000481,TMB-NAC,2020-01-05T18:00:00,2020-01-12T00:00:00,acoustic_transect,29.1,14,10,18,13.8,12,TEAM-13-3,acceptable,54.7
BAT-0000482,TMB-NAC,2020-02-05T18:00:00,2020-02-12T00:00:00,fixed_acoustic_station,28.8,27,32,18,26.5,15,TEAM-13-3,acceptable,45.5
BAT-0000483,TMB-NAC,2020-03-05T18:00:00,2020-03-12T00:00:00,fixed_acoustic_station,21.5,19,31,9,18.8,16,TEAM-13-3,acceptable,55.5
BAT-0000484,TMB-NAC,2020-04-05T18:00:00,2020-04-12T00:00:00,fixed_acoustic_station,20.2,13,20,12,15.9,11,TEAM-13-3,high,62.9
BAT-0000485,TMB-NAC,2020-05-05T18:00:00,2020-05-12T00:00:00,acoustic_and_visual,36.4,25,35,12,36.1,9,TEAM-13-3,high,25.8
BAT-0000486,TMB-NAC,2020-06-05T18:00:00,2020-06-12T00:00:00,fixed_acoustic_station,38.7,37,46,21,36.5,11,TEAM-13-3,high,13.5
BAT-0000487,TMB-NAC,2020-07-05T18:00:00,2020-07-12T00:00:00,fixed_acoustic_station,32.4,29,38,20,31.6,10,TEAM-13-3,high,17.2
BAT-0000488,TMB-NAC,2020-08-05T18:00:00,2020-08-12T00:00:00,fixed_acoustic_station,38.3,24,44,16,24.7,18,TEAM-13-3,high,20.3
BAT-0000489,TMB-NAC,2020-09-05T18:00:00,2020-09-12T00:00:00,acoustic_and_visual,29.8,17,31,9,17.3,21,TEAM-13-3,high,9.7
BAT-0000490,TMB-NAC,2020-10-05T18:00:00,2020-10-12T00:00:00,fixed_acoustic_station,26.6,19,34,16,18.2,13,TEAM-13-3,acceptable,16.2
BAT-0000491,TMB-NAC,2020-11-05T18:00:00,2020-11-12T00:00:00,fixed_acoustic_station,32.0,24,31,9,32.0,15,TEAM-13-3,high,40.9
BAT-0000492,TMB-NAC,2020-12-05T18:00:00,2020-12-12T00:00:00,fixed_acoustic_station,14.0,9,23,4,10.3,7,TEAM-13-3,acceptable,68.2
BAT-0000493,TMB-NAC,2021-01-05T18:00:00,2021-01-12T00:00:00,acoustic_and_visual,20.3,14,23,3,13.3,18,TEAM-13-3,acceptable,67.1
BAT-0000494,TMB-NAC,2021-02-05T18:00:00,2021-02-12T00:00:00,fixed_acoustic_station,23.4,15,15,14,14.4,13,TEAM-13-3,acceptable,67.8
BAT-0000495,TMB-NAC,2021-03-05T18:00:00,2021-03-12T00:00:00,acoustic_transect,22.3,24,23,9,25.8,9,TEAM-13-3,acceptable,52.1
BAT-0000496,TMB-NAC,2021-04-05T18:00:00,2021-04-12T00:00:00,acoustic_transect,24.2,19,16,6,20.5,8,TEAM-13-3,acceptable,53.8
BAT-0000497,TMB-NAC,2021-05-05T18:00:00,2021-05-12T00:00:00,acoustic_transect,35.6,19,28,14,19.0,8,TEAM-13-3,high,30.4
BAT-0000498,TMB-NAC,2021-06-05T18:00:00,2021-06-12T00:00:00,fixed_acoustic_station,31.6,20,28,21,29.1,8,TEAM-13-3,acceptable,28.8
BAT-0000499,TMB-NAC,2021-07-05T18:00:00,2021-07-12T00:00:00,fixed_acoustic_station,28.8,26,38,16,25.7,9,TEAM-13-3,high,39.5
BAT-0000500,TMB-NAC,2021-08-05T18:00:00,2021-08-12T00:00:00,fixed_acoustic_station,36.8,15,23,20,19.1,10,TEAM-13-3,acceptable,12.5
BAT-0000501,TMB-NAC,2021-09-05T18:00:00,2021-09-12T00:00:00,acoustic_and_visual,26.9,14,19,11,11.3,10,TEAM-13-3,acceptable,56.2
BAT-0000502,TMB-NAC,2021-10-05T18:00:00,2021-10-12T00:00:00,fixed_acoustic_station,33.9,13,19,12,15.1,12,TEAM-13-3,acceptable,51.1
BAT-0000503,TMB-NAC,2021-11-05T18:00:00,2021-11-12T00:00:00,fixed_acoustic_station,25.7,15,17,6,16.1,15,TEAM-13-3,high,61.4
BAT-0000504,TMB-NAC,2021-12-05T18:00:00,2021-12-12T00:00:00,fixed_acoustic_station,28.2,18,17,8,18.3,12,TEAM-13-3,high,53.3
BAT-0000505,TMB-NAC,2022-01-05T18:00:00,2022-01-12T00:00:00,fixed_acoustic_station,16.9,16,12,14,18.7,15,TEAM-13-3,acceptable,80.7
BAT-0000506,TMB-NAC,2022-02-05T18:00:00,2022-02-12T00:00:00,acoustic_transect,22.2,8,10,12,8.0,16,TEAM-13-3,acceptable,84.3
BAT-0000507,TMB-NAC,2022-03-05T18:00:00,2022-03-12T00:00:00,acoustic_and_visual,23.0,3,2,1,1.6,10,TEAM-13-3,acceptable,81.0
BAT-0000508,TMB-NAC,2022-04-05T18:00:00,2022-04-12T00:00:00,acoustic_and_visual,24.5,2,10,6,0.6,10,TEAM-13-3,acceptable,43.6
BAT-0000509,TMB-NAC,2022-05-05T18:00:00,2022-05-12T00:00:00,acoustic_transect,35.0,7,10,9,6.7,12,TEAM-13-3,high,24.8
BAT-0000510,TMB-NAC,2022-06-05T18:00:00,2022-06-12T00:00:00,acoustic_transect,34.7,8,11,15,9.1,10,TEAM-13-3,acceptable,37.8
BAT-0000511,TMB-NAC,2022-07-05T18:00:00,2022-07-12T00:00:00,acoustic_and_visual,34.3,13,23,9,16.8,13,TEAM-13-3,high,22.6
BAT-0000512,TMB-NAC,2022-08-05T18:00:00,2022-08-12T00:00:00,acoustic_transect,34.3,14,18,3,17.5,16,TEAM-13-3,acceptable,37.8
BAT-0000513,TMB-NAC,2022-09-05T18:00:00,2022-09-12T00:00:00,fixed_acoustic_station,37.4,12,22,13,11.9,15,TEAM-13-3,high,12.4
BAT-0000514,TMB-NAC,2022-10-05T18:00:00,2022-10-12T00:00:00,acoustic_and_visual,33.0,16,18,11,19.5,18,TEAM-13-3,high,44.8
BAT-0000515,TMB-NAC,2022-11-05T18:00:00,2022-11-12T00:00:00,acoustic_transect,26.7,9,18,14,11.8,7,TEAM-13-3,acceptable,51.9
BAT-0000516,TMB-NAC,2022-12-05T18:00:00,2022-12-12T00:00:00,acoustic_transect,26.0,15,14,7,17.3,10,TEAM-13-3,acceptable,53.4
BAT-0000517,TMB-NAC,2023-01-05T18:00:00,2023-01-12T00:00:00,acoustic_transect,23.0,7,11,9,5.3,18,TEAM-13-3,acceptable,63.4
BAT-0000518,TMB-NAC,2023-02-05T18:00:00,2023-02-12T00:00:00,acoustic_and_visual,25.7,14,18,8,15.1,12,TEAM-13-3,acceptable,61.5
BAT-0000519,TMB-NAC,2023-03-05T18:00:00,2023-03-12T00:00:00,acoustic_and_visual,33.4,25,24,11,26.9,12,TEAM-13-3,acceptable,54.0
BAT-0000520,TMB-NAC,2023-04-05T18:00:00,2023-04-12T00:00:00,acoustic_and_visual,18.1,15,15,15,17.7,8,TEAM-13-3,limited,43.9
BAT-0000521,TMB-NAC,2023-05-05T18:00:00,2023-05-12T00:00:00,acoustic_and_visual,28.5,25,38,9,29.0,14,TEAM-13-3,acceptable,32.7
BAT-0000522,TMB-NAC,2023-06-05T18:00:00,2023-06-12T00:00:00,acoustic_transect,37.9,24,53,18,21.1,16,TEAM-13-3,high,12.1
BAT-0000523,TMB-NAC,2023-07-05T18:00:00,2023-07-12T00:00:00,acoustic_transect,40.9,27,32,19,27.6,12,TEAM-13-3,acceptable,20.8
BAT-0000524,TMB-NAC,2023-08-05T18:00:00,2023-08-12T00:00:00,acoustic_transect,25.7,16,41,12,16.4,15,TEAM-13-3,acceptable,18.5
BAT-0000525,TMB-NAC,2023-09-05T18:00:00,2023-09-12T00:00:00,acoustic_and_visual,28.2,17,23,15,22.9,12,TEAM-13-3,acceptable,28.7
BAT-0000526,TMB-NAC,2023-10-05T18:00:00,2023-10-12T00:00:00,acoustic_transect,28.3,16,35,19,14.7,9,TEAM-13-3,high,40.6
BAT-0000527,TMB-NAC,2023-11-05T18:00:00,2023-11-12T00:00:00,acoustic_and_visual,25.1,13,28,21,11.7,13,TEAM-13-3,high,45.5
BAT-0000528,TMB-NAC,2023-12-05T18:00:00,2023-12-12T00:00:00,acoustic_transect,23.8,19,25,11,21.1,15,TEAM-13-3,high,62.1
BAT-0000529,TMB-NAC,2024-01-05T18:00:00,2024-01-12T00:00:00,acoustic_and_visual,28.1,13,28,12,16.7,11,TEAM-13-3,high,52.6
BAT-0000530,TMB-NAC,2024-02-05T18:00:00,2024-02-12T00:00:00,acoustic_transect,25.4,5,25,5,7.7,11,TEAM-13-3,high,66.3
BAT-0000531,TMB-NAC,2024-03-05T18:00:00,2024-03-12T00:00:00,fixed_acoustic_station,16.4,18,21,6,23.4,10,TEAM-13-3,acceptable,70.4
BAT-0000532,TMB-NAC,2024-04-05T18:00:00,2024-04-12T00:00:00,acoustic_and_visual,26.7,18,29,10,22.2,12,TEAM-13-3,acceptable,43.9
BAT-0000533,TMB-NAC,2024-05-05T18:00:00,2024-05-12T00:00:00,acoustic_and_visual,25.3,19,13,14,26.4,14,TEAM-13-3,acceptable,50.6
BAT-0000534,TMB-NAC,2024-06-05T18:00:00,2024-06-12T00:00:00,acoustic_and_visual,35.3,16,41,14,13.9,11,TEAM-13-3,high,13.6
BAT-0000535,TMB-NAC,2024-07-05T18:00:00,2024-07-12T00:00:00,acoustic_transect,31.7,21,34,13,26.8,10,TEAM-13-3,high,24.8
BAT-0000536,TMB-NAC,2024-08-05T18:00:00,2024-08-12T00:00:00,fixed_acoustic_station,27.8,12,31,15,15.1,14,TEAM-13-3,high,32.1
BAT-0000537,TMB-NAC,2024-09-05T18:00:00,2024-09-12T00:00:00,acoustic_and_visual,31.1,18,31,14,21.8,6,TEAM-13-3,acceptable,23.1
BAT-0000538,TMB-NAC,2024-10-05T18:00:00,2024-10-12T00:00:00,acoustic_and_visual,27.6,20,24,4,28.7,13,TEAM-13-3,high,61.0
BAT-0000539,TMB-NAC,2024-11-05T18:00:00,2024-11-12T00:00:00,acoustic_and_visual,25.6,21,19,10,28.2,14,TEAM-13-3,acceptable,68.8
BAT-0000540,TMB-NAC,2024-12-05T18:00:00,2024-12-12T00:00:00,acoustic_transect,29.9,15,27,15,19.4,14,TEAM-13-3,high,58.4
BAT-0000541,TMB-NAC,2025-01-05T18:00:00,2025-01-12T00:00:00,acoustic_transect,17.3,10,14,12,10.4,10,TEAM-13-3,acceptable,59.6
BAT-0000542,TMB-NAC,2025-02-05T18:00:00,2025-02-12T00:00:00,acoustic_transect,27.0,18,24,14,17.1,14,TEAM-13-3,acceptable,55.5
BAT-0000543,TMB-NAC,2025-03-05T18:00:00,2025-03-12T00:00:00,acoustic_transect,27.1,20,19,17,22.4,14,TEAM-13-3,high,62.6
BAT-0000544,TMB-NAC,2025-04-05T18:00:00,2025-04-12T00:00:00,fixed_acoustic_station,32.0,18,33,12,19.7,8,TEAM-13-3,high,36.2
BAT-0000545,TMB-NAC,2025-05-05T18:00:00,2025-05-12T00:00:00,fixed_acoustic_station,30.1,9,19,10,7.9,4,TEAM-13-3,acceptable,28.4
BAT-0000546,TMB-NAC,2025-06-05T18:00:00,2025-06-12T00:00:00,acoustic_and_visual,38.7,20,40,12,29.2,12,TEAM-13-3,high,21.3
BAT-0000547,TMB-PEL,2019-01-05T18:00:00,2019-01-12T00:00:00,acoustic_and_visual,25.3,10,7,4,14.2,10,TEAM-13-4,acceptable,44.9
BAT-0000548,TMB-PEL,2019-02-05T18:00:00,2019-02-12T00:00:00,acoustic_transect,28.4,11,8,4,11.6,14,TEAM-13-4,acceptable,57.6
BAT-0000549,TMB-PEL,2019-03-05T18:00:00,2019-03-12T00:00:00,fixed_acoustic_station,21.4,9,6,2,8.5,18,TEAM-13-4,acceptable,47.5
BAT-0000550,TMB-PEL,2019-04-05T18:00:00,2019-04-12T00:00:00,acoustic_and_visual,31.1,10,14,12,10.0,12,TEAM-13-4,acceptable,41.3
BAT-0000551,TMB-PEL,2019-05-05T18:00:00,2019-05-12T00:00:00,acoustic_and_visual,29.6,18,13,6,15.7,15,TEAM-13-4,acceptable,44.1
BAT-0000552,TMB-PEL,2019-06-05T18:00:00,2019-06-12T00:00:00,acoustic_transect,37.5,13,21,6,14.4,9,TEAM-13-4,high,20.0
BAT-0000553,TMB-PEL,2019-07-05T18:00:00,2019-07-12T00:00:00,fixed_acoustic_station,35.8,11,21,8,11.5,8,TEAM-13-4,high,9.9
BAT-0000554,TMB-PEL,2019-08-05T18:00:00,2019-08-12T00:00:00,acoustic_and_visual,30.8,5,7,1,5.9,18,TEAM-13-4,acceptable,44.4
BAT-0000555,TMB-PEL,2019-09-05T18:00:00,2019-09-12T00:00:00,acoustic_transect,28.4,5,5,1,7.8,8,TEAM-13-4,acceptable,50.7
BAT-0000556,TMB-PEL,2019-10-05T18:00:00,2019-10-12T00:00:00,acoustic_transect,25.3,3,4,3,1.2,11,TEAM-13-4,high,58.5
BAT-0000557,TMB-PEL,2019-11-05T18:00:00,2019-11-12T00:00:00,acoustic_and_visual,23.0,4,6,3,6.9,10,TEAM-13-4,high,40.5
BAT-0000558,TMB-PEL,2019-12-05T18:00:00,2019-12-12T00:00:00,acoustic_and_visual,28.5,5,9,6,5.8,12,TEAM-13-4,high,46.5
BAT-0000559,TMB-PEL,2020-01-05T18:00:00,2020-01-12T00:00:00,fixed_acoustic_station,22.6,9,8,5,7.8,11,TEAM-13-4,high,66.6
BAT-0000560,TMB-PEL,2020-02-05T18:00:00,2020-02-12T00:00:00,acoustic_transect,24.5,1,17,5,0.7,6,TEAM-13-4,acceptable,53.2
BAT-0000561,TMB-PEL,2020-03-05T18:00:00,2020-03-12T00:00:00,fixed_acoustic_station,28.6,7,16,3,4.5,11,TEAM-13-4,acceptable,28.0
BAT-0000562,TMB-PEL,2020-04-05T18:00:00,2020-04-12T00:00:00,acoustic_transect,30.5,8,13,11,9.7,12,TEAM-13-4,acceptable,39.2
BAT-0000563,TMB-PEL,2020-05-05T18:00:00,2020-05-12T00:00:00,acoustic_transect,37.6,3,9,8,8.2,11,TEAM-13-4,acceptable,31.5
BAT-0000564,TMB-PEL,2020-06-05T18:00:00,2020-06-12T00:00:00,acoustic_and_visual,35.3,12,19,10,14.2,10,TEAM-13-4,high,6.9
BAT-0000565,TMB-PEL,2020-07-05T18:00:00,2020-07-12T00:00:00,acoustic_and_visual,35.1,12,27,4,14.5,7,TEAM-13-4,high,10.2
BAT-0000566,TMB-PEL,2020-08-05T18:00:00,2020-08-12T00:00:00,fixed_acoustic_station,33.2,11,16,9,14.5,15,TEAM-13-4,high,21.7
BAT-0000567,TMB-PEL,2020-09-05T18:00:00,2020-09-12T00:00:00,acoustic_and_visual,26.6,5,11,6,7.3,12,TEAM-13-4,acceptable,35.1
BAT-0000568,TMB-PEL,2020-10-05T18:00:00,2020-10-12T00:00:00,fixed_acoustic_station,33.9,14,16,5,9.6,6,TEAM-13-4,high,27.6
BAT-0000569,TMB-PEL,2020-11-05T18:00:00,2020-11-12T00:00:00,acoustic_transect,28.5,5,10,8,7.7,13,TEAM-13-4,high,57.9
BAT-0000570,TMB-PEL,2020-12-05T18:00:00,2020-12-12T00:00:00,acoustic_and_visual,25.5,4,13,7,7.1,8,TEAM-13-4,acceptable,50.8
BAT-0000571,TMB-PEL,2021-01-05T18:00:00,2021-01-12T00:00:00,acoustic_transect,24.0,8,14,6,9.0,10,TEAM-13-4,high,62.9
BAT-0000572,TMB-PEL,2021-02-05T18:00:00,2021-02-12T00:00:00,fixed_acoustic_station,22.9,7,10,6,9.0,11,TEAM-13-4,acceptable,56.8
BAT-0000573,TMB-PEL,2021-03-05T18:00:00,2021-03-12T00:00:00,acoustic_transect,27.6,6,15,7,7.8,13,TEAM-13-4,high,48.6
BAT-0000574,TMB-PEL,2021-04-05T18:00:00,2021-04-12T00:00:00,acoustic_transect,32.4,11,18,9,12.0,9,TEAM-13-4,high,26.2
BAT-0000575,TMB-PEL,2021-05-05T18:00:00,2021-05-12T00:00:00,fixed_acoustic_station,33.8,5,18,2,3.7,11,TEAM-13-4,high,32.0
BAT-0000576,TMB-PEL,2021-06-05T18:00:00,2021-06-12T00:00:00,acoustic_transect,40.2,17,26,11,16.4,11,TEAM-13-4,high,12.9
BAT-0000577,TMB-PEL,2021-07-05T18:00:00,2021-07-12T00:00:00,acoustic_transect,34.1,13,14,6,13.2,13,TEAM-13-4,high,27.3
BAT-0000578,TMB-PEL,2021-08-05T18:00:00,2021-08-12T00:00:00,acoustic_transect,27.4,6,8,3,6.0,10,TEAM-13-4,limited,29.2
BAT-0000579,TMB-PEL,2021-09-05T18:00:00,2021-09-12T00:00:00,fixed_acoustic_station,36.2,15,13,7,16.1,14,TEAM-13-4,high,25.8
BAT-0000580,TMB-PEL,2021-10-05T18:00:00,2021-10-12T00:00:00,acoustic_and_visual,35.9,13,9,5,15.4,8,TEAM-13-4,acceptable,38.4
BAT-0000581,TMB-PEL,2021-11-05T18:00:00,2021-11-12T00:00:00,fixed_acoustic_station,27.0,7,6,6,10.0,6,TEAM-13-4,acceptable,52.6
BAT-0000582,TMB-PEL,2021-12-05T18:00:00,2021-12-12T00:00:00,acoustic_and_visual,34.4,11,15,14,12.1,11,TEAM-13-4,high,42.0
BAT-0000583,TMB-PEL,2022-01-05T18:00:00,2022-01-12T00:00:00,acoustic_and_visual,25.9,12,11,7,11.7,15,TEAM-13-4,acceptable,67.2
BAT-0000584,TMB-PEL,2022-02-05T18:00:00,2022-02-12T00:00:00,fixed_acoustic_station,23.1,11,17,7,13.4,11,TEAM-13-4,acceptable,75.1
BAT-0000585,TMB-PEL,2022-03-05T18:00:00,2022-03-12T00:00:00,acoustic_and_visual,23.6,8,10,10,6.3,16,TEAM-13-4,acceptable,73.5
BAT-0000586,TMB-PEL,2022-04-05T18:00:00,2022-04-12T00:00:00,acoustic_transect,33.8,11,15,8,11.6,12,TEAM-13-4,high,23.8
BAT-0000587,TMB-PEL,2022-05-05T18:00:00,2022-05-12T00:00:00,acoustic_transect,26.2,6,17,11,6.1,15,TEAM-13-4,high,46.4
BAT-0000588,TMB-PEL,2022-06-05T18:00:00,2022-06-12T00:00:00,fixed_acoustic_station,29.7,10,14,7,11.6,8,TEAM-13-4,high,29.6
BAT-0000589,TMB-PEL,2022-07-05T18:00:00,2022-07-12T00:00:00,acoustic_transect,38.2,14,19,7,14.3,5,TEAM-13-4,high,0.0
BAT-0000590,TMB-PEL,2022-08-05T18:00:00,2022-08-12T00:00:00,acoustic_and_visual,34.6,5,20,9,0.8,8,TEAM-13-4,high,32.8
BAT-0000591,TMB-PEL,2022-09-05T18:00:00,2022-09-12T00:00:00,fixed_acoustic_station,30.0,11,17,9,13.1,11,TEAM-13-4,high,36.7
BAT-0000592,TMB-PEL,2022-10-05T18:00:00,2022-10-12T00:00:00,acoustic_and_visual,27.0,19,13,12,23.4,10,TEAM-13-4,acceptable,44.3
BAT-0000593,TMB-PEL,2022-11-05T18:00:00,2022-11-12T00:00:00,acoustic_and_visual,22.4,4,15,1,2.6,6,TEAM-13-4,acceptable,59.6
BAT-0000594,TMB-PEL,2022-12-05T18:00:00,2022-12-12T00:00:00,acoustic_transect,27.9,15,18,11,16.0,10,TEAM-13-4,high,47.7
BAT-0000595,TMB-PEL,2023-01-05T18:00:00,2023-01-12T00:00:00,acoustic_and_visual,33.0,8,8,10,4.5,10,TEAM-13-4,acceptable,48.3
BAT-0000596,TMB-PEL,2023-02-05T18:00:00,2023-02-12T00:00:00,acoustic_and_visual,26.5,12,12,8,12.8,14,TEAM-13-4,high,64.5
BAT-0000597,TMB-PEL,2023-03-05T18:00:00,2023-03-12T00:00:00,acoustic_transect,34.4,13,19,10,13.0,12,TEAM-13-4,high,34.4
BAT-0000598,TMB-PEL,2023-04-05T18:00:00,2023-04-12T00:00:00,fixed_acoustic_station,31.0,7,13,8,11.1,6,TEAM-13-4,high,27.3
BAT-0000599,TMB-PEL,2023-05-05T18:00:00,2023-05-12T00:00:00,acoustic_transect,27.6,6,12,9,7.8,13,TEAM-13-4,acceptable,38.6
BAT-0000600,TMB-PEL,2023-06-05T18:00:00,2023-06-12T00:00:00,acoustic_transect,31.0,5,15,5,5.9,12,TEAM-13-4,high,34.0
BAT-0000601,TMB-PEL,2023-07-05T18:00:00,2023-07-12T00:00:00,acoustic_and_visual,34.2,11,31,10,12.8,9,TEAM-13-4,high,22.0
BAT-0000602,TMB-PEL,2023-08-05T18:00:00,2023-08-12T00:00:00,acoustic_transect,34.2,16,19,9,14.3,16,TEAM-13-4,high,12.9
BAT-0000603,TMB-PEL,2023-09-05T18:00:00,2023-09-12T00:00:00,acoustic_and_visual,26.2,5,6,3,5.0,12,TEAM-13-4,limited,24.0
BAT-0000604,TMB-PEL,2023-10-05T18:00:00,2023-10-12T00:00:00,fixed_acoustic_station,14.5,6,14,2,3.0,13,TEAM-13-4,limited,54.1
BAT-0000605,TMB-PEL,2023-11-05T18:00:00,2023-11-12T00:00:00,acoustic_transect,26.7,10,15,5,12.3,12,TEAM-13-4,acceptable,60.2
BAT-0000606,TMB-PEL,2023-12-05T18:00:00,2023-12-12T00:00:00,acoustic_and_visual,25.0,13,12,6,15.5,10,TEAM-13-4,high,62.9
BAT-0000607,TMB-PEL,2024-01-05T18:00:00,2024-01-12T00:00:00,acoustic_and_visual,20.7,17,13,12,17.2,11,TEAM-13-4,acceptable,65.6
BAT-0000608,TMB-PEL,2024-02-05T18:00:00,2024-02-12T00:00:00,acoustic_and_visual,26.6,11,17,9,10.9,7,TEAM-13-4,acceptable,65.0
BAT-0000609,TMB-PEL,2024-03-05T18:00:00,2024-03-12T00:00:00,acoustic_and_visual,29.6,17,19,5,17.0,10,TEAM-13-4,acceptable,50.1
BAT-0000610,TMB-PEL,2024-04-05T18:00:00,2024-04-12T00:00:00,acoustic_and_visual,29.5,8,22,9,8.2,3,TEAM-13-4,high,31.1
BAT-0000611,TMB-PEL,2024-05-05T18:00:00,2024-05-12T00:00:00,acoustic_and_visual,39.2,11,20,7,14.1,9,TEAM-13-4,acceptable,25.6
BAT-0000612,TMB-PEL,2024-06-05T18:00:00,2024-06-12T00:00:00,acoustic_and_visual,27.9,13,19,7,14.1,12,TEAM-13-4,high,41.6
BAT-0000613,TMB-PEL,2024-07-05T18:00:00,2024-07-12T00:00:00,acoustic_transect,28.6,14,9,6,16.8,13,TEAM-13-4,acceptable,41.9
BAT-0000614,TMB-PEL,2024-08-05T18:00:00,2024-08-12T00:00:00,acoustic_and_visual,33.4,7,2,4,5.0,16,TEAM-13-4,high,23.9
BAT-0000615,TMB-PEL,2024-09-05T18:00:00,2024-09-12T00:00:00,acoustic_and_visual,35.4,2,4,6,4.6,10,TEAM-13-4,acceptable,25.8
BAT-0000616,TMB-PEL,2024-10-05T18:00:00,2024-10-12T00:00:00,acoustic_transect,29.5,5,8,2,3.8,7,TEAM-13-4,acceptable,45.3
BAT-0000617,TMB-PEL,2024-11-05T18:00:00,2024-11-12T00:00:00,acoustic_transect,33.9,5,9,1,6.4,14,TEAM-13-4,acceptable,29.5
BAT-0000618,TMB-PEL,2024-12-05T18:00:00,2024-12-12T00:00:00,acoustic_transect,35.6,4,7,4,5.9,17,TEAM-13-4,acceptable,38.6
BAT-0000619,TMB-PEL,2025-01-05T18:00:00,2025-01-12T00:00:00,fixed_acoustic_station,25.5,2,8,4,1.4,8,TEAM-13-4,acceptable,50.8
BAT-0000620,TMB-PEL,2025-02-05T18:00:00,2025-02-12T00:00:00,fixed_acoustic_station,24.6,2,4,3,3.6,5,TEAM-13-4,acceptable,58.0
BAT-0000621,TMB-PEL,2025-03-05T18:00:00,2025-03-12T00:00:00,fixed_acoustic_station,26.0,4,7,3,4.1,7,TEAM-13-4,acceptable,44.0
BAT-0000622,TMB-PEL,2025-04-05T18:00:00,2025-04-12T00:00:00,acoustic_transect,40.2,4,11,7,2.5,6,TEAM-13-4,high,36.1
BAT-0000623,TMB-PEL,2025-05-05T18:00:00,2025-05-12T00:00:00,acoustic_and_visual,34.8,14,14,7,13.6,8,TEAM-13-4,acceptable,41.4
BAT-0000624,TMB-PEL,2025-06-05T18:00:00,2025-06-12T00:00:00,acoustic_transect,29.8,10,11,4,9.6,9,TEAM-13-4,high,34.0
BAT-0000625,KNT-CYP,2019-01-05T18:00:00,2019-01-12T00:00:00,fixed_acoustic_station,36.0,38,56,20,49.8,11,TEAM-11-2,high,20.5
BAT-0000626,KNT-CYP,2019-02-05T18:00:00,2019-02-12T00:00:00,fixed_acoustic_station,37.7,37,44,13,50.5,14,TEAM-11-2,acceptable,13.5
BAT-0000627,KNT-CYP,2019-03-05T18:00:00,2019-03-12T00:00:00,acoustic_and_visual,33.5,34,69,24,38.8,9,TEAM-11-2,high,4.3
BAT-0000628,KNT-CYP,2019-04-05T18:00:00,2019-04-12T00:00:00,acoustic_transect,35.6,21,42,21,23.1,12,TEAM-11-2,acceptable,34.2
BAT-0000629,KNT-CYP,2019-05-05T18:00:00,2019-05-12T00:00:00,fixed_acoustic_station,35.6,34,52,27,33.2,16,TEAM-11-2,high,33.6
BAT-0000630,KNT-CYP,2019-06-05T18:00:00,2019-06-12T00:00:00,fixed_acoustic_station,21.6,14,26,6,13.9,12,TEAM-11-2,acceptable,57.2
BAT-0000631,KNT-CYP,2019-07-05T18:00:00,2019-07-12T00:00:00,acoustic_and_visual,32.5,39,35,19,34.4,10,TEAM-11-2,high,42.1
BAT-0000632,KNT-CYP,2019-08-05T18:00:00,2019-08-12T00:00:00,acoustic_and_visual,22.4,24,25,12,27.0,13,TEAM-11-2,acceptable,55.5
BAT-0000633,KNT-CYP,2019-09-05T18:00:00,2019-09-12T00:00:00,fixed_acoustic_station,27.2,12,38,23,12.7,11,TEAM-11-2,high,46.6
BAT-0000634,KNT-CYP,2019-10-05T18:00:00,2019-10-12T00:00:00,acoustic_and_visual,34.2,17,25,16,16.9,13,TEAM-11-2,high,31.1
BAT-0000635,KNT-CYP,2019-11-05T18:00:00,2019-11-12T00:00:00,acoustic_and_visual,31.5,11,33,18,12.8,14,TEAM-11-2,high,14.6
BAT-0000636,KNT-CYP,2019-12-05T18:00:00,2019-12-12T00:00:00,acoustic_transect,40.2,29,40,29,31.5,9,TEAM-11-2,high,24.3
BAT-0000637,KNT-CYP,2020-01-05T18:00:00,2020-01-12T00:00:00,acoustic_and_visual,36.2,21,48,23,19.9,13,TEAM-11-2,high,16.0
BAT-0000638,KNT-CYP,2020-02-05T18:00:00,2020-02-12T00:00:00,fixed_acoustic_station,37.0,34,60,25,38.2,8,TEAM-11-2,high,24.3
BAT-0000639,KNT-CYP,2020-03-05T18:00:00,2020-03-12T00:00:00,acoustic_and_visual,30.7,27,39,17,20.1,6,TEAM-11-2,high,25.6
BAT-0000640,KNT-CYP,2020-04-05T18:00:00,2020-04-12T00:00:00,acoustic_and_visual,33.0,37,49,31,39.0,10,TEAM-11-2,acceptable,36.3
BAT-0000641,KNT-CYP,2020-05-05T18:00:00,2020-05-12T00:00:00,fixed_acoustic_station,32.2,22,53,17,22.8,7,TEAM-11-2,high,34.0
BAT-0000642,KNT-CYP,2020-06-05T18:00:00,2020-06-12T00:00:00,fixed_acoustic_station,29.0,33,52,27,31.6,4,TEAM-11-2,high,43.4
BAT-0000643,KNT-CYP,2020-07-05T18:00:00,2020-07-12T00:00:00,acoustic_transect,36.8,27,39,12,28.0,16,TEAM-11-2,acceptable,41.5
BAT-0000644,KNT-CYP,2020-08-05T18:00:00,2020-08-12T00:00:00,acoustic_transect,36.0,35,31,25,37.9,10,TEAM-11-2,high,46.3
BAT-0000645,KNT-CYP,2020-09-05T18:00:00,2020-09-12T00:00:00,fixed_acoustic_station,33.9,26,36,23,27.5,12,TEAM-11-2,high,42.8
BAT-0000646,KNT-CYP,2020-10-05T18:00:00,2020-10-12T00:00:00,fixed_acoustic_station,25.0,13,16,19,15.9,17,TEAM-11-2,acceptable,30.6
BAT-0000647,KNT-CYP,2020-11-05T18:00:00,2020-11-12T00:00:00,acoustic_and_visual,34.0,20,31,17,24.5,16,TEAM-11-2,high,17.8
BAT-0000648,KNT-CYP,2020-12-05T18:00:00,2020-12-12T00:00:00,acoustic_and_visual,43.7,47,39,29,48.4,12,TEAM-11-2,high,7.8
BAT-0000649,KNT-CYP,2021-01-05T18:00:00,2021-01-12T00:00:00,acoustic_and_visual,39.8,25,36,28,24.7,10,TEAM-11-2,acceptable,21.5
BAT-0000650,KNT-CYP,2021-02-05T18:00:00,2021-02-12T00:00:00,acoustic_transect,42.6,38,59,29,45.2,11,TEAM-11-2,acceptable,5.8
BAT-0000651,KNT-CYP,2021-03-05T18:00:00,2021-03-12T00:00:00,fixed_acoustic_station,31.8,25,42,24,24.0,10,TEAM-11-2,high,29.5
BAT-0000652,KNT-CYP,2021-04-05T18:00:00,2021-04-12T00:00:00,acoustic_transect,32.0,24,51,30,25.0,7,TEAM-11-2,acceptable,32.4
BAT-0000653,KNT-CYP,2021-05-05T18:00:00,2021-05-12T00:00:00,fixed_acoustic_station,31.3,42,63,18,37.4,11,TEAM-11-2,high,30.5
BAT-0000654,KNT-CYP,2021-06-05T18:00:00,2021-06-12T00:00:00,fixed_acoustic_station,30.1,37,43,27,42.5,12,TEAM-11-2,acceptable,41.5
BAT-0000655,KNT-CYP,2021-07-05T18:00:00,2021-07-12T00:00:00,acoustic_transect,25.9,29,36,14,28.5,13,TEAM-11-2,acceptable,38.0
BAT-0000656,KNT-CYP,2021-08-05T18:00:00,2021-08-12T00:00:00,fixed_acoustic_station,23.5,15,25,11,14.0,12,TEAM-11-2,high,45.8
BAT-0000657,KNT-CYP,2021-09-05T18:00:00,2021-09-12T00:00:00,acoustic_and_visual,26.0,17,37,11,20.0,13,TEAM-11-2,acceptable,30.1
BAT-0000658,KNT-CYP,2021-10-05T18:00:00,2021-10-12T00:00:00,fixed_acoustic_station,32.2,19,19,10,19.2,7,TEAM-11-2,high,32.0
BAT-0000659,KNT-CYP,2021-11-05T18:00:00,2021-11-12T00:00:00,fixed_acoustic_station,33.5,22,29,15,26.4,15,TEAM-11-2,high,38.0
BAT-0000660,KNT-CYP,2021-12-05T18:00:00,2021-12-12T00:00:00,fixed_acoustic_station,35.9,23,22,13,28.2,14,TEAM-11-2,high,25.8
BAT-0000661,KNT-CYP,2022-01-05T18:00:00,2022-01-12T00:00:00,fixed_acoustic_station,35.4,40,43,18,43.7,17,TEAM-11-2,high,19.4
BAT-0000662,KNT-CYP,2022-02-05T18:00:00,2022-02-12T00:00:00,acoustic_and_visual,33.0,32,45,16,40.5,10,TEAM-11-2,acceptable,18.5
BAT-0000663,KNT-CYP,2022-03-05T18:00:00,2022-03-12T00:00:00,acoustic_and_visual,35.7,30,47,32,31.7,14,TEAM-11-2,high,33.6
BAT-0000664,KNT-CYP,2022-04-05T18:00:00,2022-04-12T00:00:00,fixed_acoustic_station,31.7,36,39,21,46.5,13,TEAM-11-2,high,27.7
BAT-0000665,KNT-CYP,2022-05-05T18:00:00,2022-05-12T00:00:00,acoustic_transect,33.3,28,41,20,32.2,20,TEAM-11-2,high,31.5
BAT-0000666,KNT-CYP,2022-06-05T18:00:00,2022-06-12T00:00:00,fixed_acoustic_station,30.9,31,38,11,47.5,13,TEAM-11-2,high,48.0
BAT-0000667,KNT-CYP,2022-07-05T18:00:00,2022-07-12T00:00:00,fixed_acoustic_station,28.4,29,51,20,30.7,17,TEAM-11-2,high,38.4
BAT-0000668,KNT-CYP,2022-08-05T18:00:00,2022-08-12T00:00:00,acoustic_and_visual,23.4,12,34,16,14.2,18,TEAM-11-2,acceptable,46.7
BAT-0000669,KNT-CYP,2022-09-05T18:00:00,2022-09-12T00:00:00,acoustic_and_visual,25.9,15,33,12,21.7,12,TEAM-11-2,high,39.8
BAT-0000670,KNT-CYP,2022-10-05T18:00:00,2022-10-12T00:00:00,acoustic_and_visual,32.2,14,23,16,19.2,19,TEAM-11-2,acceptable,30.5
BAT-0000671,KNT-CYP,2022-11-05T18:00:00,2022-11-12T00:00:00,fixed_acoustic_station,29.9,20,43,11,22.3,10,TEAM-11-2,high,26.6
BAT-0000672,KNT-CYP,2022-12-05T18:00:00,2022-12-12T00:00:00,acoustic_and_visual,32.2,24,59,27,28.0,12,TEAM-11-2,high,14.8
BAT-0000673,KNT-CYP,2023-01-05T18:00:00,2023-01-12T00:00:00,fixed_acoustic_station,35.3,24,40,20,20.5,9,TEAM-11-2,high,22.3
BAT-0000674,KNT-CYP,2023-02-05T18:00:00,2023-02-12T00:00:00,acoustic_transect,31.2,29,48,21,28.3,10,TEAM-11-2,high,29.5
BAT-0000675,KNT-CYP,2023-03-05T18:00:00,2023-03-12T00:00:00,fixed_acoustic_station,40.6,25,38,26,24.9,8,TEAM-11-2,acceptable,9.3
BAT-0000676,KNT-CYP,2023-04-05T18:00:00,2023-04-12T00:00:00,fixed_acoustic_station,30.6,38,48,29,40.1,6,TEAM-11-2,acceptable,36.1
BAT-0000677,KNT-CYP,2023-05-05T18:00:00,2023-05-12T00:00:00,acoustic_transect,35.5,46,48,24,56.6,10,TEAM-11-2,high,42.2
BAT-0000678,KNT-CYP,2023-06-05T18:00:00,2023-06-12T00:00:00,fixed_acoustic_station,26.1,23,50,22,28.3,8,TEAM-11-2,high,49.5
BAT-0000679,KNT-CYP,2023-07-05T18:00:00,2023-07-12T00:00:00,fixed_acoustic_station,35.1,24,41,27,26.0,20,TEAM-11-2,high,42.2
BAT-0000680,KNT-CYP,2023-08-05T18:00:00,2023-08-12T00:00:00,acoustic_and_visual,22.7,16,25,6,15.9,14,TEAM-11-2,high,52.5
BAT-0000681,KNT-CYP,2023-09-05T18:00:00,2023-09-12T00:00:00,acoustic_transect,27.0,22,23,11,28.7,8,TEAM-11-2,high,52.8
BAT-0000682,KNT-CYP,2023-10-05T18:00:00,2023-10-12T00:00:00,acoustic_transect,17.3,12,14,8,10.5,9,TEAM-11-2,limited,36.3
BAT-0000683,KNT-CYP,2023-11-05T18:00:00,2023-11-12T00:00:00,fixed_acoustic_station,13.2,12,18,4,12.0,13,TEAM-11-2,limited,18.8
BAT-0000684,KNT-CYP,2023-12-05T18:00:00,2023-12-12T00:00:00,acoustic_and_visual,41.6,20,39,18,20.8,6,TEAM-11-2,high,16.4
BAT-0000685,KNT-CYP,2024-01-05T18:00:00,2024-01-12T00:00:00,fixed_acoustic_station,29.1,32,41,12,30.0,7,TEAM-11-2,high,20.8
BAT-0000686,KNT-CYP,2024-02-05T18:00:00,2024-02-12T00:00:00,acoustic_transect,37.4,23,39,17,31.5,13,TEAM-11-2,acceptable,7.0
BAT-0000687,KNT-CYP,2024-03-05T18:00:00,2024-03-12T00:00:00,acoustic_and_visual,33.2,31,41,24,29.0,8,TEAM-11-2,acceptable,32.2
BAT-0000688,KNT-CYP,2024-04-05T18:00:00,2024-04-12T00:00:00,acoustic_and_visual,29.1,32,46,21,33.6,12,TEAM-11-2,acceptable,36.6
BAT-0000689,KNT-CYP,2024-05-05T18:00:00,2024-05-12T00:00:00,acoustic_and_visual,32.3,23,44,18,21.8,12,TEAM-11-2,high,47.2
BAT-0000690,KNT-CYP,2024-06-05T18:00:00,2024-06-12T00:00:00,acoustic_transect,24.3,21,21,17,25.3,16,TEAM-11-2,acceptable,58.0
BAT-0000691,KNT-CYP,2024-07-05T18:00:00,2024-07-12T00:00:00,acoustic_transect,31.6,19,42,19,20.6,10,TEAM-11-2,acceptable,48.9
BAT-0000692,KNT-CYP,2024-08-05T18:00:00,2024-08-12T00:00:00,acoustic_transect,31.6,26,26,22,25.1,13,TEAM-11-2,acceptable,48.7
BAT-0000693,KNT-CYP,2024-09-05T18:00:00,2024-09-12T00:00:00,acoustic_transect,36.8,36,49,29,53.8,8,TEAM-11-2,high,26.2
BAT-0000694,KNT-CYP,2024-10-05T18:00:00,2024-10-12T00:00:00,acoustic_transect,25.7,17,24,18,23.3,14,TEAM-11-2,acceptable,55.1
BAT-0000695,KNT-CYP,2024-11-05T18:00:00,2024-11-12T00:00:00,acoustic_transect,31.5,17,20,11,15.3,10,TEAM-11-2,acceptable,32.0
BAT-0000696,KNT-CYP,2024-12-05T18:00:00,2024-12-12T00:00:00,acoustic_and_visual,41.5,33,53,25,34.9,6,TEAM-11-2,acceptable,11.5
BAT-0000697,KNT-CYP,2025-01-05T18:00:00,2025-01-12T00:00:00,acoustic_and_visual,35.5,32,32,27,39.7,12,TEAM-11-2,acceptable,13.4
BAT-0000698,KNT-CYP,2025-02-05T18:00:00,2025-02-12T00:00:00,acoustic_and_visual,32.2,24,58,24,28.1,11,TEAM-11-2,high,21.6
BAT-0000699,KNT-CYP,2025-03-05T18:00:00,2025-03-12T00:00:00,acoustic_and_visual,40.4,47,55,33,48.1,8,TEAM-11-2,high,0.0
BAT-0000700,KNT-CYP,2025-04-05T18:00:00,2025-04-12T00:00:00,acoustic_transect,36.6,43,60,31,49.1,11,TEAM-11-2,high,22.9
BAT-0000701,KNT-CYP,2025-05-05T18:00:00,2025-05-12T00:00:00,acoustic_transect,25.6,30,47,18,34.7,13,TEAM-11-2,acceptable,36.7
BAT-0000702,KNT-CYP,2025-06-05T18:00:00,2025-06-12T00:00:00,acoustic_transect,28.3,38,35,23,39.4,12,TEAM-11-2,acceptable,38.9
BAT-0000703,KNT-YRX,2019-01-05T18:00:00,2019-01-12T00:00:00,acoustic_and_visual,30.6,4,15,5,1.2,10,TEAM-11-3,high,30.7
BAT-0000704,KNT-YRX,2019-02-05T18:00:00,2019-02-12T00:00:00,acoustic_and_visual,34.7,11,26,8,15.4,6,TEAM-11-3,high,21.4
BAT-0000705,KNT-YRX,2019-03-05T18:00:00,2019-03-12T00:00:00,acoustic_and_visual,28.5,14,11,10,15.6,4,TEAM-11-3,high,29.5
BAT-0000706,KNT-YRX,2019-04-05T18:00:00,2019-04-12T00:00:00,acoustic_and_visual,25.7,10,17,5,10.3,16,TEAM-11-3,high,41.8
BAT-0000707,KNT-YRX,2019-05-05T18:00:00,2019-05-12T00:00:00,fixed_acoustic_station,27.3,11,23,15,10.7,17,TEAM-11-3,acceptable,49.1
BAT-0000708,KNT-YRX,2019-06-05T18:00:00,2019-06-12T00:00:00,acoustic_transect,26.9,9,14,11,8.5,8,TEAM-11-3,high,53.0
BAT-0000709,KNT-YRX,2019-07-05T18:00:00,2019-07-12T00:00:00,acoustic_transect,28.3,5,9,3,5.4,10,TEAM-11-3,acceptable,51.7
BAT-0000710,KNT-YRX,2019-08-05T18:00:00,2019-08-12T00:00:00,fixed_acoustic_station,23.0,6,12,2,6.7,16,TEAM-11-3,acceptable,63.8
BAT-0000711,KNT-YRX,2019-09-05T18:00:00,2019-09-12T00:00:00,fixed_acoustic_station,30.0,5,2,1,4.7,6,TEAM-11-3,high,54.7
BAT-0000712,KNT-YRX,2019-10-05T18:00:00,2019-10-12T00:00:00,acoustic_transect,37.9,6,12,6,6.1,8,TEAM-11-3,high,15.2
BAT-0000713,KNT-YRX,2019-11-05T18:00:00,2019-11-12T00:00:00,acoustic_transect,37.4,2,8,1,4.2,7,TEAM-11-3,high,28.8
BAT-0000714,KNT-YRX,2019-12-05T18:00:00,2019-12-12T00:00:00,fixed_acoustic_station,39.3,7,18,4,5.4,6,TEAM-11-3,high,8.7
BAT-0000715,KNT-YRX,2020-01-05T18:00:00,2020-01-12T00:00:00,acoustic_transect,33.8,6,11,4,7.9,13,TEAM-11-3,high,28.7
BAT-0000716,KNT-YRX,2020-02-05T18:00:00,2020-02-12T00:00:00,acoustic_and_visual,37.2,14,23,8,15.5,9,TEAM-11-3,high,11.2
BAT-0000717,KNT-YRX,2020-03-05T18:00:00,2020-03-12T00:00:00,fixed_acoustic_station,31.7,17,17,8,20.4,3,TEAM-11-3,acceptable,43.4
BAT-0000718,KNT-YRX,2020-04-05T18:00:00,2020-04-12T00:00:00,acoustic_transect,19.3,13,13,4,14.4,11,TEAM-11-3,limited,36.7
BAT-0000719,KNT-YRX,2020-05-05T18:00:00,2020-05-12T00:00:00,fixed_acoustic_station,31.9,13,15,9,15.4,9,TEAM-11-3,acceptable,34.3
BAT-0000720,KNT-YRX,2020-06-05T18:00:00,2020-06-12T00:00:00,fixed_acoustic_station,13.1,5,8,2,5.6,8,TEAM-11-3,acceptable,61.6
BAT-0000721,KNT-YRX,2020-07-05T18:00:00,2020-07-12T00:00:00,acoustic_and_visual,27.4,9,11,6,9.4,11,TEAM-11-3,high,55.0
BAT-0000722,KNT-YRX,2020-08-05T18:00:00,2020-08-12T00:00:00,acoustic_transect,26.0,7,9,9,6.8,6,TEAM-11-3,acceptable,53.2
BAT-0000723,KNT-YRX,2020-09-05T18:00:00,2020-09-12T00:00:00,fixed_acoustic_station,30.8,5,10,3,2.1,5,TEAM-11-3,high,47.0
BAT-0000724,KNT-YRX,2020-10-05T18:00:00,2020-10-12T00:00:00,fixed_acoustic_station,35.2,2,4,1,1.5,6,TEAM-11-3,high,39.8
BAT-0000725,KNT-YRX,2020-11-05T18:00:00,2020-11-12T00:00:00,fixed_acoustic_station,36.0,7,6,3,6.4,8,TEAM-11-3,acceptable,26.5
BAT-0000726,KNT-YRX,2020-12-05T18:00:00,2020-12-12T00:00:00,fixed_acoustic_station,32.1,8,13,5,11.1,8,TEAM-11-3,high,32.1
BAT-0000727,KNT-YRX,2021-01-05T18:00:00,2021-01-12T00:00:00,acoustic_transect,37.7,8,20,7,11.6,9,TEAM-11-3,high,7.7
BAT-0000728,KNT-YRX,2021-02-05T18:00:00,2021-02-12T00:00:00,acoustic_and_visual,33.7,8,26,5,9.8,10,TEAM-11-3,acceptable,30.1
BAT-0000729,KNT-YRX,2021-03-05T18:00:00,2021-03-12T00:00:00,acoustic_transect,35.4,21,32,12,19.2,17,TEAM-11-3,high,16.9
BAT-0000730,KNT-YRX,2021-04-05T18:00:00,2021-04-12T00:00:00,acoustic_and_visual,28.5,13,13,13,13.0,10,TEAM-11-3,high,45.1
BAT-0000731,KNT-YRX,2021-05-05T18:00:00,2021-05-12T00:00:00,acoustic_transect,17.4,9,2,7,11.7,10,TEAM-11-3,limited,51.4
BAT-0000732,KNT-YRX,2021-06-05T18:00:00,2021-06-12T00:00:00,fixed_acoustic_station,38.6,15,18,8,19.8,8,TEAM-11-3,high,49.8
BAT-0000733,KNT-YRX,2021-07-05T18:00:00,2021-07-12T00:00:00,acoustic_and_visual,26.4,6,15,4,4.2,8,TEAM-11-3,high,59.3
BAT-0000734,KNT-YRX,2021-08-05T18:00:00,2021-08-12T00:00:00,acoustic_transect,34.5,12,11,13,11.2,8,TEAM-11-3,acceptable,50.5
BAT-0000735,KNT-YRX,2021-09-05T18:00:00,2021-09-12T00:00:00,acoustic_and_visual,26.0,3,9,1,2.6,9,TEAM-11-3,acceptable,53.7
BAT-0000736,KNT-YRX,2021-10-05T18:00:00,2021-10-12T00:00:00,fixed_acoustic_station,32.2,2,7,2,3.3,2,TEAM-11-3,high,28.7
BAT-0000737,KNT-YRX,2021-11-05T18:00:00,2021-11-12T00:00:00,acoustic_transect,32.0,5,8,8,7.4,8,TEAM-11-3,high,32.4
BAT-0000738,KNT-YRX,2021-12-05T18:00:00,2021-12-12T00:00:00,acoustic_and_visual,36.6,8,6,3,8.9,9,TEAM-11-3,high,21.5
BAT-0000739,KNT-YRX,2022-01-05T18:00:00,2022-01-12T00:00:00,acoustic_transect,31.9,9,20,6,8.7,4,TEAM-11-3,high,25.3
BAT-0000740,KNT-YRX,2022-02-05T18:00:00,2022-02-12T00:00:00,acoustic_transect,36.6,13,24,12,14.3,9,TEAM-11-3,high,4.3
BAT-0000741,KNT-YRX,2022-03-05T18:00:00,2022-03-12T00:00:00,fixed_acoustic_station,33.4,16,22,14,15.1,10,TEAM-11-3,high,17.6
BAT-0000742,KNT-YRX,2022-04-05T18:00:00,2022-04-12T00:00:00,fixed_acoustic_station,34.0,16,17,11,19.3,10,TEAM-11-3,acceptable,34.4
BAT-0000743,KNT-YRX,2022-05-05T18:00:00,2022-05-12T00:00:00,acoustic_and_visual,24.9,8,16,4,8.1,8,TEAM-11-3,high,51.9
BAT-0000744,KNT-YRX,2022-06-05T18:00:00,2022-06-12T00:00:00,fixed_acoustic_station,26.3,17,14,5,16.9,11,TEAM-11-3,acceptable,55.5
BAT-0000745,KNT-YRX,2022-07-05T18:00:00,2022-07-12T00:00:00,fixed_acoustic_station,28.0,8,14,7,9.7,8,TEAM-11-3,acceptable,50.3
BAT-0000746,KNT-YRX,2022-08-05T18:00:00,2022-08-12T00:00:00,acoustic_transect,27.0,5,6,6,1.5,11,TEAM-11-3,acceptable,53.1
BAT-0000747,KNT-YRX,2022-09-05T18:00:00,2022-09-12T00:00:00,acoustic_and_visual,25.2,3,6,5,4.9,13,TEAM-11-3,acceptable,60.3
BAT-0000748,KNT-YRX,2022-10-05T18:00:00,2022-10-12T00:00:00,acoustic_and_visual,33.2,2,9,2,0.0,9,TEAM-11-3,high,28.9
BAT-0000749,KNT-YRX,2022-11-05T18:00:00,2022-11-12T00:00:00,acoustic_transect,29.9,3,3,4,3.1,18,TEAM-11-3,acceptable,30.3
BAT-0000750,KNT-YRX,2022-12-05T18:00:00,2022-12-12T00:00:00,acoustic_transect,35.9,9,14,6,11.1,12,TEAM-11-3,acceptable,27.0
BAT-0000751,KNT-YRX,2023-01-05T18:00:00,2023-01-12T00:00:00,acoustic_transect,32.9,16,9,6,13.3,11,TEAM-11-3,high,20.5
BAT-0000752,KNT-YRX,2023-02-05T18:00:00,2023-02-12T00:00:00,acoustic_transect,40.4,21,26,9,25.3,8,TEAM-11-3,high,12.1
BAT-0000753,KNT-YRX,2023-03-05T18:00:00,2023-03-12T00:00:00,acoustic_transect,27.8,12,30,7,15.5,9,TEAM-11-3,high,43.5
BAT-0000754,KNT-YRX,2023-04-05T18:00:00,2023-04-12T00:00:00,acoustic_and_visual,30.5,22,22,16,22.8,8,TEAM-11-3,high,33.6
BAT-0000755,KNT-YRX,2023-05-05T18:00:00,2023-05-12T00:00:00,acoustic_and_visual,27.9,16,14,10,16.2,11,TEAM-11-3,acceptable,53.1
BAT-0000756,KNT-YRX,2023-06-05T18:00:00,2023-06-12T00:00:00,acoustic_and_visual,35.0,15,16,11,15.6,9,TEAM-11-3,high,36.9
BAT-0000757,KNT-YRX,2023-07-05T18:00:00,2023-07-12T00:00:00,acoustic_transect,24.7,1,7,1,0.0,10,TEAM-11-3,high,58.1
BAT-0000758,KNT-YRX,2023-08-05T18:00:00,2023-08-12T00:00:00,acoustic_transect,27.1,4,11,4,6.1,7,TEAM-11-3,acceptable,56.7
BAT-0000759,KNT-YRX,2023-09-05T18:00:00,2023-09-12T00:00:00,fixed_acoustic_station,26.9,1,6,0,0.0,12,TEAM-11-3,acceptable,30.6
BAT-0000760,KNT-YRX,2023-10-05T18:00:00,2023-10-12T00:00:00,fixed_acoustic_station,34.2,4,9,5,6.1,9,TEAM-11-3,high,31.3
BAT-0000761,KNT-YRX,2023-11-05T18:00:00,2023-11-12T00:00:00,fixed_acoustic_station,29.8,6,7,3,6.1,11,TEAM-11-3,high,17.5
BAT-0000762,KNT-YRX,2023-12-05T18:00:00,2023-12-12T00:00:00,fixed_acoustic_station,40.3,10,12,3,12.4,9,TEAM-11-3,acceptable,20.0
BAT-0000763,KNT-YRX,2024-01-05T18:00:00,2024-01-12T00:00:00,acoustic_transect,34.6,2,7,2,0.0,8,TEAM-11-3,acceptable,26.5
BAT-0000764,KNT-YRX,2024-02-05T18:00:00,2024-02-12T00:00:00,acoustic_transect,27.2,10,15,8,11.7,13,TEAM-11-3,high,31.1
BAT-0000765,KNT-YRX,2024-03-05T18:00:00,2024-03-12T00:00:00,acoustic_transect,36.1,10,16,10,10.3,8,TEAM-11-3,high,17.5
BAT-0000766,KNT-YRX,2024-04-05T18:00:00,2024-04-12T00:00:00,fixed_acoustic_station,31.6,20,24,12,20.6,8,TEAM-11-3,acceptable,34.1
BAT-0000767,KNT-YRX,2024-05-05T18:00:00,2024-05-12T00:00:00,acoustic_and_visual,35.4,13,18,6,12.5,12,TEAM-11-3,acceptable,36.6
BAT-0000768,KNT-YRX,2024-06-05T18:00:00,2024-06-12T00:00:00,fixed_acoustic_station,27.0,7,11,7,5.5,6,TEAM-11-3,acceptable,53.8
BAT-0000769,KNT-YRX,2024-07-05T18:00:00,2024-07-12T00:00:00,fixed_acoustic_station,25.7,7,11,7,10.3,6,TEAM-11-3,acceptable,69.5
BAT-0000770,KNT-YRX,2024-08-05T18:00:00,2024-08-12T00:00:00,fixed_acoustic_station,27.8,15,15,4,13.6,7,TEAM-11-3,high,47.7
BAT-0000771,KNT-YRX,2024-09-05T18:00:00,2024-09-12T00:00:00,acoustic_and_visual,23.3,6,9,2,5.9,14,TEAM-11-3,acceptable,42.7
BAT-0000772,KNT-YRX,2024-10-05T18:00:00,2024-10-12T00:00:00,acoustic_transect,24.3,0,5,1,0.0,7,TEAM-11-3,acceptable,27.6
BAT-0000773,KNT-YRX,2024-11-05T18:00:00,2024-11-12T00:00:00,acoustic_transect,29.5,10,6,9,13.6,13,TEAM-11-3,high,23.8
BAT-0000774,KNT-YRX,2024-12-05T18:00:00,2024-12-12T00:00:00,acoustic_and_visual,22.9,5,8,3,7.1,11,TEAM-11-3,acceptable,30.1
BAT-0000775,KNT-YRX,2025-01-05T18:00:00,2025-01-12T00:00:00,acoustic_and_visual,32.5,5,7,5,6.4,8,TEAM-11-3,high,25.6
BAT-0000776,KNT-YRX,2025-02-05T18:00:00,2025-02-12T00:00:00,acoustic_and_visual,29.4,11,15,6,13.2,9,TEAM-11-3,high,22.8
BAT-0000777,KNT-YRX,2025-03-05T18:00:00,2025-03-12T00:00:00,fixed_acoustic_station,30.9,9,10,8,11.8,5,TEAM-11-3,acceptable,27.4
BAT-0000778,KNT-YRX,2025-04-05T18:00:00,2025-04-12T00:00:00,fixed_acoustic_station,33.9,12,32,14,14.8,4,TEAM-11-3,high,37.1
BAT-0000779,KNT-YRX,2025-05-05T18:00:00,2025-05-12T00:00:00,acoustic_transect,27.8,13,25,10,18.1,9,TEAM-11-3,high,57.9
BAT-0000780,KNT-YRX,2025-06-05T18:00:00,2025-06-12T00:00:00,fixed_acoustic_station,31.3,14,25,9,15.9,12,TEAM-11-3,high,35.8
BAT-0000781,KNT-GKR,2019-01-05T18:00:00,2019-01-12T00:00:00,acoustic_transect,33.4,6,17,5,2.4,10,TEAM-11-4,high,25.5
BAT-0000782,KNT-GKR,2019-02-05T18:00:00,2019-02-12T00:00:00,fixed_acoustic_station,34.0,9,7,4,9.6,6,TEAM-11-4,high,22.5
BAT-0000783,KNT-GKR,2019-03-05T18:00:00,2019-03-12T00:00:00,acoustic_transect,32.9,3,4,1,3.3,8,TEAM-11-4,acceptable,28.9
BAT-0000784,KNT-GKR,2019-04-05T18:00:00,2019-04-12T00:00:00,acoustic_transect,35.4,6,11,4,5.3,10,TEAM-11-4,high,25.4
BAT-0000785,KNT-GKR,2019-05-05T18:00:00,2019-05-12T00:00:00,acoustic_and_visual,37.9,12,21,10,14.0,7,TEAM-11-4,acceptable,43.0
BAT-0000786,KNT-GKR,2019-06-05T18:00:00,2019-06-12T00:00:00,fixed_acoustic_station,30.6,12,5,4,9.5,11,TEAM-11-4,acceptable,45.7
BAT-0000787,KNT-GKR,2019-07-05T18:00:00,2019-07-12T00:00:00,fixed_acoustic_station,22.0,7,9,1,8.8,9,TEAM-11-4,high,53.5
BAT-0000788,KNT-GKR,2019-08-05T18:00:00,2019-08-12T00:00:00,fixed_acoustic_station,29.4,5,5,1,7.3,15,TEAM-11-4,high,35.1
BAT-0000789,KNT-GKR,2019-09-05T18:00:00,2019-09-12T00:00:00,acoustic_and_visual,30.4,3,5,0,2.3,10,TEAM-11-4,high,45.8
BAT-0000790,KNT-GKR,2019-10-05T18:00:00,2019-10-12T00:00:00,acoustic_and_visual,28.7,3,4,0,4.4,18,TEAM-11-4,high,24.3
BAT-0000791,KNT-GKR,2019-11-05T18:00:00,2019-11-12T00:00:00,fixed_acoustic_station,25.9,4,9,2,4.6,9,TEAM-11-4,high,30.5
BAT-0000792,KNT-GKR,2019-12-05T18:00:00,2019-12-12T00:00:00,acoustic_and_visual,35.1,7,16,8,11.5,8,TEAM-11-4,high,23.6
BAT-0000793,KNT-GKR,2020-01-05T18:00:00,2020-01-12T00:00:00,acoustic_transect,37.8,7,8,2,5.5,8,TEAM-11-4,high,21.9
BAT-0000794,KNT-GKR,2020-02-05T18:00:00,2020-02-12T00:00:00,acoustic_and_visual,31.3,8,6,2,10.9,11,TEAM-11-4,high,26.1
BAT-0000795,KNT-GKR,2020-03-05T18:00:00,2020-03-12T00:00:00,fixed_acoustic_station,32.7,2,9,4,3.4,12,TEAM-11-4,acceptable,29.9
BAT-0000796,KNT-GKR,2020-04-05T18:00:00,2020-04-12T00:00:00,acoustic_transect,34.0,10,14,3,13.1,7,TEAM-11-4,high,38.0
BAT-0000797,KNT-GKR,2020-05-05T18:00:00,2020-05-12T00:00:00,fixed_acoustic_station,32.3,12,13,11,16.5,9,TEAM-11-4,high,44.7
BAT-0000798,KNT-GKR,2020-06-05T18:00:00,2020-06-12T00:00:00,acoustic_and_visual,31.2,10,11,2,12.6,9,TEAM-11-4,high,42.5
BAT-0000799,KNT-GKR,2020-07-05T18:00:00,2020-07-12T00:00:00,fixed_acoustic_station,19.2,5,7,4,4.8,8,TEAM-11-4,acceptable,64.8
BAT-0000800,KNT-GKR,2020-08-05T18:00:00,2020-08-12T00:00:00,acoustic_transect,33.9,3,4,3,3.5,8,TEAM-11-4,acceptable,40.1
BAT-0000801,KNT-GKR,2020-09-05T18:00:00,2020-09-12T00:00:00,fixed_acoustic_station,31.2,1,3,1,2.4,19,TEAM-11-4,acceptable,38.3
BAT-0000802,KNT-GKR,2020-10-05T18:00:00,2020-10-12T00:00:00,acoustic_transect,31.6,4,5,1,4.9,6,TEAM-11-4,high,29.9
BAT-0000803,KNT-GKR,2020-11-05T18:00:00,2020-11-12T00:00:00,acoustic_and_visual,34.5,4,7,4,5.3,12,TEAM-11-4,high,24.0
BAT-0000804,KNT-GKR,2020-12-05T18:00:00,2020-12-12T00:00:00,acoustic_transect,32.1,3,7,3,4.9,16,TEAM-11-4,acceptable,28.6
BAT-0000805,KNT-GKR,2021-01-05T18:00:00,2021-01-12T00:00:00,fixed_acoustic_station,31.6,3,10,7,1.1,14,TEAM-11-4,acceptable,13.2
BAT-0000806,KNT-GKR,2021-02-05T18:00:00,2021-02-12T00:00:00,fixed_acoustic_station,32.9,6,4,3,8.3,14,TEAM-11-4,high,28.3
BAT-0000807,KNT-GKR,2021-03-05T18:00:00,2021-03-12T00:00:00,acoustic_and_visual,36.6,6,11,6,4.5,6,TEAM-11-4,high,21.1
BAT-0000808,KNT-GKR,2021-04-05T18:00:00,2021-04-12T00:00:00,fixed_acoustic_station,27.7,5,6,4,6.8,6,TEAM-11-4,acceptable,40.2
BAT-0000809,KNT-GKR,2021-05-05T18:00:00,2021-05-12T00:00:00,acoustic_transect,32.4,16,18,10,21.1,7,TEAM-11-4,acceptable,44.3
BAT-0000810,KNT-GKR,2021-06-05T18:00:00,2021-06-12T00:00:00,acoustic_and_visual,30.3,5,10,5,2.2,7,TEAM-11-4,high,54.2
BAT-0000811,KNT-GKR,2021-07-05T18:00:00,2021-07-12T00:00:00,acoustic_and_visual,28.3,4,20,8,3.1,14,TEAM-11-4,high,39.4
BAT-0000812,KNT-GKR,2021-08-05T18:00:00,2021-08-12T00:00:00,acoustic_transect,30.3,2,8,0,3.1,12,TEAM-11-4,acceptable,48.9
BAT-0000813,KNT-GKR,2021-09-05T18:00:00,2021-09-12T00:00:00,acoustic_and_visual,25.0,2,5,2,0.3,10,TEAM-11-4,acceptable,61.5
BAT-0000814,KNT-GKR,2021-10-05T18:00:00,2021-10-12T00:00:00,acoustic_transect,27.8,8,3,2,7.4,9,TEAM-11-4,acceptable,50.8
BAT-0000815,KNT-GKR,2021-11-05T18:00:00,2021-11-12T00:00:00,acoustic_transect,30.3,8,4,4,9.0,11,TEAM-11-4,acceptable,37.3
BAT-0000816,KNT-GKR,2021-12-05T18:00:00,2021-12-12T00:00:00,acoustic_and_visual,37.2,7,9,6,7.0,12,TEAM-11-4,high,31.8
BAT-0000817,KNT-GKR,2022-01-05T18:00:00,2022-01-12T00:00:00,acoustic_and_visual,32.5,7,19,6,7.6,11,TEAM-11-4,acceptable,31.0
BAT-0000818,KNT-GKR,2022-02-05T18:00:00,2022-02-12T00:00:00,acoustic_and_visual,31.3,5,6,9,6.2,10,TEAM-11-4,acceptable,25.5
BAT-0000819,KNT-GKR,2022-03-05T18:00:00,2022-03-12T00:00:00,fixed_acoustic_station,38.9,10,8,3,11.3,5,TEAM-11-4,high,21.0
BAT-0000820,KNT-GKR,2022-04-05T18:00:00,2022-04-12T00:00:00,acoustic_and_visual,35.5,10,10,8,10.5,12,TEAM-11-4,high,29.8
BAT-0000821,KNT-GKR,2022-05-05T18:00:00,2022-05-12T00:00:00,fixed_acoustic_station,26.7,7,8,5,6.2,13,TEAM-11-4,acceptable,39.6
BAT-0000822,KNT-GKR,2022-06-05T18:00:00,2022-06-12T00:00:00,acoustic_and_visual,28.4,7,13,10,6.5,8,TEAM-11-4,acceptable,42.2
BAT-0000823,KNT-GKR,2022-07-05T18:00:00,2022-07-12T00:00:00,fixed_acoustic_station,31.1,7,11,5,9.2,13,TEAM-11-4,high,44.7
BAT-0000824,KNT-GKR,2022-08-05T18:00:00,2022-08-12T00:00:00,acoustic_and_visual,27.7,8,6,7,14.5,9,TEAM-11-4,acceptable,49.8
BAT-0000825,KNT-GKR,2022-09-05T18:00:00,2022-09-12T00:00:00,acoustic_transect,30.3,4,6,2,7.2,11,TEAM-11-4,high,40.4
BAT-0000826,KNT-GKR,2022-10-05T18:00:00,2022-10-12T00:00:00,acoustic_and_visual,20.7,2,1,1,3.9,15,TEAM-11-4,limited,31.8
BAT-0000827,KNT-GKR,2022-11-05T18:00:00,2022-11-12T00:00:00,acoustic_and_visual,29.0,13,5,2,15.0,13,TEAM-11-4,high,32.0
BAT-0000828,KNT-GKR,2022-12-05T18:00:00,2022-12-12T00:00:00,acoustic_transect,25.7,3,8,7,0.5,11,TEAM-11-4,high,28.2
BAT-0000829,KNT-GKR,2023-01-05T18:00:00,2023-01-12T00:00:00,fixed_acoustic_station,37.1,10,14,12,13.0,10,TEAM-11-4,acceptable,17.7
BAT-0000830,KNT-GKR,2023-02-05T18:00:00,2023-02-12T00:00:00,acoustic_and_visual,31.1,6,3,4,7.9,13,TEAM-11-4,acceptable,35.7
BAT-0000831,KNT-GKR,2023-03-05T18:00:00,2023-03-12T00:00:00,fixed_acoustic_station,36.1,10,17,6,12.8,5,TEAM-11-4,high,38.6
BAT-0000832,KNT-GKR,2023-04-05T18:00:00,2023-04-12T00:00:00,acoustic_and_visual,34.4,11,11,12,15.3,8,TEAM-11-4,high,26.2
BAT-0000833,KNT-GKR,2023-05-05T18:00:00,2023-05-12T00:00:00,acoustic_transect,24.3,10,7,5,12.6,11,TEAM-11-4,acceptable,58.7
BAT-0000834,KNT-GKR,2023-06-05T18:00:00,2023-06-12T00:00:00,fixed_acoustic_station,23.7,6,13,4,9.0,8,TEAM-11-4,high,51.4
BAT-0000835,KNT-GKR,2023-07-05T18:00:00,2023-07-12T00:00:00,fixed_acoustic_station,28.5,10,11,5,14.4,11,TEAM-11-4,high,40.0
BAT-0000836,KNT-GKR,2023-08-05T18:00:00,2023-08-12T00:00:00,fixed_acoustic_station,28.8,5,2,5,3.9,13,TEAM-11-4,acceptable,46.8
BAT-0000837,KNT-GKR,2023-09-05T18:00:00,2023-09-12T00:00:00,acoustic_transect,31.1,2,2,2,0.0,6,TEAM-11-4,acceptable,50.3
BAT-0000838,KNT-GKR,2023-10-05T18:00:00,2023-10-12T00:00:00,acoustic_and_visual,26.4,4,6,4,6.6,9,TEAM-11-4,high,43.6
BAT-0000839,KNT-GKR,2023-11-05T18:00:00,2023-11-12T00:00:00,acoustic_transect,35.8,4,10,6,4.3,12,TEAM-11-4,high,23.8
BAT-0000840,KNT-GKR,2023-12-05T18:00:00,2023-12-12T00:00:00,acoustic_and_visual,36.7,6,15,5,6.9,8,TEAM-11-4,high,23.4
BAT-0000841,KNT-GKR,2024-01-05T18:00:00,2024-01-12T00:00:00,acoustic_transect,40.0,12,17,7,10.1,14,TEAM-11-4,high,10.6
BAT-0000842,KNT-GKR,2024-02-05T18:00:00,2024-02-12T00:00:00,fixed_acoustic_station,33.8,4,3,2,5.0,5,TEAM-11-4,high,19.1
BAT-0000843,KNT-GKR,2024-03-05T18:00:00,2024-03-12T00:00:00,fixed_acoustic_station,29.2,8,15,6,6.2,14,TEAM-11-4,high,29.6
BAT-0000844,KNT-GKR,2024-04-05T18:00:00,2024-04-12T00:00:00,acoustic_and_visual,31.3,8,15,5,7.1,14,TEAM-11-4,acceptable,27.6
BAT-0000845,KNT-GKR,2024-05-05T18:00:00,2024-05-12T00:00:00,fixed_acoustic_station,39.5,8,22,7,8.7,12,TEAM-11-4,high,20.8
BAT-0000846,KNT-GKR,2024-06-05T18:00:00,2024-06-12T00:00:00,acoustic_and_visual,27.9,11,15,4,9.1,12,TEAM-11-4,high,41.7
BAT-0000847,KNT-GKR,2024-07-05T18:00:00,2024-07-12T00:00:00,acoustic_and_visual,30.7,9,4,4,8.9,10,TEAM-11-4,acceptable,54.2
BAT-0000848,KNT-GKR,2024-08-05T18:00:00,2024-08-12T00:00:00,fixed_acoustic_station,26.3,4,4,2,6.2,5,TEAM-11-4,acceptable,60.4
BAT-0000849,KNT-GKR,2024-09-05T18:00:00,2024-09-12T00:00:00,fixed_acoustic_station,35.6,6,6,6,5.6,10,TEAM-11-4,acceptable,39.7
BAT-0000850,KNT-GKR,2024-10-05T18:00:00,2024-10-12T00:00:00,acoustic_and_visual,30.8,2,4,3,1.8,13,TEAM-11-4,acceptable,34.6
BAT-0000851,KNT-GKR,2024-11-05T18:00:00,2024-11-12T00:00:00,acoustic_and_visual,34.0,10,10,3,12.4,14,TEAM-11-4,high,19.2
BAT-0000852,KNT-GKR,2024-12-05T18:00:00,2024-12-12T00:00:00,fixed_acoustic_station,38.0,15,20,0,18.5,11,TEAM-11-4,high,16.7
BAT-0000853,KNT-GKR,2025-01-05T18:00:00,2025-01-12T00:00:00,fixed_acoustic_station,33.6,6,9,2,7.4,7,TEAM-11-4,high,13.5
BAT-0000854,KNT-GKR,2025-02-05T18:00:00,2025-02-12T00:00:00,acoustic_and_visual,33.9,2,6,7,0.0,8,TEAM-11-4,high,30.5
BAT-0000855,KNT-GKR,2025-03-05T18:00:00,2025-03-12T00:00:00,fixed_acoustic_station,38.0,13,9,4,14.5,4,TEAM-11-4,acceptable,36.4
BAT-0000856,KNT-GKR,2025-04-05T18:00:00,2025-04-12T00:00:00,acoustic_and_visual,31.2,7,10,2,6.0,13,TEAM-11-4,high,39.6
BAT-0000857,KNT-GKR,2025-05-05T18:00:00,2025-05-12T00:00:00,acoustic_and_visual,31.2,13,21,7,9.6,10,TEAM-11-4,high,41.2
BAT-0000858,KNT-GKR,2025-06-05T18:00:00,2025-06-12T00:00:00,acoustic_and_visual,27.5,9,8,6,10.6,9,TEAM-11-4,acceptable,46.0
BAT-0000859,KNT-NNM,2019-01-05T18:00:00,2019-01-12T00:00:00,acoustic_transect,32.4,17,19,10,21.6,8,TEAM-11-5,high,28.2
BAT-0000860,KNT-NNM,2019-02-05T18:00:00,2019-02-12T00:00:00,fixed_acoustic_station,45.8,11,21,10,13.8,9,TEAM-11-5,high,1.9
BAT-0000861,KNT-NNM,2019-03-05T18:00:00,2019-03-12T00:00:00,fixed_acoustic_station,26.9,8,19,6,10.6,6,TEAM-11-5,acceptable,15.2
BAT-0000862,KNT-NNM,2019-04-05T18:00:00,2019-04-12T00:00:00,fixed_acoustic_station,34.0,8,23,16,10.9,16,TEAM-11-5,high,28.2
BAT-0000863,KNT-NNM,2019-05-05T18:00:00,2019-05-12T00:00:00,acoustic_transect,25.1,11,17,6,12.8,9,TEAM-11-5,high,50.8
BAT-0000864,KNT-NNM,2019-06-05T18:00:00,2019-06-12T00:00:00,acoustic_and_visual,27.1,15,10,8,15.5,14,TEAM-11-5,acceptable,46.8
BAT-0000865,KNT-NNM,2019-07-05T18:00:00,2019-07-12T00:00:00,fixed_acoustic_station,33.9,16,25,15,16.5,4,TEAM-11-5,high,35.6
BAT-0000866,KNT-NNM,2019-08-05T18:00:00,2019-08-12T00:00:00,acoustic_transect,27.4,7,18,5,10.3,17,TEAM-11-5,acceptable,38.1
BAT-0000867,KNT-NNM,2019-09-05T18:00:00,2019-09-12T00:00:00,acoustic_transect,27.2,7,12,7,7.7,7,TEAM-11-5,acceptable,52.2
BAT-0000868,KNT-NNM,2019-10-05T18:00:00,2019-10-12T00:00:00,acoustic_transect,26.2,6,12,13,7.9,12,TEAM-11-5,acceptable,55.8
BAT-0000869,KNT-NNM,2019-11-05T18:00:00,2019-11-12T00:00:00,acoustic_and_visual,33.3,11,25,8,10.8,10,TEAM-11-5,acceptable,13.6
BAT-0000870,KNT-NNM,2019-12-05T18:00:00,2019-12-12T00:00:00,fixed_acoustic_station,29.1,8,23,9,4.4,7,TEAM-11-5,acceptable,24.0
BAT-0000871,KNT-NNM,2020-01-05T18:00:00,2020-01-12T00:00:00,acoustic_transect,34.7,9,29,10,6.6,11,TEAM-11-5,high,18.3
BAT-0000872,KNT-NNM,2020-02-05T18:00:00,2020-02-12T00:00:00,acoustic_and_visual,36.8,16,26,5,18.1,14,TEAM-11-5,high,20.4
BAT-0000873,KNT-NNM,2020-03-05T18:00:00,2020-03-12T00:00:00,fixed_acoustic_station,36.9,10,23,9,12.4,12,TEAM-11-5,high,26.9
BAT-0000874,KNT-NNM,2020-04-05T18:00:00,2020-04-12T00:00:00,acoustic_and_visual,33.5,20,34,11,20.9,15,TEAM-11-5,high,36.8
BAT-0000875,KNT-NNM,2020-05-05T18:00:00,2020-05-12T00:00:00,acoustic_transect,35.8,18,28,16,20.4,10,TEAM-11-5,acceptable,40.4
BAT-0000876,KNT-NNM,2020-06-05T18:00:00,2020-06-12T00:00:00,acoustic_and_visual,33.8,17,28,20,20.9,14,TEAM-11-5,high,33.9
BAT-0000877,KNT-NNM,2020-07-05T18:00:00,2020-07-12T00:00:00,acoustic_transect,26.7,16,7,3,18.3,10,TEAM-11-5,acceptable,57.6
BAT-0000878,KNT-NNM,2020-08-05T18:00:00,2020-08-12T00:00:00,acoustic_transect,29.9,12,16,17,14.4,8,TEAM-11-5,high,24.7
BAT-0000879,KNT-NNM,2020-09-05T18:00:00,2020-09-12T00:00:00,fixed_acoustic_station,23.3,10,16,6,11.8,7,TEAM-11-5,high,47.6
BAT-0000880,KNT-NNM,2020-10-05T18:00:00,2020-10-12T00:00:00,acoustic_and_visual,38.5,11,16,8,15.2,6,TEAM-11-5,high,39.2
BAT-0000881,KNT-NNM,2020-11-05T18:00:00,2020-11-12T00:00:00,acoustic_and_visual,37.0,10,20,11,10.8,11,TEAM-11-5,high,13.2
BAT-0000882,KNT-NNM,2020-12-05T18:00:00,2020-12-12T00:00:00,acoustic_and_visual,31.0,10,25,16,9.8,18,TEAM-11-5,high,24.2
BAT-0000883,KNT-NNM,2021-01-05T18:00:00,2021-01-12T00:00:00,acoustic_transect,38.8,13,29,13,16.3,8,TEAM-11-5,high,22.6
BAT-0000884,KNT-NNM,2021-02-05T18:00:00,2021-02-12T00:00:00,acoustic_and_visual,34.9,14,20,7,15.5,9,TEAM-11-5,high,20.6
BAT-0000885,KNT-NNM,2021-03-05T18:00:00,2021-03-12T00:00:00,acoustic_transect,29.7,11,22,18,7.3,10,TEAM-11-5,high,38.5
BAT-0000886,KNT-NNM,2021-04-05T18:00:00,2021-04-12T00:00:00,acoustic_transect,34.4,24,32,22,31.0,16,TEAM-11-5,high,21.7
BAT-0000887,KNT-NNM,2021-05-05T18:00:00,2021-05-12T00:00:00,acoustic_transect,36.6,16,22,13,14.9,11,TEAM-11-5,acceptable,28.2
BAT-0000888,KNT-NNM,2021-06-05T18:00:00,2021-06-12T00:00:00,acoustic_and_visual,22.9,13,14,5,15.1,8,TEAM-11-5,high,57.0
BAT-0000889,KNT-NNM,2021-07-05T18:00:00,2021-07-12T00:00:00,fixed_acoustic_station,25.5,13,26,11,13.1,13,TEAM-11-5,high,55.0
BAT-0000890,KNT-NNM,2021-08-05T18:00:00,2021-08-12T00:00:00,fixed_acoustic_station,27.4,16,23,5,18.9,13,TEAM-11-5,high,37.3
BAT-0000891,KNT-NNM,2021-09-05T18:00:00,2021-09-12T00:00:00,acoustic_transect,28.6,8,12,4,8.1,13,TEAM-11-5,high,47.0
BAT-0000892,KNT-NNM,2021-10-05T18:00:00,2021-10-12T00:00:00,fixed_acoustic_station,31.6,12,9,5,8.9,9,TEAM-11-5,high,36.0
BAT-0000893,KNT-NNM,2021-11-05T18:00:00,2021-11-12T00:00:00,fixed_acoustic_station,39.1,9,22,12,10.4,11,TEAM-11-5,high,16.4
BAT-0000894,KNT-NNM,2021-12-05T18:00:00,2021-12-12T00:00:00,acoustic_transect,31.9,18,26,6,21.3,13,TEAM-11-5,high,18.6
BAT-0000895,KNT-NNM,2022-01-05T18:00:00,2022-01-12T00:00:00,fixed_acoustic_station,32.8,13,29,11,15.2,7,TEAM-11-5,high,20.1
BAT-0000896,KNT-NNM,2022-02-05T18:00:00,2022-02-12T00:00:00,acoustic_and_visual,44.0,25,29,10,26.3,10,TEAM-11-5,high,19.1
BAT-0000897,KNT-NNM,2022-03-05T18:00:00,2022-03-12T00:00:00,acoustic_and_visual,30.5,14,24,12,17.4,5,TEAM-11-5,acceptable,37.4
BAT-0000898,KNT-NNM,2022-04-05T18:00:00,2022-04-12T00:00:00,acoustic_transect,25.5,7,17,11,10.9,12,TEAM-11-5,acceptable,17.6
BAT-0000899,KNT-NNM,2022-05-05T18:00:00,2022-05-12T00:00:00,acoustic_and_visual,37.3,13,29,8,14.1,12,TEAM-11-5,acceptable,27.3
BAT-0000900,KNT-NNM,2022-06-05T18:00:00,2022-06-12T00:00:00,acoustic_and_visual,29.8,10,15,6,13.6,7,TEAM-11-5,acceptable,49.6
BAT-0000901,KNT-NNM,2022-07-05T18:00:00,2022-07-12T00:00:00,acoustic_transect,21.0,9,13,4,9.3,15,TEAM-11-5,high,63.6
BAT-0000902,KNT-NNM,2022-08-05T18:00:00,2022-08-12T00:00:00,fixed_acoustic_station,31.1,11,16,8,11.1,16,TEAM-11-5,high,52.3
BAT-0000903,KNT-NNM,2022-09-05T18:00:00,2022-09-12T00:00:00,acoustic_and_visual,31.2,8,18,11,10.6,15,TEAM-11-5,acceptable,24.8
BAT-0000904,KNT-NNM,2022-10-05T18:00:00,2022-10-12T00:00:00,acoustic_transect,24.5,14,17,7,14.9,7,TEAM-11-5,acceptable,53.7
BAT-0000905,KNT-NNM,2022-11-05T18:00:00,2022-11-12T00:00:00,fixed_acoustic_station,38.4,15,23,16,18.2,13,TEAM-11-5,acceptable,19.9
BAT-0000906,KNT-NNM,2022-12-05T18:00:00,2022-12-12T00:00:00,acoustic_and_visual,32.9,10,10,6,11.2,9,TEAM-11-5,acceptable,24.1
BAT-0000907,KNT-NNM,2023-01-05T18:00:00,2023-01-12T00:00:00,fixed_acoustic_station,36.1,11,22,9,12.8,11,TEAM-11-5,high,24.3
BAT-0000908,KNT-NNM,2023-02-05T18:00:00,2023-02-12T00:00:00,acoustic_and_visual,31.6,12,20,7,14.1,13,TEAM-11-5,high,32.9
BAT-0000909,KNT-NNM,2023-03-05T18:00:00,2023-03-12T00:00:00,fixed_acoustic_station,37.2,21,35,16,25.3,8,TEAM-11-5,high,18.9
BAT-0000910,KNT-NNM,2023-04-05T18:00:00,2023-04-12T00:00:00,acoustic_and_visual,28.0,20,32,18,25.1,12,TEAM-11-5,acceptable,31.5
BAT-0000911,KNT-NNM,2023-05-05T18:00:00,2023-05-12T00:00:00,fixed_acoustic_station,38.7,18,32,20,20.3,8,TEAM-11-5,high,26.6
BAT-0000912,KNT-NNM,2023-06-05T18:00:00,2023-06-12T00:00:00,acoustic_and_visual,28.7,17,20,11,18.2,8,TEAM-11-5,acceptable,54.9
BAT-0000913,KNT-NNM,2023-07-05T18:00:00,2023-07-12T00:00:00,acoustic_and_visual,29.3,19,9,9,23.2,8,TEAM-11-5,acceptable,63.5
BAT-0000914,KNT-NNM,2023-08-05T18:00:00,2023-08-12T00:00:00,acoustic_and_visual,19.8,5,15,4,4.4,10,TEAM-11-5,acceptable,42.0
BAT-0000915,KNT-NNM,2023-09-05T18:00:00,2023-09-12T00:00:00,acoustic_and_visual,27.3,12,16,4,13.8,12,TEAM-11-5,acceptable,41.4
BAT-0000916,KNT-NNM,2023-10-05T18:00:00,2023-10-12T00:00:00,acoustic_transect,34.3,12,15,6,12.1,7,TEAM-11-5,acceptable,37.8
BAT-0000917,KNT-NNM,2023-11-05T18:00:00,2023-11-12T00:00:00,fixed_acoustic_station,31.7,4,10,9,0.0,16,TEAM-11-5,high,29.5
BAT-0000918,KNT-NNM,2023-12-05T18:00:00,2023-12-12T00:00:00,acoustic_transect,27.6,12,20,10,12.7,11,TEAM-11-5,high,28.8
BAT-0000919,KNT-NNM,2024-01-05T18:00:00,2024-01-12T00:00:00,acoustic_transect,37.9,21,29,11,25.6,12,TEAM-11-5,high,21.7
BAT-0000920,KNT-NNM,2024-02-05T18:00:00,2024-02-12T00:00:00,acoustic_transect,35.7,17,15,14,19.2,6,TEAM-11-5,acceptable,14.4
BAT-0000921,KNT-NNM,2024-03-05T18:00:00,2024-03-12T00:00:00,acoustic_transect,34.7,20,19,8,25.7,12,TEAM-11-5,high,19.9
BAT-0000922,KNT-NNM,2024-04-05T18:00:00,2024-04-12T00:00:00,acoustic_transect,40.0,9,46,10,12.8,5,TEAM-11-5,high,12.5
BAT-0000923,KNT-NNM,2024-05-05T18:00:00,2024-05-12T00:00:00,acoustic_and_visual,34.3,16,19,18,18.3,9,TEAM-11-5,high,42.3
BAT-0000924,KNT-NNM,2024-06-05T18:00:00,2024-06-12T00:00:00,acoustic_transect,11.7,7,4,7,10.0,11,TEAM-11-5,acceptable,64.9
BAT-0000925,KNT-NNM,2024-07-05T18:00:00,2024-07-12T00:00:00,acoustic_transect,28.7,13,16,7,13.8,10,TEAM-11-5,high,45.5
BAT-0000926,KNT-NNM,2024-08-05T18:00:00,2024-08-12T00:00:00,acoustic_and_visual,17.9,8,13,6,10.8,11,TEAM-11-5,high,56.7
BAT-0000927,KNT-NNM,2024-09-05T18:00:00,2024-09-12T00:00:00,fixed_acoustic_station,28.2,9,13,4,12.9,6,TEAM-11-5,high,50.1
BAT-0000928,KNT-NNM,2024-10-05T18:00:00,2024-10-12T00:00:00,acoustic_and_visual,23.1,7,19,2,7.3,10,TEAM-11-5,high,43.9
BAT-0000929,KNT-NNM,2024-11-05T18:00:00,2024-11-12T00:00:00,acoustic_transect,32.5,16,19,7,19.8,11,TEAM-11-5,high,25.5
BAT-0000930,KNT-NNM,2024-12-05T18:00:00,2024-12-12T00:00:00,acoustic_transect,36.3,11,13,9,9.4,4,TEAM-11-5,acceptable,21.7
BAT-0000931,KNT-NNM,2025-01-05T18:00:00,2025-01-12T00:00:00,acoustic_and_visual,36.1,22,30,8,28.2,8,TEAM-11-5,high,8.8
BAT-0000932,KNT-NNM,2025-02-05T18:00:00,2025-02-12T00:00:00,acoustic_and_visual,31.0,12,24,12,13.5,11,TEAM-11-5,high,23.9
BAT-0000933,KNT-NNM,2025-03-05T18:00:00,2025-03-12T00:00:00,acoustic_transect,35.5,11,34,14,11.0,11,TEAM-11-5,high,29.7
BAT-0000934,KNT-NNM,2025-04-05T18:00:00,2025-04-12T00:00:00,acoustic_transect,34.5,25,35,15,28.8,14,TEAM-11-5,high,30.3
BAT-0000935,KNT-NNM,2025-05-05T18:00:00,2025-05-12T00:00:00,acoustic_and_visual,24.9,4,23,9,6.2,7,TEAM-11-5,acceptable,46.4
BAT-0000936,KNT-NNM,2025-06-05T18:00:00,2025-06-12T00:00:00,acoustic_and_visual,29.4,8,18,5,8.5,9,TEAM-11-5,high,44.2
BAT-0000937,KNT-JAK,2019-01-05T18:00:00,2019-01-12T00:00:00,fixed_acoustic_station,39.0,23,35,13,20.0,9,TEAM-11-1,high,20.5
BAT-0000938,KNT-JAK,2019-02-05T18:00:00,2019-02-12T00:00:00,acoustic_and_visual,33.1,27,44,21,34.6,14,TEAM-11-1,high,13.6
BAT-0000939,KNT-JAK,2019-03-05T18:00:00,2019-03-12T00:00:00,acoustic_transect,36.5,34,35,22,41.2,12,TEAM-11-1,acceptable,39.5
BAT-0000940,KNT-JAK,2019-04-05T18:00:00,2019-04-12T00:00:00,fixed_acoustic_station,32.0,19,37,23,24.4,8,TEAM-11-1,high,32.2
BAT-0000941,KNT-JAK,2019-05-05T18:00:00,2019-05-12T00:00:00,acoustic_transect,29.9,20,49,11,23.6,8,TEAM-11-1,high,39.3
BAT-0000942,KNT-JAK,2019-06-05T18:00:00,2019-06-12T00:00:00,acoustic_and_visual,18.9,13,15,12,15.9,11,TEAM-11-1,acceptable,72.4
BAT-0000943,KNT-JAK,2019-07-05T18:00:00,2019-07-12T00:00:00,acoustic_and_visual,29.0,16,22,12,19.5,16,TEAM-11-1,acceptable,46.2
BAT-0000944,KNT-JAK,2019-08-05T18:00:00,2019-08-12T00:00:00,fixed_acoustic_station,29.2,18,17,9,20.5,12,TEAM-11-1,high,43.1
BAT-0000945,KNT-JAK,2019-09-05T18:00:00,2019-09-12T00:00:00,acoustic_and_visual,31.8,9,21,5,10.8,11,TEAM-11-1,high,42.2
BAT-0000946,KNT-JAK,2019-10-05T18:00:00,2019-10-12T00:00:00,acoustic_and_visual,20.7,5,16,5,5.5,10,TEAM-11-1,high,56.1
BAT-0000947,KNT-JAK,2019-11-05T18:00:00,2019-11-12T00:00:00,acoustic_transect,39.3,22,30,12,29.1,7,TEAM-11-1,high,10.8
BAT-0000948,KNT-JAK,2019-12-05T18:00:00,2019-12-12T00:00:00,acoustic_and_visual,31.0,19,22,16,17.9,11,TEAM-11-1,acceptable,17.0
BAT-0000949,KNT-JAK,2020-01-05T18:00:00,2020-01-12T00:00:00,acoustic_transect,41.5,28,16,12,28.6,12,TEAM-11-1,high,12.6
BAT-0000950,KNT-JAK,2020-02-05T18:00:00,2020-02-12T00:00:00,acoustic_and_visual,42.3,30,49,15,39.1,11,TEAM-11-1,acceptable,4.8
BAT-0000951,KNT-JAK,2020-03-05T18:00:00,2020-03-12T00:00:00,acoustic_and_visual,31.9,25,42,18,34.2,13,TEAM-11-1,acceptable,19.5
BAT-0000952,KNT-JAK,2020-04-05T18:00:00,2020-04-12T00:00:00,fixed_acoustic_station,25.7,21,25,13,25.9,12,TEAM-11-1,acceptable,35.1
BAT-0000953,KNT-JAK,2020-05-05T18:00:00,2020-05-12T00:00:00,acoustic_transect,37.9,35,52,29,39.2,13,TEAM-11-1,acceptable,30.4
BAT-0000954,KNT-JAK,2020-06-05T18:00:00,2020-06-12T00:00:00,acoustic_transect,27.1,23,20,17,33.1,9,TEAM-11-1,acceptable,56.8
BAT-0000955,KNT-JAK,2020-07-05T18:00:00,2020-07-12T00:00:00,acoustic_transect,28.8,22,14,13,22.3,13,TEAM-11-1,acceptable,54.3
BAT-0000956,KNT-JAK,2020-08-05T18:00:00,2020-08-12T00:00:00,acoustic_and_visual,28.6,14,28,7,16.6,8,TEAM-11-1,acceptable,42.7
BAT-0000957,KNT-JAK,2020-09-05T18:00:00,2020-09-12T00:00:00,fixed_acoustic_station,33.7,13,31,14,15.0,6,TEAM-11-1,high,39.0
BAT-0000958,KNT-JAK,2020-10-05T18:00:00,2020-10-12T00:00:00,acoustic_transect,31.7,19,21,11,15.8,6,TEAM-11-1,high,34.0
BAT-0000959,KNT-JAK,2020-11-05T18:00:00,2020-11-12T00:00:00,fixed_acoustic_station,33.0,8,29,4,9.8,4,TEAM-11-1,high,24.0
BAT-0000960,KNT-JAK,2020-12-05T18:00:00,2020-12-12T00:00:00,acoustic_transect,26.4,12,16,9,10.9,9,TEAM-11-1,high,29.1
BAT-0000961,KNT-JAK,2021-01-05T18:00:00,2021-01-12T00:00:00,acoustic_and_visual,33.1,19,26,19,23.8,10,TEAM-11-1,high,11.0
BAT-0000962,KNT-JAK,2021-02-05T18:00:00,2021-02-12T00:00:00,acoustic_transect,33.3,15,20,14,15.8,11,TEAM-11-1,acceptable,22.7
BAT-0000963,KNT-JAK,2021-03-05T18:00:00,2021-03-12T00:00:00,fixed_acoustic_station,31.1,17,35,19,16.9,10,TEAM-11-1,high,32.9
BAT-0000964,KNT-JAK,2021-04-05T18:00:00,2021-04-12T00:00:00,fixed_acoustic_station,37.4,31,35,16,31.8,11,TEAM-11-1,high,16.4
BAT-0000965,KNT-JAK,2021-05-05T18:00:00,2021-05-12T00:00:00,fixed_acoustic_station,32.6,20,34,16,24.5,7,TEAM-11-1,high,53.4
BAT-0000966,KNT-JAK,2021-06-05T18:00:00,2021-06-12T00:00:00,acoustic_transect,25.8,22,33,13,27.3,17,TEAM-11-1,high,55.6
BAT-0000967,KNT-JAK,2021-07-05T18:00:00,2021-07-12T00:00:00,acoustic_and_visual,27.9,12,29,14,17.0,12,TEAM-11-1,high,34.7
BAT-0000968,KNT-JAK,2021-08-05T18:00:00,2021-08-12T00:00:00,fixed_acoustic_station,29.0,9,26,11,8.2,13,TEAM-11-1,acceptable,47.6
BAT-0000969,KNT-JAK,2021-09-05T18:00:00,2021-09-12T00:00:00,fixed_acoustic_station,34.4,11,12,13,16.0,16,TEAM-11-1,high,31.2
BAT-0000970,KNT-JAK,2021-10-05T18:00:00,2021-10-12T00:00:00,fixed_acoustic_station,32.3,6,15,10,7.1,9,TEAM-11-1,acceptable,42.2
BAT-0000971,KNT-JAK,2021-11-05T18:00:00,2021-11-12T00:00:00,acoustic_and_visual,28.2,18,24,14,19.4,13,TEAM-11-1,acceptable,27.5
BAT-0000972,KNT-JAK,2021-12-05T18:00:00,2021-12-12T00:00:00,acoustic_and_visual,35.6,13,28,14,12.9,11,TEAM-11-1,high,18.3
BAT-0000973,KNT-JAK,2022-01-05T18:00:00,2022-01-12T00:00:00,acoustic_transect,34.0,21,37,16,24.5,15,TEAM-11-1,high,31.8
BAT-0000974,KNT-JAK,2022-02-05T18:00:00,2022-02-12T00:00:00,fixed_acoustic_station,38.0,32,58,22,35.4,10,TEAM-11-1,high,9.1
BAT-0000975,KNT-JAK,2022-03-05T18:00:00,2022-03-12T00:00:00,acoustic_and_visual,30.4,29,41,19,38.2,9,TEAM-11-1,high,40.4
BAT-0000976,KNT-JAK,2022-04-05T18:00:00,2022-04-12T00:00:00,fixed_acoustic_station,29.4,18,35,14,19.3,10,TEAM-11-1,acceptable,29.3
BAT-0000977,KNT-JAK,2022-05-05T18:00:00,2022-05-12T00:00:00,acoustic_and_visual,36.1,26,35,34,22.4,14,TEAM-11-1,high,37.3
BAT-0000978,KNT-JAK,2022-06-05T18:00:00,2022-06-12T00:00:00,acoustic_transect,20.3,20,22,12,25.6,5,TEAM-11-1,acceptable,54.8
BAT-0000979,KNT-JAK,2022-07-05T18:00:00,2022-07-12T00:00:00,acoustic_and_visual,31.5,18,29,12,19.2,14,TEAM-11-1,high,38.6
BAT-0000980,KNT-JAK,2022-08-05T18:00:00,2022-08-12T00:00:00,fixed_acoustic_station,29.4,15,22,12,16.9,12,TEAM-11-1,acceptable,55.9
BAT-0000981,KNT-JAK,2022-09-05T18:00:00,2022-09-12T00:00:00,acoustic_and_visual,32.7,17,16,10,16.9,9,TEAM-11-1,acceptable,39.5
BAT-0000982,KNT-JAK,2022-10-05T18:00:00,2022-10-12T00:00:00,acoustic_transect,28.8,18,22,8,21.9,9,TEAM-11-1,high,39.0
BAT-0000983,KNT-JAK,2022-11-05T18:00:00,2022-11-12T00:00:00,acoustic_and_visual,31.4,15,32,8,14.3,11,TEAM-11-1,acceptable,34.4
BAT-0000984,KNT-JAK,2022-12-05T18:00:00,2022-12-12T00:00:00,acoustic_and_visual,35.4,13,20,10,15.0,7,TEAM-11-1,high,20.1
BAT-0000985,KNT-JAK,2023-01-05T18:00:00,2023-01-12T00:00:00,fixed_acoustic_station,30.1,13,39,11,16.0,12,TEAM-11-1,high,31.1
BAT-0000986,KNT-JAK,2023-02-05T18:00:00,2023-02-12T00:00:00,acoustic_and_visual,24.6,9,30,10,9.7,12,TEAM-11-1,high,38.9
BAT-0000987,KNT-JAK,2023-03-05T18:00:00,2023-03-12T00:00:00,fixed_acoustic_station,31.5,27,34,14,28.5,4,TEAM-11-1,high,25.6
BAT-0000988,KNT-JAK,2023-04-05T18:00:00,2023-04-12T00:00:00,acoustic_and_visual,33.2,15,28,23,20.3,11,TEAM-11-1,high,30.0
BAT-0000989,KNT-JAK,2023-05-05T18:00:00,2023-05-12T00:00:00,acoustic_transect,32.6,25,44,21,19.9,8,TEAM-11-1,acceptable,52.7
BAT-0000990,KNT-JAK,2023-06-05T18:00:00,2023-06-12T00:00:00,fixed_acoustic_station,21.7,14,24,7,15.8,13,TEAM-11-1,acceptable,69.3
BAT-0000991,KNT-JAK,2023-07-05T18:00:00,2023-07-12T00:00:00,acoustic_and_visual,31.9,16,32,8,18.8,16,TEAM-11-1,high,33.3
BAT-0000992,KNT-JAK,2023-08-05T18:00:00,2023-08-12T00:00:00,fixed_acoustic_station,32.7,22,25,20,23.2,10,TEAM-11-1,high,44.5
BAT-0000993,KNT-JAK,2023-09-05T18:00:00,2023-09-12T00:00:00,acoustic_and_visual,27.2,10,13,2,14.2,10,TEAM-11-1,high,41.1
BAT-0000994,KNT-JAK,2023-10-05T18:00:00,2023-10-12T00:00:00,acoustic_transect,32.5,14,20,12,18.1,15,TEAM-11-1,acceptable,24.5
BAT-0000995,KNT-JAK,2023-11-05T18:00:00,2023-11-12T00:00:00,acoustic_and_visual,41.1,23,30,12,26.5,10,TEAM-11-1,high,21.2
BAT-0000996,KNT-JAK,2023-12-05T18:00:00,2023-12-12T00:00:00,acoustic_and_visual,26.4,11,21,10,15.9,7,TEAM-11-1,high,35.2
BAT-0000997,KNT-JAK,2024-01-05T18:00:00,2024-01-12T00:00:00,acoustic_and_visual,36.7,16,28,9,20.1,10,TEAM-11-1,high,18.2
BAT-0000998,KNT-JAK,2024-02-05T18:00:00,2024-02-12T00:00:00,acoustic_transect,33.8,21,45,7,23.9,8,TEAM-11-1,high,13.1
BAT-0000999,KNT-JAK,2024-03-05T18:00:00,2024-03-12T00:00:00,fixed_acoustic_station,43.7,31,50,23,31.7,10,TEAM-11-1,acceptable,15.5
BAT-0001000,KNT-JAK,2024-04-05T18:00:00,2024-04-12T00:00:00,fixed_acoustic_station,36.9,30,48,20,35.1,12,TEAM-11-1,high,20.7
BAT-0001001,KNT-JAK,2024-05-05T18:00:00,2024-05-12T00:00:00,fixed_acoustic_station,29.6,26,35,17,30.4,10,TEAM-11-1,high,48.2
BAT-0001002,KNT-JAK,2024-06-05T18:00:00,2024-06-12T00:00:00,fixed_acoustic_station,31.8,25,38,18,29.8,11,TEAM-11-1,high,42.1
BAT-0001003,KNT-JAK,2024-07-05T18:00:00,2024-07-12T00:00:00,fixed_acoustic_station,27.6,19,25,16,20.5,9,TEAM-11-1,high,68.3
BAT-0001004,KNT-JAK,2024-08-05T18:00:00,2024-08-12T00:00:00,fixed_acoustic_station,25.0,17,25,8,17.7,12,TEAM-11-1,high,35.0
BAT-0001005,KNT-JAK,2024-09-05T18:00:00,2024-09-12T00:00:00,acoustic_transect,35.4,10,20,11,10.7,9,TEAM-11-1,high,33.9
BAT-0001006,KNT-JAK,2024-10-05T18:00:00,2024-10-12T00:00:00,fixed_acoustic_station,31.6,10,16,7,9.3,4,TEAM-11-1,acceptable,24.2
BAT-0001007,KNT-JAK,2024-11-05T18:00:00,2024-11-12T00:00:00,acoustic_and_visual,33.1,17,23,10,18.0,11,TEAM-11-1,high,16.6
BAT-0001008,KNT-JAK,2024-12-05T18:00:00,2024-12-12T00:00:00,acoustic_transect,33.2,14,26,9,13.8,11,TEAM-11-1,acceptable,16.6
BAT-0001009,KNT-JAK,2025-01-05T18:00:00,2025-01-12T00:00:00,acoustic_and_visual,34.3,23,21,10,31.7,13,TEAM-11-1,acceptable,37.0
BAT-0001010,KNT-JAK,2025-02-05T18:00:00,2025-02-12T00:00:00,fixed_acoustic_station,31.2,19,26,20,19.2,19,TEAM-11-1,high,28.2
BAT-0001011,KNT-JAK,2025-03-05T18:00:00,2025-03-12T00:00:00,acoustic_transect,32.6,46,43,23,50.8,10,TEAM-11-1,acceptable,30.7
BAT-0001012,KNT-JAK,2025-04-05T18:00:00,2025-04-12T00:00:00,acoustic_transect,34.5,26,30,16,32.5,13,TEAM-11-1,acceptable,21.0
BAT-0001013,KNT-JAK,2025-05-05T18:00:00,2025-05-12T00:00:00,acoustic_and_visual,30.5,30,40,15,32.3,9,TEAM-11-1,acceptable,43.8
BAT-0001014,KNT-JAK,2025-06-05T18:00:00,2025-06-12T00:00:00,acoustic_transect,33.0,36,31,18,37.6,19,TEAM-11-1,acceptable,48.7
BAT-0001015,KNT-JQG,2019-01-05T18:00:00,2019-01-12T00:00:00,acoustic_transect,43.7,7,11,9,7.2,8,TEAM-11-2,high,0.0
BAT-0001016,KNT-JQG,2019-02-05T18:00:00,2019-02-12T00:00:00,acoustic_transect,36.1,16,11,8,20.5,9,TEAM-11-2,high,21.2
BAT-0001017,KNT-JQG,2019-03-05T18:00:00,2019-03-12T00:00:00,acoustic_and_visual,29.1,20,21,13,21.9,11,TEAM-11-2,acceptable,47.2
BAT-0001018,KNT-JQG,2019-04-05T18:00:00,2019-04-12T00:00:00,fixed_acoustic_station,32.1,22,21,14,22.3,10,TEAM-11-2,high,42.0
BAT-0001019,KNT-JQG,2019-05-05T18:00:00,2019-05-12T00:00:00,acoustic_and_visual,30.7,21,27,11,24.7,15,TEAM-11-2,high,36.0
BAT-0001020,KNT-JQG,2019-06-05T18:00:00,2019-06-12T00:00:00,acoustic_transect,30.1,8,17,6,7.5,10,TEAM-11-2,high,41.4
BAT-0001021,KNT-JQG,2019-07-05T18:00:00,2019-07-12T00:00:00,acoustic_transect,31.9,8,10,5,9.6,17,TEAM-11-2,high,63.9
BAT-0001022,KNT-JQG,2019-08-05T18:00:00,2019-08-12T00:00:00,acoustic_transect,24.5,5,2,4,7.9,8,TEAM-11-2,acceptable,66.3
BAT-0001023,KNT-JQG,2019-09-05T18:00:00,2019-09-12T00:00:00,acoustic_and_visual,29.6,6,8,4,6.7,5,TEAM-11-2,high,43.1
BAT-0001024,KNT-JQG,2019-10-05T18:00:00,2019-10-12T00:00:00,acoustic_and_visual,26.1,5,3,1,8.6,7,TEAM-11-2,acceptable,43.6
BAT-0001025,KNT-JQG,2019-11-05T18:00:00,2019-11-12T00:00:00,fixed_acoustic_station,35.1,3,7,2,3.7,11,TEAM-11-2,acceptable,14.8
BAT-0001026,KNT-JQG,2019-12-05T18:00:00,2019-12-12T00:00:00,acoustic_transect,30.7,8,16,6,10.2,11,TEAM-11-2,high,38.1
BAT-0001027,KNT-JQG,2020-01-05T18:00:00,2020-01-12T00:00:00,acoustic_and_visual,37.3,15,15,7,14.6,8,TEAM-11-2,acceptable,20.5
BAT-0001028,KNT-JQG,2020-02-05T18:00:00,2020-02-12T00:00:00,acoustic_and_visual,36.5,19,19,10,19.3,10,TEAM-11-2,high,22.7
BAT-0001029,KNT-JQG,2020-03-05T18:00:00,2020-03-12T00:00:00,fixed_acoustic_station,38.3,13,25,12,14.8,10,TEAM-11-2,acceptable,34.0
BAT-0001030,KNT-JQG,2020-04-05T18:00:00,2020-04-12T00:00:00,fixed_acoustic_station,31.4,20,24,8,24.5,15,TEAM-11-2,acceptable,32.2
BAT-0001031,KNT-JQG,2020-05-05T18:00:00,2020-05-12T00:00:00,acoustic_transect,27.9,13,35,14,13.7,5,TEAM-11-2,high,36.8
BAT-0001032,KNT-JQG,2020-06-05T18:00:00,2020-06-12T00:00:00,fixed_acoustic_station,29.9,11,12,14,11.4,11,TEAM-11-2,high,57.1
BAT-0001033,KNT-JQG,2020-07-05T18:00:00,2020-07-12T00:00:00,fixed_acoustic_station,28.2,5,6,2,6.5,11,TEAM-11-2,acceptable,63.1
BAT-0001034,KNT-JQG,2020-08-05T18:00:00,2020-08-12T00:00:00,acoustic_and_visual,30.0,2,3,3,3.7,10,TEAM-11-2,high,43.6
BAT-0001035,KNT-JQG,2020-09-05T18:00:00,2020-09-12T00:00:00,acoustic_transect,25.9,6,9,2,6.9,15,TEAM-11-2,acceptable,59.5
BAT-0001036,KNT-JQG,2020-10-05T18:00:00,2020-10-12T00:00:00,acoustic_transect,43.4,9,8,11,8.8,9,TEAM-11-2,acceptable,32.6
BAT-0001037,KNT-JQG,2020-11-05T18:00:00,2020-11-12T00:00:00,acoustic_transect,32.0,10,19,10,13.4,7,TEAM-11-2,high,33.9
BAT-0001038,KNT-JQG,2020-12-05T18:00:00,2020-12-12T00:00:00,fixed_acoustic_station,31.6,9,10,3,9.2,16,TEAM-11-2,high,26.2
BAT-0001039,KNT-JQG,2021-01-05T18:00:00,2021-01-12T00:00:00,fixed_acoustic_station,39.2,10,8,3,10.1,11,TEAM-11-2,high,14.5
BAT-0001040,KNT-JQG,2021-02-05T18:00:00,2021-02-12T00:00:00,acoustic_transect,33.1,3,16,5,1.6,6,TEAM-11-2,high,23.4
BAT-0001041,KNT-JQG,2021-03-05T18:00:00,2021-03-12T00:00:00,acoustic_transect,30.9,16,27,9,14.8,10,TEAM-11-2,high,27.7
BAT-0001042,KNT-JQG,2021-04-05T18:00:00,2021-04-12T00:00:00,acoustic_transect,29.0,12,25,18,10.7,17,TEAM-11-2,high,32.2
BAT-0001043,KNT-JQG,2021-05-05T18:00:00,2021-05-12T00:00:00,fixed_acoustic_station,27.2,16,14,11,18.5,8,TEAM-11-2,acceptable,53.0
BAT-0001044,KNT-JQG,2021-06-05T18:00:00,2021-06-12T00:00:00,acoustic_and_visual,17.8,5,10,3,3.9,8,TEAM-11-2,acceptable,58.4
BAT-0001045,KNT-JQG,2021-07-05T18:00:00,2021-07-12T00:00:00,acoustic_and_visual,27.1,4,8,5,4.5,9,TEAM-11-2,high,54.5
BAT-0001046,KNT-JQG,2021-08-05T18:00:00,2021-08-12T00:00:00,acoustic_and_visual,28.2,3,3,6,4.3,4,TEAM-11-2,acceptable,68.0
BAT-0001047,KNT-JQG,2021-09-05T18:00:00,2021-09-12T00:00:00,acoustic_and_visual,26.9,5,2,1,2.8,12,TEAM-11-2,acceptable,66.9
BAT-0001048,KNT-JQG,2021-10-05T18:00:00,2021-10-12T00:00:00,acoustic_and_visual,31.4,4,5,2,4.6,19,TEAM-11-2,acceptable,43.6
BAT-0001049,KNT-JQG,2021-11-05T18:00:00,2021-11-12T00:00:00,acoustic_transect,30.3,6,9,5,7.1,4,TEAM-11-2,acceptable,28.2
BAT-0001050,KNT-JQG,2021-12-05T18:00:00,2021-12-12T00:00:00,acoustic_and_visual,37.6,14,11,4,18.4,9,TEAM-11-2,acceptable,19.4
BAT-0001051,KNT-JQG,2022-01-05T18:00:00,2022-01-12T00:00:00,acoustic_and_visual,33.8,9,26,9,11.3,10,TEAM-11-2,high,1.0
BAT-0001052,KNT-JQG,2022-02-05T18:00:00,2022-02-12T00:00:00,acoustic_and_visual,37.7,20,29,12,25.4,12,TEAM-11-2,acceptable,29.3
BAT-0001053,KNT-JQG,2022-03-05T18:00:00,2022-03-12T00:00:00,acoustic_and_visual,31.7,14,24,14,16.9,12,TEAM-11-2,high,33.6
BAT-0001054,KNT-JQG,2022-04-05T18:00:00,2022-04-12T00:00:00,acoustic_and_visual,36.3,11,15,12,13.0,12,TEAM-11-2,high,29.2
BAT-0001055,KNT-JQG,2022-05-05T18:00:00,2022-05-12T00:00:00,acoustic_transect,28.5,19,13,7,22.0,15,TEAM-11-2,high,56.6
BAT-0001056,KNT-JQG,2022-06-05T18:00:00,2022-06-12T00:00:00,fixed_acoustic_station,26.5,11,16,8,11.7,10,TEAM-11-2,acceptable,63.4
BAT-0001057,KNT-JQG,2022-07-05T18:00:00,2022-07-12T00:00:00,fixed_acoustic_station,24.9,6,14,6,7.1,8,TEAM-11-2,high,59.2
BAT-0001058,KNT-JQG,2022-08-05T18:00:00,2022-08-12T00:00:00,fixed_acoustic_station,28.1,5,6,2,5.3,9,TEAM-11-2,high,57.5
BAT-0001059,KNT-JQG,2022-09-05T18:00:00,2022-09-12T00:00:00,acoustic_transect,17.9,2,1,3,3.7,11,TEAM-11-2,limited,37.7
BAT-0001060,KNT-JQG,2022-10-05T18:00:00,2022-10-12T00:00:00,acoustic_and_visual,33.5,6,12,4,6.9,10,TEAM-11-2,acceptable,34.9
BAT-0001061,KNT-JQG,2022-11-05T18:00:00,2022-11-12T00:00:00,acoustic_transect,33.5,6,5,8,3.5,11,TEAM-11-2,high,23.4
BAT-0001062,KNT-JQG,2022-12-05T18:00:00,2022-12-12T00:00:00,acoustic_transect,34.8,11,8,7,14.7,8,TEAM-11-2,acceptable,18.2
BAT-0001063,KNT-JQG,2023-01-05T18:00:00,2023-01-12T00:00:00,acoustic_transect,32.1,4,23,6,7.4,8,TEAM-11-2,acceptable,13.0
BAT-0001064,KNT-JQG,2023-02-05T18:00:00,2023-02-12T00:00:00,acoustic_and_visual,32.8,9,37,11,10.2,17,TEAM-11-2,high,15.0
BAT-0001065,KNT-JQG,2023-03-05T18:00:00,2023-03-12T00:00:00,acoustic_transect,34.9,13,27,9,15.5,6,TEAM-11-2,acceptable,30.2
BAT-0001066,KNT-JQG,2023-04-05T18:00:00,2023-04-12T00:00:00,fixed_acoustic_station,27.3,21,21,9,26.0,3,TEAM-11-2,acceptable,34.0
BAT-0001067,KNT-JQG,2023-05-05T18:00:00,2023-05-12T00:00:00,acoustic_transect,37.5,16,19,12,15.5,8,TEAM-11-2,high,29.2
BAT-0001068,KNT-JQG,2023-06-05T18:00:00,2023-06-12T00:00:00,acoustic_transect,30.7,17,21,9,21.5,16,TEAM-11-2,acceptable,58.0
BAT-0001069,KNT-JQG,2023-07-05T18:00:00,2023-07-12T00:00:00,acoustic_transect,25.0,11,7,7,12.3,12,TEAM-11-2,high,51.7
BAT-0001070,KNT-JQG,2023-08-05T18:00:00,2023-08-12T00:00:00,acoustic_and_visual,26.5,5,2,1,7.1,11,TEAM-11-2,acceptable,53.2
BAT-0001071,KNT-JQG,2023-09-05T18:00:00,2023-09-12T00:00:00,fixed_acoustic_station,29.2,6,8,3,6.1,6,TEAM-11-2,acceptable,59.7
BAT-0001072,KNT-JQG,2023-10-05T18:00:00,2023-10-12T00:00:00,acoustic_and_visual,27.5,5,8,4,6.6,10,TEAM-11-2,acceptable,53.5
BAT-0001073,KNT-JQG,2023-11-05T18:00:00,2023-11-12T00:00:00,fixed_acoustic_station,36.2,7,11,4,6.8,9,TEAM-11-2,high,27.4
BAT-0001074,KNT-JQG,2023-12-05T18:00:00,2023-12-12T00:00:00,fixed_acoustic_station,36.6,9,16,9,8.9,7,TEAM-11-2,acceptable,25.8
BAT-0001075,KNT-JQG,2024-01-05T18:00:00,2024-01-12T00:00:00,fixed_acoustic_station,26.8,3,13,3,4.4,7,TEAM-11-2,acceptable,20.8
BAT-0001076,KNT-JQG,2024-02-05T18:00:00,2024-02-12T00:00:00,fixed_acoustic_station,35.1,10,23,18,12.1,10,TEAM-11-2,high,21.4
BAT-0001077,KNT-JQG,2024-03-05T18:00:00,2024-03-12T00:00:00,fixed_acoustic_station,39.3,12,29,10,11.7,17,TEAM-11-2,high,29.6
BAT-0001078,KNT-JQG,2024-04-05T18:00:00,2024-04-12T00:00:00,fixed_acoustic_station,28.7,11,17,12,11.7,14,TEAM-11-2,acceptable,34.1
BAT-0001079,KNT-JQG,2024-05-05T18:00:00,2024-05-12T00:00:00,fixed_acoustic_station,27.7,13,20,4,13.7,13,TEAM-11-2,high,51.7
BAT-0001080,KNT-JQG,2024-06-05T18:00:00,2024-06-12T00:00:00,fixed_acoustic_station,30.5,8,18,9,6.0,12,TEAM-11-2,acceptable,35.7
BAT-0001081,KNT-JQG,2024-07-05T18:00:00,2024-07-12T00:00:00,fixed_acoustic_station,28.2,6,9,7,2.9,16,TEAM-11-2,high,55.9
BAT-0001082,KNT-JQG,2024-08-05T18:00:00,2024-08-12T00:00:00,fixed_acoustic_station,30.5,7,13,5,9.7,12,TEAM-11-2,acceptable,57.6
BAT-0001083,KNT-JQG,2024-09-05T18:00:00,2024-09-12T00:00:00,acoustic_and_visual,37.6,10,15,7,9.7,10,TEAM-11-2,acceptable,31.1
BAT-0001084,KNT-JQG,2024-10-05T18:00:00,2024-10-12T00:00:00,fixed_acoustic_station,35.0,4,4,4,4.2,11,TEAM-11-2,high,41.9
BAT-0001085,KNT-JQG,2024-11-05T18:00:00,2024-11-12T00:00:00,fixed_acoustic_station,28.1,1,4,0,0.6,2,TEAM-11-2,acceptable,33.2
BAT-0001086,KNT-JQG,2024-12-05T18:00:00,2024-12-12T00:00:00,acoustic_and_visual,34.9,8,9,3,8.9,4,TEAM-11-2,high,20.4
BAT-0001087,KNT-JQG,2025-01-05T18:00:00,2025-01-12T00:00:00,acoustic_transect,34.2,10,14,5,12.4,7,TEAM-11-2,acceptable,36.0
BAT-0001088,KNT-JQG,2025-02-05T18:00:00,2025-02-12T00:00:00,acoustic_and_visual,33.3,17,21,8,18.0,9,TEAM-11-2,acceptable,28.4
BAT-0001089,KNT-JQG,2025-03-05T18:00:00,2025-03-12T00:00:00,acoustic_and_visual,29.8,11,21,9,13.3,5,TEAM-11-2,high,36.1
BAT-0001090,KNT-JQG,2025-04-05T18:00:00,2025-04-12T00:00:00,acoustic_and_visual,27.8,16,20,12,14.6,20,TEAM-11-2,high,41.0
BAT-0001091,KNT-JQG,2025-05-05T18:00:00,2025-05-12T00:00:00,acoustic_transect,30.3,15,26,14,20.5,11,TEAM-11-2,acceptable,51.7
BAT-0001092,KNT-JQG,2025-06-05T18:00:00,2025-06-12T00:00:00,acoustic_and_visual,28.6,12,17,6,14.3,8,TEAM-11-2,high,31.1
BAT-0001093,KNT-VLB,2019-01-05T18:00:00,2019-01-12T00:00:00,fixed_acoustic_station,41.0,19,38,14,20.0,9,TEAM-11-3,high,7.6
BAT-0001094,KNT-VLB,2019-02-05T18:00:00,2019-02-12T00:00:00,fixed_acoustic_station,34.0,18,37,10,18.5,14,TEAM-11-3,acceptable,12.0
BAT-0001095,KNT-VLB,2019-03-05T18:00:00,2019-03-12T00:00:00,acoustic_transect,34.1,32,46,16,28.5,12,TEAM-11-3,high,10.1
BAT-0001096,KNT-VLB,2019-04-05T18:00:00,2019-04-12T00:00:00,acoustic_transect,34.3,30,34,30,33.0,18,TEAM-11-3,acceptable,31.4
BAT-0001097,KNT-VLB,2019-05-05T18:00:00,2019-05-12T00:00:00,acoustic_and_visual,35.9,31,31,21,35.0,11,TEAM-11-3,acceptable,34.3
BAT-0001098,KNT-VLB,2019-06-05T18:00:00,2019-06-12T00:00:00,acoustic_transect,26.1,16,19,9,18.6,17,TEAM-11-3,high,41.1
BAT-0001099,KNT-VLB,2019-07-05T18:00:00,2019-07-12T00:00:00,fixed_acoustic_station,27.7,18,10,8,24.6,15,TEAM-11-3,acceptable,62.9
BAT-0001100,KNT-VLB,2019-08-05T18:00:00,2019-08-12T00:00:00,acoustic_transect,25.2,8,11,17,7.0,15,TEAM-11-3,acceptable,47.8
BAT-0001101,KNT-VLB,2019-09-05T18:00:00,2019-09-12T00:00:00,acoustic_and_visual,29.6,8,15,5,11.6,15,TEAM-11-3,high,47.0
BAT-0001102,KNT-VLB,2019-10-05T18:00:00,2019-10-12T00:00:00,acoustic_transect,35.7,7,16,13,6.8,9,TEAM-11-3,high,24.5
BAT-0001103,KNT-VLB,2019-11-05T18:00:00,2019-11-12T00:00:00,fixed_acoustic_station,33.6,5,7,4,5.8,17,TEAM-11-3,acceptable,22.0
BAT-0001104,KNT-VLB,2019-12-05T18:00:00,2019-12-12T00:00:00,acoustic_and_visual,29.0,6,19,5,8.0,13,TEAM-11-3,high,28.3
BAT-0001105,KNT-VLB,2020-01-05T18:00:00,2020-01-12T00:00:00,fixed_acoustic_station,34.2,12,32,7,13.0,11,TEAM-11-3,high,0.0
BAT-0001106,KNT-VLB,2020-02-05T18:00:00,2020-02-12T00:00:00,acoustic_and_visual,37.2,12,42,24,12.3,10,TEAM-11-3,acceptable,16.3
BAT-0001107,KNT-VLB,2020-03-05T18:00:00,2020-03-12T00:00:00,acoustic_transect,35.7,33,46,14,42.2,10,TEAM-11-3,high,23.3
BAT-0001108,KNT-VLB,2020-04-05T18:00:00,2020-04-12T00:00:00,acoustic_and_visual,32.2,20,20,22,24.2,13,TEAM-11-3,acceptable,31.3
BAT-0001109,KNT-VLB,2020-05-05T18:00:00,2020-05-12T00:00:00,fixed_acoustic_station,25.7,20,27,13,21.0,11,TEAM-11-3,acceptable,51.1
BAT-0001110,KNT-VLB,2020-06-05T18:00:00,2020-06-12T00:00:00,acoustic_and_visual,31.8,22,25,10,23.9,18,TEAM-11-3,acceptable,43.5
BAT-0001111,KNT-VLB,2020-07-05T18:00:00,2020-07-12T00:00:00,acoustic_and_visual,20.7,4,24,6,2.5,5,TEAM-11-3,high,43.6
BAT-0001112,KNT-VLB,2020-08-05T18:00:00,2020-08-12T00:00:00,acoustic_transect,33.1,15,18,7,14.2,17,TEAM-11-3,acceptable,36.7
BAT-0001113,KNT-VLB,2020-09-05T18:00:00,2020-09-12T00:00:00,acoustic_transect,31.3,12,8,6,13.7,13,TEAM-11-3,acceptable,42.9
BAT-0001114,KNT-VLB,2020-10-05T18:00:00,2020-10-12T00:00:00,acoustic_transect,38.2,10,13,11,8.9,11,TEAM-11-3,high,18.2
BAT-0001115,KNT-VLB,2020-11-05T18:00:00,2020-11-12T00:00:00,fixed_acoustic_station,30.4,3,9,9,1.3,11,TEAM-11-3,high,31.3
BAT-0001116,KNT-VLB,2020-12-05T18:00:00,2020-12-12T00:00:00,acoustic_transect,37.0,18,21,12,22.3,11,TEAM-11-3,high,26.8
BAT-0001117,KNT-VLB,2021-01-05T18:00:00,2021-01-12T00:00:00,fixed_acoustic_station,28.0,5,21,7,6.3,12,TEAM-11-3,high,11.9
BAT-0001118,KNT-VLB,2021-02-05T18:00:00,2021-02-12T00:00:00,acoustic_transect,32.9,15,30,12,13.2,10,TEAM-11-3,high,18.2
BAT-0001119,KNT-VLB,2021-03-05T18:00:00,2021-03-12T00:00:00,acoustic_and_visual,39.6,27,50,17,29.9,6,TEAM-11-3,high,19.6
BAT-0001120,KNT-VLB,2021-04-05T18:00:00,2021-04-12T00:00:00,acoustic_transect,35.5,21,45,29,24.6,9,TEAM-11-3,high,21.7
BAT-0001121,KNT-VLB,2021-05-05T18:00:00,2021-05-12T00:00:00,acoustic_and_visual,31.2,20,44,16,18.8,9,TEAM-11-3,acceptable,36.5
BAT-0001122,KNT-VLB,2021-06-05T18:00:00,2021-06-12T00:00:00,fixed_acoustic_station,23.4,23,28,16,25.4,14,TEAM-11-3,high,45.4
BAT-0001123,KNT-VLB,2021-07-05T18:00:00,2021-07-12T00:00:00,acoustic_transect,23.5,17,24,9,15.3,9,TEAM-11-3,acceptable,26.1
BAT-0001124,KNT-VLB,2021-08-05T18:00:00,2021-08-12T00:00:00,acoustic_transect,28.4,13,21,11,12.8,11,TEAM-11-3,acceptable,47.3
BAT-0001125,KNT-VLB,2021-09-05T18:00:00,2021-09-12T00:00:00,acoustic_and_visual,35.7,15,21,11,20.2,7,TEAM-11-3,high,32.0
BAT-0001126,KNT-VLB,2021-10-05T18:00:00,2021-10-12T00:00:00,fixed_acoustic_station,33.7,11,20,5,13.9,12,TEAM-11-3,high,29.1
BAT-0001127,KNT-VLB,2021-11-05T18:00:00,2021-11-12T00:00:00,acoustic_and_visual,35.5,15,16,13,17.4,10,TEAM-11-3,acceptable,24.6
BAT-0001128,KNT-VLB,2021-12-05T18:00:00,2021-12-12T00:00:00,fixed_acoustic_station,31.0,7,23,13,8.7,8,TEAM-11-3,acceptable,23.9
BAT-0001129,KNT-VLB,2022-01-05T18:00:00,2022-01-12T00:00:00,fixed_acoustic_station,30.4,15,11,15,13.3,12,TEAM-11-3,high,23.9
BAT-0001130,KNT-VLB,2022-02-05T18:00:00,2022-02-12T00:00:00,fixed_acoustic_station,31.0,21,28,21,25.2,13,TEAM-11-3,high,27.4
BAT-0001131,KNT-VLB,2022-03-05T18:00:00,2022-03-12T00:00:00,acoustic_and_visual,35.7,23,46,13,26.3,8,TEAM-11-3,high,24.2
BAT-0001132,KNT-VLB,2022-04-05T18:00:00,2022-04-12T00:00:00,acoustic_transect,25.4,18,35,10,22.6,13,TEAM-11-3,acceptable,40.7
BAT-0001133,KNT-VLB,2022-05-05T18:00:00,2022-05-12T00:00:00,acoustic_and_visual,32.0,28,30,24,33.5,17,TEAM-11-3,acceptable,47.8
BAT-0001134,KNT-VLB,2022-06-05T18:00:00,2022-06-12T00:00:00,fixed_acoustic_station,29.7,27,21,18,37.1,11,TEAM-11-3,acceptable,48.3
BAT-0001135,KNT-VLB,2022-07-05T18:00:00,2022-07-12T00:00:00,acoustic_and_visual,27.9,15,24,16,17.1,12,TEAM-11-3,acceptable,44.2
BAT-0001136,KNT-VLB,2022-08-05T18:00:00,2022-08-12T00:00:00,acoustic_and_visual,24.3,9,15,3,9.8,13,TEAM-11-3,high,55.0
BAT-0001137,KNT-VLB,2022-09-05T18:00:00,2022-09-12T00:00:00,acoustic_and_visual,26.5,10,16,10,13.9,12,TEAM-11-3,high,53.7
BAT-0001138,KNT-VLB,2022-10-05T18:00:00,2022-10-12T00:00:00,fixed_acoustic_station,36.6,19,20,7,22.1,16,TEAM-11-3,high,38.6
BAT-0001139,KNT-VLB,2022-11-05T18:00:00,2022-11-12T00:00:00,acoustic_transect,31.7,13,15,6,11.8,12,TEAM-11-3,acceptable,32.5
BAT-0001140,KNT-VLB,2022-12-05T18:00:00,2022-12-12T00:00:00,fixed_acoustic_station,39.6,12,13,8,18.3,14,TEAM-11-3,acceptable,22.3
BAT-0001141,KNT-VLB,2023-01-05T18:00:00,2023-01-12T00:00:00,acoustic_transect,32.1,15,29,16,18.4,12,TEAM-11-3,high,20.7
BAT-0001142,KNT-VLB,2023-02-05T18:00:00,2023-02-12T00:00:00,acoustic_transect,42.2,16,32,10,22.6,15,TEAM-11-3,high,0.0
BAT-0001143,KNT-VLB,2023-03-05T18:00:00,2023-03-12T00:00:00,acoustic_transect,32.5,17,28,15,21.2,11,TEAM-11-3,high,32.3
BAT-0001144,KNT-VLB,2023-04-05T18:00:00,2023-04-12T00:00:00,fixed_acoustic_station,34.3,24,29,20,21.7,8,TEAM-11-3,high,44.0
BAT-0001145,KNT-VLB,2023-05-05T18:00:00,2023-05-12T00:00:00,fixed_acoustic_station,37.0,27,39,26,36.7,14,TEAM-11-3,acceptable,45.6
BAT-0001146,KNT-VLB,2023-06-05T18:00:00,2023-06-12T00:00:00,acoustic_transect,30.0,19,22,17,18.2,11,TEAM-11-3,acceptable,48.1
BAT-0001147,KNT-VLB,2023-07-05T18:00:00,2023-07-12T00:00:00,acoustic_and_visual,19.4,1,9,6,0.6,15,TEAM-11-3,acceptable,48.4
BAT-0001148,KNT-VLB,2023-08-05T18:00:00,2023-08-12T00:00:00,acoustic_transect,19.1,4,8,12,6.0,9,TEAM-11-3,high,63.6
BAT-0001149,KNT-VLB,2023-09-05T18:00:00,2023-09-12T00:00:00,acoustic_and_visual,35.0,14,11,12,16.3,18,TEAM-11-3,acceptable,35.7
BAT-0001150,KNT-VLB,2023-10-05T18:00:00,2023-10-12T00:00:00,acoustic_and_visual,28.8,16,21,6,16.7,7,TEAM-11-3,high,40.3
BAT-0001151,KNT-VLB,2023-11-05T18:00:00,2023-11-12T00:00:00,acoustic_and_visual,36.7,9,19,4,8.0,12,TEAM-11-3,acceptable,29.5
BAT-0001152,KNT-VLB,2023-12-05T18:00:00,2023-12-12T00:00:00,acoustic_transect,34.3,13,19,7,12.7,10,TEAM-11-3,high,12.8
BAT-0001153,KNT-VLB,2024-01-05T18:00:00,2024-01-12T00:00:00,fixed_acoustic_station,35.3,18,24,12,22.4,9,TEAM-11-3,high,26.0
BAT-0001154,KNT-VLB,2024-02-05T18:00:00,2024-02-12T00:00:00,acoustic_transect,29.6,20,39,12,23.3,10,TEAM-11-3,high,25.0
BAT-0001155,KNT-VLB,2024-03-05T18:00:00,2024-03-12T00:00:00,acoustic_and_visual,30.5,25,47,21,28.9,17,TEAM-11-3,high,20.3
BAT-0001156,KNT-VLB,2024-04-05T18:00:00,2024-04-12T00:00:00,acoustic_transect,33.1,19,36,8,22.6,10,TEAM-11-3,high,30.0
BAT-0001157,KNT-VLB,2024-05-05T18:00:00,2024-05-12T00:00:00,fixed_acoustic_station,28.5,18,25,14,18.6,6,TEAM-11-3,high,35.8
BAT-0001158,KNT-VLB,2024-06-05T18:00:00,2024-06-12T00:00:00,fixed_acoustic_station,33.0,29,31,18,36.9,10,TEAM-11-3,high,33.9
BAT-0001159,KNT-VLB,2024-07-05T18:00:00,2024-07-12T00:00:00,fixed_acoustic_station,21.0,15,17,5,18.3,7,TEAM-11-3,acceptable,64.0
BAT-0001160,KNT-VLB,2024-08-05T18:00:00,2024-08-12T00:00:00,acoustic_transect,24.0,9,12,5,8.0,9,TEAM-11-3,high,53.6
BAT-0001161,KNT-VLB,2024-09-05T18:00:00,2024-09-12T00:00:00,acoustic_and_visual,35.1,14,15,6,18.3,14,TEAM-11-3,acceptable,42.7
BAT-0001162,KNT-VLB,2024-10-05T18:00:00,2024-10-12T00:00:00,acoustic_and_visual,36.1,9,11,11,10.2,15,TEAM-11-3,high,37.2
BAT-0001163,KNT-VLB,2024-11-05T18:00:00,2024-11-12T00:00:00,fixed_acoustic_station,34.5,11,18,8,10.4,11,TEAM-11-3,high,15.5
BAT-0001164,KNT-VLB,2024-12-05T18:00:00,2024-12-12T00:00:00,acoustic_and_visual,35.1,18,16,13,22.0,9,TEAM-11-3,acceptable,36.3
BAT-0001165,KNT-VLB,2025-01-05T18:00:00,2025-01-12T00:00:00,acoustic_and_visual,35.4,18,28,15,11.9,12,TEAM-11-3,acceptable,12.8
BAT-0001166,KNT-VLB,2025-02-05T18:00:00,2025-02-12T00:00:00,acoustic_and_visual,32.2,19,38,18,22.2,12,TEAM-11-3,high,14.5
BAT-0001167,KNT-VLB,2025-03-05T18:00:00,2025-03-12T00:00:00,acoustic_transect,26.9,20,28,15,25.3,13,TEAM-11-3,high,38.4
BAT-0001168,KNT-VLB,2025-04-05T18:00:00,2025-04-12T00:00:00,acoustic_and_visual,34.7,30,53,26,39.2,16,TEAM-11-3,high,31.0
BAT-0001169,KNT-VLB,2025-05-05T18:00:00,2025-05-12T00:00:00,fixed_acoustic_station,34.4,35,24,17,33.2,5,TEAM-11-3,acceptable,43.3
BAT-0001170,KNT-VLB,2025-06-05T18:00:00,2025-06-12T00:00:00,acoustic_and_visual,35.2,18,26,15,16.9,10,TEAM-11-3,high,48.7
BAT-0001171,KNT-CHP,2019-01-05T18:00:00,2019-01-12T00:00:00,acoustic_and_visual,32.7,14,26,10,16.5,9,TEAM-11-4,high,19.6
BAT-0001172,KNT-CHP,2019-02-05T18:00:00,2019-02-12T00:00:00,acoustic_transect,33.5,27,44,15,25.0,15,TEAM-11-4,high,11.5
BAT-0001173,KNT-CHP,2019-03-05T18:00:00,2019-03-12T00:00:00,fixed_acoustic_station,21.1,14,32,14,14.4,7,TEAM-11-4,limited,27.1
BAT-0001174,KNT-CHP,2019-04-05T18:00:00,2019-04-12T00:00:00,acoustic_transect,18.1,14,9,10,16.5,7,TEAM-11-4,limited,19.4
BAT-0001175,KNT-CHP,2019-05-05T18:00:00,2019-05-12T00:00:00,acoustic_transect,26.6,15,56,14,18.5,11,TEAM-11-4,high,44.0
BAT-0001176,KNT-CHP,2019-06-05T18:00:00,2019-06-12T00:00:00,acoustic_and_visual,22.5,22,38,14,17.9,11,TEAM-11-4,high,48.3
BAT-0001177,KNT-CHP,2019-07-05T18:00:00,2019-07-12T00:00:00,fixed_acoustic_station,34.7,26,35,26,30.9,15,TEAM-11-4,acceptable,36.3
BAT-0001178,KNT-CHP,2019-08-05T18:00:00,2019-08-12T00:00:00,acoustic_and_visual,25.0,10,12,6,11.3,19,TEAM-11-4,acceptable,65.1
BAT-0001179,KNT-CHP,2019-09-05T18:00:00,2019-09-12T00:00:00,fixed_acoustic_station,15.4,9,8,4,10.7,26,TEAM-11-4,limited,52.7
BAT-0001180,KNT-CHP,2019-10-05T18:00:00,2019-10-12T00:00:00,fixed_acoustic_station,13.5,12,6,9,17.7,10,TEAM-11-4,limited,36.2
BAT-0001181,KNT-CHP,2019-11-05T18:00:00,2019-11-12T00:00:00,fixed_acoustic_station,33.8,17,34,10,19.3,24,TEAM-11-4,high,21.8
BAT-0001182,KNT-CHP,2019-12-05T18:00:00,2019-12-12T00:00:00,fixed_acoustic_station,31.0,13,31,13,15.0,17,TEAM-11-4,high,23.8
BAT-0001183,KNT-CHP,2020-01-05T18:00:00,2020-01-12T00:00:00,acoustic_transect,36.3,24,46,11,34.8,11,TEAM-11-4,high,10.9
BAT-0001184,KNT-CHP,2020-02-05T18:00:00,2020-02-12T00:00:00,acoustic_transect,33.0,25,44,24,30.9,19,TEAM-11-4,high,26.3
BAT-0001185,KNT-CHP,2020-03-05T18:00:00,2020-03-12T00:00:00,acoustic_transect,16.1,15,13,9,17.6,17,TEAM-11-4,limited,26.0
BAT-0001186,KNT-CHP,2020-04-05T18:00:00,2020-04-12T00:00:00,acoustic_transect,9.5,16,12,13,17.8,13,TEAM-11-4,limited,52.3
BAT-0001187,KNT-CHP,2020-05-05T18:00:00,2020-05-12T00:00:00,acoustic_and_visual,34.8,39,42,30,38.8,8,TEAM-11-4,acceptable,30.2
BAT-0001188,KNT-CHP,2020-06-05T18:00:00,2020-06-12T00:00:00,acoustic_and_visual,26.5,24,39,18,26.7,10,TEAM-11-4,high,60.1
BAT-0001189,KNT-CHP,2020-07-05T18:00:00,2020-07-12T00:00:00,acoustic_transect,21.2,17,16,4,19.8,9,TEAM-11-4,acceptable,69.3
BAT-0001190,KNT-CHP,2020-08-05T18:00:00,2020-08-12T00:00:00,acoustic_transect,25.4,11,13,9,13.7,12,TEAM-11-4,acceptable,63.6
BAT-0001191,KNT-CHP,2020-09-05T18:00:00,2020-09-12T00:00:00,acoustic_and_visual,16.7,13,12,6,15.7,17,TEAM-11-4,limited,45.6
BAT-0001192,KNT-CHP,2020-10-05T18:00:00,2020-10-12T00:00:00,acoustic_transect,15.1,8,16,9,10.8,12,TEAM-11-4,limited,50.5
BAT-0001193,KNT-CHP,2020-11-05T18:00:00,2020-11-12T00:00:00,fixed_acoustic_station,28.6,11,21,9,14.2,9,TEAM-11-4,acceptable,33.9
BAT-0001194,KNT-CHP,2020-12-05T18:00:00,2020-12-12T00:00:00,fixed_acoustic_station,30.7,21,33,12,25.1,9,TEAM-11-4,high,19.8
BAT-0001195,KNT-CHP,2021-01-05T18:00:00,2021-01-12T00:00:00,acoustic_transect,37.7,29,57,20,26.4,6,TEAM-11-4,high,13.6
BAT-0001196,KNT-CHP,2021-02-05T18:00:00,2021-02-12T00:00:00,acoustic_and_visual,38.8,23,44,25,26.1,9,TEAM-11-4,acceptable,19.3
BAT-0001197,KNT-CHP,2021-03-05T18:00:00,2021-03-12T00:00:00,fixed_acoustic_station,24.2,16,15,13,19.3,16,TEAM-11-4,limited,27.2
BAT-0001198,KNT-CHP,2021-04-05T18:00:00,2021-04-12T00:00:00,fixed_acoustic_station,17.7,15,16,16,18.4,13,TEAM-11-4,limited,28.4
BAT-0001199,KNT-CHP,2021-05-05T18:00:00,2021-05-12T00:00:00,acoustic_and_visual,29.9,29,41,16,27.5,19,TEAM-11-4,high,37.8
BAT-0001200,KNT-CHP,2021-06-05T18:00:00,2021-06-12T00:00:00,fixed_acoustic_station,25.7,27,26,19,24.6,15,TEAM-11-4,acceptable,54.9
BAT-0001201,KNT-CHP,2021-07-05T18:00:00,2021-07-12T00:00:00,fixed_acoustic_station,28.1,21,16,14,22.5,11,TEAM-11-4,high,47.7
BAT-0001202,KNT-CHP,2021-08-05T18:00:00,2021-08-12T00:00:00,fixed_acoustic_station,24.0,12,12,8,14.2,15,TEAM-11-4,acceptable,48.6
BAT-0001203,KNT-CHP,2021-09-05T18:00:00,2021-09-12T00:00:00,fixed_acoustic_station,20.3,9,13,4,8.8,13,TEAM-11-4,acceptable,44.2
BAT-0001204,KNT-CHP,2021-10-05T18:00:00,2021-10-12T00:00:00,fixed_acoustic_station,12.5,2,5,3,1.3,16,TEAM-11-4,limited,43.0
BAT-0001205,KNT-CHP,2021-11-05T18:00:00,2021-11-12T00:00:00,acoustic_transect,33.1,16,14,7,20.8,18,TEAM-11-4,high,13.9
BAT-0001206,KNT-CHP,2021-12-05T18:00:00,2021-12-12T00:00:00,acoustic_and_visual,35.0,21,28,10,24.3,11,TEAM-11-4,high,23.6
BAT-0001207,KNT-CHP,2022-01-05T18:00:00,2022-01-12T00:00:00,acoustic_and_visual,32.8,20,38,13,24.2,9,TEAM-11-4,acceptable,12.7
BAT-0001208,KNT-CHP,2022-02-05T18:00:00,2022-02-12T00:00:00,fixed_acoustic_station,34.9,31,44,31,37.4,20,TEAM-11-4,acceptable,24.7
BAT-0001209,KNT-CHP,2022-03-05T18:00:00,2022-03-12T00:00:00,acoustic_transect,20.8,15,9,23,17.1,14,TEAM-11-4,limited,19.7
BAT-0001210,KNT-CHP,2022-04-05T18:00:00,2022-04-12T00:00:00,fixed_acoustic_station,9.5,18,11,14,21.1,9,TEAM-11-4,limited,39.5
BAT-0001211,KNT-CHP,2022-05-05T18:00:00,2022-05-12T00:00:00,acoustic_transect,31.9,34,27,27,30.6,17,TEAM-11-4,acceptable,33.5
BAT-0001212,KNT-CHP,2022-06-05T18:00:00,2022-06-12T00:00:00,acoustic_transect,27.8,22,50,20,20.1,11,TEAM-11-4,high,39.5
BAT-0001213,KNT-CHP,2022-07-05T18:00:00,2022-07-12T00:00:00,acoustic_and_visual,27.3,11,22,21,16.3,15,TEAM-11-4,high,53.5
BAT-0001214,KNT-CHP,2022-08-05T18:00:00,2022-08-12T00:00:00,acoustic_transect,21.8,17,20,13,20.6,8,TEAM-11-4,high,40.2
BAT-0001215,KNT-CHP,2022-09-05T18:00:00,2022-09-12T00:00:00,acoustic_and_visual,17.0,9,3,9,9.1,13,TEAM-11-4,limited,35.8
BAT-0001216,KNT-CHP,2022-10-05T18:00:00,2022-10-12T00:00:00,acoustic_and_visual,20.3,19,9,10,24.7,8,TEAM-11-4,limited,45.6
BAT-0001217,KNT-CHP,2022-11-05T18:00:00,2022-11-12T00:00:00,fixed_acoustic_station,30.2,10,19,12,9.0,22,TEAM-11-4,acceptable,34.4
BAT-0001218,KNT-CHP,2022-12-05T18:00:00,2022-12-12T00:00:00,acoustic_and_visual,35.6,13,29,20,14.3,17,TEAM-11-4,high,29.0
BAT-0001219,KNT-CHP,2023-01-05T18:00:00,2023-01-12T00:00:00,acoustic_and_visual,33.6,24,31,20,29.4,12,TEAM-11-4,high,23.3
BAT-0001220,KNT-CHP,2023-02-05T18:00:00,2023-02-12T00:00:00,acoustic_and_visual,33.0,25,26,10,28.6,10,TEAM-11-4,acceptable,29.7
BAT-0001221,KNT-CHP,2023-03-05T18:00:00,2023-03-12T00:00:00,fixed_acoustic_station,11.4,13,16,14,13.3,13,TEAM-11-4,limited,25.0
BAT-0001222,KNT-CHP,2023-04-05T18:00:00,2023-04-12T00:00:00,fixed_acoustic_station,15.7,17,20,9,22.6,13,TEAM-11-4,limited,35.2
BAT-0001223,KNT-CHP,2023-05-05T18:00:00,2023-05-12T00:00:00,acoustic_and_visual,31.4,21,47,25,25.3,12,TEAM-11-4,acceptable,36.6
BAT-0001224,KNT-CHP,2023-06-05T18:00:00,2023-06-12T00:00:00,fixed_acoustic_station,30.1,27,28,22,34.0,19,TEAM-11-4,acceptable,40.1
BAT-0001225,KNT-CHP,2023-07-05T18:00:00,2023-07-12T00:00:00,fixed_acoustic_station,26.3,29,27,14,36.9,13,TEAM-11-4,acceptable,53.7
BAT-0001226,KNT-CHP,2023-08-05T18:00:00,2023-08-12T00:00:00,fixed_acoustic_station,31.2,19,24,15,23.2,13,TEAM-11-4,acceptable,52.1
BAT-0001227,KNT-CHP,2023-09-05T18:00:00,2023-09-12T00:00:00,acoustic_transect,26.1,15,14,14,15.9,10,TEAM-11-4,limited,17.6
BAT-0001228,KNT-CHP,2023-10-05T18:00:00,2023-10-12T00:00:00,acoustic_transect,20.2,8,5,6,3.3,12,TEAM-11-4,limited,31.1
BAT-0001229,KNT-CHP,2023-11-05T18:00:00,2023-11-12T00:00:00,acoustic_and_visual,39.7,29,42,13,25.7,14,TEAM-11-4,high,15.0
BAT-0001230,KNT-CHP,2023-12-05T18:00:00,2023-12-12T00:00:00,acoustic_and_visual,34.7,16,29,18,14.3,12,TEAM-11-4,high,29.6
BAT-0001231,KNT-CHP,2024-01-05T18:00:00,2024-01-12T00:00:00,acoustic_transect,37.0,26,39,16,25.7,10,TEAM-11-4,high,27.4
BAT-0001232,KNT-CHP,2024-02-05T18:00:00,2024-02-12T00:00:00,acoustic_and_visual,34.7,28,37,16,31.9,11,TEAM-11-4,acceptable,27.9
BAT-0001233,KNT-CHP,2024-03-05T18:00:00,2024-03-12T00:00:00,acoustic_transect,15.0,17,7,10,22.1,11,TEAM-11-4,limited,13.1
BAT-0001234,KNT-CHP,2024-04-05T18:00:00,2024-04-12T00:00:00,acoustic_and_visual,15.1,12,13,13,13.8,14,TEAM-11-4,limited,53.4
BAT-0001235,KNT-CHP,2024-05-05T18:00:00,2024-05-12T00:00:00,fixed_acoustic_station,32.8,38,21,17,48.2,14,TEAM-11-4,acceptable,36.7
BAT-0001236,KNT-CHP,2024-06-05T18:00:00,2024-06-12T00:00:00,acoustic_and_visual,35.4,35,37,16,47.5,7,TEAM-11-4,high,34.6
BAT-0001237,KNT-CHP,2024-07-05T18:00:00,2024-07-12T00:00:00,fixed_acoustic_station,17.1,11,27,11,10.9,12,TEAM-11-4,high,57.8
BAT-0001238,KNT-CHP,2024-08-05T18:00:00,2024-08-12T00:00:00,fixed_acoustic_station,28.8,16,19,8,16.1,15,TEAM-11-4,acceptable,51.6
BAT-0001239,KNT-CHP,2024-09-05T18:00:00,2024-09-12T00:00:00,acoustic_and_visual,20.2,11,17,8,11.3,12,TEAM-11-4,limited,41.0
BAT-0001240,KNT-CHP,2024-10-05T18:00:00,2024-10-12T00:00:00,acoustic_transect,11.1,8,10,3,6.3,9,TEAM-11-4,limited,37.6
BAT-0001241,KNT-CHP,2024-11-05T18:00:00,2024-11-12T00:00:00,acoustic_and_visual,35.7,17,24,13,16.5,14,TEAM-11-4,high,34.0
BAT-0001242,KNT-CHP,2024-12-05T18:00:00,2024-12-12T00:00:00,acoustic_and_visual,37.1,16,21,10,15.8,9,TEAM-11-4,acceptable,18.6
BAT-0001243,KNT-CHP,2025-01-05T18:00:00,2025-01-12T00:00:00,fixed_acoustic_station,26.9,16,30,19,17.8,4,TEAM-11-4,acceptable,16.1
BAT-0001244,KNT-CHP,2025-02-05T18:00:00,2025-02-12T00:00:00,fixed_acoustic_station,41.5,19,42,16,27.0,7,TEAM-11-4,high,0.0
BAT-0001245,KNT-CHP,2025-03-05T18:00:00,2025-03-12T00:00:00,acoustic_and_visual,14.3,8,10,11,6.2,13,TEAM-11-4,limited,22.2
BAT-0001246,KNT-CHP,2025-04-05T18:00:00,2025-04-12T00:00:00,fixed_acoustic_station,14.0,10,14,15,7.9,13,TEAM-11-4,limited,28.3
BAT-0001247,KNT-CHP,2025-05-05T18:00:00,2025-05-12T00:00:00,fixed_acoustic_station,29.7,24,43,14,19.1,11,TEAM-11-4,high,38.4
BAT-0001248,KNT-CHP,2025-06-05T18:00:00,2025-06-12T00:00:00,acoustic_transect,32.0,25,34,24,26.8,13,TEAM-11-4,high,46.8
BAT-0001249,KNT-YRG,2019-01-05T18:00:00,2019-01-12T00:00:00,acoustic_transect,31.8,11,12,3,9.6,7,TEAM-11-5,high,24.9
BAT-0001250,KNT-YRG,2019-02-05T18:00:00,2019-02-12T00:00:00,acoustic_and_visual,31.6,9,12,3,9.2,13,TEAM-11-5,high,25.9
BAT-0001251,KNT-YRG,2019-03-05T18:00:00,2019-03-12T00:00:00,fixed_acoustic_station,32.0,10,14,8,8.3,9,TEAM-11-5,high,22.9
BAT-0001252,KNT-YRG,2019-04-05T18:00:00,2019-04-12T00:00:00,acoustic_and_visual,22.4,1,8,2,1.7,8,TEAM-11-5,acceptable,53.4
BAT-0001253,KNT-YRG,2019-05-05T18:00:00,2019-05-12T00:00:00,acoustic_and_visual,26.7,7,12,5,5.8,9,TEAM-11-5,acceptable,44.4
BAT-0001254,KNT-YRG,2019-06-05T18:00:00,2019-06-12T00:00:00,acoustic_and_visual,18.5,2,5,1,1.5,9,TEAM-11-5,acceptable,66.7
BAT-0001255,KNT-YRG,2019-07-05T18:00:00,2019-07-12T00:00:00,acoustic_transect,22.8,5,4,5,4.5,12,TEAM-11-5,acceptable,71.5
BAT-0001256,KNT-YRG,2019-08-05T18:00:00,2019-08-12T00:00:00,fixed_acoustic_station,27.4,7,11,7,9.2,5,TEAM-11-5,acceptable,60.9
BAT-0001257,KNT-YRG,2019-09-05T18:00:00,2019-09-12T00:00:00,fixed_acoustic_station,18.6,4,4,2,1.8,9,TEAM-11-5,acceptable,51.7
BAT-0001258,KNT-YRG,2019-10-05T18:00:00,2019-10-12T00:00:00,fixed_acoustic_station,26.0,3,1,0,3.6,7,TEAM-11-5,acceptable,42.0
BAT-0001259,KNT-YRG,2019-11-05T18:00:00,2019-11-12T00:00:00,acoustic_transect,34.9,3,8,2,2.9,9,TEAM-11-5,high,36.8
BAT-0001260,KNT-YRG,2019-12-05T18:00:00,2019-12-12T00:00:00,acoustic_transect,26.5,9,5,2,6.6,6,TEAM-11-5,limited,22.7
BAT-0001261,KNT-YRG,2020-01-05T18:00:00,2020-01-12T00:00:00,fixed_acoustic_station,31.7,4,4,4,6.4,8,TEAM-11-5,acceptable,23.7
BAT-0001262,KNT-YRG,2020-02-05T18:00:00,2020-02-12T00:00:00,acoustic_transect,36.6,6,15,11,5.1,9,TEAM-11-5,high,1.0
BAT-0001263,KNT-YRG,2020-03-05T18:00:00,2020-03-12T00:00:00,acoustic_transect,33.5,14,16,6,13.7,5,TEAM-11-5,high,28.0
BAT-0001264,KNT-YRG,2020-04-05T18:00:00,2020-04-12T00:00:00,fixed_acoustic_station,24.4,9,5,4,10.1,8,TEAM-11-5,acceptable,62.0
BAT-0001265,KNT-YRG,2020-05-05T18:00:00,2020-05-12T00:00:00,acoustic_and_visual,30.7,6,9,3,6.2,7,TEAM-11-5,acceptable,65.0
BAT-0001266,KNT-YRG,2020-06-05T18:00:00,2020-06-12T00:00:00,acoustic_transect,25.0,5,9,4,7.9,8,TEAM-11-5,high,51.2
BAT-0001267,KNT-YRG,2020-07-05T18:00:00,2020-07-12T00:00:00,acoustic_and_visual,17.8,2,4,4,4.8,14,TEAM-11-5,acceptable,90.5
BAT-0001268,KNT-YRG,2020-08-05T18:00:00,2020-08-12T00:00:00,fixed_acoustic_station,24.0,4,5,3,4.3,10,TEAM-11-5,acceptable,55.0
BAT-0001269,KNT-YRG,2020-09-05T18:00:00,2020-09-12T00:00:00,fixed_acoustic_station,27.8,4,3,3,6.1,15,TEAM-11-5,acceptable,51.8
BAT-0001270,KNT-YRG,2020-10-05T18:00:00,2020-10-12T00:00:00,acoustic_and_visual,30.3,6,6,3,4.7,13,TEAM-11-5,acceptable,63.6
BAT-0001271,KNT-YRG,2020-11-05T18:00:00,2020-11-12T00:00:00,acoustic_transect,38.7,5,8,3,9.7,8,TEAM-11-5,acceptable,27.2
BAT-0001272,KNT-YRG,2020-12-05T18:00:00,2020-12-12T00:00:00,fixed_acoustic_station,35.3,7,8,7,6.3,6,TEAM-11-5,acceptable,27.9
BAT-0001273,KNT-YRG,2021-01-05T18:00:00,2021-01-12T00:00:00,acoustic_transect,35.9,7,16,4,7.5,13,TEAM-11-5,high,17.0
BAT-0001274,KNT-YRG,2021-02-05T18:00:00,2021-02-12T00:00:00,acoustic_and_visual,35.9,11,10,3,13.8,8,TEAM-11-5,high,12.6
BAT-0001275,KNT-YRG,2021-03-05T18:00:00,2021-03-12T00:00:00,acoustic_and_visual,31.9,7,12,5,8.1,10,TEAM-11-5,high,26.1
BAT-0001276,KNT-YRG,2021-04-05T18:00:00,2021-04-12T00:00:00,fixed_acoustic_station,31.4,11,8,8,13.7,8,TEAM-11-5,acceptable,45.5
BAT-0001277,KNT-YRG,2021-05-05T18:00:00,2021-05-12T00:00:00,fixed_acoustic_station,25.3,4,9,8,4.4,10,TEAM-11-5,acceptable,67.1
BAT-0001278,KNT-YRG,2021-06-05T18:00:00,2021-06-12T00:00:00,acoustic_and_visual,26.7,8,6,5,7.9,10,TEAM-11-5,high,58.9
BAT-0001279,KNT-YRG,2021-07-05T18:00:00,2021-07-12T00:00:00,acoustic_and_visual,27.5,3,8,4,2.7,5,TEAM-11-5,high,57.9
BAT-0001280,KNT-YRG,2021-08-05T18:00:00,2021-08-12T00:00:00,fixed_acoustic_station,24.3,6,5,4,6.9,8,TEAM-11-5,acceptable,52.2
BAT-0001281,KNT-YRG,2021-09-05T18:00:00,2021-09-12T00:00:00,acoustic_transect,26.2,5,5,1,5.2,9,TEAM-11-5,high,50.1
BAT-0001282,KNT-YRG,2021-10-05T18:00:00,2021-10-12T00:00:00,fixed_acoustic_station,22.6,0,1,3,0.0,10,TEAM-11-5,acceptable,61.9
BAT-0001283,KNT-YRG,2021-11-05T18:00:00,2021-11-12T00:00:00,acoustic_and_visual,36.4,1,4,4,0.8,8,TEAM-11-5,high,28.0
BAT-0001284,KNT-YRG,2021-12-05T18:00:00,2021-12-12T00:00:00,acoustic_and_visual,35.6,7,10,4,10.4,9,TEAM-11-5,high,25.3
BAT-0001285,KNT-YRG,2022-01-05T18:00:00,2022-01-12T00:00:00,acoustic_transect,37.2,8,4,3,10.9,12,TEAM-11-5,acceptable,29.6
BAT-0001286,KNT-YRG,2022-02-05T18:00:00,2022-02-12T00:00:00,fixed_acoustic_station,31.1,5,17,8,4.0,17,TEAM-11-5,high,19.6
BAT-0001287,KNT-YRG,2022-03-05T18:00:00,2022-03-12T00:00:00,acoustic_and_visual,31.0,9,11,4,10.8,8,TEAM-11-5,acceptable,36.0
BAT-0001288,KNT-YRG,2022-04-05T18:00:00,2022-04-12T00:00:00,acoustic_and_visual,25.8,6,6,8,3.9,12,TEAM-11-5,acceptable,51.2
BAT-0001289,KNT-YRG,2022-05-05T18:00:00,2022-05-12T00:00:00,fixed_acoustic_station,28.5,11,15,4,12.6,7,TEAM-11-5,acceptable,45.1
BAT-0001290,KNT-YRG,2022-06-05T18:00:00,2022-06-12T00:00:00,fixed_acoustic_station,19.6,3,8,3,3.7,11,TEAM-11-5,acceptable,73.4
BAT-0001291,KNT-YRG,2022-07-05T18:00:00,2022-07-12T00:00:00,acoustic_and_visual,26.2,6,9,4,7.2,14,TEAM-11-5,acceptable,54.7
BAT-0001292,KNT-YRG,2022-08-05T18:00:00,2022-08-12T00:00:00,acoustic_and_visual,26.7,6,5,2,8.4,16,TEAM-11-5,acceptable,59.0
BAT-0001293,KNT-YRG,2022-09-05T18:00:00,2022-09-12T00:00:00,fixed_acoustic_station,23.9,4,7,5,1.5,17,TEAM-11-5,high,62.8
BAT-0001294,KNT-YRG,2022-10-05T18:00:00,2022-10-12T00:00:00,acoustic_transect,25.8,3,5,1,1.6,8,TEAM-11-5,high,40.9
BAT-0001295,KNT-YRG,2022-11-05T18:00:00,2022-11-12T00:00:00,acoustic_and_visual,32.3,5,7,2,5.5,12,TEAM-11-5,high,40.0
BAT-0001296,KNT-YRG,2022-12-05T18:00:00,2022-12-12T00:00:00,acoustic_transect,27.3,1,12,4,3.9,9,TEAM-11-5,high,35.5
BAT-0001297,KNT-YRG,2023-01-05T18:00:00,2023-01-12T00:00:00,acoustic_transect,40.6,8,16,5,5.5,10,TEAM-11-5,high,8.1
BAT-0001298,KNT-YRG,2023-02-05T18:00:00,2023-02-12T00:00:00,fixed_acoustic_station,38.1,6,14,4,7.4,8,TEAM-11-5,high,17.4
BAT-0001299,KNT-YRG,2023-03-05T18:00:00,2023-03-12T00:00:00,acoustic_transect,31.0,8,16,4,10.0,9,TEAM-11-5,high,29.1
BAT-0001300,KNT-YRG,2023-04-05T18:00:00,2023-04-12T00:00:00,acoustic_transect,27.5,8,3,4,8.4,8,TEAM-11-5,high,50.7
BAT-0001301,KNT-YRG,2023-05-05T18:00:00,2023-05-12T00:00:00,acoustic_and_visual,17.4,7,11,6,8.3,7,TEAM-11-5,acceptable,64.7
BAT-0001302,KNT-YRG,2023-06-05T18:00:00,2023-06-12T00:00:00,fixed_acoustic_station,23.3,7,9,7,6.6,9,TEAM-11-5,high,69.2
BAT-0001303,KNT-YRG,2023-07-05T18:00:00,2023-07-12T00:00:00,acoustic_transect,24.7,6,3,5,7.9,14,TEAM-11-5,acceptable,64.8
BAT-0001304,KNT-YRG,2023-08-05T18:00:00,2023-08-12T00:00:00,acoustic_transect,28.3,6,5,1,6.9,7,TEAM-11-5,high,59.4
BAT-0001305,KNT-YRG,2023-09-05T18:00:00,2023-09-12T00:00:00,acoustic_and_visual,23.4,4,4,4,4.4,6,TEAM-11-5,high,61.6
BAT-0001306,KNT-YRG,2023-10-05T18:00:00,2023-10-12T00:00:00,fixed_acoustic_station,32.3,4,3,1,3.5,9,TEAM-11-5,acceptable,40.5
BAT-0001307,KNT-YRG,2023-11-05T18:00:00,2023-11-12T00:00:00,acoustic_transect,35.4,5,5,1,3.8,10,TEAM-11-5,high,28.9
BAT-0001308,KNT-YRG,2023-12-05T18:00:00,2023-12-12T00:00:00,acoustic_transect,31.0,5,10,3,6.8,12,TEAM-11-5,high,21.7
BAT-0001309,KNT-YRG,2024-01-05T18:00:00,2024-01-12T00:00:00,acoustic_and_visual,29.9,8,7,3,9.4,6,TEAM-11-5,high,29.7
BAT-0001310,KNT-YRG,2024-02-05T18:00:00,2024-02-12T00:00:00,fixed_acoustic_station,30.0,6,16,5,7.9,8,TEAM-11-5,high,34.9
BAT-0001311,KNT-YRG,2024-03-05T18:00:00,2024-03-12T00:00:00,fixed_acoustic_station,26.3,11,7,9,12.8,8,TEAM-11-5,high,44.5
BAT-0001312,KNT-YRG,2024-04-05T18:00:00,2024-04-12T00:00:00,acoustic_transect,28.7,2,4,5,1.9,8,TEAM-11-5,high,49.6
BAT-0001313,KNT-YRG,2024-05-05T18:00:00,2024-05-12T00:00:00,acoustic_and_visual,26.8,6,7,13,10.8,11,TEAM-11-5,acceptable,58.2
BAT-0001314,KNT-YRG,2024-06-05T18:00:00,2024-06-12T00:00:00,acoustic_transect,23.8,4,8,1,3.1,10,TEAM-11-5,high,60.5
BAT-0001315,KNT-YRG,2024-07-05T18:00:00,2024-07-12T00:00:00,acoustic_and_visual,26.0,7,6,4,9.3,6,TEAM-11-5,high,60.5
BAT-0001316,KNT-YRG,2024-08-05T18:00:00,2024-08-12T00:00:00,acoustic_transect,24.8,5,5,4,6.7,11,TEAM-11-5,acceptable,61.3
BAT-0001317,KNT-YRG,2024-09-05T18:00:00,2024-09-12T00:00:00,acoustic_transect,21.6,1,4,3,0.0,10,TEAM-11-5,acceptable,47.1
BAT-0001318,KNT-YRG,2024-10-05T18:00:00,2024-10-12T00:00:00,acoustic_transect,23.9,6,7,6,10.6,6,TEAM-11-5,acceptable,49.7
BAT-0001319,KNT-YRG,2024-11-05T18:00:00,2024-11-12T00:00:00,acoustic_transect,37.5,4,11,4,3.6,11,TEAM-11-5,high,36.4
BAT-0001320,KNT-YRG,2024-12-05T18:00:00,2024-12-12T00:00:00,acoustic_transect,30.9,8,5,4,8.3,13,TEAM-11-5,acceptable,47.0
BAT-0001321,KNT-YRG,2025-01-05T18:00:00,2025-01-12T00:00:00,acoustic_and_visual,34.0,11,6,5,13.9,8,TEAM-11-5,acceptable,29.6
BAT-0001322,KNT-YRG,2025-02-05T18:00:00,2025-02-12T00:00:00,acoustic_and_visual,24.2,8,8,0,6.8,3,TEAM-11-5,high,29.3
BAT-0001323,KNT-YRG,2025-03-05T18:00:00,2025-03-12T00:00:00,acoustic_transect,33.3,4,12,9,2.7,9,TEAM-11-5,high,34.9
BAT-0001324,KNT-YRG,2025-04-05T18:00:00,2025-04-12T00:00:00,acoustic_and_visual,28.4,6,11,4,4.4,11,TEAM-11-5,acceptable,53.6
BAT-0001325,KNT-YRG,2025-05-05T18:00:00,2025-05-12T00:00:00,acoustic_and_visual,26.1,10,7,4,6.5,14,TEAM-11-5,high,75.5
BAT-0001326,KNT-YRG,2025-06-05T18:00:00,2025-06-12T00:00:00,acoustic_and_visual,22.0,7,4,6,6.8,10,TEAM-11-5,acceptable,63.4
BAT-0001327,KNT-WUQ,2019-01-05T18:00:00,2019-01-12T00:00:00,fixed_acoustic_station,36.0,22,31,11,26.3,7,TEAM-11-1,high,11.5
BAT-0001328,KNT-WUQ,2019-02-05T18:00:00,2019-02-12T00:00:00,acoustic_and_visual,35.3,29,30,12,32.0,10,TEAM-11-1,high,5.7
BAT-0001329,KNT-WUQ,2019-03-05T18:00:00,2019-03-12T00:00:00,acoustic_transect,40.7,24,40,20,23.2,8,TEAM-11-1,acceptable,14.9
BAT-0001330,KNT-WUQ,2019-04-05T18:00:00,2019-04-12T00:00:00,acoustic_and_visual,30.2,23,21,13,23.5,9,TEAM-11-1,acceptable,43.7
BAT-0001331,KNT-WUQ,2019-05-05T18:00:00,2019-05-12T00:00:00,acoustic_transect,28.9,17,22,17,13.8,11,TEAM-11-1,acceptable,42.7
BAT-0001332,KNT-WUQ,2019-06-05T18:00:00,2019-06-12T00:00:00,acoustic_and_visual,30.7,21,17,15,19.6,15,TEAM-11-1,limited,55.0
BAT-0001333,KNT-WUQ,2019-07-05T18:00:00,2019-07-12T00:00:00,acoustic_and_visual,23.8,12,15,7,15.1,12,TEAM-11-1,acceptable,66.5
BAT-0001334,KNT-WUQ,2019-08-05T18:00:00,2019-08-12T00:00:00,acoustic_transect,24.2,11,14,5,14.0,10,TEAM-11-1,acceptable,31.6
BAT-0001335,KNT-WUQ,2019-09-05T18:00:00,2019-09-12T00:00:00,acoustic_and_visual,30.0,6,26,12,5.0,9,TEAM-11-1,high,42.4
BAT-0001336,KNT-WUQ,2019-10-05T18:00:00,2019-10-12T00:00:00,acoustic_and_visual,31.8,10,30,8,10.2,8,TEAM-11-1,high,14.1
BAT-0001337,KNT-WUQ,2019-11-05T18:00:00,2019-11-12T00:00:00,acoustic_transect,37.5,13,25,13,15.1,7,TEAM-11-1,high,25.5
BAT-0001338,KNT-WUQ,2019-12-05T18:00:00,2019-12-12T00:00:00,acoustic_transect,30.3,12,20,11,11.4,4,TEAM-11-1,acceptable,33.3
BAT-0001339,KNT-WUQ,2020-01-05T18:00:00,2020-01-12T00:00:00,acoustic_and_visual,30.5,7,25,10,6.2,8,TEAM-11-1,high,15.6
BAT-0001340,KNT-WUQ,2020-02-05T18:00:00,2020-02-12T00:00:00,fixed_acoustic_station,31.0,16,34,14,16.6,6,TEAM-11-1,acceptable,19.1
BAT-0001341,KNT-WUQ,2020-03-05T18:00:00,2020-03-12T00:00:00,acoustic_transect,39.4,21,21,22,22.0,7,TEAM-11-1,high,36.6
BAT-0001342,KNT-WUQ,2020-04-05T18:00:00,2020-04-12T00:00:00,fixed_acoustic_station,26.2,20,20,15,22.5,13,TEAM-11-1,high,39.9
BAT-0001343,KNT-WUQ,2020-05-05T18:00:00,2020-05-12T00:00:00,acoustic_and_visual,30.9,20,22,13,20.5,9,TEAM-11-1,acceptable,49.0
BAT-0001344,KNT-WUQ,2020-06-05T18:00:00,2020-06-12T00:00:00,acoustic_and_visual,31.2,16,32,12,18.0,10,TEAM-11-1,high,40.5
BAT-0001345,KNT-WUQ,2020-07-05T18:00:00,2020-07-12T00:00:00,fixed_acoustic_station,31.5,7,22,13,8.9,11,TEAM-11-1,acceptable,40.3
BAT-0001346,KNT-WUQ,2020-08-05T18:00:00,2020-08-12T00:00:00,acoustic_and_visual,32.2,11,25,13,12.5,10,TEAM-11-1,high,46.3
BAT-0001347,KNT-WUQ,2020-09-05T18:00:00,2020-09-12T00:00:00,fixed_acoustic_station,34.2,17,21,6,19.4,10,TEAM-11-1,acceptable,40.3
BAT-0001348,KNT-WUQ,2020-10-05T18:00:00,2020-10-12T00:00:00,acoustic_and_visual,26.3,6,24,6,5.8,7,TEAM-11-1,high,30.8
BAT-0001349,KNT-WUQ,2020-11-05T18:00:00,2020-11-12T00:00:00,fixed_acoustic_station,34.1,15,28,7,18.9,16,TEAM-11-1,acceptable,12.3
BAT-0001350,KNT-WUQ,2020-12-05T18:00:00,2020-12-12T00:00:00,acoustic_transect,33.6,16,28,10,20.1,9,TEAM-11-1,high,17.2
BAT-0001351,KNT-WUQ,2021-01-05T18:00:00,2021-01-12T00:00:00,fixed_acoustic_station,26.3,11,22,11,14.6,15,TEAM-11-1,high,23.1
BAT-0001352,KNT-WUQ,2021-02-05T18:00:00,2021-02-12T00:00:00,acoustic_transect,26.8,18,31,13,17.1,7,TEAM-11-1,high,23.0
BAT-0001353,KNT-WUQ,2021-03-05T18:00:00,2021-03-12T00:00:00,fixed_acoustic_station,33.7,22,29,15,22.8,5,TEAM-11-1,high,31.5
BAT-0001354,KNT-WUQ,2021-04-05T18:00:00,2021-04-12T00:00:00,acoustic_transect,23.8,7,18,8,9.9,7,TEAM-11-1,acceptable,49.4
BAT-0001355,KNT-WUQ,2021-05-05T18:00:00,2021-05-12T00:00:00,acoustic_and_visual,25.2,12,21,11,14.1,14,TEAM-11-1,acceptable,53.8
BAT-0001356,KNT-WUQ,2021-06-05T18:00:00,2021-06-12T00:00:00,fixed_acoustic_station,19.9,7,24,7,7.8,13,TEAM-11-1,acceptable,63.4
BAT-0001357,KNT-WUQ,2021-07-05T18:00:00,2021-07-12T00:00:00,fixed_acoustic_station,22.6,12,11,11,13.2,7,TEAM-11-1,acceptable,53.3
BAT-0001358,KNT-WUQ,2021-08-05T18:00:00,2021-08-12T00:00:00,fixed_acoustic_station,26.0,16,14,12,10.4,13,TEAM-11-1,acceptable,51.4
BAT-0001359,KNT-WUQ,2021-09-05T18:00:00,2021-09-12T00:00:00,fixed_acoustic_station,33.3,6,12,5,3.4,8,TEAM-11-1,acceptable,37.8
BAT-0001360,KNT-WUQ,2021-10-05T18:00:00,2021-10-12T00:00:00,fixed_acoustic_station,32.0,16,16,6,15.8,14,TEAM-11-1,high,25.2
BAT-0001361,KNT-WUQ,2021-11-05T18:00:00,2021-11-12T00:00:00,acoustic_transect,33.2,11,17,10,12.2,10,TEAM-11-1,high,29.1
BAT-0001362,KNT-WUQ,2021-12-05T18:00:00,2021-12-12T00:00:00,acoustic_and_visual,38.4,22,39,16,31.3,10,TEAM-11-1,high,14.7
BAT-0001363,KNT-WUQ,2022-01-05T18:00:00,2022-01-12T00:00:00,acoustic_and_visual,38.9,31,33,10,36.1,9,TEAM-11-1,high,22.8
BAT-0001364,KNT-WUQ,2022-02-05T18:00:00,2022-02-12T00:00:00,acoustic_transect,37.4,28,37,15,34.5,16,TEAM-11-1,high,7.7
BAT-0001365,KNT-WUQ,2022-03-05T18:00:00,2022-03-12T00:00:00,acoustic_transect,34.5,21,25,12,22.9,10,TEAM-11-1,high,15.3
BAT-0001366,KNT-WUQ,2022-04-05T18:00:00,2022-04-12T00:00:00,acoustic_and_visual,32.2,26,30,17,23.1,14,TEAM-11-1,high,32.4
BAT-0001367,KNT-WUQ,2022-05-05T18:00:00,2022-05-12T00:00:00,fixed_acoustic_station,20.5,7,7,9,8.7,10,TEAM-11-1,limited,50.2
BAT-0001368,KNT-WUQ,2022-06-05T18:00:00,2022-06-12T00:00:00,acoustic_transect,31.9,12,30,11,14.4,13,TEAM-11-1,high,49.8
BAT-0001369,KNT-WUQ,2022-07-05T18:00:00,2022-07-12T00:00:00,fixed_acoustic_station,25.1,14,21,11,17.2,11,TEAM-11-1,high,55.2
BAT-0001370,KNT-WUQ,2022-08-05T18:00:00,2022-08-12T00:00:00,acoustic_and_visual,28.9,10,15,7,13.6,13,TEAM-11-1,high,52.2
BAT-0001371,KNT-WUQ,2022-09-05T18:00:00,2022-09-12T00:00:00,fixed_acoustic_station,31.3,12,14,6,13.3,6,TEAM-11-1,acceptable,45.5
BAT-0001372,KNT-WUQ,2022-10-05T18:00:00,2022-10-12T00:00:00,acoustic_transect,29.5,11,8,11,11.3,8,TEAM-11-1,acceptable,53.6
BAT-0001373,KNT-WUQ,2022-11-05T18:00:00,2022-11-12T00:00:00,acoustic_transect,33.1,4,29,14,4.8,9,TEAM-11-1,high,21.2
BAT-0001374,KNT-WUQ,2022-12-05T18:00:00,2022-12-12T00:00:00,acoustic_transect,38.1,14,32,12,13.9,5,TEAM-11-1,high,19.4
BAT-0001375,KNT-WUQ,2023-01-05T18:00:00,2023-01-12T00:00:00,acoustic_transect,33.0,14,28,14,13.1,12,TEAM-11-1,high,16.9
BAT-0001376,KNT-WUQ,2023-02-05T18:00:00,2023-02-12T00:00:00,acoustic_transect,40.9,24,23,15,21.1,10,TEAM-11-1,high,23.4
BAT-0001377,KNT-WUQ,2023-03-05T18:00:00,2023-03-12T00:00:00,fixed_acoustic_station,34.7,21,35,16,28.4,6,TEAM-11-1,high,28.2
BAT-0001378,KNT-WUQ,2023-04-05T18:00:00,2023-04-12T00:00:00,fixed_acoustic_station,34.8,30,32,16,29.2,11,TEAM-11-1,high,27.0
BAT-0001379,KNT-WUQ,2023-05-05T18:00:00,2023-05-12T00:00:00,acoustic_and_visual,34.1,16,19,17,17.8,12,TEAM-11-1,acceptable,42.6
BAT-0001380,KNT-WUQ,2023-06-05T18:00:00,2023-06-12T00:00:00,acoustic_and_visual,28.6,22,31,14,27.9,13,TEAM-11-1,acceptable,49.5
BAT-0001381,KNT-WUQ,2023-07-05T18:00:00,2023-07-12T00:00:00,acoustic_and_visual,26.1,18,12,7,23.0,8,TEAM-11-1,acceptable,57.7
BAT-0001382,KNT-WUQ,2023-08-05T18:00:00,2023-08-12T00:00:00,fixed_acoustic_station,27.6,11,19,5,15.0,7,TEAM-11-1,acceptable,42.8
BAT-0001383,KNT-WUQ,2023-09-05T18:00:00,2023-09-12T00:00:00,fixed_acoustic_station,30.6,9,13,9,11.6,16,TEAM-11-1,high,59.6
BAT-0001384,KNT-WUQ,2023-10-05T18:00:00,2023-10-12T00:00:00,acoustic_transect,31.1,10,7,6,13.4,11,TEAM-11-1,acceptable,35.5
BAT-0001385,KNT-WUQ,2023-11-05T18:00:00,2023-11-12T00:00:00,acoustic_and_visual,30.2,10,12,11,9.1,11,TEAM-11-1,high,35.9
BAT-0001386,KNT-WUQ,2023-12-05T18:00:00,2023-12-12T00:00:00,acoustic_and_visual,39.1,14,35,9,11.7,9,TEAM-11-1,high,20.7
BAT-0001387,KNT-WUQ,2024-01-05T18:00:00,2024-01-12T00:00:00,fixed_acoustic_station,34.8,14,42,14,15.7,7,TEAM-11-1,high,15.8
BAT-0001388,KNT-WUQ,2024-02-05T18:00:00,2024-02-12T00:00:00,fixed_acoustic_station,27.9,9,15,7,9.6,9,TEAM-11-1,high,28.1
BAT-0001389,KNT-WUQ,2024-03-05T18:00:00,2024-03-12T00:00:00,acoustic_and_visual,31.6,16,26,8,14.2,12,TEAM-11-1,high,28.0
BAT-0001390,KNT-WUQ,2024-04-05T18:00:00,2024-04-12T00:00:00,acoustic_and_visual,31.2,25,34,14,25.5,7,TEAM-11-1,high,36.6
BAT-0001391,KNT-WUQ,2024-05-05T18:00:00,2024-05-12T00:00:00,fixed_acoustic_station,23.8,16,31,8,16.0,10,TEAM-11-1,high,47.2
BAT-0001392,KNT-WUQ,2024-06-05T18:00:00,2024-06-12T00:00:00,fixed_acoustic_station,22.5,8,17,11,8.5,16,TEAM-11-1,acceptable,57.5
BAT-0001393,KNT-WUQ,2024-07-05T18:00:00,2024-07-12T00:00:00,acoustic_transect,27.9,14,16,10,18.0,13,TEAM-11-1,acceptable,49.4
BAT-0001394,KNT-WUQ,2024-08-05T18:00:00,2024-08-12T00:00:00,acoustic_and_visual,26.3,14,18,13,15.7,6,TEAM-11-1,acceptable,63.8
BAT-0001395,KNT-WUQ,2024-09-05T18:00:00,2024-09-12T00:00:00,acoustic_and_visual,25.0,11,8,4,8.6,13,TEAM-11-1,high,37.6
BAT-0001396,KNT-WUQ,2024-10-05T18:00:00,2024-10-12T00:00:00,acoustic_and_visual,27.3,4,10,5,4.3,4,TEAM-11-1,high,44.1
BAT-0001397,KNT-WUQ,2024-11-05T18:00:00,2024-11-12T00:00:00,fixed_acoustic_station,35.3,19,29,8,18.5,11,TEAM-11-1,acceptable,19.4
BAT-0001398,KNT-WUQ,2024-12-05T18:00:00,2024-12-12T00:00:00,acoustic_and_visual,32.8,21,19,9,21.5,10,TEAM-11-1,acceptable,37.4
BAT-0001399,KNT-WUQ,2025-01-05T18:00:00,2025-01-12T00:00:00,fixed_acoustic_station,32.2,16,26,8,18.2,10,TEAM-11-1,high,23.1
BAT-0001400,KNT-WUQ,2025-02-05T18:00:00,2025-02-12T00:00:00,acoustic_transect,43.1,28,39,18,38.1,8,TEAM-11-1,high,9.3
BAT-0001401,KNT-WUQ,2025-03-05T18:00:00,2025-03-12T00:00:00,acoustic_and_visual,31.6,28,39,16,29.7,11,TEAM-11-1,acceptable,27.2
BAT-0001402,KNT-WUQ,2025-04-05T18:00:00,2025-04-12T00:00:00,fixed_acoustic_station,31.0,22,30,19,28.7,11,TEAM-11-1,high,31.4
BAT-0001403,KNT-WUQ,2025-05-05T18:00:00,2025-05-12T00:00:00,acoustic_transect,26.1,16,24,14,16.4,13,TEAM-11-1,high,42.4
BAT-0001404,KNT-WUQ,2025-06-05T18:00:00,2025-06-12T00:00:00,acoustic_transect,24.0,13,13,8,12.9,9,TEAM-11-1,limited,51.7
BAT-0001405,KNT-DMJ,2019-01-05T18:00:00,2019-01-12T00:00:00,acoustic_and_visual,39.2,9,21,9,10.3,16,TEAM-11-2,acceptable,12.1
BAT-0001406,KNT-DMJ,2019-02-05T18:00:00,2019-02-12T00:00:00,acoustic_transect,37.9,11,14,11,11.4,8,TEAM-11-2,acceptable,30.0
BAT-0001407,KNT-DMJ,2019-03-05T18:00:00,2019-03-12T00:00:00,acoustic_transect,30.4,21,14,5,17.6,10,TEAM-11-2,acceptable,35.7
BAT-0001408,KNT-DMJ,2019-04-05T18:00:00,2019-04-12T00:00:00,fixed_acoustic_station,34.8,13,18,13,11.0,13,TEAM-11-2,acceptable,29.3
BAT-0001409,KNT-DMJ,2019-05-05T18:00:00,2019-05-12T00:00:00,acoustic_and_visual,26.5,6,20,5,7.3,11,TEAM-11-2,high,39.8
BAT-0001410,KNT-DMJ,2019-06-05T18:00:00,2019-06-12T00:00:00,acoustic_and_visual,25.0,4,13,8,5.3,11,TEAM-11-2,acceptable,51.9
BAT-0001411,KNT-DMJ,2019-07-05T18:00:00,2019-07-12T00:00:00,acoustic_and_visual,29.4,5,10,5,8.0,16,TEAM-11-2,acceptable,47.0
BAT-0001412,KNT-DMJ,2019-08-05T18:00:00,2019-08-12T00:00:00,fixed_acoustic_station,19.5,13,9,3,11.2,14,TEAM-11-2,acceptable,68.4
BAT-0001413,KNT-DMJ,2019-09-05T18:00:00,2019-09-12T00:00:00,acoustic_and_visual,27.8,5,13,3,5.9,9,TEAM-11-2,acceptable,42.1
BAT-0001414,KNT-DMJ,2019-10-05T18:00:00,2019-10-12T00:00:00,acoustic_and_visual,27.8,5,5,2,7.2,18,TEAM-11-2,high,43.9
BAT-0001415,KNT-DMJ,2019-11-05T18:00:00,2019-11-12T00:00:00,acoustic_transect,33.8,7,13,10,8.2,11,TEAM-11-2,acceptable,14.1
BAT-0001416,KNT-DMJ,2019-12-05T18:00:00,2019-12-12T00:00:00,acoustic_transect,36.3,17,20,8,19.5,7,TEAM-11-2,high,22.0
BAT-0001417,KNT-DMJ,2020-01-05T18:00:00,2020-01-12T00:00:00,acoustic_and_visual,38.4,20,17,9,20.3,15,TEAM-11-2,acceptable,22.6
BAT-0001418,KNT-DMJ,2020-02-05T18:00:00,2020-02-12T00:00:00,fixed_acoustic_station,34.3,12,18,11,15.3,14,TEAM-11-2,high,26.8
BAT-0001419,KNT-DMJ,2020-03-05T18:00:00,2020-03-12T00:00:00,acoustic_and_visual,34.1,22,18,16,24.7,12,TEAM-11-2,high,22.2
BAT-0001420,KNT-DMJ,2020-04-05T18:00:00,2020-04-12T00:00:00,acoustic_and_visual,36.5,12,17,7,15.2,13,TEAM-11-2,high,23.9
BAT-0001421,KNT-DMJ,2020-05-05T18:00:00,2020-05-12T00:00:00,acoustic_and_visual,20.1,7,17,7,7.0,13,TEAM-11-2,high,52.9
BAT-0001422,KNT-DMJ,2020-06-05T18:00:00,2020-06-12T00:00:00,acoustic_transect,27.8,13,8,11,13.1,10,TEAM-11-2,acceptable,47.0
BAT-0001423,KNT-DMJ,2020-07-05T18:00:00,2020-07-12T00:00:00,acoustic_transect,11.2,11,6,4,10.4,6,TEAM-11-2,limited,64.0
BAT-0001424,KNT-DMJ,2020-08-05T18:00:00,2020-08-12T00:00:00,acoustic_and_visual,28.0,13,15,8,15.2,9,TEAM-11-2,acceptable,53.9
BAT-0001425,KNT-DMJ,2020-09-05T18:00:00,2020-09-12T00:00:00,fixed_acoustic_station,31.8,8,9,2,10.0,13,TEAM-11-2,acceptable,36.7
BAT-0001426,KNT-DMJ,2020-10-05T18:00:00,2020-10-12T00:00:00,fixed_acoustic_station,26.8,6,8,2,7.2,15,TEAM-11-2,acceptable,47.0
BAT-0001427,KNT-DMJ,2020-11-05T18:00:00,2020-11-12T00:00:00,fixed_acoustic_station,36.5,4,23,11,4.7,12,TEAM-11-2,high,21.2
BAT-0001428,KNT-DMJ,2020-12-05T18:00:00,2020-12-12T00:00:00,fixed_acoustic_station,37.3,15,29,9,17.4,13,TEAM-11-2,high,21.1
BAT-0001429,KNT-DMJ,2021-01-05T18:00:00,2021-01-12T00:00:00,acoustic_and_visual,35.3,11,20,6,14.0,8,TEAM-11-2,high,0.0
BAT-0001430,KNT-DMJ,2021-02-05T18:00:00,2021-02-12T00:00:00,acoustic_and_visual,35.2,10,15,6,12.6,18,TEAM-11-2,acceptable,26.9
BAT-0001431,KNT-DMJ,2021-03-05T18:00:00,2021-03-12T00:00:00,acoustic_and_visual,31.1,10,22,9,15.5,9,TEAM-11-2,high,29.1
BAT-0001432,KNT-DMJ,2021-04-05T18:00:00,2021-04-12T00:00:00,acoustic_and_visual,29.0,17,14,9,18.6,11,TEAM-11-2,acceptable,46.3
BAT-0001433,KNT-DMJ,2021-05-05T18:00:00,2021-05-12T00:00:00,acoustic_transect,33.1,8,15,15,9.0,9,TEAM-11-2,high,43.3
BAT-0001434,KNT-DMJ,2021-06-05T18:00:00,2021-06-12T00:00:00,acoustic_and_visual,31.4,11,13,11,12.7,14,TEAM-11-2,acceptable,47.4
BAT-0001435,KNT-DMJ,2021-07-05T18:00:00,2021-07-12T00:00:00,acoustic_transect,25.2,9,5,2,11.2,19,TEAM-11-2,acceptable,60.8
BAT-0001436,KNT-DMJ,2021-08-05T18:00:00,2021-08-12T00:00:00,acoustic_transect,34.1,11,10,10,13.3,8,TEAM-11-2,acceptable,35.5
BAT-0001437,KNT-DMJ,2021-09-05T18:00:00,2021-09-12T00:00:00,acoustic_and_visual,23.7,12,6,7,12.2,18,TEAM-11-2,high,58.5
BAT-0001438,KNT-DMJ,2021-10-05T18:00:00,2021-10-12T00:00:00,acoustic_transect,26.3,3,13,7,3.2,17,TEAM-11-2,high,33.8
BAT-0001439,KNT-DMJ,2021-11-05T18:00:00,2021-11-12T00:00:00,acoustic_transect,25.3,4,8,6,3.7,10,TEAM-11-2,limited,29.0
BAT-0001440,KNT-DMJ,2021-12-05T18:00:00,2021-12-12T00:00:00,acoustic_and_visual,38.4,12,22,9,10.4,10,TEAM-11-2,high,9.2
BAT-0001441,KNT-DMJ,2022-01-05T18:00:00,2022-01-12T00:00:00,acoustic_transect,34.4,12,19,7,13.9,11,TEAM-11-2,high,16.9
BAT-0001442,KNT-DMJ,2022-02-05T18:00:00,2022-02-12T00:00:00,fixed_acoustic_station,42.0,23,15,17,26.7,6,TEAM-11-2,high,3.4
BAT-0001443,KNT-DMJ,2022-03-05T18:00:00,2022-03-12T00:00:00,fixed_acoustic_station,39.7,24,21,15,25.6,11,TEAM-11-2,high,12.7
BAT-0001444,KNT-DMJ,2022-04-05T18:00:00,2022-04-12T00:00:00,acoustic_and_visual,33.9,25,21,15,28.7,14,TEAM-11-2,high,31.4
BAT-0001445,KNT-DMJ,2022-05-05T18:00:00,2022-05-12T00:00:00,acoustic_transect,32.7,8,14,7,5.8,6,TEAM-11-2,acceptable,32.7
BAT-0001446,KNT-DMJ,2022-06-05T18:00:00,2022-06-12T00:00:00,fixed_acoustic_station,24.8,10,19,5,12.9,11,TEAM-11-2,high,55.2
BAT-0001447,KNT-DMJ,2022-07-05T18:00:00,2022-07-12T00:00:00,acoustic_transect,31.7,15,20,11,17.8,14,TEAM-11-2,high,34.7
BAT-0001448,KNT-DMJ,2022-08-05T18:00:00,2022-08-12T00:00:00,acoustic_and_visual,29.7,9,19,4,11.1,9,TEAM-11-2,high,55.1
BAT-0001449,KNT-DMJ,2022-09-05T18:00:00,2022-09-12T00:00:00,acoustic_transect,28.5,9,6,5,7.7,9,TEAM-11-2,acceptable,35.6
BAT-0001450,KNT-DMJ,2022-10-05T18:00:00,2022-10-12T00:00:00,acoustic_and_visual,30.8,7,11,4,11.6,8,TEAM-11-2,high,28.1
BAT-0001451,KNT-DMJ,2022-11-05T18:00:00,2022-11-12T00:00:00,fixed_acoustic_station,30.8,12,15,8,13.1,14,TEAM-11-2,acceptable,19.7
BAT-0001452,KNT-DMJ,2022-12-05T18:00:00,2022-12-12T00:00:00,acoustic_transect,32.3,9,15,7,12.2,9,TEAM-11-2,high,19.2
BAT-0001453,KNT-DMJ,2023-01-05T18:00:00,2023-01-12T00:00:00,acoustic_transect,20.6,7,5,5,12.6,8,TEAM-11-2,limited,16.8
BAT-0001454,KNT-DMJ,2023-02-05T18:00:00,2023-02-12T00:00:00,acoustic_and_visual,38.0,4,25,8,7.4,11,TEAM-11-2,high,15.4
BAT-0001455,KNT-DMJ,2023-03-05T18:00:00,2023-03-12T00:00:00,acoustic_and_visual,31.5,13,15,6,15.8,13,TEAM-11-2,high,28.8
BAT-0001456,KNT-DMJ,2023-04-05T18:00:00,2023-04-12T00:00:00,acoustic_and_visual,36.9,19,21,8,19.3,6,TEAM-11-2,high,26.4
BAT-0001457,KNT-DMJ,2023-05-05T18:00:00,2023-05-12T00:00:00,acoustic_and_visual,30.3,11,11,10,11.7,14,TEAM-11-2,high,46.2
BAT-0001458,KNT-DMJ,2023-06-05T18:00:00,2023-06-12T00:00:00,acoustic_transect,34.0,18,13,11,24.2,18,TEAM-11-2,acceptable,59.0
BAT-0001459,KNT-DMJ,2023-07-05T18:00:00,2023-07-12T00:00:00,fixed_acoustic_station,25.4,13,18,4,16.4,14,TEAM-11-2,high,43.2
BAT-0001460,KNT-DMJ,2023-08-05T18:00:00,2023-08-12T00:00:00,fixed_acoustic_station,29.0,7,11,11,3.8,12,TEAM-11-2,acceptable,40.7
BAT-0001461,KNT-DMJ,2023-09-05T18:00:00,2023-09-12T00:00:00,acoustic_and_visual,20.8,6,7,2,6.0,6,TEAM-11-2,acceptable,55.1
BAT-0001462,KNT-DMJ,2023-10-05T18:00:00,2023-10-12T00:00:00,fixed_acoustic_station,32.6,7,12,8,6.7,6,TEAM-11-2,acceptable,38.8
BAT-0001463,KNT-DMJ,2023-11-05T18:00:00,2023-11-12T00:00:00,acoustic_and_visual,39.3,13,31,13,13.1,12,TEAM-11-2,high,16.3
BAT-0001464,KNT-DMJ,2023-12-05T18:00:00,2023-12-12T00:00:00,acoustic_transect,31.6,4,19,6,3.6,5,TEAM-11-2,acceptable,15.5
BAT-0001465,KNT-DMJ,2024-01-05T18:00:00,2024-01-12T00:00:00,acoustic_transect,35.5,11,23,8,11.6,12,TEAM-11-2,high,5.4
BAT-0001466,KNT-DMJ,2024-02-05T18:00:00,2024-02-12T00:00:00,fixed_acoustic_station,35.8,15,11,11,17.2,12,TEAM-11-2,acceptable,40.2
BAT-0001467,KNT-DMJ,2024-03-05T18:00:00,2024-03-12T00:00:00,acoustic_and_visual,31.3,12,15,6,15.0,11,TEAM-11-2,acceptable,27.1
BAT-0001468,KNT-DMJ,2024-04-05T18:00:00,2024-04-12T00:00:00,acoustic_and_visual,30.2,8,23,8,10.4,19,TEAM-11-2,acceptable,41.5
BAT-0001469,KNT-DMJ,2024-05-05T18:00:00,2024-05-12T00:00:00,acoustic_and_visual,33.1,15,18,6,15.0,12,TEAM-11-2,high,35.8
BAT-0001470,KNT-DMJ,2024-06-05T18:00:00,2024-06-12T00:00:00,acoustic_transect,27.2,11,15,7,10.5,18,TEAM-11-2,high,52.1
BAT-0001471,KNT-DMJ,2024-07-05T18:00:00,2024-07-12T00:00:00,acoustic_transect,27.2,11,12,8,12.1,9,TEAM-11-2,acceptable,43.6
BAT-0001472,KNT-DMJ,2024-08-05T18:00:00,2024-08-12T00:00:00,fixed_acoustic_station,28.5,5,2,7,9.0,5,TEAM-11-2,acceptable,64.8
BAT-0001473,KNT-DMJ,2024-09-05T18:00:00,2024-09-12T00:00:00,acoustic_and_visual,32.5,7,7,10,10.1,13,TEAM-11-2,high,41.6
BAT-0001474,KNT-DMJ,2024-10-05T18:00:00,2024-10-12T00:00:00,acoustic_transect,31.4,6,11,7,5.3,14,TEAM-11-2,acceptable,41.4
BAT-0001475,KNT-DMJ,2024-11-05T18:00:00,2024-11-12T00:00:00,acoustic_transect,33.5,8,15,6,7.9,14,TEAM-11-2,high,27.8
BAT-0001476,KNT-DMJ,2024-12-05T18:00:00,2024-12-12T00:00:00,acoustic_and_visual,30.0,11,20,6,10.7,11,TEAM-11-2,high,32.8
BAT-0001477,KNT-DMJ,2025-01-05T18:00:00,2025-01-12T00:00:00,fixed_acoustic_station,37.2,14,17,8,15.3,9,TEAM-11-2,high,6.0
BAT-0001478,KNT-DMJ,2025-02-05T18:00:00,2025-02-12T00:00:00,acoustic_and_visual,33.0,11,9,7,11.0,13,TEAM-11-2,acceptable,12.7
BAT-0001479,KNT-DMJ,2025-03-05T18:00:00,2025-03-12T00:00:00,acoustic_and_visual,35.7,21,25,8,28.6,9,TEAM-11-2,high,43.3
BAT-0001480,KNT-DMJ,2025-04-05T18:00:00,2025-04-12T00:00:00,acoustic_transect,31.7,21,18,8,21.6,8,TEAM-11-2,high,26.4
BAT-0001481,KNT-DMJ,2025-05-05T18:00:00,2025-05-12T00:00:00,acoustic_transect,35.2,9,12,6,6.8,10,TEAM-11-2,high,40.5
BAT-0001482,KNT-DMJ,2025-06-05T18:00:00,2025-06-12T00:00:00,acoustic_transect,32.9,9,15,10,12.9,15,TEAM-11-2,high,55.8
BAT-0001483,KNT-GGN,2019-01-05T18:00:00,2019-01-12T00:00:00,acoustic_and_visual,39.1,1,1,1,0.0,6,TEAM-11-3,high,12.2
BAT-0001484,KNT-GGN,2019-02-05T18:00:00,2019-02-12T00:00:00,acoustic_transect,32.5,2,5,1,5.5,7,TEAM-11-3,high,26.3
BAT-0001485,KNT-GGN,2019-03-05T18:00:00,2019-03-12T00:00:00,acoustic_transect,32.3,2,7,3,3.2,7,TEAM-11-3,high,33.8
BAT-0001486,KNT-GGN,2019-04-05T18:00:00,2019-04-12T00:00:00,acoustic_and_visual,28.8,4,5,2,7.5,4,TEAM-11-3,high,27.5
BAT-0001487,KNT-GGN,2019-05-05T18:00:00,2019-05-12T00:00:00,acoustic_transect,18.0,3,3,2,0.8,8,TEAM-11-3,limited,52.0
BAT-0001488,KNT-GGN,2019-06-05T18:00:00,2019-06-12T00:00:00,fixed_acoustic_station,28.2,4,2,2,6.5,12,TEAM-11-3,acceptable,53.4
BAT-0001489,KNT-GGN,2019-07-05T18:00:00,2019-07-12T00:00:00,acoustic_transect,26.9,3,3,1,4.1,8,TEAM-11-3,high,58.7
BAT-0001490,KNT-GGN,2019-08-05T18:00:00,2019-08-12T00:00:00,acoustic_transect,34.0,1,5,2,2.1,14,TEAM-11-3,acceptable,30.2
BAT-0001491,KNT-GGN,2019-09-05T18:00:00,2019-09-12T00:00:00,acoustic_and_visual,30.0,4,4,2,5.1,11,TEAM-11-3,acceptable,42.5
BAT-0001492,KNT-GGN,2019-10-05T18:00:00,2019-10-12T00:00:00,acoustic_transect,32.3,2,4,4,4.0,8,TEAM-11-3,high,31.3
BAT-0001493,KNT-GGN,2019-11-05T18:00:00,2019-11-12T00:00:00,fixed_acoustic_station,39.3,1,10,1,0.6,5,TEAM-11-3,high,6.4
BAT-0001494,KNT-GGN,2019-12-05T18:00:00,2019-12-12T00:00:00,acoustic_transect,35.5,5,8,3,4.3,14,TEAM-11-3,high,18.4
BAT-0001495,KNT-GGN,2020-01-05T18:00:00,2020-01-12T00:00:00,acoustic_and_visual,35.5,3,3,1,3.9,4,TEAM-11-3,acceptable,17.1
BAT-0001496,KNT-GGN,2020-02-05T18:00:00,2020-02-12T00:00:00,fixed_acoustic_station,29.7,2,7,4,2.8,11,TEAM-11-3,high,23.4
BAT-0001497,KNT-GGN,2020-03-05T18:00:00,2020-03-12T00:00:00,acoustic_and_visual,31.1,3,6,5,4.6,4,TEAM-11-3,acceptable,27.1
BAT-0001498,KNT-GGN,2020-04-05T18:00:00,2020-04-12T00:00:00,acoustic_transect,28.8,1,6,1,0.9,8,TEAM-11-3,acceptable,45.1
BAT-0001499,KNT-GGN,2020-05-05T18:00:00,2020-05-12T00:00:00,fixed_acoustic_station,27.4,2,2,1,6.6,6,TEAM-11-3,acceptable,58.8
BAT-0001500,KNT-GGN,2020-06-05T18:00:00,2020-06-12T00:00:00,acoustic_transect,32.8,3,6,1,3.1,9,TEAM-11-3,high,47.2
BAT-0001501,KNT-GGN,2020-07-05T18:00:00,2020-07-12T00:00:00,fixed_acoustic_station,19.2,4,0,1,7.7,9,TEAM-11-3,acceptable,67.8
BAT-0001502,KNT-GGN,2020-08-05T18:00:00,2020-08-12T00:00:00,acoustic_transect,33.6,4,7,1,5.1,8,TEAM-11-3,acceptable,39.8
BAT-0001503,KNT-GGN,2020-09-05T18:00:00,2020-09-12T00:00:00,acoustic_transect,30.3,0,1,1,0.0,10,TEAM-11-3,acceptable,30.2
BAT-0001504,KNT-GGN,2020-10-05T18:00:00,2020-10-12T00:00:00,acoustic_and_visual,29.5,5,8,2,3.5,5,TEAM-11-3,high,44.0
BAT-0001505,KNT-GGN,2020-11-05T18:00:00,2020-11-12T00:00:00,acoustic_and_visual,27.4,4,5,4,5.3,13,TEAM-11-3,acceptable,26.2
BAT-0001506,KNT-GGN,2020-12-05T18:00:00,2020-12-12T00:00:00,acoustic_transect,39.2,3,5,5,3.5,6,TEAM-11-3,high,15.9
BAT-0001507,KNT-GGN,2021-01-05T18:00:00,2021-01-12T00:00:00,fixed_acoustic_station,33.8,3,9,1,1.6,10,TEAM-11-3,high,9.3
BAT-0001508,KNT-GGN,2021-02-05T18:00:00,2021-02-12T00:00:00,acoustic_and_visual,31.6,3,8,2,4.5,12,TEAM-11-3,high,29.1
BAT-0001509,KNT-GGN,2021-03-05T18:00:00,2021-03-12T00:00:00,acoustic_and_visual,30.6,2,7,2,0.7,6,TEAM-11-3,acceptable,40.3
BAT-0001510,KNT-GGN,2021-04-05T18:00:00,2021-04-12T00:00:00,fixed_acoustic_station,31.9,2,3,3,3.1,6,TEAM-11-3,high,29.8
BAT-0001511,KNT-GGN,2021-05-05T18:00:00,2021-05-12T00:00:00,acoustic_transect,28.6,1,4,4,1.9,10,TEAM-11-3,limited,47.8
BAT-0001512,KNT-GGN,2021-06-05T18:00:00,2021-06-12T00:00:00,fixed_acoustic_station,32.3,3,4,3,0.7,7,TEAM-11-3,high,38.8
BAT-0001513,KNT-GGN,2021-07-05T18:00:00,2021-07-12T00:00:00,fixed_acoustic_station,28.2,5,2,2,7.6,3,TEAM-11-3,high,62.3
BAT-0001514,KNT-GGN,2021-08-05T18:00:00,2021-08-12T00:00:00,fixed_acoustic_station,24.8,2,1,1,1.6,11,TEAM-11-3,high,57.3
BAT-0001515,KNT-GGN,2021-09-05T18:00:00,2021-09-12T00:00:00,acoustic_and_visual,30.3,5,1,3,9.2,8,TEAM-11-3,acceptable,40.3
BAT-0001516,KNT-GGN,2021-10-05T18:00:00,2021-10-12T00:00:00,acoustic_and_visual,33.0,2,8,1,4.1,11,TEAM-11-3,high,30.9
BAT-0001517,KNT-GGN,2021-11-05T18:00:00,2021-11-12T00:00:00,fixed_acoustic_station,28.9,3,5,2,3.4,12,TEAM-11-3,acceptable,29.2
BAT-0001518,KNT-GGN,2021-12-05T18:00:00,2021-12-12T00:00:00,fixed_acoustic_station,28.3,4,2,1,6.5,16,TEAM-11-3,acceptable,21.9
BAT-0001519,KNT-GGN,2022-01-05T18:00:00,2022-01-12T00:00:00,acoustic_transect,34.0,4,5,2,1.1,8,TEAM-11-3,high,16.0
BAT-0001520,KNT-GGN,2022-02-05T18:00:00,2022-02-12T00:00:00,acoustic_transect,36.5,3,4,0,2.2,5,TEAM-11-3,high,21.7
BAT-0001521,KNT-GGN,2022-03-05T18:00:00,2022-03-12T00:00:00,acoustic_transect,27.7,5,6,3,6.8,13,TEAM-11-3,acceptable,41.9
BAT-0001522,KNT-GGN,2022-04-05T18:00:00,2022-04-12T00:00:00,fixed_acoustic_station,31.0,2,2,1,4.6,8,TEAM-11-3,high,22.9
BAT-0001523,KNT-GGN,2022-05-05T18:00:00,2022-05-12T00:00:00,fixed_acoustic_station,24.5,1,5,2,2.8,15,TEAM-11-3,high,36.7
BAT-0001524,KNT-GGN,2022-06-05T18:00:00,2022-06-12T00:00:00,acoustic_and_visual,23.4,2,1,1,2.4,11,TEAM-11-3,acceptable,63.5
BAT-0001525,KNT-GGN,2022-07-05T18:00:00,2022-07-12T00:00:00,fixed_acoustic_station,29.7,3,4,2,3.7,11,TEAM-11-3,high,60.3
BAT-0001526,KNT-GGN,2022-08-05T18:00:00,2022-08-12T00:00:00,acoustic_and_visual,30.9,7,1,3,8.4,10,TEAM-11-3,acceptable,44.7
BAT-0001527,KNT-GGN,2022-09-05T18:00:00,2022-09-12T00:00:00,acoustic_and_visual,34.6,4,3,6,5.4,10,TEAM-11-3,high,41.4
BAT-0001528,KNT-GGN,2022-10-05T18:00:00,2022-10-12T00:00:00,fixed_acoustic_station,31.8,1,8,1,2.0,8,TEAM-11-3,high,30.2
BAT-0001529,KNT-GGN,2022-11-05T18:00:00,2022-11-12T00:00:00,fixed_acoustic_station,29.4,7,2,3,9.9,7,TEAM-11-3,acceptable,38.6
BAT-0001530,KNT-GGN,2022-12-05T18:00:00,2022-12-12T00:00:00,acoustic_and_visual,35.0,2,5,2,3.1,11,TEAM-11-3,high,21.0
BAT-0001531,KNT-GGN,2023-01-05T18:00:00,2023-01-12T00:00:00,acoustic_transect,37.8,1,4,1,2.0,6,TEAM-11-3,high,19.9
BAT-0001532,KNT-GGN,2023-02-05T18:00:00,2023-02-12T00:00:00,acoustic_and_visual,29.6,5,2,4,7.2,10,TEAM-11-3,high,5.8
BAT-0001533,KNT-GGN,2023-03-05T18:00:00,2023-03-12T00:00:00,acoustic_transect,29.6,1,3,0,0.0,6,TEAM-11-3,acceptable,42.0
BAT-0001534,KNT-GGN,2023-04-05T18:00:00,2023-04-12T00:00:00,fixed_acoustic_station,27.8,4,2,1,4.8,8,TEAM-11-3,high,29.6
BAT-0001535,KNT-GGN,2023-05-05T18:00:00,2023-05-12T00:00:00,fixed_acoustic_station,40.9,5,11,6,2.6,13,TEAM-11-3,high,32.4
BAT-0001536,KNT-GGN,2023-06-05T18:00:00,2023-06-12T00:00:00,acoustic_and_visual,27.3,0,7,1,3.0,7,TEAM-11-3,high,48.8
BAT-0001537,KNT-GGN,2023-07-05T18:00:00,2023-07-12T00:00:00,fixed_acoustic_station,32.3,3,6,2,4.2,11,TEAM-11-3,high,51.4
BAT-0001538,KNT-GGN,2023-08-05T18:00:00,2023-08-12T00:00:00,acoustic_and_visual,28.8,0,5,1,4.1,9,TEAM-11-3,high,43.2
BAT-0001539,KNT-GGN,2023-09-05T18:00:00,2023-09-12T00:00:00,acoustic_transect,31.1,4,6,2,1.0,8,TEAM-11-3,high,33.6
BAT-0001540,KNT-GGN,2023-10-05T18:00:00,2023-10-12T00:00:00,acoustic_and_visual,31.7,2,4,0,0.9,9,TEAM-11-3,high,34.5
BAT-0001541,KNT-GGN,2023-11-05T18:00:00,2023-11-12T00:00:00,fixed_acoustic_station,39.6,7,8,8,9.2,9,TEAM-11-3,high,18.5
BAT-0001542,KNT-GGN,2023-12-05T18:00:00,2023-12-12T00:00:00,fixed_acoustic_station,27.7,5,7,1,5.5,9,TEAM-11-3,acceptable,45.2
BAT-0001543,KNT-GGN,2024-01-05T18:00:00,2024-01-12T00:00:00,acoustic_and_visual,36.6,8,2,1,7.1,8,TEAM-11-3,high,10.1
BAT-0001544,KNT-GGN,2024-02-05T18:00:00,2024-02-12T00:00:00,fixed_acoustic_station,31.2,2,6,3,0.0,14,TEAM-11-3,acceptable,21.0
BAT-0001545,KNT-GGN,2024-03-05T18:00:00,2024-03-12T00:00:00,acoustic_and_visual,35.9,2,12,4,4.9,5,TEAM-11-3,high,18.3
BAT-0001546,KNT-GGN,2024-04-05T18:00:00,2024-04-12T00:00:00,acoustic_transect,30.1,1,4,3,0.0,6,TEAM-11-3,acceptable,32.8
BAT-0001547,KNT-GGN,2024-05-05T18:00:00,2024-05-12T00:00:00,fixed_acoustic_station,26.2,2,1,1,0.9,8,TEAM-11-3,acceptable,61.0
BAT-0001548,KNT-GGN,2024-06-05T18:00:00,2024-06-12T00:00:00,acoustic_transect,22.6,4,1,1,5.3,9,TEAM-11-3,limited,52.9
BAT-0001549,KNT-GGN,2024-07-05T18:00:00,2024-07-12T00:00:00,fixed_acoustic_station,30.3,3,3,3,1.1,9,TEAM-11-3,high,46.6
BAT-0001550,KNT-GGN,2024-08-05T18:00:00,2024-08-12T00:00:00,acoustic_and_visual,23.2,2,2,4,2.5,5,TEAM-11-3,high,50.7
BAT-0001551,KNT-GGN,2024-09-05T18:00:00,2024-09-12T00:00:00,fixed_acoustic_station,36.9,6,3,1,7.2,9,TEAM-11-3,high,34.4
BAT-0001552,KNT-GGN,2024-10-05T18:00:00,2024-10-12T00:00:00,acoustic_and_visual,25.2,2,4,0,2.4,11,TEAM-11-3,high,49.8
BAT-0001553,KNT-GGN,2024-11-05T18:00:00,2024-11-12T00:00:00,fixed_acoustic_station,31.5,1,7,2,2.0,9,TEAM-11-3,high,31.7
BAT-0001554,KNT-GGN,2024-12-05T18:00:00,2024-12-12T00:00:00,acoustic_transect,30.4,3,4,1,2.4,7,TEAM-11-3,high,35.7
BAT-0001555,KNT-GGN,2025-01-05T18:00:00,2025-01-12T00:00:00,acoustic_transect,38.8,1,5,5,2.6,10,TEAM-11-3,acceptable,15.9
BAT-0001556,KNT-GGN,2025-02-05T18:00:00,2025-02-12T00:00:00,fixed_acoustic_station,32.3,7,4,1,7.8,12,TEAM-11-3,high,24.1
BAT-0001557,KNT-GGN,2025-03-05T18:00:00,2025-03-12T00:00:00,acoustic_transect,32.1,4,5,3,4.3,8,TEAM-11-3,high,33.2
BAT-0001558,KNT-GGN,2025-04-05T18:00:00,2025-04-12T00:00:00,acoustic_and_visual,29.8,4,4,2,6.5,10,TEAM-11-3,acceptable,38.5
BAT-0001559,KNT-GGN,2025-05-05T18:00:00,2025-05-12T00:00:00,fixed_acoustic_station,30.7,2,5,1,0.0,11,TEAM-11-3,acceptable,48.9
BAT-0001560,KNT-GGN,2025-06-05T18:00:00,2025-06-12T00:00:00,fixed_acoustic_station,28.5,4,3,1,6.9,9,TEAM-11-3,high,44.9
BAT-0001561,KNT-QWU,2019-01-05T18:00:00,2019-01-12T00:00:00,fixed_acoustic_station,35.7,8,5,9,11.5,11,TEAM-11-4,acceptable,28.4
BAT-0001562,KNT-QWU,2019-02-05T18:00:00,2019-02-12T00:00:00,acoustic_transect,32.7,8,17,6,9.4,8,TEAM-11-4,high,24.4
BAT-0001563,KNT-QWU,2019-03-05T18:00:00,2019-03-12T00:00:00,acoustic_transect,35.6,13,31,8,15.1,10,TEAM-11-4,high,22.1
BAT-0001564,KNT-QWU,2019-04-05T18:00:00,2019-04-12T00:00:00,acoustic_transect,28.9,9,10,5,11.0,9,TEAM-11-4,high,39.1
BAT-0001565,KNT-QWU,2019-05-05T18:00:00,2019-05-12T00:00:00,acoustic_and_visual,22.7,11,22,3,12.1,9,TEAM-11-4,acceptable,68.5
BAT-0001566,KNT-QWU,2019-06-05T18:00:00,2019-06-12T00:00:00,fixed_acoustic_station,22.0,7,16,6,9.0,12,TEAM-11-4,acceptable,47.1
BAT-0001567,KNT-QWU,2019-07-05T18:00:00,2019-07-12T00:00:00,acoustic_and_visual,25.6,8,11,5,13.2,7,TEAM-11-4,acceptable,56.0
BAT-0001568,KNT-QWU,2019-08-05T18:00:00,2019-08-12T00:00:00,acoustic_and_visual,27.1,7,6,2,9.5,10,TEAM-11-4,high,59.2
BAT-0001569,KNT-QWU,2019-09-05T18:00:00,2019-09-12T00:00:00,fixed_acoustic_station,32.6,4,2,1,3.7,8,TEAM-11-4,high,47.4
BAT-0001570,KNT-QWU,2019-10-05T18:00:00,2019-10-12T00:00:00,fixed_acoustic_station,33.2,4,12,3,2.7,7,TEAM-11-4,high,37.0
BAT-0001571,KNT-QWU,2019-11-05T18:00:00,2019-11-12T00:00:00,acoustic_transect,31.5,8,6,4,8.4,7,TEAM-11-4,high,21.0
BAT-0001572,KNT-QWU,2019-12-05T18:00:00,2019-12-12T00:00:00,acoustic_and_visual,31.1,9,11,4,10.0,8,TEAM-11-4,high,30.5
BAT-0001573,KNT-QWU,2020-01-05T18:00:00,2020-01-12T00:00:00,acoustic_transect,26.0,4,12,9,4.2,11,TEAM-11-4,high,33.1
BAT-0001574,KNT-QWU,2020-02-05T18:00:00,2020-02-12T00:00:00,acoustic_and_visual,34.9,7,25,8,5.9,4,TEAM-11-4,acceptable,9.6
BAT-0001575,KNT-QWU,2020-03-05T18:00:00,2020-03-12T00:00:00,acoustic_and_visual,29.4,11,17,8,12.2,8,TEAM-11-4,high,32.9
BAT-0001576,KNT-QWU,2020-04-05T18:00:00,2020-04-12T00:00:00,fixed_acoustic_station,20.9,10,13,8,10.7,8,TEAM-11-4,acceptable,50.6
BAT-0001577,KNT-QWU,2020-05-05T18:00:00,2020-05-12T00:00:00,acoustic_transect,31.2,20,15,10,23.4,11,TEAM-11-4,high,48.2
BAT-0001578,KNT-QWU,2020-06-05T18:00:00,2020-06-12T00:00:00,acoustic_and_visual,26.6,16,25,9,19.4,10,TEAM-11-4,high,46.0
BAT-0001579,KNT-QWU,2020-07-05T18:00:00,2020-07-12T00:00:00,acoustic_transect,26.0,8,11,7,8.3,7,TEAM-11-4,acceptable,64.7
BAT-0001580,KNT-QWU,2020-08-05T18:00:00,2020-08-12T00:00:00,acoustic_and_visual,24.4,6,4,3,5.7,4,TEAM-11-4,high,59.3
BAT-0001581,KNT-QWU,2020-09-05T18:00:00,2020-09-12T00:00:00,fixed_acoustic_station,28.3,4,6,4,4.2,4,TEAM-11-4,acceptable,27.9
BAT-0001582,KNT-QWU,2020-10-05T18:00:00,2020-10-12T00:00:00,acoustic_and_visual,33.0,4,10,3,2.7,16,TEAM-11-4,high,48.1
BAT-0001583,KNT-QWU,2020-11-05T18:00:00,2020-11-12T00:00:00,acoustic_transect,24.9,6,5,2,6.1,11,TEAM-11-4,acceptable,38.9
BAT-0001584,KNT-QWU,2020-12-05T18:00:00,2020-12-12T00:00:00,acoustic_transect,35.5,10,14,4,10.9,12,TEAM-11-4,high,17.7
BAT-0001585,KNT-QWU,2021-01-05T18:00:00,2021-01-12T00:00:00,acoustic_and_visual,34.8,12,24,10,11.8,10,TEAM-11-4,high,25.4
BAT-0001586,KNT-QWU,2021-02-05T18:00:00,2021-02-12T00:00:00,acoustic_transect,36.3,9,19,3,12.9,9,TEAM-11-4,high,27.9
BAT-0001587,KNT-QWU,2021-03-05T18:00:00,2021-03-12T00:00:00,acoustic_and_visual,32.3,15,15,7,13.8,12,TEAM-11-4,high,23.7
BAT-0001588,KNT-QWU,2021-04-05T18:00:00,2021-04-12T00:00:00,acoustic_transect,28.9,9,15,8,9.7,12,TEAM-11-4,acceptable,40.2
BAT-0001589,KNT-QWU,2021-05-05T18:00:00,2021-05-12T00:00:00,fixed_acoustic_station,24.3,18,18,5,20.2,14,TEAM-11-4,acceptable,58.2
BAT-0001590,KNT-QWU,2021-06-05T18:00:00,2021-06-12T00:00:00,acoustic_and_visual,23.2,7,10,7,6.6,15,TEAM-11-4,acceptable,66.5
BAT-0001591,KNT-QWU,2021-07-05T18:00:00,2021-07-12T00:00:00,acoustic_transect,24.7,6,12,8,8.0,15,TEAM-11-4,high,63.4
BAT-0001592,KNT-QWU,2021-08-05T18:00:00,2021-08-12T00:00:00,fixed_acoustic_station,33.1,3,2,2,3.2,6,TEAM-11-4,acceptable,55.2
BAT-0001593,KNT-QWU,2021-09-05T18:00:00,2021-09-12T00:00:00,fixed_acoustic_station,25.3,4,5,5,2.9,10,TEAM-11-4,acceptable,56.7
BAT-0001594,KNT-QWU,2021-10-05T18:00:00,2021-10-12T00:00:00,acoustic_transect,25.2,10,6,5,11.6,6,TEAM-11-4,acceptable,51.1
BAT-0001595,KNT-QWU,2021-11-05T18:00:00,2021-11-12T00:00:00,acoustic_and_visual,36.9,10,9,9,9.4,16,TEAM-11-4,acceptable,36.1
BAT-0001596,KNT-QWU,2021-12-05T18:00:00,2021-12-12T00:00:00,acoustic_and_visual,29.9,10,12,8,10.7,11,TEAM-11-4,high,36.7
BAT-0001597,KNT-QWU,2022-01-05T18:00:00,2022-01-12T00:00:00,acoustic_and_visual,29.6,16,16,11,21.8,11,TEAM-11-4,high,26.5
BAT-0001598,KNT-QWU,2022-02-05T18:00:00,2022-02-12T00:00:00,fixed_acoustic_station,38.8,8,12,6,15.0,11,TEAM-11-4,high,25.4
BAT-0001599,KNT-QWU,2022-03-05T18:00:00,2022-03-12T00:00:00,fixed_acoustic_station,31.2,8,14,6,9.5,12,TEAM-11-4,high,16.1
BAT-0001600,KNT-QWU,2022-04-05T18:00:00,2022-04-12T00:00:00,fixed_acoustic_station,29.8,17,20,8,18.8,6,TEAM-11-4,high,33.7
BAT-0001601,KNT-QWU,2022-05-05T18:00:00,2022-05-12T00:00:00,acoustic_transect,27.4,14,15,11,13.8,11,TEAM-11-4,acceptable,62.8
BAT-0001602,KNT-QWU,2022-06-05T18:00:00,2022-06-12T00:00:00,fixed_acoustic_station,30.8,19,26,7,26.0,16,TEAM-11-4,high,41.6
BAT-0001603,KNT-QWU,2022-07-05T18:00:00,2022-07-12T00:00:00,acoustic_and_visual,27.0,19,6,12,17.5,15,TEAM-11-4,acceptable,60.1
BAT-0001604,KNT-QWU,2022-08-05T18:00:00,2022-08-12T00:00:00,acoustic_and_visual,23.7,4,14,5,6.9,12,TEAM-11-4,acceptable,56.0
BAT-0001605,KNT-QWU,2022-09-05T18:00:00,2022-09-12T00:00:00,acoustic_transect,27.1,12,4,5,16.9,11,TEAM-11-4,acceptable,49.2
BAT-0001606,KNT-QWU,2022-10-05T18:00:00,2022-10-12T00:00:00,fixed_acoustic_station,34.1,5,6,0,4.0,5,TEAM-11-4,acceptable,40.3
BAT-0001607,KNT-QWU,2022-11-05T18:00:00,2022-11-12T00:00:00,fixed_acoustic_station,31.6,8,9,7,12.0,13,TEAM-11-4,high,43.6
BAT-0001608,KNT-QWU,2022-12-05T18:00:00,2022-12-12T00:00:00,acoustic_and_visual,24.6,6,16,12,7.3,7,TEAM-11-4,acceptable,33.5
BAT-0001609,KNT-QWU,2023-01-05T18:00:00,2023-01-12T00:00:00,fixed_acoustic_station,28.5,12,28,8,12.1,7,TEAM-11-4,high,23.8
BAT-0001610,KNT-QWU,2023-02-05T18:00:00,2023-02-12T00:00:00,acoustic_transect,32.1,9,14,10,10.5,9,TEAM-11-4,high,28.5
BAT-0001611,KNT-QWU,2023-03-05T18:00:00,2023-03-12T00:00:00,acoustic_and_visual,32.5,12,14,8,15.4,11,TEAM-11-4,high,40.3
BAT-0001612,KNT-QWU,2023-04-05T18:00:00,2023-04-12T00:00:00,acoustic_transect,31.2,8,20,3,10.0,5,TEAM-11-4,acceptable,37.2
BAT-0001613,KNT-QWU,2023-05-05T18:00:00,2023-05-12T00:00:00,acoustic_and_visual,33.6,10,11,13,11.3,11,TEAM-11-4,acceptable,54.0
BAT-0001614,KNT-QWU,2023-06-05T18:00:00,2023-06-12T00:00:00,acoustic_and_visual,27.0,9,17,13,10.9,14,TEAM-11-4,high,54.6
BAT-0001615,KNT-QWU,2023-07-05T18:00:00,2023-07-12T00:00:00,fixed_acoustic_station,25.6,7,6,7,6.9,14,TEAM-11-4,high,65.6
BAT-0001616,KNT-QWU,2023-08-05T18:00:00,2023-08-12T00:00:00,fixed_acoustic_station,23.0,6,8,1,7.7,9,TEAM-11-4,acceptable,48.4
BAT-0001617,KNT-QWU,2023-09-05T18:00:00,2023-09-12T00:00:00,acoustic_and_visual,26.5,7,8,4,8.0,13,TEAM-11-4,acceptable,47.7
BAT-0001618,KNT-QWU,2023-10-05T18:00:00,2023-10-12T00:00:00,acoustic_and_visual,28.4,9,7,3,10.7,17,TEAM-11-4,acceptable,42.2
BAT-0001619,KNT-QWU,2023-11-05T18:00:00,2023-11-12T00:00:00,acoustic_and_visual,25.6,3,12,2,4.8,9,TEAM-11-4,high,39.8
BAT-0001620,KNT-QWU,2023-12-05T18:00:00,2023-12-12T00:00:00,acoustic_and_visual,32.5,8,24,4,12.2,10,TEAM-11-4,high,20.1
BAT-0001621,KNT-QWU,2024-01-05T18:00:00,2024-01-12T00:00:00,fixed_acoustic_station,38.1,12,16,12,15.5,12,TEAM-11-4,high,34.7
BAT-0001622,KNT-QWU,2024-02-05T18:00:00,2024-02-12T00:00:00,acoustic_and_visual,34.8,6,14,7,3.4,5,TEAM-11-4,acceptable,13.8
BAT-0001623,KNT-QWU,2024-03-05T18:00:00,2024-03-12T00:00:00,acoustic_transect,35.2,10,18,9,13.6,6,TEAM-11-4,high,33.2
BAT-0001624,KNT-QWU,2024-04-05T18:00:00,2024-04-12T00:00:00,fixed_acoustic_station,29.0,12,18,13,16.0,16,TEAM-11-4,high,47.9
BAT-0001625,KNT-QWU,2024-05-05T18:00:00,2024-05-12T00:00:00,acoustic_transect,25.4,9,17,12,10.5,5,TEAM-11-4,acceptable,45.0
BAT-0001626,KNT-QWU,2024-06-05T18:00:00,2024-06-12T00:00:00,fixed_acoustic_station,23.1,17,2,8,17.0,12,TEAM-11-4,acceptable,72.8
BAT-0001627,KNT-QWU,2024-07-05T18:00:00,2024-07-12T00:00:00,fixed_acoustic_station,19.1,16,16,3,21.4,15,TEAM-11-4,acceptable,66.1
BAT-0001628,KNT-QWU,2024-08-05T18:00:00,2024-08-12T00:00:00,acoustic_transect,24.1,5,9,3,5.4,11,TEAM-11-4,acceptable,65.0
BAT-0001629,KNT-QWU,2024-09-05T18:00:00,2024-09-12T00:00:00,fixed_acoustic_station,22.9,2,5,3,2.1,8,TEAM-11-4,acceptable,60.5
BAT-0001630,KNT-QWU,2024-10-05T18:00:00,2024-10-12T00:00:00,acoustic_and_visual,28.4,0,3,1,0.0,5,TEAM-11-4,high,37.3
BAT-0001631,KNT-QWU,2024-11-05T18:00:00,2024-11-12T00:00:00,fixed_acoustic_station,28.1,7,10,11,5.7,15,TEAM-11-4,high,40.4
BAT-0001632,KNT-QWU,2024-12-05T18:00:00,2024-12-12T00:00:00,fixed_acoustic_station,26.1,14,28,10,14.4,8,TEAM-11-4,high,34.4
BAT-0001633,KNT-QWU,2025-01-05T18:00:00,2025-01-12T00:00:00,fixed_acoustic_station,35.4,12,28,13,14.5,14,TEAM-11-4,high,16.5
BAT-0001634,KNT-QWU,2025-02-05T18:00:00,2025-02-12T00:00:00,fixed_acoustic_station,31.9,5,10,9,6.7,9,TEAM-11-4,acceptable,27.8
BAT-0001635,KNT-QWU,2025-03-05T18:00:00,2025-03-12T00:00:00,acoustic_transect,36.5,13,7,9,16.7,12,TEAM-11-4,acceptable,29.2
BAT-0001636,KNT-QWU,2025-04-05T18:00:00,2025-04-12T00:00:00,acoustic_transect,18.2,2,12,5,0.2,8,TEAM-11-4,limited,46.3
BAT-0001637,KNT-QWU,2025-05-05T18:00:00,2025-05-12T00:00:00,acoustic_transect,32.2,13,20,9,17.2,11,TEAM-11-4,acceptable,54.5
BAT-0001638,KNT-QWU,2025-06-05T18:00:00,2025-06-12T00:00:00,fixed_acoustic_station,29.8,18,30,12,19.4,13,TEAM-11-4,high,52.6
BAT-0001639,KNT-TLQ,2019-01-05T18:00:00,2019-01-12T00:00:00,acoustic_and_visual,36.9,18,30,19,19.0,6,TEAM-11-5,acceptable,2.9
BAT-0001640,KNT-TLQ,2019-02-05T18:00:00,2019-02-12T00:00:00,fixed_acoustic_station,35.3,19,42,16,20.1,19,TEAM-11-5,high,21.7
BAT-0001641,KNT-TLQ,2019-03-05T18:00:00,2019-03-12T00:00:00,acoustic_and_visual,33.6,15,38,18,20.1,13,TEAM-11-5,high,19.0
BAT-0001642,KNT-TLQ,2019-04-05T18:00:00,2019-04-12T00:00:00,acoustic_and_visual,31.3,20,29,10,29.7,15,TEAM-11-5,acceptable,28.1
BAT-0001643,KNT-TLQ,2019-05-05T18:00:00,2019-05-12T00:00:00,acoustic_and_visual,28.8,26,40,16,26.3,11,TEAM-11-5,high,32.5
BAT-0001644,KNT-TLQ,2019-06-05T18:00:00,2019-06-12T00:00:00,acoustic_and_visual,27.5,21,26,18,25.4,11,TEAM-11-5,acceptable,55.7
BAT-0001645,KNT-TLQ,2019-07-05T18:00:00,2019-07-12T00:00:00,acoustic_and_visual,29.7,23,25,19,28.5,9,TEAM-11-5,high,41.9
BAT-0001646,KNT-TLQ,2019-08-05T18:00:00,2019-08-12T00:00:00,acoustic_and_visual,34.0,29,45,14,31.3,20,TEAM-11-5,high,43.5
BAT-0001647,KNT-TLQ,2019-09-05T18:00:00,2019-09-12T00:00:00,acoustic_and_visual,31.9,23,28,17,28.5,10,TEAM-11-5,acceptable,48.8
BAT-0001648,KNT-TLQ,2019-10-05T18:00:00,2019-10-12T00:00:00,acoustic_transect,34.8,19,25,11,18.8,9,TEAM-11-5,high,22.7
BAT-0001649,KNT-TLQ,2019-11-05T18:00:00,2019-11-12T00:00:00,acoustic_and_visual,43.1,26,30,13,31.5,11,TEAM-11-5,high,19.4
BAT-0001650,KNT-TLQ,2019-12-05T18:00:00,2019-12-12T00:00:00,acoustic_transect,35.8,25,44,18,24.0,10,TEAM-11-5,acceptable,30.4
BAT-0001651,KNT-TLQ,2020-01-05T18:00:00,2020-01-12T00:00:00,fixed_acoustic_station,32.6,25,36,10,34.0,12,TEAM-11-5,high,23.2
BAT-0001652,KNT-TLQ,2020-02-05T18:00:00,2020-02-12T00:00:00,acoustic_transect,41.7,32,50,25,38.1,10,TEAM-11-5,high,6.6
BAT-0001653,KNT-TLQ,2020-03-05T18:00:00,2020-03-12T00:00:00,fixed_acoustic_station,35.3,27,52,19,26.9,15,TEAM-11-5,high,18.1
BAT-0001654,KNT-TLQ,2020-04-05T18:00:00,2020-04-12T00:00:00,acoustic_and_visual,39.2,47,38,24,43.3,9,TEAM-11-5,acceptable,25.4
BAT-0001655,KNT-TLQ,2020-05-05T18:00:00,2020-05-12T00:00:00,acoustic_and_visual,27.0,17,14,10,13.7,16,TEAM-11-5,acceptable,52.5
BAT-0001656,KNT-TLQ,2020-06-05T18:00:00,2020-06-12T00:00:00,acoustic_and_visual,29.8,25,38,28,32.1,13,TEAM-11-5,acceptable,43.7
BAT-0001657,KNT-TLQ,2020-07-05T18:00:00,2020-07-12T00:00:00,acoustic_and_visual,28.8,15,37,12,16.2,15,TEAM-11-5,high,43.9
BAT-0001658,KNT-TLQ,2020-08-05T18:00:00,2020-08-12T00:00:00,acoustic_transect,29.1,22,30,19,22.1,10,TEAM-11-5,acceptable,51.6
BAT-0001659,KNT-TLQ,2020-09-05T18:00:00,2020-09-12T00:00:00,acoustic_transect,31.0,22,30,19,26.4,6,TEAM-11-5,acceptable,32.3
BAT-0001660,KNT-TLQ,2020-10-05T18:00:00,2020-10-12T00:00:00,fixed_acoustic_station,37.8,26,35,12,18.8,15,TEAM-11-5,high,24.3
BAT-0001661,KNT-TLQ,2020-11-05T18:00:00,2020-11-12T00:00:00,acoustic_and_visual,26.8,17,28,11,18.7,9,TEAM-11-5,high,27.5
BAT-0001662,KNT-TLQ,2020-12-05T18:00:00,2020-12-12T00:00:00,fixed_acoustic_station,41.7,23,43,20,27.4,11,TEAM-11-5,high,6.0
BAT-0001663,KNT-TLQ,2021-01-05T18:00:00,2021-01-12T00:00:00,acoustic_and_visual,34.3,20,26,14,21.9,12,TEAM-11-5,high,8.5
BAT-0001664,KNT-TLQ,2021-02-05T18:00:00,2021-02-12T00:00:00,fixed_acoustic_station,43.9,32,51,22,33.7,11,TEAM-11-5,high,11.2
BAT-0001665,KNT-TLQ,2021-03-05T18:00:00,2021-03-12T00:00:00,fixed_acoustic_station,33.7,28,31,16,28.7,10,TEAM-11-5,acceptable,17.2
BAT-0001666,KNT-TLQ,2021-04-05T18:00:00,2021-04-12T00:00:00,acoustic_and_visual,31.0,32,39,18,33.6,15,TEAM-11-5,acceptable,40.4
BAT-0001667,KNT-TLQ,2021-05-05T18:00:00,2021-05-12T00:00:00,fixed_acoustic_station,34.2,20,26,14,21.8,10,TEAM-11-5,acceptable,43.4
BAT-0001668,KNT-TLQ,2021-06-05T18:00:00,2021-06-12T00:00:00,fixed_acoustic_station,30.7,24,30,15,26.6,10,TEAM-11-5,acceptable,38.5
BAT-0001669,KNT-TLQ,2021-07-05T18:00:00,2021-07-12T00:00:00,acoustic_transect,26.7,25,33,18,32.3,12,TEAM-11-5,acceptable,45.7
BAT-0001670,KNT-TLQ,2021-08-05T18:00:00,2021-08-12T00:00:00,acoustic_transect,36.3,24,49,21,26.6,12,TEAM-11-5,high,35.6
BAT-0001671,KNT-TLQ,2021-09-05T18:00:00,2021-09-12T00:00:00,fixed_acoustic_station,29.8,16,31,11,16.8,8,TEAM-11-5,high,50.7
BAT-0001672,KNT-TLQ,2021-10-05T18:00:00,2021-10-12T00:00:00,fixed_acoustic_station,36.2,19,17,10,23.8,15,TEAM-11-5,acceptable,35.5
BAT-0001673,KNT-TLQ,2021-11-05T18:00:00,2021-11-12T00:00:00,acoustic_and_visual,36.2,29,36,12,39.8,20,TEAM-11-5,high,15.4
BAT-0001674,KNT-TLQ,2021-12-05T18:00:00,2021-12-12T00:00:00,acoustic_and_visual,19.2,10,9,9,10.3,13,TEAM-11-5,limited,19.0
BAT-0001675,KNT-TLQ,2022-01-05T18:00:00,2022-01-12T00:00:00,acoustic_and_visual,30.8,19,32,11,19.0,14,TEAM-11-5,acceptable,23.6
BAT-0001676,KNT-TLQ,2022-02-05T18:00:00,2022-02-12T00:00:00,fixed_acoustic_station,37.2,24,32,12,17.9,14,TEAM-11-5,acceptable,11.2
BAT-0001677,KNT-TLQ,2022-03-05T18:00:00,2022-03-12T00:00:00,fixed_acoustic_station,33.5,19,36,11,18.5,2,TEAM-11-5,high,18.7
BAT-0001678,KNT-TLQ,2022-04-05T18:00:00,2022-04-12T00:00:00,acoustic_transect,28.0,22,32,23,26.1,16,TEAM-11-5,acceptable,35.7
BAT-0001679,KNT-TLQ,2022-05-05T18:00:00,2022-05-12T00:00:00,acoustic_transect,24.7,21,43,16,27.2,15,TEAM-11-5,high,36.4
BAT-0001680,KNT-TLQ,2022-06-05T18:00:00,2022-06-12T00:00:00,acoustic_and_visual,31.4,19,34,10,20.8,16,TEAM-11-5,acceptable,35.0
BAT-0001681,KNT-TLQ,2022-07-05T18:00:00,2022-07-12T00:00:00,acoustic_transect,24.9,19,32,6,25.0,11,TEAM-11-5,acceptable,40.7
BAT-0001682,KNT-TLQ,2022-08-05T18:00:00,2022-08-12T00:00:00,fixed_acoustic_station,32.3,23,28,22,29.7,10,TEAM-11-5,high,31.2
BAT-0001683,KNT-TLQ,2022-09-05T18:00:00,2022-09-12T00:00:00,acoustic_and_visual,30.4,17,25,15,18.2,6,TEAM-11-5,acceptable,45.0
BAT-0001684,KNT-TLQ,2022-10-05T18:00:00,2022-10-12T00:00:00,acoustic_and_visual,32.0,21,36,16,19.3,9,TEAM-11-5,high,22.5
BAT-0001685,KNT-TLQ,2022-11-05T18:00:00,2022-11-12T00:00:00,acoustic_and_visual,25.8,17,23,8,16.4,17,TEAM-11-5,acceptable,23.1
BAT-0001686,KNT-TLQ,2022-12-05T18:00:00,2022-12-12T00:00:00,acoustic_transect,27.8,14,29,10,15.8,17,TEAM-11-5,high,27.0
BAT-0001687,KNT-TLQ,2023-01-05T18:00:00,2023-01-12T00:00:00,acoustic_transect,31.7,21,39,12,18.2,10,TEAM-11-5,high,30.0
BAT-0001688,KNT-TLQ,2023-02-05T18:00:00,2023-02-12T00:00:00,acoustic_transect,32.0,23,39,16,32.8,9,TEAM-11-5,acceptable,13.0
BAT-0001689,KNT-TLQ,2023-03-05T18:00:00,2023-03-12T00:00:00,acoustic_and_visual,36.6,25,40,16,27.5,9,TEAM-11-5,acceptable,30.8
BAT-0001690,KNT-TLQ,2023-04-05T18:00:00,2023-04-12T00:00:00,acoustic_transect,32.1,30,26,13,37.1,7,TEAM-11-5,acceptable,34.4
BAT-0001691,KNT-TLQ,2023-05-05T18:00:00,2023-05-12T00:00:00,acoustic_transect,28.8,30,52,15,35.3,12,TEAM-11-5,high,29.1
BAT-0001692,KNT-TLQ,2023-06-05T18:00:00,2023-06-12T00:00:00,acoustic_transect,32.9,34,35,19,27.8,15,TEAM-11-5,high,43.8
BAT-0001693,KNT-TLQ,2023-07-05T18:00:00,2023-07-12T00:00:00,acoustic_transect,29.9,34,41,12,43.1,9,TEAM-11-5,high,27.6
BAT-0001694,KNT-TLQ,2023-08-05T18:00:00,2023-08-12T00:00:00,fixed_acoustic_station,29.9,17,24,9,18.6,15,TEAM-11-5,acceptable,49.4
BAT-0001695,KNT-TLQ,2023-09-05T18:00:00,2023-09-12T00:00:00,acoustic_and_visual,36.5,19,30,20,22.3,14,TEAM-11-5,acceptable,28.1
BAT-0001696,KNT-TLQ,2023-10-05T18:00:00,2023-10-12T00:00:00,acoustic_transect,27.8,19,20,13,22.6,9,TEAM-11-5,acceptable,45.9
BAT-0001697,KNT-TLQ,2023-11-05T18:00:00,2023-11-12T00:00:00,fixed_acoustic_station,35.8,27,52,18,30.0,13,TEAM-11-5,high,19.9
BAT-0001698,KNT-TLQ,2023-12-05T18:00:00,2023-12-12T00:00:00,acoustic_transect,35.5,19,35,15,19.0,9,TEAM-11-5,high,18.7
BAT-0001699,KNT-TLQ,2024-01-05T18:00:00,2024-01-12T00:00:00,acoustic_and_visual,36.0,25,37,14,25.4,13,TEAM-11-5,high,14.7
BAT-0001700,KNT-TLQ,2024-02-05T18:00:00,2024-02-12T00:00:00,fixed_acoustic_station,46.9,18,35,19,14.6,11,TEAM-11-5,high,0.0
BAT-0001701,KNT-TLQ,2024-03-05T18:00:00,2024-03-12T00:00:00,acoustic_transect,33.1,20,26,17,20.8,16,TEAM-11-5,acceptable,33.3
BAT-0001702,KNT-TLQ,2024-04-05T18:00:00,2024-04-12T00:00:00,fixed_acoustic_station,28.7,20,25,10,21.5,11,TEAM-11-5,acceptable,35.6
BAT-0001703,KNT-TLQ,2024-05-05T18:00:00,2024-05-12T00:00:00,acoustic_and_visual,28.0,21,29,15,23.9,14,TEAM-11-5,high,44.5
BAT-0001704,KNT-TLQ,2024-06-05T18:00:00,2024-06-12T00:00:00,acoustic_transect,33.8,27,33,20,33.0,16,TEAM-11-5,acceptable,50.3
BAT-0001705,KNT-TLQ,2024-07-05T18:00:00,2024-07-12T00:00:00,acoustic_transect,33.9,18,17,13,21.6,14,TEAM-11-5,acceptable,39.7
BAT-0001706,KNT-TLQ,2024-08-05T18:00:00,2024-08-12T00:00:00,fixed_acoustic_station,33.9,21,29,14,27.6,6,TEAM-11-5,acceptable,35.6
BAT-0001707,KNT-TLQ,2024-09-05T18:00:00,2024-09-12T00:00:00,fixed_acoustic_station,35.2,15,32,17,15.5,20,TEAM-11-5,high,27.6
BAT-0001708,KNT-TLQ,2024-10-05T18:00:00,2024-10-12T00:00:00,acoustic_and_visual,38.2,25,26,21,24.8,15,TEAM-11-5,high,21.2
BAT-0001709,KNT-TLQ,2024-11-05T18:00:00,2024-11-12T00:00:00,acoustic_transect,38.1,31,51,13,29.4,6,TEAM-11-5,high,5.6
BAT-0001710,KNT-TLQ,2024-12-05T18:00:00,2024-12-12T00:00:00,acoustic_transect,35.5,13,40,11,10.6,19,TEAM-11-5,high,9.2
BAT-0001711,KNT-TLQ,2025-01-05T18:00:00,2025-01-12T00:00:00,acoustic_transect,31.3,27,15,16,33.5,15,TEAM-11-5,limited,21.8
BAT-0001712,KNT-TLQ,2025-02-05T18:00:00,2025-02-12T00:00:00,fixed_acoustic_station,35.1,27,46,16,32.9,10,TEAM-11-5,high,20.8
BAT-0001713,KNT-TLQ,2025-03-05T18:00:00,2025-03-12T00:00:00,acoustic_and_visual,35.1,33,37,21,36.3,10,TEAM-11-5,acceptable,31.0
BAT-0001714,KNT-TLQ,2025-04-05T18:00:00,2025-04-12T00:00:00,fixed_acoustic_station,33.9,28,38,26,28.7,10,TEAM-11-5,high,31.3
BAT-0001715,KNT-TLQ,2025-05-05T18:00:00,2025-05-12T00:00:00,acoustic_and_visual,26.1,24,22,11,26.2,13,TEAM-11-5,high,52.8
BAT-0001716,KNT-TLQ,2025-06-05T18:00:00,2025-06-12T00:00:00,fixed_acoustic_station,18.7,12,31,14,14.6,13,TEAM-11-5,high,46.0
BAT-0001717,KNT-UJJ,2019-01-05T18:00:00,2019-01-12T00:00:00,acoustic_and_visual,35.5,28,34,10,30.3,8,TEAM-11-1,high,18.8
BAT-0001718,KNT-UJJ,2019-02-05T18:00:00,2019-02-12T00:00:00,acoustic_transect,29.5,20,34,10,20.1,7,TEAM-11-1,high,22.1
BAT-0001719,KNT-UJJ,2019-03-05T18:00:00,2019-03-12T00:00:00,acoustic_transect,33.3,27,65,14,36.1,13,TEAM-11-1,high,20.4
BAT-0001720,KNT-UJJ,2019-04-05T18:00:00,2019-04-12T00:00:00,fixed_acoustic_station,34.5,15,32,18,11.5,9,TEAM-11-1,acceptable,27.3
BAT-0001721,KNT-UJJ,2019-05-05T18:00:00,2019-05-12T00:00:00,acoustic_and_visual,29.3,24,24,14,20.2,5,TEAM-11-1,high,54.8
BAT-0001722,KNT-UJJ,2019-06-05T18:00:00,2019-06-12T00:00:00,acoustic_transect,27.8,28,26,21,25.4,9,TEAM-11-1,acceptable,48.6
BAT-0001723,KNT-UJJ,2019-07-05T18:00:00,2019-07-12T00:00:00,fixed_acoustic_station,18.7,9,16,5,7.2,10,TEAM-11-1,limited,61.6
BAT-0001724,KNT-UJJ,2019-08-05T18:00:00,2019-08-12T00:00:00,fixed_acoustic_station,26.8,17,25,19,15.0,9,TEAM-11-1,acceptable,54.5
BAT-0001725,KNT-UJJ,2019-09-05T18:00:00,2019-09-12T00:00:00,acoustic_transect,27.8,9,21,15,9.8,6,TEAM-11-1,acceptable,28.1
BAT-0001726,KNT-UJJ,2019-10-05T18:00:00,2019-10-12T00:00:00,acoustic_transect,22.3,11,17,5,9.8,7,TEAM-11-1,acceptable,43.8
BAT-0001727,KNT-UJJ,2019-11-05T18:00:00,2019-11-12T00:00:00,acoustic_and_visual,29.7,13,25,12,16.7,10,TEAM-11-1,high,43.1
BAT-0001728,KNT-UJJ,2019-12-05T18:00:00,2019-12-12T00:00:00,fixed_acoustic_station,32.0,6,21,5,4.9,12,TEAM-11-1,high,23.6
BAT-0001729,KNT-UJJ,2020-01-05T18:00:00,2020-01-12T00:00:00,acoustic_transect,35.3,24,33,21,21.6,9,TEAM-11-1,high,14.9
BAT-0001730,KNT-UJJ,2020-02-05T18:00:00,2020-02-12T00:00:00,fixed_acoustic_station,34.7,20,26,8,17.4,8,TEAM-11-1,high,18.1
BAT-0001731,KNT-UJJ,2020-03-05T18:00:00,2020-03-12T00:00:00,acoustic_and_visual,29.8,16,36,16,21.1,6,TEAM-11-1,acceptable,15.1
BAT-0001732,KNT-UJJ,2020-04-05T18:00:00,2020-04-12T00:00:00,acoustic_and_visual,31.9,27,35,10,35.3,10,TEAM-11-1,high,36.2
BAT-0001733,KNT-UJJ,2020-05-05T18:00:00,2020-05-12T00:00:00,acoustic_and_visual,25.3,20,32,9,28.1,9,TEAM-11-1,acceptable,50.7
BAT-0001734,KNT-UJJ,2020-06-05T18:00:00,2020-06-12T00:00:00,acoustic_transect,37.7,19,42,15,17.8,9,TEAM-11-1,high,40.7
BAT-0001735,KNT-UJJ,2020-07-05T18:00:00,2020-07-12T00:00:00,fixed_acoustic_station,27.0,16,25,16,20.0,8,TEAM-11-1,high,45.4
BAT-0001736,KNT-UJJ,2020-08-05T18:00:00,2020-08-12T00:00:00,acoustic_transect,20.5,13,18,11,12.3,5,TEAM-11-1,acceptable,60.7
BAT-0001737,KNT-UJJ,2020-09-05T18:00:00,2020-09-12T00:00:00,acoustic_transect,20.6,5,10,5,6.1,16,TEAM-11-1,acceptable,66.0
BAT-0001738,KNT-UJJ,2020-10-05T18:00:00,2020-10-12T00:00:00,fixed_acoustic_station,32.2,14,17,9,13.1,5,TEAM-11-1,acceptable,38.5
BAT-0001739,KNT-UJJ,2020-11-05T18:00:00,2020-11-12T00:00:00,acoustic_transect,35.4,21,21,12,26.9,9,TEAM-11-1,high,13.2
BAT-0001740,KNT-UJJ,2020-12-05T18:00:00,2020-12-12T00:00:00,acoustic_transect,28.2,12,18,18,10.4,5,TEAM-11-1,high,37.2
BAT-0001741,KNT-UJJ,2021-01-05T18:00:00,2021-01-12T00:00:00,acoustic_and_visual,35.4,34,41,15,33.8,4,TEAM-11-1,high,5.6
BAT-0001742,KNT-UJJ,2021-02-05T18:00:00,2021-02-12T00:00:00,acoustic_and_visual,42.0,30,28,21,29.4,5,TEAM-11-1,acceptable,28.2
BAT-0001743,KNT-UJJ,2021-03-05T18:00:00,2021-03-12T00:00:00,acoustic_and_visual,32.0,27,30,20,32.6,6,TEAM-11-1,acceptable,25.2
BAT-0001744,KNT-UJJ,2021-04-05T18:00:00,2021-04-12T00:00:00,acoustic_transect,34.2,21,25,15,26.5,5,TEAM-11-1,acceptable,35.3
BAT-0001745,KNT-UJJ,2021-05-05T18:00:00,2021-05-12T00:00:00,acoustic_and_visual,28.2,21,26,13,20.4,9,TEAM-11-1,acceptable,52.1
BAT-0001746,KNT-UJJ,2021-06-05T18:00:00,2021-06-12T00:00:00,fixed_acoustic_station,30.6,27,45,17,35.3,9,TEAM-11-1,high,45.2
BAT-0001747,KNT-UJJ,2021-07-05T18:00:00,2021-07-12T00:00:00,acoustic_and_visual,34.0,22,35,20,22.9,14,TEAM-11-1,high,33.4
BAT-0001748,KNT-UJJ,2021-08-05T18:00:00,2021-08-12T00:00:00,acoustic_and_visual,26.0,19,18,16,19.8,8,TEAM-11-1,acceptable,64.1
BAT-0001749,KNT-UJJ,2021-09-05T18:00:00,2021-09-12T00:00:00,acoustic_transect,30.8,26,28,8,32.2,9,TEAM-11-1,high,35.5
BAT-0001750,KNT-UJJ,2021-10-05T18:00:00,2021-10-12T00:00:00,fixed_acoustic_station,38.6,19,29,10,20.3,13,TEAM-11-1,high,32.9
BAT-0001751,KNT-UJJ,2021-11-05T18:00:00,2021-11-12T00:00:00,acoustic_and_visual,31.8,17,24,7,19.7,7,TEAM-11-1,high,32.0
BAT-0001752,KNT-UJJ,2021-12-05T18:00:00,2021-12-12T00:00:00,acoustic_transect,34.8,19,32,8,16.5,11,TEAM-11-1,high,11.7
BAT-0001753,KNT-UJJ,2022-01-05T18:00:00,2022-01-12T00:00:00,acoustic_and_visual,29.2,20,23,11,25.7,11,TEAM-11-1,acceptable,41.5
BAT-0001754,KNT-UJJ,2022-02-05T18:00:00,2022-02-12T00:00:00,acoustic_and_visual,35.9,36,30,21,37.6,7,TEAM-11-1,acceptable,25.3
BAT-0001755,KNT-UJJ,2022-03-05T18:00:00,2022-03-12T00:00:00,fixed_acoustic_station,29.7,20,32,16,22.6,13,TEAM-11-1,high,39.1
BAT-0001756,KNT-UJJ,2022-04-05T18:00:00,2022-04-12T00:00:00,acoustic_and_visual,30.3,30,30,28,35.4,13,TEAM-11-1,acceptable,37.2
BAT-0001757,KNT-UJJ,2022-05-05T18:00:00,2022-05-12T00:00:00,acoustic_transect,25.9,22,36,13,26.9,3,TEAM-11-1,high,42.3
BAT-0001758,KNT-UJJ,2022-06-05T18:00:00,2022-06-12T00:00:00,acoustic_and_visual,22.0,9,11,13,9.9,3,TEAM-11-1,acceptable,56.3
BAT-0001759,KNT-UJJ,2022-07-05T18:00:00,2022-07-12T00:00:00,fixed_acoustic_station,28.0,17,21,11,20.4,13,TEAM-11-1,acceptable,73.2
BAT-0001760,KNT-UJJ,2022-08-05T18:00:00,2022-08-12T00:00:00,acoustic_transect,24.1,11,14,5,11.3,6,TEAM-11-1,high,64.1
BAT-0001761,KNT-UJJ,2022-09-05T18:00:00,2022-09-12T00:00:00,acoustic_transect,32.0,9,11,11,9.6,2,TEAM-11-1,acceptable,46.3
BAT-0001762,KNT-UJJ,2022-10-05T18:00:00,2022-10-12T00:00:00,acoustic_transect,33.4,22,30,11,21.5,6,TEAM-11-1,high,42.3
BAT-0001763,KNT-UJJ,2022-11-05T18:00:00,2022-11-12T00:00:00,fixed_acoustic_station,27.4,11,14,4,8.7,8,TEAM-11-1,high,46.5
BAT-0001764,KNT-UJJ,2022-12-05T18:00:00,2022-12-12T00:00:00,fixed_acoustic_station,27.5,14,18,9,15.9,10,TEAM-11-1,high,38.7
BAT-0001765,KNT-UJJ,2023-01-05T18:00:00,2023-01-12T00:00:00,acoustic_transect,36.5,31,38,7,38.8,8,TEAM-11-1,high,8.9
BAT-0001766,KNT-UJJ,2023-02-05T18:00:00,2023-02-12T00:00:00,acoustic_and_visual,40.1,31,51,16,40.4,13,TEAM-11-1,high,15.0
BAT-0001767,KNT-UJJ,2023-03-05T18:00:00,2023-03-12T00:00:00,fixed_acoustic_station,33.4,24,36,14,29.6,7,TEAM-11-1,acceptable,31.6
BAT-0001768,KNT-UJJ,2023-04-05T18:00:00,2023-04-12T00:00:00,acoustic_transect,31.4,31,24,24,34.4,10,TEAM-11-1,acceptable,40.6
BAT-0001769,KNT-UJJ,2023-05-05T18:00:00,2023-05-12T00:00:00,acoustic_transect,28.9,15,24,17,14.8,12,TEAM-11-1,high,63.9
BAT-0001770,KNT-UJJ,2023-06-05T18:00:00,2023-06-12T00:00:00,acoustic_transect,27.2,17,19,17,17.6,5,TEAM-11-1,high,50.1
BAT-0001771,KNT-UJJ,2023-07-05T18:00:00,2023-07-12T00:00:00,acoustic_and_visual,21.0,12,29,6,13.5,11,TEAM-11-1,high,59.4
BAT-0001772,KNT-UJJ,2023-08-05T18:00:00,2023-08-12T00:00:00,acoustic_and_visual,27.4,18,11,8,21.9,9,TEAM-11-1,acceptable,41.6
BAT-0001773,KNT-UJJ,2023-09-05T18:00:00,2023-09-12T00:00:00,fixed_acoustic_station,26.4,10,17,9,10.1,7,TEAM-11-1,high,56.2
BAT-0001774,KNT-UJJ,2023-10-05T18:00:00,2023-10-12T00:00:00,fixed_acoustic_station,31.3,15,20,14,19.7,15,TEAM-11-1,high,32.2
BAT-0001775,KNT-UJJ,2023-11-05T18:00:00,2023-11-12T00:00:00,fixed_acoustic_station,33.5,21,25,15,17.0,15,TEAM-11-1,high,37.1
BAT-0001776,KNT-UJJ,2023-12-05T18:00:00,2023-12-12T00:00:00,fixed_acoustic_station,35.6,19,27,15,22.0,8,TEAM-11-1,high,30.5
BAT-0001777,KNT-UJJ,2024-01-05T18:00:00,2024-01-12T00:00:00,acoustic_and_visual,37.0,21,29,15,23.7,12,TEAM-11-1,high,32.0
BAT-0001778,KNT-UJJ,2024-02-05T18:00:00,2024-02-12T00:00:00,fixed_acoustic_station,32.3,24,36,19,32.0,8,TEAM-11-1,acceptable,16.6
BAT-0001779,KNT-UJJ,2024-03-05T18:00:00,2024-03-12T00:00:00,fixed_acoustic_station,25.4,19,39,18,18.9,4,TEAM-11-1,high,37.8
BAT-0001780,KNT-UJJ,2024-04-05T18:00:00,2024-04-12T00:00:00,acoustic_transect,32.4,16,45,16,18.9,5,TEAM-11-1,high,28.4
BAT-0001781,KNT-UJJ,2024-05-05T18:00:00,2024-05-12T00:00:00,fixed_acoustic_station,31.5,33,37,18,36.2,10,TEAM-11-1,acceptable,40.7
BAT-0001782,KNT-UJJ,2024-06-05T18:00:00,2024-06-12T00:00:00,acoustic_transect,16.2,12,24,9,17.5,8,TEAM-11-1,acceptable,69.0
BAT-0001783,KNT-UJJ,2024-07-05T18:00:00,2024-07-12T00:00:00,fixed_acoustic_station,29.9,18,21,17,18.5,13,TEAM-11-1,acceptable,47.8
BAT-0001784,KNT-UJJ,2024-08-05T18:00:00,2024-08-12T00:00:00,acoustic_and_visual,24.9,8,20,7,7.5,7,TEAM-11-1,high,47.0
BAT-0001785,KNT-UJJ,2024-09-05T18:00:00,2024-09-12T00:00:00,fixed_acoustic_station,22.6,12,22,11,12.6,8,TEAM-11-1,acceptable,58.7
BAT-0001786,KNT-UJJ,2024-10-05T18:00:00,2024-10-12T00:00:00,acoustic_and_visual,33.5,10,25,13,11.2,16,TEAM-11-1,high,35.8
BAT-0001787,KNT-UJJ,2024-11-05T18:00:00,2024-11-12T00:00:00,acoustic_transect,32.1,23,32,13,29.3,2,TEAM-11-1,high,25.5
BAT-0001788,KNT-UJJ,2024-12-05T18:00:00,2024-12-12T00:00:00,fixed_acoustic_station,36.4,19,37,13,23.4,10,TEAM-11-1,high,14.6
BAT-0001789,KNT-UJJ,2025-01-05T18:00:00,2025-01-12T00:00:00,acoustic_transect,36.2,23,36,13,26.8,13,TEAM-11-1,high,21.4
BAT-0001790,KNT-UJJ,2025-02-05T18:00:00,2025-02-12T00:00:00,acoustic_transect,43.2,33,59,25,45.4,9,TEAM-11-1,high,11.3
BAT-0001791,KNT-UJJ,2025-03-05T18:00:00,2025-03-12T00:00:00,fixed_acoustic_station,30.1,23,35,22,28.0,16,TEAM-11-1,acceptable,42.0
BAT-0001792,KNT-UJJ,2025-04-05T18:00:00,2025-04-12T00:00:00,acoustic_and_visual,32.7,33,42,21,34.0,8,TEAM-11-1,high,32.9
BAT-0001793,KNT-UJJ,2025-05-05T18:00:00,2025-05-12T00:00:00,acoustic_transect,24.5,27,14,9,30.0,10,TEAM-11-1,acceptable,58.8
BAT-0001794,KNT-UJJ,2025-06-05T18:00:00,2025-06-12T00:00:00,fixed_acoustic_station,26.8,19,24,13,26.7,13,TEAM-11-1,acceptable,49.2
BAT-0001795,KNT-VXR,2019-01-05T18:00:00,2019-01-12T00:00:00,acoustic_transect,41.1,26,28,16,28.0,8,TEAM-11-2,high,12.2
BAT-0001796,KNT-VXR,2019-02-05T18:00:00,2019-02-12T00:00:00,acoustic_and_visual,34.0,22,21,10,24.2,3,TEAM-11-2,high,25.6
BAT-0001797,KNT-VXR,2019-03-05T18:00:00,2019-03-12T00:00:00,acoustic_and_visual,29.4,21,27,15,21.6,12,TEAM-11-2,acceptable,32.1
BAT-0001798,KNT-VXR,2019-04-05T18:00:00,2019-04-12T00:00:00,fixed_acoustic_station,29.7,16,27,16,20.8,9,TEAM-11-2,acceptable,43.6
BAT-0001799,KNT-VXR,2019-05-05T18:00:00,2019-05-12T00:00:00,acoustic_transect,31.6,20,34,11,27.7,16,TEAM-11-2,high,40.9
BAT-0001800,KNT-VXR,2019-06-05T18:00:00,2019-06-12T00:00:00,acoustic_and_visual,21.8,8,14,9,11.4,10,TEAM-11-2,acceptable,64.6
BAT-0001801,KNT-VXR,2019-07-05T18:00:00,2019-07-12T00:00:00,fixed_acoustic_station,31.0,9,13,5,8.4,16,TEAM-11-2,high,52.5
BAT-0001802,KNT-VXR,2019-08-05T18:00:00,2019-08-12T00:00:00,acoustic_transect,27.6,8,14,8,7.8,6,TEAM-11-2,acceptable,73.9
BAT-0001803,KNT-VXR,2019-09-05T18:00:00,2019-09-12T00:00:00,acoustic_transect,26.0,8,16,3,6.3,11,TEAM-11-2,acceptable,50.2
BAT-0001804,KNT-VXR,2019-10-05T18:00:00,2019-10-12T00:00:00,fixed_acoustic_station,34.4,9,11,7,8.9,11,TEAM-11-2,high,32.5
BAT-0001805,KNT-VXR,2019-11-05T18:00:00,2019-11-12T00:00:00,acoustic_and_visual,31.2,8,13,7,9.4,12,TEAM-11-2,acceptable,49.9
BAT-0001806,KNT-VXR,2019-12-05T18:00:00,2019-12-12T00:00:00,acoustic_transect,33.5,14,23,10,16.5,15,TEAM-11-2,high,28.2
BAT-0001807,KNT-VXR,2020-01-05T18:00:00,2020-01-12T00:00:00,fixed_acoustic_station,30.8,20,18,12,22.3,9,TEAM-11-2,high,13.6
BAT-0001808,KNT-VXR,2020-02-05T18:00:00,2020-02-12T00:00:00,fixed_acoustic_station,32.8,17,30,17,17.0,13,TEAM-11-2,high,30.9
BAT-0001809,KNT-VXR,2020-03-05T18:00:00,2020-03-12T00:00:00,acoustic_transect,30.1,12,36,17,12.4,11,TEAM-11-2,high,29.6
BAT-0001810,KNT-VXR,2020-04-05T18:00:00,2020-04-12T00:00:00,acoustic_transect,34.1,21,28,22,24.7,11,TEAM-11-2,acceptable,48.4
BAT-0001811,KNT-VXR,2020-05-05T18:00:00,2020-05-12T00:00:00,acoustic_and_visual,20.9,15,12,9,14.6,14,TEAM-11-2,acceptable,59.8
BAT-0001812,KNT-VXR,2020-06-05T18:00:00,2020-06-12T00:00:00,acoustic_and_visual,23.6,13,22,7,16.6,12,TEAM-11-2,high,59.3
BAT-0001813,KNT-VXR,2020-07-05T18:00:00,2020-07-12T00:00:00,acoustic_transect,35.5,13,16,10,11.9,14,TEAM-11-2,high,45.8
BAT-0001814,KNT-VXR,2020-08-05T18:00:00,2020-08-12T00:00:00,fixed_acoustic_station,26.1,12,15,6,9.4,10,TEAM-11-2,high,51.5
BAT-0001815,KNT-VXR,2020-09-05T18:00:00,2020-09-12T00:00:00,acoustic_and_visual,30.8,9,22,10,14.0,12,TEAM-11-2,acceptable,40.7
BAT-0001816,KNT-VXR,2020-10-05T18:00:00,2020-10-12T00:00:00,acoustic_and_visual,27.9,10,11,6,12.2,13,TEAM-11-2,acceptable,51.8
BAT-0001817,KNT-VXR,2020-11-05T18:00:00,2020-11-12T00:00:00,fixed_acoustic_station,20.2,8,4,6,6.5,10,TEAM-11-2,limited,28.1
BAT-0001818,KNT-VXR,2020-12-05T18:00:00,2020-12-12T00:00:00,acoustic_and_visual,32.5,15,20,12,17.7,15,TEAM-11-2,high,22.7
BAT-0001819,KNT-VXR,2021-01-05T18:00:00,2021-01-12T00:00:00,acoustic_and_visual,36.6,17,22,10,21.5,10,TEAM-11-2,high,18.9
BAT-0001820,KNT-VXR,2021-02-05T18:00:00,2021-02-12T00:00:00,acoustic_and_visual,37.8,15,25,14,15.8,13,TEAM-11-2,high,25.9
BAT-0001821,KNT-VXR,2021-03-05T18:00:00,2021-03-12T00:00:00,acoustic_transect,30.8,22,31,18,25.0,11,TEAM-11-2,acceptable,39.9
BAT-0001822,KNT-VXR,2021-04-05T18:00:00,2021-04-12T00:00:00,acoustic_and_visual,28.7,19,33,13,21.9,9,TEAM-11-2,high,24.1
BAT-0001823,KNT-VXR,2021-05-05T18:00:00,2021-05-12T00:00:00,fixed_acoustic_station,28.6,17,29,11,22.8,9,TEAM-11-2,high,31.3
BAT-0001824,KNT-VXR,2021-06-05T18:00:00,2021-06-12T00:00:00,acoustic_transect,29.8,13,18,10,13.9,21,TEAM-11-2,acceptable,57.4
BAT-0001825,KNT-VXR,2021-07-05T18:00:00,2021-07-12T00:00:00,fixed_acoustic_station,25.0,16,21,10,16.2,9,TEAM-11-2,acceptable,55.1
BAT-0001826,KNT-VXR,2021-08-05T18:00:00,2021-08-12T00:00:00,acoustic_and_visual,22.7,11,17,7,10.6,9,TEAM-11-2,acceptable,57.8
BAT-0001827,KNT-VXR,2021-09-05T18:00:00,2021-09-12T00:00:00,fixed_acoustic_station,26.9,8,17,8,10.5,12,TEAM-11-2,acceptable,43.1
BAT-0001828,KNT-VXR,2021-10-05T18:00:00,2021-10-12T00:00:00,acoustic_transect,26.3,9,15,9,8.6,14,TEAM-11-2,acceptable,37.6
BAT-0001829,KNT-VXR,2021-11-05T18:00:00,2021-11-12T00:00:00,fixed_acoustic_station,33.7,13,13,10,14.1,10,TEAM-11-2,acceptable,32.2
BAT-0001830,KNT-VXR,2021-12-05T18:00:00,2021-12-12T00:00:00,acoustic_transect,29.7,7,18,6,6.2,4,TEAM-11-2,high,21.6
BAT-0001831,KNT-VXR,2022-01-05T18:00:00,2022-01-12T00:00:00,acoustic_transect,36.2,17,23,14,19.1,13,TEAM-11-2,acceptable,23.9
BAT-0001832,KNT-VXR,2022-02-05T18:00:00,2022-02-12T00:00:00,acoustic_transect,41.3,30,35,12,38.6,12,TEAM-11-2,high,14.9
BAT-0001833,KNT-VXR,2022-03-05T18:00:00,2022-03-12T00:00:00,acoustic_transect,27.5,17,24,16,20.2,15,TEAM-11-2,high,36.7
BAT-0001834,KNT-VXR,2022-04-05T18:00:00,2022-04-12T00:00:00,acoustic_transect,26.5,13,16,7,12.4,10,TEAM-11-2,acceptable,56.1
BAT-0001835,KNT-VXR,2022-05-05T18:00:00,2022-05-12T00:00:00,acoustic_and_visual,25.9,14,26,12,17.8,12,TEAM-11-2,acceptable,43.5
BAT-0001836,KNT-VXR,2022-06-05T18:00:00,2022-06-12T00:00:00,acoustic_transect,23.9,10,12,4,6.6,9,TEAM-11-2,acceptable,73.8
BAT-0001837,KNT-VXR,2022-07-05T18:00:00,2022-07-12T00:00:00,fixed_acoustic_station,18.0,6,9,9,4.8,12,TEAM-11-2,acceptable,70.9
BAT-0001838,KNT-VXR,2022-08-05T18:00:00,2022-08-12T00:00:00,fixed_acoustic_station,25.3,6,14,9,7.6,11,TEAM-11-2,acceptable,61.5
BAT-0001839,KNT-VXR,2022-09-05T18:00:00,2022-09-12T00:00:00,acoustic_transect,24.1,11,6,3,11.8,16,TEAM-11-2,acceptable,69.7
BAT-0001840,KNT-VXR,2022-10-05T18:00:00,2022-10-12T00:00:00,acoustic_and_visual,28.6,7,15,11,7.3,8,TEAM-11-2,acceptable,51.7
BAT-0001841,KNT-VXR,2022-11-05T18:00:00,2022-11-12T00:00:00,fixed_acoustic_station,36.6,13,18,17,12.0,6,TEAM-11-2,high,23.0
BAT-0001842,KNT-VXR,2022-12-05T18:00:00,2022-12-12T00:00:00,fixed_acoustic_station,29.6,14,20,5,15.4,8,TEAM-11-2,high,29.8
BAT-0001843,KNT-VXR,2023-01-05T18:00:00,2023-01-12T00:00:00,acoustic_and_visual,38.3,13,20,18,14.1,8,TEAM-11-2,acceptable,35.7
BAT-0001844,KNT-VXR,2023-02-05T18:00:00,2023-02-12T00:00:00,acoustic_and_visual,34.8,18,20,13,25.1,10,TEAM-11-2,high,27.5
BAT-0001845,KNT-VXR,2023-03-05T18:00:00,2023-03-12T00:00:00,acoustic_transect,24.5,20,27,14,14.7,10,TEAM-11-2,acceptable,36.2
BAT-0001846,KNT-VXR,2023-04-05T18:00:00,2023-04-12T00:00:00,acoustic_and_visual,28.6,17,22,10,20.0,8,TEAM-11-2,acceptable,44.2
BAT-0001847,KNT-VXR,2023-05-05T18:00:00,2023-05-12T00:00:00,fixed_acoustic_station,26.3,11,25,14,16.1,13,TEAM-11-2,high,54.9
BAT-0001848,KNT-VXR,2023-06-05T18:00:00,2023-06-12T00:00:00,acoustic_transect,27.2,21,15,11,21.4,11,TEAM-11-2,acceptable,66.8
BAT-0001849,KNT-VXR,2023-07-05T18:00:00,2023-07-12T00:00:00,acoustic_transect,22.7,9,15,4,8.5,9,TEAM-11-2,acceptable,65.8
BAT-0001850,KNT-VXR,2023-08-05T18:00:00,2023-08-12T00:00:00,acoustic_and_visual,23.8,5,8,11,4.1,9,TEAM-11-2,acceptable,62.1
BAT-0001851,KNT-VXR,2023-09-05T18:00:00,2023-09-12T00:00:00,acoustic_and_visual,29.8,6,6,12,7.7,10,TEAM-11-2,acceptable,51.4
BAT-0001852,KNT-VXR,2023-10-05T18:00:00,2023-10-12T00:00:00,fixed_acoustic_station,28.9,12,20,12,13.4,8,TEAM-11-2,acceptable,51.1
BAT-0001853,KNT-VXR,2023-11-05T18:00:00,2023-11-12T00:00:00,acoustic_transect,26.9,10,12,5,11.6,6,TEAM-11-2,acceptable,29.6
BAT-0001854,KNT-VXR,2023-12-05T18:00:00,2023-12-12T00:00:00,acoustic_and_visual,34.5,12,14,10,9.9,3,TEAM-11-2,acceptable,25.9
BAT-0001855,KNT-VXR,2024-01-05T18:00:00,2024-01-12T00:00:00,acoustic_transect,29.4,9,22,8,11.0,10,TEAM-11-2,acceptable,15.5
BAT-0001856,KNT-VXR,2024-02-05T18:00:00,2024-02-12T00:00:00,acoustic_transect,25.9,10,23,6,11.2,18,TEAM-11-2,high,27.2
BAT-0001857,KNT-VXR,2024-03-05T18:00:00,2024-03-12T00:00:00,fixed_acoustic_station,32.3,17,25,15,21.9,9,TEAM-11-2,acceptable,30.5
BAT-0001858,KNT-VXR,2024-04-05T18:00:00,2024-04-12T00:00:00,acoustic_transect,33.1,19,23,15,18.1,12,TEAM-11-2,acceptable,28.2
BAT-0001859,KNT-VXR,2024-05-05T18:00:00,2024-05-12T00:00:00,acoustic_and_visual,29.8,26,35,13,29.7,20,TEAM-11-2,high,49.2
BAT-0001860,KNT-VXR,2024-06-05T18:00:00,2024-06-12T00:00:00,acoustic_transect,25.1,16,25,9,18.2,12,TEAM-11-2,acceptable,50.3
BAT-0001861,KNT-VXR,2024-07-05T18:00:00,2024-07-12T00:00:00,acoustic_transect,25.6,13,16,9,12.3,14,TEAM-11-2,acceptable,71.1
BAT-0001862,KNT-VXR,2024-08-05T18:00:00,2024-08-12T00:00:00,acoustic_and_visual,26.9,13,26,10,16.3,10,TEAM-11-2,acceptable,48.3
BAT-0001863,KNT-VXR,2024-09-05T18:00:00,2024-09-12T00:00:00,fixed_acoustic_station,24.1,9,10,8,9.8,9,TEAM-11-2,high,59.3
BAT-0001864,KNT-VXR,2024-10-05T18:00:00,2024-10-12T00:00:00,acoustic_transect,28.7,9,17,9,8.7,14,TEAM-11-2,acceptable,35.8
BAT-0001865,KNT-VXR,2024-11-05T18:00:00,2024-11-12T00:00:00,acoustic_transect,29.9,6,12,7,3.2,9,TEAM-11-2,acceptable,21.3
BAT-0001866,KNT-VXR,2024-12-05T18:00:00,2024-12-12T00:00:00,acoustic_transect,31.8,15,26,19,17.8,9,TEAM-11-2,high,30.3
BAT-0001867,KNT-VXR,2025-01-05T18:00:00,2025-01-12T00:00:00,fixed_acoustic_station,35.5,18,30,8,20.2,12,TEAM-11-2,acceptable,20.1
BAT-0001868,KNT-VXR,2025-02-05T18:00:00,2025-02-12T00:00:00,fixed_acoustic_station,26.5,9,12,9,10.2,3,TEAM-11-2,acceptable,35.4
BAT-0001869,KNT-VXR,2025-03-05T18:00:00,2025-03-12T00:00:00,acoustic_and_visual,30.7,19,30,17,23.6,9,TEAM-11-2,acceptable,30.9
BAT-0001870,KNT-VXR,2025-04-05T18:00:00,2025-04-12T00:00:00,fixed_acoustic_station,26.9,17,31,13,13.4,11,TEAM-11-2,high,34.8
BAT-0001871,KNT-VXR,2025-05-05T18:00:00,2025-05-12T00:00:00,acoustic_and_visual,27.0,16,15,9,12.9,16,TEAM-11-2,acceptable,53.5
BAT-0001872,KNT-VXR,2025-06-05T18:00:00,2025-06-12T00:00:00,acoustic_transect,29.3,15,25,9,22.7,10,TEAM-11-2,acceptable,45.6
BAT-0001873,KNT-TEX,2019-01-05T18:00:00,2019-01-12T00:00:00,acoustic_transect,40.8,16,27,12,17.1,6,TEAM-11-3,high,16.1
BAT-0001874,KNT-TEX,2019-02-05T18:00:00,2019-02-12T00:00:00,acoustic_transect,31.0,13,26,5,14.4,11,TEAM-11-3,acceptable,28.1
BAT-0001875,KNT-TEX,2019-03-05T18:00:00,2019-03-12T00:00:00,acoustic_and_visual,31.2,27,27,16,34.9,11,TEAM-11-3,high,26.4
BAT-0001876,KNT-TEX,2019-04-05T18:00:00,2019-04-12T00:00:00,acoustic_and_visual,30.9,9,19,6,8.9,10,TEAM-11-3,high,27.0
BAT-0001877,KNT-TEX,2019-05-05T18:00:00,2019-05-12T00:00:00,fixed_acoustic_station,30.3,15,11,8,21.7,14,TEAM-11-3,acceptable,44.3
BAT-0001878,KNT-TEX,2019-06-05T18:00:00,2019-06-12T00:00:00,acoustic_and_visual,22.3,8,17,2,10.2,7,TEAM-11-3,acceptable,49.0
BAT-0001879,KNT-TEX,2019-07-05T18:00:00,2019-07-12T00:00:00,fixed_acoustic_station,35.9,11,9,7,10.8,15,TEAM-11-3,high,46.2
BAT-0001880,KNT-TEX,2019-08-05T18:00:00,2019-08-12T00:00:00,acoustic_transect,28.5,11,10,9,15.5,9,TEAM-11-3,high,54.1
BAT-0001881,KNT-TEX,2019-09-05T18:00:00,2019-09-12T00:00:00,acoustic_and_visual,27.1,7,12,10,8.0,9,TEAM-11-3,high,52.4
BAT-0001882,KNT-TEX,2019-10-05T18:00:00,2019-10-12T00:00:00,acoustic_transect,37.5,8,9,6,5.8,9,TEAM-11-3,acceptable,23.8
BAT-0001883,KNT-TEX,2019-11-05T18:00:00,2019-11-12T00:00:00,acoustic_and_visual,25.5,7,10,2,5.9,14,TEAM-11-3,limited,25.2
BAT-0001884,KNT-TEX,2019-12-05T18:00:00,2019-12-12T00:00:00,acoustic_transect,43.3,18,17,13,21.2,16,TEAM-11-3,high,4.7
BAT-0001885,KNT-TEX,2020-01-05T18:00:00,2020-01-12T00:00:00,fixed_acoustic_station,30.0,13,12,4,15.3,8,TEAM-11-3,acceptable,13.9
BAT-0001886,KNT-TEX,2020-02-05T18:00:00,2020-02-12T00:00:00,acoustic_and_visual,29.5,24,34,11,36.2,10,TEAM-11-3,acceptable,30.3
BAT-0001887,KNT-TEX,2020-03-05T18:00:00,2020-03-12T00:00:00,acoustic_transect,24.9,12,9,14,10.4,13,TEAM-11-3,limited,30.7
BAT-0001888,KNT-TEX,2020-04-05T18:00:00,2020-04-12T00:00:00,acoustic_and_visual,31.3,16,20,12,23.0,10,TEAM-11-3,limited,45.0
BAT-0001889,KNT-TEX,2020-05-05T18:00:00,2020-05-12T00:00:00,fixed_acoustic_station,35.9,11,14,12,13.8,14,TEAM-11-3,high,46.5
BAT-0001890,KNT-TEX,2020-06-05T18:00:00,2020-06-12T00:00:00,acoustic_transect,28.4,10,10,6,10.2,11,TEAM-11-3,high,44.4
BAT-0001891,KNT-TEX,2020-07-05T18:00:00,2020-07-12T00:00:00,fixed_acoustic_station,23.7,4,15,5,3.8,16,TEAM-11-3,high,45.5
BAT-0001892,KNT-TEX,2020-08-05T18:00:00,2020-08-12T00:00:00,fixed_acoustic_station,23.0,2,5,3,4.6,9,TEAM-11-3,acceptable,61.0
BAT-0001893,KNT-TEX,2020-09-05T18:00:00,2020-09-12T00:00:00,acoustic_transect,19.4,7,6,5,6.6,12,TEAM-11-3,acceptable,57.9
BAT-0001894,KNT-TEX,2020-10-05T18:00:00,2020-10-12T00:00:00,acoustic_transect,32.1,11,11,7,13.1,14,TEAM-11-3,acceptable,37.3
BAT-0001895,KNT-TEX,2020-11-05T18:00:00,2020-11-12T00:00:00,acoustic_transect,30.0,8,7,13,10.6,13,TEAM-11-3,acceptable,41.7
BAT-0001896,KNT-TEX,2020-12-05T18:00:00,2020-12-12T00:00:00,fixed_acoustic_station,31.1,11,16,6,11.7,12,TEAM-11-3,acceptable,23.1
BAT-0001897,KNT-TEX,2021-01-05T18:00:00,2021-01-12T00:00:00,fixed_acoustic_station,36.0,21,24,9,22.2,12,TEAM-11-3,high,16.7
BAT-0001898,KNT-TEX,2021-02-05T18:00:00,2021-02-12T00:00:00,acoustic_and_visual,27.1,12,13,14,15.7,17,TEAM-11-3,high,39.8
BAT-0001899,KNT-TEX,2021-03-05T18:00:00,2021-03-12T00:00:00,fixed_acoustic_station,36.4,18,36,9,23.5,14,TEAM-11-3,high,17.9
BAT-0001900,KNT-TEX,2021-04-05T18:00:00,2021-04-12T00:00:00,acoustic_and_visual,34.4,20,39,13,21.6,19,TEAM-11-3,high,17.2
BAT-0001901,KNT-TEX,2021-05-05T18:00:00,2021-05-12T00:00:00,acoustic_and_visual,34.1,11,20,11,11.1,15,TEAM-11-3,acceptable,38.7
BAT-0001902,KNT-TEX,2021-06-05T18:00:00,2021-06-12T00:00:00,acoustic_and_visual,24.8,5,8,3,7.6,7,TEAM-11-3,high,54.3
BAT-0001903,KNT-TEX,2021-07-05T18:00:00,2021-07-12T00:00:00,acoustic_and_visual,29.8,14,11,8,14.2,14,TEAM-11-3,acceptable,41.8
BAT-0001904,KNT-TEX,2021-08-05T18:00:00,2021-08-12T00:00:00,acoustic_transect,34.9,9,6,4,13.0,10,TEAM-11-3,high,43.0
BAT-0001905,KNT-TEX,2021-09-05T18:00:00,2021-09-12T00:00:00,fixed_acoustic_station,29.1,11,14,9,11.3,7,TEAM-11-3,high,53.0
BAT-0001906,KNT-TEX,2021-10-05T18:00:00,2021-10-12T00:00:00,acoustic_transect,33.4,14,10,11,15.4,16,TEAM-11-3,acceptable,38.1
BAT-0001907,KNT-TEX,2021-11-05T18:00:00,2021-11-12T00:00:00,acoustic_transect,41.2,16,18,7,18.7,10,TEAM-11-3,high,25.1
BAT-0001908,KNT-TEX,2021-12-05T18:00:00,2021-12-12T00:00:00,acoustic_and_visual,29.9,13,24,9,14.5,15,TEAM-11-3,high,25.7
BAT-0001909,KNT-TEX,2022-01-05T18:00:00,2022-01-12T00:00:00,acoustic_and_visual,31.2,10,10,9,11.3,17,TEAM-11-3,high,20.8
BAT-0001910,KNT-TEX,2022-02-05T18:00:00,2022-02-12T00:00:00,acoustic_and_visual,30.4,15,18,12,17.7,15,TEAM-11-3,high,27.8
BAT-0001911,KNT-TEX,2022-03-05T18:00:00,2022-03-12T00:00:00,acoustic_transect,42.8,20,52,25,21.3,6,TEAM-11-3,high,12.7
BAT-0001912,KNT-TEX,2022-04-05T18:00:00,2022-04-12T00:00:00,fixed_acoustic_station,33.2,20,17,15,21.4,11,TEAM-11-3,high,19.8
BAT-0001913,KNT-TEX,2022-05-05T18:00:00,2022-05-12T00:00:00,fixed_acoustic_station,31.3,14,14,9,15.1,10,TEAM-11-3,acceptable,45.4
BAT-0001914,KNT-TEX,2022-06-05T18:00:00,2022-06-12T00:00:00,acoustic_transect,26.4,9,9,3,6.6,7,TEAM-11-3,high,46.5
BAT-0001915,KNT-TEX,2022-07-05T18:00:00,2022-07-12T00:00:00,acoustic_and_visual,23.7,7,7,1,8.4,11,TEAM-11-3,acceptable,55.2
BAT-0001916,KNT-TEX,2022-08-05T18:00:00,2022-08-12T00:00:00,acoustic_transect,27.0,7,10,5,8.4,10,TEAM-11-3,high,36.4
BAT-0001917,KNT-TEX,2022-09-05T18:00:00,2022-09-12T00:00:00,acoustic_transect,27.9,11,19,8,15.9,6,TEAM-11-3,acceptable,27.8
BAT-0001918,KNT-TEX,2022-10-05T18:00:00,2022-10-12T00:00:00,acoustic_and_visual,37.1,20,17,11,23.4,11,TEAM-11-3,high,21.2
BAT-0001919,KNT-TEX,2022-11-05T18:00:00,2022-11-12T00:00:00,fixed_acoustic_station,28.0,7,11,5,7.4,6,TEAM-11-3,acceptable,52.9
BAT-0001920,KNT-TEX,2022-12-05T18:00:00,2022-12-12T00:00:00,acoustic_and_visual,29.5,6,22,7,4.3,5,TEAM-11-3,high,20.5
BAT-0001921,KNT-TEX,2023-01-05T18:00:00,2023-01-12T00:00:00,acoustic_transect,31.7,10,35,8,10.3,7,TEAM-11-3,high,14.1
BAT-0001922,KNT-TEX,2023-02-05T18:00:00,2023-02-12T00:00:00,fixed_acoustic_station,34.0,15,24,10,13.8,8,TEAM-11-3,high,31.3
BAT-0001923,KNT-TEX,2023-03-05T18:00:00,2023-03-12T00:00:00,acoustic_transect,30.6,13,19,10,11.3,6,TEAM-11-3,high,20.5
BAT-0001924,KNT-TEX,2023-04-05T18:00:00,2023-04-12T00:00:00,acoustic_transect,38.4,20,21,11,21.6,15,TEAM-11-3,high,29.7
BAT-0001925,KNT-TEX,2023-05-05T18:00:00,2023-05-12T00:00:00,acoustic_transect,30.3,4,19,13,3.6,8,TEAM-11-3,acceptable,32.7
BAT-0001926,KNT-TEX,2023-06-05T18:00:00,2023-06-12T00:00:00,fixed_acoustic_station,20.7,4,4,4,7.4,7,TEAM-11-3,acceptable,48.5
BAT-0001927,KNT-TEX,2023-07-05T18:00:00,2023-07-12T00:00:00,fixed_acoustic_station,30.3,10,3,2,12.3,12,TEAM-11-3,high,61.3
BAT-0001928,KNT-TEX,2023-08-05T18:00:00,2023-08-12T00:00:00,acoustic_and_visual,24.6,8,12,5,8.1,8,TEAM-11-3,high,60.2
BAT-0001929,KNT-TEX,2023-09-05T18:00:00,2023-09-12T00:00:00,acoustic_transect,30.0,11,17,5,10.2,15,TEAM-11-3,acceptable,35.8
BAT-0001930,KNT-TEX,2023-10-05T18:00:00,2023-10-12T00:00:00,fixed_acoustic_station,39.1,9,13,10,12.7,9,TEAM-11-3,high,21.8
BAT-0001931,KNT-TEX,2023-11-05T18:00:00,2023-11-12T00:00:00,acoustic_transect,27.6,6,11,4,8.5,12,TEAM-11-3,acceptable,40.9
BAT-0001932,KNT-TEX,2023-12-05T18:00:00,2023-12-12T00:00:00,acoustic_transect,21.9,8,13,5,7.2,12,TEAM-11-3,acceptable,32.8
BAT-0001933,KNT-TEX,2024-01-05T18:00:00,2024-01-12T00:00:00,acoustic_and_visual,33.6,14,26,10,11.8,13,TEAM-11-3,high,25.3
BAT-0001934,KNT-TEX,2024-02-05T18:00:00,2024-02-12T00:00:00,acoustic_transect,29.7,14,20,9,15.4,5,TEAM-11-3,acceptable,27.7
BAT-0001935,KNT-TEX,2024-03-05T18:00:00,2024-03-12T00:00:00,fixed_acoustic_station,29.7,16,16,8,21.0,10,TEAM-11-3,high,32.7
BAT-0001936,KNT-TEX,2024-04-05T18:00:00,2024-04-12T00:00:00,acoustic_and_visual,28.1,17,21,13,16.0,9,TEAM-11-3,acceptable,35.7
BAT-0001937,KNT-TEX,2024-05-05T18:00:00,2024-05-12T00:00:00,acoustic_and_visual,33.7,15,11,8,18.8,14,TEAM-11-3,high,33.5
BAT-0001938,KNT-TEX,2024-06-05T18:00:00,2024-06-12T00:00:00,acoustic_and_visual,25.1,8,13,7,8.5,10,TEAM-11-3,acceptable,56.6
BAT-0001939,KNT-TEX,2024-07-05T18:00:00,2024-07-12T00:00:00,acoustic_transect,34.3,9,8,10,8.4,14,TEAM-11-3,high,38.9
BAT-0001940,KNT-TEX,2024-08-05T18:00:00,2024-08-12T00:00:00,fixed_acoustic_station,27.8,10,15,3,11.8,13,TEAM-11-3,high,38.4
BAT-0001941,KNT-TEX,2024-09-05T18:00:00,2024-09-12T00:00:00,fixed_acoustic_station,32.6,8,11,9,7.9,10,TEAM-11-3,high,30.9
BAT-0001942,KNT-TEX,2024-10-05T18:00:00,2024-10-12T00:00:00,acoustic_and_visual,30.7,9,15,3,10.3,9,TEAM-11-3,high,31.3
BAT-0001943,KNT-TEX,2024-11-05T18:00:00,2024-11-12T00:00:00,acoustic_and_visual,31.2,2,11,6,3.7,17,TEAM-11-3,high,37.3
BAT-0001944,KNT-TEX,2024-12-05T18:00:00,2024-12-12T00:00:00,acoustic_and_visual,35.8,15,18,9,19.7,9,TEAM-11-3,high,21.1
BAT-0001945,KNT-TEX,2025-01-05T18:00:00,2025-01-12T00:00:00,acoustic_and_visual,36.0,18,35,12,20.9,11,TEAM-11-3,acceptable,22.9
BAT-0001946,KNT-TEX,2025-02-05T18:00:00,2025-02-12T00:00:00,acoustic_transect,34.3,15,23,14,16.5,10,TEAM-11-3,acceptable,15.9
BAT-0001947,KNT-TEX,2025-03-05T18:00:00,2025-03-12T00:00:00,fixed_acoustic_station,33.1,10,18,6,11.4,15,TEAM-11-3,high,41.2
BAT-0001948,KNT-TEX,2025-04-05T18:00:00,2025-04-12T00:00:00,fixed_acoustic_station,32.3,17,18,11,24.1,12,TEAM-11-3,high,33.3
BAT-0001949,KNT-TEX,2025-05-05T18:00:00,2025-05-12T00:00:00,acoustic_and_visual,29.4,14,11,7,15.1,15,TEAM-11-3,acceptable,35.7
BAT-0001950,KNT-TEX,2025-06-05T18:00:00,2025-06-12T00:00:00,acoustic_transect,35.0,14,15,10,11.9,11,TEAM-11-3,acceptable,42.2
BAT-0001951,KNT-BME,2019-01-05T18:00:00,2019-01-12T00:00:00,acoustic_transect,37.6,21,39,13,24.7,9,TEAM-11-4,high,5.9
BAT-0001952,KNT-BME,2019-02-05T18:00:00,2019-02-12T00:00:00,fixed_acoustic_station,38.5,22,27,13,30.8,8,TEAM-11-4,acceptable,13.2
BAT-0001953,KNT-BME,2019-03-05T18:00:00,2019-03-12T00:00:00,acoustic_transect,31.6,19,28,17,21.7,14,TEAM-11-4,acceptable,40.8
BAT-0001954,KNT-BME,2019-04-05T18:00:00,2019-04-12T00:00:00,fixed_acoustic_station,31.8,21,33,19,27.6,11,TEAM-11-4,high,41.4
BAT-0001955,KNT-BME,2019-05-05T18:00:00,2019-05-12T00:00:00,acoustic_transect,28.4,22,30,13,23.8,17,TEAM-11-4,acceptable,54.4
BAT-0001956,KNT-BME,2019-06-05T18:00:00,2019-06-12T00:00:00,fixed_acoustic_station,21.7,18,26,12,21.7,17,TEAM-11-4,high,60.2
BAT-0001957,KNT-BME,2019-07-05T18:00:00,2019-07-12T00:00:00,acoustic_transect,22.1,14,11,6,15.5,10,TEAM-11-4,acceptable,76.8
BAT-0001958,KNT-BME,2019-08-05T18:00:00,2019-08-12T00:00:00,fixed_acoustic_station,28.8,11,11,4,14.9,13,TEAM-11-4,acceptable,60.9
BAT-0001959,KNT-BME,2019-09-05T18:00:00,2019-09-12T00:00:00,fixed_acoustic_station,22.2,12,15,9,12.5,9,TEAM-11-4,acceptable,73.2
BAT-0001960,KNT-BME,2019-10-05T18:00:00,2019-10-12T00:00:00,fixed_acoustic_station,27.3,9,10,6,11.9,3,TEAM-11-4,acceptable,60.2
BAT-0001961,KNT-BME,2019-11-05T18:00:00,2019-11-12T00:00:00,acoustic_transect,27.1,4,13,3,7.5,17,TEAM-11-4,high,38.5
BAT-0001962,KNT-BME,2019-12-05T18:00:00,2019-12-12T00:00:00,acoustic_transect,36.2,12,19,11,17.8,7,TEAM-11-4,acceptable,36.5
BAT-0001963,KNT-BME,2020-01-05T18:00:00,2020-01-12T00:00:00,acoustic_transect,35.5,18,31,14,15.5,10,TEAM-11-4,high,25.9
BAT-0001964,KNT-BME,2020-02-05T18:00:00,2020-02-12T00:00:00,fixed_acoustic_station,29.5,13,26,8,15.3,19,TEAM-11-4,high,26.8
BAT-0001965,KNT-BME,2020-03-05T18:00:00,2020-03-12T00:00:00,acoustic_transect,34.2,22,35,21,22.6,12,TEAM-11-4,high,23.5
BAT-0001966,KNT-BME,2020-04-05T18:00:00,2020-04-12T00:00:00,acoustic_transect,27.1,15,41,13,19.3,19,TEAM-11-4,high,48.5
BAT-0001967,KNT-BME,2020-05-05T18:00:00,2020-05-12T00:00:00,fixed_acoustic_station,23.9,22,24,11,23.9,10,TEAM-11-4,acceptable,57.5
BAT-0001968,KNT-BME,2020-06-05T18:00:00,2020-06-12T00:00:00,acoustic_and_visual,25.9,17,15,11,18.7,8,TEAM-11-4,acceptable,63.4
BAT-0001969,KNT-BME,2020-07-05T18:00:00,2020-07-12T00:00:00,acoustic_transect,30.6,17,16,12,20.6,15,TEAM-11-4,acceptable,55.6
BAT-0001970,KNT-BME,2020-08-05T18:00:00,2020-08-12T00:00:00,acoustic_transect,24.2,9,12,3,8.4,13,TEAM-11-4,acceptable,62.7
BAT-0001971,KNT-BME,2020-09-05T18:00:00,2020-09-12T00:00:00,acoustic_transect,31.0,11,10,8,12.2,11,TEAM-11-4,high,62.1
BAT-0001972,KNT-BME,2020-10-05T18:00:00,2020-10-12T00:00:00,fixed_acoustic_station,26.1,9,11,6,9.5,10,TEAM-11-4,high,49.2
BAT-0001973,KNT-BME,2020-11-05T18:00:00,2020-11-12T00:00:00,acoustic_transect,28.4,11,19,8,12.0,8,TEAM-11-4,acceptable,14.1
BAT-0001974,KNT-BME,2020-12-05T18:00:00,2020-12-12T00:00:00,fixed_acoustic_station,34.7,14,19,8,14.0,11,TEAM-11-4,high,9.8
BAT-0001975,KNT-BME,2021-01-05T18:00:00,2021-01-12T00:00:00,fixed_acoustic_station,36.2,11,26,10,11.9,15,TEAM-11-4,high,23.1
BAT-0001976,KNT-BME,2021-02-05T18:00:00,2021-02-12T00:00:00,acoustic_transect,35.6,19,20,19,20.0,5,TEAM-11-4,high,23.3
BAT-0001977,KNT-BME,2021-03-05T18:00:00,2021-03-12T00:00:00,fixed_acoustic_station,25.4,10,20,9,12.9,9,TEAM-11-4,acceptable,45.3
BAT-0001978,KNT-BME,2021-04-05T18:00:00,2021-04-12T00:00:00,fixed_acoustic_station,26.6,17,33,15,20.1,14,TEAM-11-4,high,43.6
BAT-0001979,KNT-BME,2021-05-05T18:00:00,2021-05-12T00:00:00,acoustic_and_visual,30.7,24,27,16,27.4,19,TEAM-11-4,acceptable,64.2
BAT-0001980,KNT-BME,2021-06-05T18:00:00,2021-06-12T00:00:00,acoustic_transect,22.8,11,16,6,7.9,9,TEAM-11-4,high,69.8
BAT-0001981,KNT-BME,2021-07-05T18:00:00,2021-07-12T00:00:00,acoustic_transect,28.3,17,31,11,17.0,15,TEAM-11-4,high,41.7
BAT-0001982,KNT-BME,2021-08-05T18:00:00,2021-08-12T00:00:00,fixed_acoustic_station,26.2,17,25,7,18.6,10,TEAM-11-4,high,53.2
BAT-0001983,KNT-BME,2021-09-05T18:00:00,2021-09-12T00:00:00,acoustic_transect,19.6,9,12,6,10.1,13,TEAM-11-4,acceptable,72.8
BAT-0001984,KNT-BME,2021-10-05T18:00:00,2021-10-12T00:00:00,acoustic_transect,26.6,6,13,9,4.4,15,TEAM-11-4,acceptable,74.6
BAT-0001985,KNT-BME,2021-11-05T18:00:00,2021-11-12T00:00:00,acoustic_and_visual,34.4,13,25,7,14.9,12,TEAM-11-4,high,28.4
BAT-0001986,KNT-BME,2021-12-05T18:00:00,2021-12-12T00:00:00,acoustic_and_visual,36.4,14,20,14,14.6,15,TEAM-11-4,high,14.0
BAT-0001987,KNT-BME,2022-01-05T18:00:00,2022-01-12T00:00:00,acoustic_transect,36.8,16,34,13,20.2,19,TEAM-11-4,high,19.1
BAT-0001988,KNT-BME,2022-02-05T18:00:00,2022-02-12T00:00:00,acoustic_and_visual,34.2,18,34,16,24.3,16,TEAM-11-4,high,20.9
BAT-0001989,KNT-BME,2022-03-05T18:00:00,2022-03-12T00:00:00,acoustic_transect,35.1,21,38,19,28.9,11,TEAM-11-4,high,19.8
BAT-0001990,KNT-BME,2022-04-05T18:00:00,2022-04-12T00:00:00,acoustic_and_visual,30.6,13,13,10,13.1,13,TEAM-11-4,acceptable,51.0
BAT-0001991,KNT-BME,2022-05-05T18:00:00,2022-05-12T00:00:00,acoustic_transect,21.9,13,27,6,14.8,13,TEAM-11-4,high,53.2
BAT-0001992,KNT-BME,2022-06-05T18:00:00,2022-06-12T00:00:00,fixed_acoustic_station,27.0,17,17,14,18.0,6,TEAM-11-4,acceptable,54.6
BAT-0001993,KNT-BME,2022-07-05T18:00:00,2022-07-12T00:00:00,acoustic_transect,33.2,17,15,9,15.3,15,TEAM-11-4,acceptable,52.3
BAT-0001994,KNT-BME,2022-08-05T18:00:00,2022-08-12T00:00:00,acoustic_and_visual,34.3,20,25,15,24.0,12,TEAM-11-4,acceptable,57.8
BAT-0001995,KNT-BME,2022-09-05T18:00:00,2022-09-12T00:00:00,acoustic_transect,27.7,11,15,8,11.2,12,TEAM-11-4,high,41.5
BAT-0001996,KNT-BME,2022-10-05T18:00:00,2022-10-12T00:00:00,acoustic_and_visual,29.5,14,17,8,16.5,17,TEAM-11-4,high,47.2
BAT-0001997,KNT-BME,2022-11-05T18:00:00,2022-11-12T00:00:00,acoustic_transect,34.4,18,14,9,19.1,8,TEAM-11-4,high,18.8
BAT-0001998,KNT-BME,2022-12-05T18:00:00,2022-12-12T00:00:00,fixed_acoustic_station,31.8,8,11,3,10.2,7,TEAM-11-4,high,34.6
BAT-0001999,KNT-BME,2023-01-05T18:00:00,2023-01-12T00:00:00,acoustic_and_visual,33.7,9,28,9,10.2,11,TEAM-11-4,high,28.3
BAT-0002000,KNT-BME,2023-02-05T18:00:00,2023-02-12T00:00:00,acoustic_and_visual,33.9,15,22,12,20.0,7,TEAM-11-4,acceptable,24.6
BAT-0002001,KNT-BME,2023-03-05T18:00:00,2023-03-12T00:00:00,acoustic_transect,27.2,16,33,13,19.0,5,TEAM-11-4,high,44.4
BAT-0002002,KNT-BME,2023-04-05T18:00:00,2023-04-12T00:00:00,fixed_acoustic_station,27.0,17,24,14,21.2,10,TEAM-11-4,high,34.4
BAT-0002003,KNT-BME,2023-05-05T18:00:00,2023-05-12T00:00:00,fixed_acoustic_station,24.9,21,27,6,24.1,11,TEAM-11-4,high,46.9
BAT-0002004,KNT-BME,2023-06-05T18:00:00,2023-06-12T00:00:00,fixed_acoustic_station,17.3,14,18,10,20.0,13,TEAM-11-4,high,64.4
BAT-0002005,KNT-BME,2023-07-05T18:00:00,2023-07-12T00:00:00,acoustic_transect,18.2,8,14,11,7.1,14,TEAM-11-4,acceptable,73.9
BAT-0002006,KNT-BME,2023-08-05T18:00:00,2023-08-12T00:00:00,acoustic_and_visual,23.0,22,13,13,25.1,10,TEAM-11-4,acceptable,72.3
BAT-0002007,KNT-BME,2023-09-05T18:00:00,2023-09-12T00:00:00,acoustic_and_visual,14.6,9,13,5,11.9,10,TEAM-11-4,acceptable,68.9
BAT-0002008,KNT-BME,2023-10-05T18:00:00,2023-10-12T00:00:00,acoustic_transect,34.1,9,13,9,10.1,17,TEAM-11-4,acceptable,36.6
BAT-0002009,KNT-BME,2023-11-05T18:00:00,2023-11-12T00:00:00,acoustic_and_visual,31.1,10,19,8,10.8,10,TEAM-11-4,high,30.5
BAT-0002010,KNT-BME,2023-12-05T18:00:00,2023-12-12T00:00:00,fixed_acoustic_station,35.6,15,22,15,19.3,12,TEAM-11-4,acceptable,19.1
BAT-0002011,KNT-BME,2024-01-05T18:00:00,2024-01-12T00:00:00,acoustic_and_visual,34.3,17,33,10,16.5,13,TEAM-11-4,high,29.4
BAT-0002012,KNT-BME,2024-02-05T18:00:00,2024-02-12T00:00:00,fixed_acoustic_station,31.7,19,38,14,19.2,12,TEAM-11-4,high,33.2
BAT-0002013,KNT-BME,2024-03-05T18:00:00,2024-03-12T00:00:00,acoustic_transect,25.1,19,32,11,24.5,12,TEAM-11-4,acceptable,35.2
BAT-0002014,KNT-BME,2024-04-05T18:00:00,2024-04-12T00:00:00,acoustic_transect,26.8,12,27,15,15.0,15,TEAM-11-4,high,51.7
BAT-0002015,KNT-BME,2024-05-05T18:00:00,2024-05-12T00:00:00,acoustic_and_visual,27.9,27,20,18,23.2,19,TEAM-11-4,high,42.3
BAT-0002016,KNT-BME,2024-06-05T18:00:00,2024-06-12T00:00:00,acoustic_and_visual,20.4,10,25,12,13.7,9,TEAM-11-4,high,53.4
BAT-0002017,KNT-BME,2024-07-05T18:00:00,2024-07-12T00:00:00,acoustic_transect,15.4,6,12,2,7.3,19,TEAM-11-4,acceptable,71.1
BAT-0002018,KNT-BME,2024-08-05T18:00:00,2024-08-12T00:00:00,fixed_acoustic_station,14.9,6,7,3,7.2,8,TEAM-11-4,limited,68.9
BAT-0002019,KNT-BME,2024-09-05T18:00:00,2024-09-12T00:00:00,fixed_acoustic_station,30.9,8,12,7,8.0,6,TEAM-11-4,acceptable,45.0
BAT-0002020,KNT-BME,2024-10-05T18:00:00,2024-10-12T00:00:00,fixed_acoustic_station,26.8,3,7,4,0.0,8,TEAM-11-4,acceptable,70.8
BAT-0002021,KNT-BME,2024-11-05T18:00:00,2024-11-12T00:00:00,acoustic_and_visual,27.0,10,18,8,13.3,11,TEAM-11-4,high,35.5
BAT-0002022,KNT-BME,2024-12-05T18:00:00,2024-12-12T00:00:00,fixed_acoustic_station,20.2,11,6,9,14.0,14,TEAM-11-4,limited,17.3
BAT-0002023,KNT-BME,2025-01-05T18:00:00,2025-01-12T00:00:00,acoustic_and_visual,36.6,17,24,8,16.6,9,TEAM-11-4,high,17.9
BAT-0002024,KNT-BME,2025-02-05T18:00:00,2025-02-12T00:00:00,acoustic_and_visual,27.5,18,35,13,20.5,6,TEAM-11-4,high,27.4
BAT-0002025,KNT-BME,2025-03-05T18:00:00,2025-03-12T00:00:00,acoustic_and_visual,30.3,16,38,10,19.1,13,TEAM-11-4,acceptable,37.4
BAT-0002026,KNT-BME,2025-04-05T18:00:00,2025-04-12T00:00:00,acoustic_transect,33.4,36,41,32,37.4,8,TEAM-11-4,high,31.5
BAT-0002027,KNT-BME,2025-05-05T18:00:00,2025-05-12T00:00:00,acoustic_transect,26.0,18,23,13,17.2,15,TEAM-11-4,high,59.9
BAT-0002028,KNT-BME,2025-06-05T18:00:00,2025-06-12T00:00:00,fixed_acoustic_station,32.8,18,23,20,20.9,9,TEAM-11-4,acceptable,50.3
BAT-0002029,KNT-XAC,2019-01-05T18:00:00,2019-01-12T00:00:00,fixed_acoustic_station,35.9,11,12,9,11.8,8,TEAM-11-5,high,38.0
BAT-0002030,KNT-XAC,2019-02-05T18:00:00,2019-02-12T00:00:00,acoustic_transect,36.6,20,38,16,22.8,13,TEAM-11-5,high,17.3
BAT-0002031,KNT-XAC,2019-03-05T18:00:00,2019-03-12T00:00:00,acoustic_and_visual,31.1,11,31,7,12.5,10,TEAM-11-5,high,13.4
BAT-0002032,KNT-XAC,2019-04-05T18:00:00,2019-04-12T00:00:00,acoustic_and_visual,22.9,12,11,8,14.8,11,TEAM-11-5,limited,43.1
BAT-0002033,KNT-XAC,2019-05-05T18:00:00,2019-05-12T00:00:00,fixed_acoustic_station,33.4,24,27,8,23.4,11,TEAM-11-5,acceptable,56.2
BAT-0002034,KNT-XAC,2019-06-05T18:00:00,2019-06-12T00:00:00,acoustic_transect,32.6,24,23,15,22.6,10,TEAM-11-5,high,30.0
BAT-0002035,KNT-XAC,2019-07-05T18:00:00,2019-07-12T00:00:00,fixed_acoustic_station,27.9,9,14,5,12.0,9,TEAM-11-5,acceptable,53.1
BAT-0002036,KNT-XAC,2019-08-05T18:00:00,2019-08-12T00:00:00,fixed_acoustic_station,32.4,8,22,12,13.4,7,TEAM-11-5,acceptable,47.3
BAT-0002037,KNT-XAC,2019-09-05T18:00:00,2019-09-12T00:00:00,acoustic_transect,27.6,8,8,7,9.8,7,TEAM-11-5,acceptable,54.0
BAT-0002038,KNT-XAC,2019-10-05T18:00:00,2019-10-12T00:00:00,fixed_acoustic_station,23.4,17,10,4,14.7,13,TEAM-11-5,acceptable,40.6
BAT-0002039,KNT-XAC,2019-11-05T18:00:00,2019-11-12T00:00:00,acoustic_transect,32.2,12,25,15,14.1,12,TEAM-11-5,high,30.7
BAT-0002040,KNT-XAC,2019-12-05T18:00:00,2019-12-12T00:00:00,fixed_acoustic_station,36.8,22,22,12,24.1,12,TEAM-11-5,high,19.7
BAT-0002041,KNT-XAC,2020-01-05T18:00:00,2020-01-12T00:00:00,acoustic_transect,33.3,15,28,11,16.7,13,TEAM-11-5,high,15.9
BAT-0002042,KNT-XAC,2020-02-05T18:00:00,2020-02-12T00:00:00,acoustic_and_visual,32.4,19,24,13,24.1,9,TEAM-11-5,high,14.1
BAT-0002043,KNT-XAC,2020-03-05T18:00:00,2020-03-12T00:00:00,acoustic_and_visual,31.0,27,35,18,32.7,16,TEAM-11-5,high,30.2
BAT-0002044,KNT-XAC,2020-04-05T18:00:00,2020-04-12T00:00:00,fixed_acoustic_station,32.8,11,28,11,11.5,14,TEAM-11-5,acceptable,25.2
BAT-0002045,KNT-XAC,2020-05-05T18:00:00,2020-05-12T00:00:00,fixed_acoustic_station,29.6,19,24,13,17.4,11,TEAM-11-5,acceptable,51.7
BAT-0002046,KNT-XAC,2020-06-05T18:00:00,2020-06-12T00:00:00,fixed_acoustic_station,34.0,22,24,16,18.5,11,TEAM-11-5,high,58.8
BAT-0002047,KNT-XAC,2020-07-05T18:00:00,2020-07-12T00:00:00,fixed_acoustic_station,32.4,23,16,7,24.1,12,TEAM-11-5,acceptable,50.6
BAT-0002048,KNT-XAC,2020-08-05T18:00:00,2020-08-12T00:00:00,acoustic_transect,28.8,7,13,5,6.1,11,TEAM-11-5,acceptable,50.9
BAT-0002049,KNT-XAC,2020-09-05T18:00:00,2020-09-12T00:00:00,fixed_acoustic_station,27.4,12,25,7,17.1,13,TEAM-11-5,acceptable,42.7
BAT-0002050,KNT-XAC,2020-10-05T18:00:00,2020-10-12T00:00:00,acoustic_transect,29.2,17,11,12,21.1,11,TEAM-11-5,acceptable,48.9
BAT-0002051,KNT-XAC,2020-11-05T18:00:00,2020-11-12T00:00:00,acoustic_transect,43.8,11,11,8,11.0,8,TEAM-11-5,high,16.0
BAT-0002052,KNT-XAC,2020-12-05T18:00:00,2020-12-12T00:00:00,acoustic_transect,33.1,21,13,9,28.7,10,TEAM-11-5,acceptable,41.7
BAT-0002053,KNT-XAC,2021-01-05T18:00:00,2021-01-12T00:00:00,acoustic_and_visual,33.7,12,33,15,11.6,8,TEAM-11-5,high,20.0
BAT-0002054,KNT-XAC,2021-02-05T18:00:00,2021-02-12T00:00:00,acoustic_transect,38.1,21,26,21,22.1,10,TEAM-11-5,high,21.1
BAT-0002055,KNT-XAC,2021-03-05T18:00:00,2021-03-12T00:00:00,fixed_acoustic_station,26.4,20,34,14,15.5,10,TEAM-11-5,high,22.8
BAT-0002056,KNT-XAC,2021-04-05T18:00:00,2021-04-12T00:00:00,fixed_acoustic_station,27.8,15,26,6,17.1,8,TEAM-11-5,high,27.9
BAT-0002057,KNT-XAC,2021-05-05T18:00:00,2021-05-12T00:00:00,fixed_acoustic_station,27.1,18,25,8,21.7,11,TEAM-11-5,acceptable,49.3
BAT-0002058,KNT-XAC,2021-06-05T18:00:00,2021-06-12T00:00:00,fixed_acoustic_station,22.6,17,17,12,18.5,13,TEAM-11-5,acceptable,63.8
BAT-0002059,KNT-XAC,2021-07-05T18:00:00,2021-07-12T00:00:00,acoustic_and_visual,27.2,13,16,9,16.1,12,TEAM-11-5,acceptable,46.4
BAT-0002060,KNT-XAC,2021-08-05T18:00:00,2021-08-12T00:00:00,fixed_acoustic_station,26.3,17,19,11,16.6,16,TEAM-11-5,acceptable,56.3
BAT-0002061,KNT-XAC,2021-09-05T18:00:00,2021-09-12T00:00:00,acoustic_transect,26.9,9,8,7,9.1,19,TEAM-11-5,high,65.8
BAT-0002062,KNT-XAC,2021-10-05T18:00:00,2021-10-12T00:00:00,fixed_acoustic_station,21.0,10,14,10,11.5,14,TEAM-11-5,acceptable,48.8
BAT-0002063,KNT-XAC,2021-11-05T18:00:00,2021-11-12T00:00:00,acoustic_and_visual,36.2,14,20,11,13.2,9,TEAM-11-5,high,23.1
BAT-0002064,KNT-XAC,2021-12-05T18:00:00,2021-12-12T00:00:00,acoustic_and_visual,39.5,14,18,14,14.9,11,TEAM-11-5,high,25.6
BAT-0002065,KNT-XAC,2022-01-05T18:00:00,2022-01-12T00:00:00,fixed_acoustic_station,35.2,20,25,15,25.2,6,TEAM-11-5,acceptable,22.0
BAT-0002066,KNT-XAC,2022-02-05T18:00:00,2022-02-12T00:00:00,acoustic_transect,37.0,28,30,11,31.4,13,TEAM-11-5,high,17.2
BAT-0002067,KNT-XAC,2022-03-05T18:00:00,2022-03-12T00:00:00,acoustic_transect,37.6,24,23,19,29.0,13,TEAM-11-5,acceptable,6.2
BAT-0002068,KNT-XAC,2022-04-05T18:00:00,2022-04-12T00:00:00,acoustic_and_visual,32.8,22,33,16,29.0,10,TEAM-11-5,high,32.8
BAT-0002069,KNT-XAC,2022-05-05T18:00:00,2022-05-12T00:00:00,acoustic_and_visual,30.7,22,29,16,23.6,14,TEAM-11-5,high,51.0
BAT-0002070,KNT-XAC,2022-06-05T18:00:00,2022-06-12T00:00:00,acoustic_transect,27.1,12,15,12,14.1,15,TEAM-11-5,high,60.7
BAT-0002071,KNT-XAC,2022-07-05T18:00:00,2022-07-12T00:00:00,acoustic_and_visual,21.8,11,12,4,12.7,9,TEAM-11-5,acceptable,63.9
BAT-0002072,KNT-XAC,2022-08-05T18:00:00,2022-08-12T00:00:00,acoustic_transect,24.4,9,17,11,11.5,10,TEAM-11-5,acceptable,52.9
BAT-0002073,KNT-XAC,2022-09-05T18:00:00,2022-09-12T00:00:00,fixed_acoustic_station,28.9,18,21,3,21.0,10,TEAM-11-5,acceptable,43.8
BAT-0002074,KNT-XAC,2022-10-05T18:00:00,2022-10-12T00:00:00,fixed_acoustic_station,25.8,10,12,3,13.1,15,TEAM-11-5,high,61.8
BAT-0002075,KNT-XAC,2022-11-05T18:00:00,2022-11-12T00:00:00,acoustic_transect,36.2,20,20,11,19.2,12,TEAM-11-5,high,23.6
BAT-0002076,KNT-XAC,2022-12-05T18:00:00,2022-12-12T00:00:00,acoustic_and_visual,24.3,7,8,8,8.1,10,TEAM-11-5,acceptable,27.1
BAT-0002077,KNT-XAC,2023-01-05T18:00:00,2023-01-12T00:00:00,acoustic_and_visual,39.2,14,19,9,16.8,9,TEAM-11-5,high,8.8
BAT-0002078,KNT-XAC,2023-02-05T18:00:00,2023-02-12T00:00:00,fixed_acoustic_station,33.9,16,33,11,16.1,12,TEAM-11-5,high,26.3
BAT-0002079,KNT-XAC,2023-03-05T18:00:00,2023-03-12T00:00:00,fixed_acoustic_station,28.4,19,37,13,21.3,18,TEAM-11-5,acceptable,19.3
BAT-0002080,KNT-XAC,2023-04-05T18:00:00,2023-04-12T00:00:00,acoustic_and_visual,28.2,20,30,8,26.3,15,TEAM-11-5,acceptable,47.1
BAT-0002081,KNT-XAC,2023-05-05T18:00:00,2023-05-12T00:00:00,acoustic_and_visual,23.5,17,18,12,17.5,10,TEAM-11-5,high,50.3
BAT-0002082,KNT-XAC,2023-06-05T18:00:00,2023-06-12T00:00:00,acoustic_and_visual,24.3,24,18,3,29.8,13,TEAM-11-5,acceptable,45.9
BAT-0002083,KNT-XAC,2023-07-05T18:00:00,2023-07-12T00:00:00,acoustic_transect,22.5,19,7,7,20.6,10,TEAM-11-5,acceptable,56.9
BAT-0002084,KNT-XAC,2023-08-05T18:00:00,2023-08-12T00:00:00,fixed_acoustic_station,22.9,8,8,2,9.7,6,TEAM-11-5,high,61.4
BAT-0002085,KNT-XAC,2023-09-05T18:00:00,2023-09-12T00:00:00,acoustic_and_visual,30.5,3,16,5,1.0,14,TEAM-11-5,high,48.5
BAT-0002086,KNT-XAC,2023-10-05T18:00:00,2023-10-12T00:00:00,acoustic_and_visual,28.8,14,10,3,12.4,14,TEAM-11-5,high,41.0
BAT-0002087,KNT-XAC,2023-11-05T18:00:00,2023-11-12T00:00:00,acoustic_transect,32.8,3,13,11,5.2,9,TEAM-11-5,high,30.2
BAT-0002088,KNT-XAC,2023-12-05T18:00:00,2023-12-12T00:00:00,fixed_acoustic_station,31.3,7,14,6,8.3,8,TEAM-11-5,high,23.3
BAT-0002089,KNT-XAC,2024-01-05T18:00:00,2024-01-12T00:00:00,fixed_acoustic_station,36.5,9,27,15,14.1,9,TEAM-11-5,acceptable,12.9
BAT-0002090,KNT-XAC,2024-02-05T18:00:00,2024-02-12T00:00:00,acoustic_transect,32.4,16,25,12,20.0,8,TEAM-11-5,acceptable,23.1
BAT-0002091,KNT-XAC,2024-03-05T18:00:00,2024-03-12T00:00:00,acoustic_and_visual,30.9,14,27,12,15.5,14,TEAM-11-5,high,37.1
BAT-0002092,KNT-XAC,2024-04-05T18:00:00,2024-04-12T00:00:00,fixed_acoustic_station,26.2,13,34,9,16.1,8,TEAM-11-5,acceptable,35.9
BAT-0002093,KNT-XAC,2024-05-05T18:00:00,2024-05-12T00:00:00,acoustic_and_visual,25.3,17,31,13,15.6,10,TEAM-11-5,high,43.9
BAT-0002094,KNT-XAC,2024-06-05T18:00:00,2024-06-12T00:00:00,acoustic_transect,21.6,11,14,7,13.7,11,TEAM-11-5,acceptable,60.3
BAT-0002095,KNT-XAC,2024-07-05T18:00:00,2024-07-12T00:00:00,fixed_acoustic_station,23.5,10,12,6,9.4,16,TEAM-11-5,high,59.4
BAT-0002096,KNT-XAC,2024-08-05T18:00:00,2024-08-12T00:00:00,acoustic_and_visual,29.1,15,15,5,18.1,7,TEAM-11-5,acceptable,50.4
BAT-0002097,KNT-XAC,2024-09-05T18:00:00,2024-09-12T00:00:00,fixed_acoustic_station,36.5,18,17,17,23.5,11,TEAM-11-5,acceptable,38.7
BAT-0002098,KNT-XAC,2024-10-05T18:00:00,2024-10-12T00:00:00,acoustic_and_visual,32.1,10,12,11,9.7,9,TEAM-11-5,acceptable,36.1
BAT-0002099,KNT-XAC,2024-11-05T18:00:00,2024-11-12T00:00:00,fixed_acoustic_station,33.8,16,24,11,17.4,17,TEAM-11-5,high,29.3
BAT-0002100,KNT-XAC,2024-12-05T18:00:00,2024-12-12T00:00:00,acoustic_and_visual,38.8,18,26,14,24.5,9,TEAM-11-5,high,13.5
BAT-0002101,KNT-XAC,2025-01-05T18:00:00,2025-01-12T00:00:00,fixed_acoustic_station,32.7,12,24,9,9.8,4,TEAM-11-5,high,27.1
BAT-0002102,KNT-XAC,2025-02-05T18:00:00,2025-02-12T00:00:00,fixed_acoustic_station,31.7,23,30,21,23.9,10,TEAM-11-5,acceptable,41.9
BAT-0002103,KNT-XAC,2025-03-05T18:00:00,2025-03-12T00:00:00,acoustic_transect,37.4,20,35,17,23.8,6,TEAM-11-5,high,10.3
BAT-0002104,KNT-XAC,2025-04-05T18:00:00,2025-04-12T00:00:00,acoustic_and_visual,21.6,10,22,7,14.0,12,TEAM-11-5,acceptable,44.1
BAT-0002105,KNT-XAC,2025-05-05T18:00:00,2025-05-12T00:00:00,acoustic_and_visual,28.3,15,14,13,14.9,12,TEAM-11-5,acceptable,36.8
BAT-0002106,KNT-XAC,2025-06-05T18:00:00,2025-06-12T00:00:00,acoustic_and_visual,32.9,15,18,15,20.1,9,TEAM-11-5,acceptable,54.2
BAT-0002107,AVL-TRP,2019-01-05T18:00:00,2019-01-12T00:00:00,acoustic_transect,20.7,8,8,4,5.8,8,TEAM-12-1,acceptable,51.3
BAT-0002108,AVL-TRP,2019-02-05T18:00:00,2019-02-12T00:00:00,acoustic_and_visual,31.5,8,10,6,7.3,7,TEAM-12-1,high,45.6
BAT-0002109,AVL-TRP,2019-03-05T18:00:00,2019-03-12T00:00:00,fixed_acoustic_station,20.8,5,7,0,6.9,14,TEAM-12-1,limited,38.5
BAT-0002110,AVL-TRP,2019-04-05T18:00:00,2019-04-12T00:00:00,acoustic_transect,5.0,9,7,7,8.3,4,TEAM-12-1,limited,16.0
BAT-0002111,AVL-TRP,2019-05-05T18:00:00,2019-05-12T00:00:00,fixed_acoustic_station,28.5,7,20,10,13.8,10,TEAM-12-1,high,37.9
BAT-0002112,AVL-TRP,2019-06-05T18:00:00,2019-06-12T00:00:00,acoustic_and_visual,31.8,17,23,16,18.8,7,TEAM-12-1,acceptable,45.4
BAT-0002113,AVL-TRP,2019-07-05T18:00:00,2019-07-12T00:00:00,acoustic_transect,27.7,17,27,8,16.2,7,TEAM-12-1,high,46.0
BAT-0002114,AVL-TRP,2019-08-05T18:00:00,2019-08-12T00:00:00,acoustic_and_visual,28.0,15,12,5,15.8,11,TEAM-12-1,acceptable,53.4
BAT-0002115,AVL-TRP,2019-09-05T18:00:00,2019-09-12T00:00:00,acoustic_and_visual,5.0,2,4,0,5.0,11,TEAM-12-1,limited,66.2
BAT-0002116,AVL-TRP,2019-10-05T18:00:00,2019-10-12T00:00:00,acoustic_and_visual,13.8,4,3,3,4.5,18,TEAM-12-1,limited,65.3
BAT-0002117,AVL-TRP,2019-11-05T18:00:00,2019-11-12T00:00:00,acoustic_and_visual,25.8,15,7,2,13.5,10,TEAM-12-1,acceptable,71.8
BAT-0002118,AVL-TRP,2019-12-05T18:00:00,2019-12-12T00:00:00,fixed_acoustic_station,26.6,10,11,5,12.2,8,TEAM-12-1,acceptable,40.2
BAT-0002119,AVL-TRP,2020-01-05T18:00:00,2020-01-12T00:00:00,acoustic_transect,31.2,11,14,6,14.6,16,TEAM-12-1,acceptable,40.2
BAT-0002120,AVL-TRP,2020-02-05T18:00:00,2020-02-12T00:00:00,acoustic_and_visual,38.2,15,20,4,16.0,5,TEAM-12-1,high,20.5
BAT-0002121,AVL-TRP,2020-03-05T18:00:00,2020-03-12T00:00:00,acoustic_and_visual,12.9,6,6,3,6.6,13,TEAM-12-1,limited,33.4
BAT-0002122,AVL-TRP,2020-04-05T18:00:00,2020-04-12T00:00:00,fixed_acoustic_station,13.5,6,4,5,4.0,13,TEAM-12-1,limited,38.5
BAT-0002123,AVL-TRP,2020-05-05T18:00:00,2020-05-12T00:00:00,fixed_acoustic_station,30.0,14,24,12,16.5,13,TEAM-12-1,high,43.9
BAT-0002124,AVL-TRP,2020-06-05T18:00:00,2020-06-12T00:00:00,acoustic_transect,30.9,12,19,9,12.2,6,TEAM-12-1,high,42.4
BAT-0002125,AVL-TRP,2020-07-05T18:00:00,2020-07-12T00:00:00,acoustic_transect,33.0,13,10,7,16.2,12,TEAM-12-1,high,56.9
BAT-0002126,AVL-TRP,2020-08-05T18:00:00,2020-08-12T00:00:00,fixed_acoustic_station,22.6,2,5,7,5.4,5,TEAM-12-1,acceptable,67.8
BAT-0002127,AVL-TRP,2020-09-05T18:00:00,2020-09-12T00:00:00,acoustic_and_visual,14.2,7,3,5,7.7,7,TEAM-12-1,limited,59.6
BAT-0002128,AVL-TRP,2020-10-05T18:00:00,2020-10-12T00:00:00,fixed_acoustic_station,12.6,4,2,2,7.7,9,TEAM-12-1,limited,58.4
BAT-0002129,AVL-TRP,2020-11-05T18:00:00,2020-11-12T00:00:00,acoustic_and_visual,25.5,9,13,9,5.8,8,TEAM-12-1,high,57.3
BAT-0002130,AVL-TRP,2020-12-05T18:00:00,2020-12-12T00:00:00,acoustic_and_visual,35.7,13,6,7,14.5,8,TEAM-12-1,acceptable,39.9
BAT-0002131,AVL-TRP,2021-01-05T18:00:00,2021-01-12T00:00:00,fixed_acoustic_station,32.2,8,11,9,10.5,11,TEAM-12-1,acceptable,33.7
BAT-0002132,AVL-TRP,2021-02-05T18:00:00,2021-02-12T00:00:00,fixed_acoustic_station,37.3,12,14,10,15.2,14,TEAM-12-1,high,9.7
BAT-0002133,AVL-TRP,2021-03-05T18:00:00,2021-03-12T00:00:00,acoustic_and_visual,17.9,3,7,8,1.2,8,TEAM-12-1,limited,25.3
BAT-0002134,AVL-TRP,2021-04-05T18:00:00,2021-04-12T00:00:00,acoustic_and_visual,22.4,8,9,13,9.4,10,TEAM-12-1,limited,25.3
BAT-0002135,AVL-TRP,2021-05-05T18:00:00,2021-05-12T00:00:00,acoustic_and_visual,31.3,12,17,19,12.9,13,TEAM-12-1,acceptable,42.7
BAT-0002136,AVL-TRP,2021-06-05T18:00:00,2021-06-12T00:00:00,fixed_acoustic_station,23.6,16,35,10,18.4,13,TEAM-12-1,high,41.5
BAT-0002137,AVL-TRP,2021-07-05T18:00:00,2021-07-12T00:00:00,acoustic_and_visual,24.7,5,16,4,2.3,7,TEAM-12-1,acceptable,48.6
BAT-0002138,AVL-TRP,2021-08-05T18:00:00,2021-08-12T00:00:00,acoustic_transect,22.0,7,13,6,8.7,12,TEAM-12-1,acceptable,63.8
BAT-0002139,AVL-TRP,2021-09-05T18:00:00,2021-09-12T00:00:00,fixed_acoustic_station,12.3,2,5,1,5.3,10,TEAM-12-1,limited,61.9
BAT-0002140,AVL-TRP,2021-10-05T18:00:00,2021-10-12T00:00:00,fixed_acoustic_station,13.5,4,4,1,1.4,5,TEAM-12-1,limited,57.0
BAT-0002141,AVL-TRP,2021-11-05T18:00:00,2021-11-12T00:00:00,acoustic_and_visual,26.3,12,18,3,12.3,8,TEAM-12-1,high,34.0
BAT-0002142,AVL-TRP,2021-12-05T18:00:00,2021-12-12T00:00:00,acoustic_and_visual,23.7,9,10,5,14.2,7,TEAM-12-1,high,58.4
BAT-0002143,AVL-TRP,2022-01-05T18:00:00,2022-01-12T00:00:00,fixed_acoustic_station,35.3,14,15,11,19.9,6,TEAM-12-1,acceptable,18.1
BAT-0002144,AVL-TRP,2022-02-05T18:00:00,2022-02-12T00:00:00,acoustic_and_visual,33.0,7,11,10,7.6,13,TEAM-12-1,high,31.7
BAT-0002145,AVL-TRP,2022-03-05T18:00:00,2022-03-12T00:00:00,fixed_acoustic_station,20.0,8,6,2,11.8,8,TEAM-12-1,limited,20.8
BAT-0002146,AVL-TRP,2022-04-05T18:00:00,2022-04-12T00:00:00,acoustic_transect,12.0,7,7,0,10.9,6,TEAM-12-1,limited,11.9
BAT-0002147,AVL-TRP,2022-05-05T18:00:00,2022-05-12T00:00:00,acoustic_transect,32.3,6,19,11,9.1,7,TEAM-12-1,high,28.5
BAT-0002148,AVL-TRP,2022-06-05T18:00:00,2022-06-12T00:00:00,acoustic_transect,35.9,23,31,12,27.5,7,TEAM-12-1,high,38.1
BAT-0002149,AVL-TRP,2022-07-05T18:00:00,2022-07-12T00:00:00,acoustic_and_visual,22.0,15,15,7,16.1,9,TEAM-12-1,acceptable,67.6
BAT-0002150,AVL-TRP,2022-08-05T18:00:00,2022-08-12T00:00:00,fixed_acoustic_station,23.8,12,15,3,12.9,6,TEAM-12-1,high,61.2
BAT-0002151,AVL-TRP,2022-09-05T18:00:00,2022-09-12T00:00:00,acoustic_and_visual,13.2,5,3,4,9.6,8,TEAM-12-1,limited,61.5
BAT-0002152,AVL-TRP,2022-10-05T18:00:00,2022-10-12T00:00:00,acoustic_transect,8.8,2,5,6,0.0,9,TEAM-12-1,limited,46.3
BAT-0002153,AVL-TRP,2022-11-05T18:00:00,2022-11-12T00:00:00,fixed_acoustic_station,33.2,8,3,3,6.4,5,TEAM-12-1,acceptable,63.7
BAT-0002154,AVL-TRP,2022-12-05T18:00:00,2022-12-12T00:00:00,acoustic_transect,28.3,14,20,5,12.8,12,TEAM-12-1,high,42.5
BAT-0002155,AVL-TRP,2023-01-05T18:00:00,2023-01-12T00:00:00,acoustic_and_visual,34.6,9,14,12,6.7,7,TEAM-12-1,high,14.1
BAT-0002156,AVL-TRP,2023-02-05T18:00:00,2023-02-12T00:00:00,fixed_acoustic_station,31.5,9,16,8,9.2,7,TEAM-12-1,acceptable,39.5
BAT-0002157,AVL-TRP,2023-03-05T18:00:00,2023-03-12T00:00:00,fixed_acoustic_station,23.4,10,11,8,10.8,8,TEAM-12-1,limited,18.5
BAT-0002158,AVL-TRP,2023-04-05T18:00:00,2023-04-12T00:00:00,acoustic_and_visual,25.3,7,6,11,7.9,15,TEAM-12-1,limited,15.0
BAT-0002159,AVL-TRP,2023-05-05T18:00:00,2023-05-12T00:00:00,acoustic_transect,35.4,12,19,10,11.9,13,TEAM-12-1,acceptable,22.4
BAT-0002160,AVL-TRP,2023-06-05T18:00:00,2023-06-12T00:00:00,acoustic_transect,35.3,23,43,17,25.6,8,TEAM-12-1,high,31.7
BAT-0002161,AVL-TRP,2023-07-05T18:00:00,2023-07-12T00:00:00,acoustic_transect,28.2,9,16,7,5.3,8,TEAM-12-1,high,50.2
BAT-0002162,AVL-TRP,2023-08-05T18:00:00,2023-08-12T00:00:00,fixed_acoustic_station,16.7,10,11,5,9.8,6,TEAM-12-1,acceptable,61.1
BAT-0002163,AVL-TRP,2023-09-05T18:00:00,2023-09-12T00:00:00,acoustic_and_visual,15.2,8,4,2,9.7,14,TEAM-12-1,limited,67.1
BAT-0002164,AVL-TRP,2023-10-05T18:00:00,2023-10-12T00:00:00,acoustic_and_visual,17.1,4,4,6,7.0,7,TEAM-12-1,limited,45.2
BAT-0002165,AVL-TRP,2023-11-05T18:00:00,2023-11-12T00:00:00,acoustic_transect,23.1,3,3,0,0.5,2,TEAM-12-1,high,59.2
BAT-0002166,AVL-TRP,2023-12-05T18:00:00,2023-12-12T00:00:00,acoustic_and_visual,21.8,5,13,4,6.1,12,TEAM-12-1,high,60.4
BAT-0002167,AVL-TRP,2024-01-05T18:00:00,2024-01-12T00:00:00,fixed_acoustic_station,28.2,5,11,2,7.0,5,TEAM-12-1,acceptable,46.8
BAT-0002168,AVL-TRP,2024-02-05T18:00:00,2024-02-12T00:00:00,acoustic_and_visual,35.9,9,23,3,9.9,11,TEAM-12-1,high,13.7
BAT-0002169,AVL-TRP,2024-03-05T18:00:00,2024-03-12T00:00:00,acoustic_transect,20.7,3,4,7,9.3,5,TEAM-12-1,limited,10.6
BAT-0002170,AVL-TRP,2024-04-05T18:00:00,2024-04-12T00:00:00,fixed_acoustic_station,17.4,7,11,3,5.9,8,TEAM-12-1,limited,39.4
BAT-0002171,AVL-TRP,2024-05-05T18:00:00,2024-05-12T00:00:00,fixed_acoustic_station,30.3,17,14,12,20.0,7,TEAM-12-1,high,35.5
BAT-0002172,AVL-TRP,2024-06-05T18:00:00,2024-06-12T00:00:00,acoustic_transect,30.4,21,18,10,28.9,6,TEAM-12-1,acceptable,66.0
BAT-0002173,AVL-TRP,2024-07-05T18:00:00,2024-07-12T00:00:00,acoustic_and_visual,28.1,6,15,7,7.9,12,TEAM-12-1,acceptable,58.8
BAT-0002174,AVL-TRP,2024-08-05T18:00:00,2024-08-12T00:00:00,acoustic_transect,20.9,4,13,3,2.5,9,TEAM-12-1,high,71.5
BAT-0002175,AVL-TRP,2024-09-05T18:00:00,2024-09-12T00:00:00,fixed_acoustic_station,12.0,7,6,3,9.1,11,TEAM-12-1,limited,60.9
BAT-0002176,AVL-TRP,2024-10-05T18:00:00,2024-10-12T00:00:00,acoustic_transect,13.0,4,1,3,5.4,10,TEAM-12-1,limited,63.7
BAT-0002177,AVL-TRP,2024-11-05T18:00:00,2024-11-12T00:00:00,acoustic_transect,17.6,6,8,6,10.1,10,TEAM-12-1,limited,45.6
BAT-0002178,AVL-TRP,2024-12-05T18:00:00,2024-12-12T00:00:00,fixed_acoustic_station,29.2,9,14,6,11.5,4,TEAM-12-1,acceptable,43.8
BAT-0002179,AVL-TRP,2025-01-05T18:00:00,2025-01-12T00:00:00,fixed_acoustic_station,27.5,8,15,10,12.9,10,TEAM-12-1,high,41.3
BAT-0002180,AVL-TRP,2025-02-05T18:00:00,2025-02-12T00:00:00,acoustic_transect,34.2,11,12,2,13.5,3,TEAM-12-1,high,24.2
BAT-0002181,AVL-TRP,2025-03-05T18:00:00,2025-03-12T00:00:00,acoustic_transect,20.4,7,4,4,9.7,11,TEAM-12-1,limited,27.4
BAT-0002182,AVL-TRP,2025-04-05T18:00:00,2025-04-12T00:00:00,acoustic_transect,14.9,11,4,9,10.7,11,TEAM-12-1,limited,18.0
BAT-0002183,AVL-TRP,2025-05-05T18:00:00,2025-05-12T00:00:00,fixed_acoustic_station,19.6,8,9,7,10.7,3,TEAM-12-1,limited,23.5
BAT-0002184,AVL-TRP,2025-06-05T18:00:00,2025-06-12T00:00:00,acoustic_transect,32.3,13,23,10,13.2,7,TEAM-12-1,acceptable,48.1
BAT-0002185,AVL-NFR,2019-01-05T18:00:00,2019-01-12T00:00:00,acoustic_transect,34.0,5,9,7,8.7,5,TEAM-12-2,acceptable,25.3
BAT-0002186,AVL-NFR,2019-02-05T18:00:00,2019-02-12T00:00:00,fixed_acoustic_station,30.7,3,11,5,7.4,7,TEAM-12-2,high,30.7
BAT-0002187,AVL-NFR,2019-03-05T18:00:00,2019-03-12T00:00:00,acoustic_and_visual,28.8,9,16,8,11.2,9,TEAM-12-2,high,21.3
BAT-0002188,AVL-NFR,2019-04-05T18:00:00,2019-04-12T00:00:00,acoustic_transect,37.7,19,20,5,16.5,9,TEAM-12-2,acceptable,12.5
BAT-0002189,AVL-NFR,2019-05-05T18:00:00,2019-05-12T00:00:00,acoustic_transect,36.4,8,18,6,10.5,11,TEAM-12-2,acceptable,25.4
BAT-0002190,AVL-NFR,2019-06-05T18:00:00,2019-06-12T00:00:00,fixed_acoustic_station,30.5,8,11,8,11.8,13,TEAM-12-2,high,48.4
BAT-0002191,AVL-NFR,2019-07-05T18:00:00,2019-07-12T00:00:00,acoustic_and_visual,31.2,4,6,5,4.1,9,TEAM-12-2,high,46.8
BAT-0002192,AVL-NFR,2019-08-05T18:00:00,2019-08-12T00:00:00,fixed_acoustic_station,30.0,6,6,2,6.7,7,TEAM-12-2,high,53.2
BAT-0002193,AVL-NFR,2019-09-05T18:00:00,2019-09-12T00:00:00,acoustic_transect,28.1,3,6,3,4.2,10,TEAM-12-2,high,55.6
BAT-0002194,AVL-NFR,2019-10-05T18:00:00,2019-10-12T00:00:00,acoustic_and_visual,24.4,1,2,1,0.0,11,TEAM-12-2,acceptable,76.2
BAT-0002195,AVL-NFR,2019-11-05T18:00:00,2019-11-12T00:00:00,acoustic_and_visual,21.3,2,6,4,4.1,14,TEAM-12-2,high,53.6
BAT-0002196,AVL-NFR,2019-12-05T18:00:00,2019-12-12T00:00:00,acoustic_transect,30.1,7,5,4,7.8,11,TEAM-12-2,high,44.0
BAT-0002197,AVL-NFR,2020-01-05T18:00:00,2020-01-12T00:00:00,acoustic_transect,36.8,4,9,3,3.8,8,TEAM-12-2,high,29.8
BAT-0002198,AVL-NFR,2020-02-05T18:00:00,2020-02-12T00:00:00,acoustic_transect,35.1,11,19,6,15.4,3,TEAM-12-2,high,15.1
BAT-0002199,AVL-NFR,2020-03-05T18:00:00,2020-03-12T00:00:00,acoustic_transect,34.1,11,19,7,13.7,5,TEAM-12-2,high,18.0
BAT-0002200,AVL-NFR,2020-04-05T18:00:00,2020-04-12T00:00:00,acoustic_transect,31.0,9,11,5,10.5,12,TEAM-12-2,high,30.6
BAT-0002201,AVL-NFR,2020-05-05T18:00:00,2020-05-12T00:00:00,fixed_acoustic_station,33.3,14,32,6,18.5,11,TEAM-12-2,high,14.8
BAT-0002202,AVL-NFR,2020-06-05T18:00:00,2020-06-12T00:00:00,acoustic_and_visual,35.4,8,10,7,10.4,11,TEAM-12-2,acceptable,25.1
BAT-0002203,AVL-NFR,2020-07-05T18:00:00,2020-07-12T00:00:00,acoustic_and_visual,27.1,3,3,4,2.1,10,TEAM-12-2,acceptable,53.3
BAT-0002204,AVL-NFR,2020-08-05T18:00:00,2020-08-12T00:00:00,acoustic_and_visual,28.4,4,4,5,7.8,16,TEAM-12-2,acceptable,69.6
BAT-0002205,AVL-NFR,2020-09-05T18:00:00,2020-09-12T00:00:00,acoustic_and_visual,23.9,8,9,3,11.8,10,TEAM-12-2,high,48.3
BAT-0002206,AVL-NFR,2020-10-05T18:00:00,2020-10-12T00:00:00,acoustic_transect,17.4,3,1,3,1.9,9,TEAM-12-2,limited,59.5
BAT-0002207,AVL-NFR,2020-11-05T18:00:00,2020-11-12T00:00:00,fixed_acoustic_station,29.0,3,11,1,1.9,8,TEAM-12-2,high,40.8
BAT-0002208,AVL-NFR,2020-12-05T18:00:00,2020-12-12T00:00:00,fixed_acoustic_station,30.7,4,10,6,2.8,9,TEAM-12-2,high,41.8
BAT-0002209,AVL-NFR,2021-01-05T18:00:00,2021-01-12T00:00:00,fixed_acoustic_station,30.5,3,4,5,4.2,9,TEAM-12-2,acceptable,31.5
BAT-0002210,AVL-NFR,2021-02-05T18:00:00,2021-02-12T00:00:00,acoustic_and_visual,35.4,6,13,3,6.8,5,TEAM-12-2,high,19.7
BAT-0002211,AVL-NFR,2021-03-05T18:00:00,2021-03-12T00:00:00,acoustic_and_visual,37.4,10,10,5,10.7,10,TEAM-12-2,high,16.7
BAT-0002212,AVL-NFR,2021-04-05T18:00:00,2021-04-12T00:00:00,fixed_acoustic_station,38.8,15,15,8,15.8,10,TEAM-12-2,acceptable,31.1
BAT-0002213,AVL-NFR,2021-05-05T18:00:00,2021-05-12T00:00:00,acoustic_transect,32.5,16,18,5,15.8,15,TEAM-12-2,high,29.2
BAT-0002214,AVL-NFR,2021-06-05T18:00:00,2021-06-12T00:00:00,fixed_acoustic_station,31.8,5,20,11,5.8,8,TEAM-12-2,high,34.1
BAT-0002215,AVL-NFR,2021-07-05T18:00:00,2021-07-12T00:00:00,fixed_acoustic_station,35.6,10,12,6,10.3,10,TEAM-12-2,high,24.1
BAT-0002216,AVL-NFR,2021-08-05T18:00:00,2021-08-12T00:00:00,acoustic_and_visual,33.6,12,7,4,13.5,6,TEAM-12-2,acceptable,42.5
BAT-0002217,AVL-NFR,2021-09-05T18:00:00,2021-09-12T00:00:00,acoustic_transect,28.9,4,3,2,6.5,9,TEAM-12-2,high,59.6
BAT-0002218,AVL-NFR,2021-10-05T18:00:00,2021-10-12T00:00:00,fixed_acoustic_station,28.7,3,7,5,5.1,9,TEAM-12-2,high,52.8
BAT-0002219,AVL-NFR,2021-11-05T18:00:00,2021-11-12T00:00:00,fixed_acoustic_station,31.7,6,11,5,6.3,9,TEAM-12-2,high,40.3
BAT-0002220,AVL-NFR,2021-12-05T18:00:00,2021-12-12T00:00:00,acoustic_and_visual,32.1,13,9,3,14.5,14,TEAM-12-2,high,26.2
BAT-0002221,AVL-NFR,2022-01-05T18:00:00,2022-01-12T00:00:00,acoustic_transect,35.5,6,10,5,9.7,10,TEAM-12-2,high,22.2
BAT-0002222,AVL-NFR,2022-02-05T18:00:00,2022-02-12T00:00:00,acoustic_and_visual,35.1,3,8,8,4.9,9,TEAM-12-2,high,23.1
BAT-0002223,AVL-NFR,2022-03-05T18:00:00,2022-03-12T00:00:00,fixed_acoustic_station,30.8,5,9,7,6.4,6,TEAM-12-2,acceptable,25.7
BAT-0002224,AVL-NFR,2022-04-05T18:00:00,2022-04-12T00:00:00,acoustic_and_visual,30.8,14,10,2,14.3,12,TEAM-12-2,high,30.3
BAT-0002225,AVL-NFR,2022-05-05T18:00:00,2022-05-12T00:00:00,fixed_acoustic_station,26.2,10,16,8,9.0,11,TEAM-12-2,high,30.7
BAT-0002226,AVL-NFR,2022-06-05T18:00:00,2022-06-12T00:00:00,acoustic_and_visual,27.6,10,19,7,9.4,5,TEAM-12-2,acceptable,56.0
BAT-0002227,AVL-NFR,2022-07-05T18:00:00,2022-07-12T00:00:00,fixed_acoustic_station,33.9,3,14,6,1.0,3,TEAM-12-2,high,21.7
BAT-0002228,AVL-NFR,2022-08-05T18:00:00,2022-08-12T00:00:00,acoustic_and_visual,26.2,6,9,1,3.9,6,TEAM-12-2,high,59.5
BAT-0002229,AVL-NFR,2022-09-05T18:00:00,2022-09-12T00:00:00,fixed_acoustic_station,26.8,7,6,1,6.8,10,TEAM-12-2,acceptable,38.1
BAT-0002230,AVL-NFR,2022-10-05T18:00:00,2022-10-12T00:00:00,fixed_acoustic_station,29.0,2,5,9,3.3,8,TEAM-12-2,high,40.8
BAT-0002231,AVL-NFR,2022-11-05T18:00:00,2022-11-12T00:00:00,acoustic_transect,32.5,1,9,4,2.2,6,TEAM-12-2,high,30.9
BAT-0002232,AVL-NFR,2022-12-05T18:00:00,2022-12-12T00:00:00,fixed_acoustic_station,29.1,3,4,5,4.7,7,TEAM-12-2,acceptable,51.5
BAT-0002233,AVL-NFR,2023-01-05T18:00:00,2023-01-12T00:00:00,acoustic_transect,28.1,3,12,3,3.6,9,TEAM-12-2,high,22.9
BAT-0002234,AVL-NFR,2023-02-05T18:00:00,2023-02-12T00:00:00,acoustic_transect,32.4,8,16,3,6.5,10,TEAM-12-2,high,20.7
BAT-0002235,AVL-NFR,2023-03-05T18:00:00,2023-03-12T00:00:00,acoustic_transect,33.8,7,13,3,6.7,10,TEAM-12-2,acceptable,30.1
BAT-0002236,AVL-NFR,2023-04-05T18:00:00,2023-04-12T00:00:00,fixed_acoustic_station,32.9,13,12,7,16.2,5,TEAM-12-2,limited,9.2
BAT-0002237,AVL-NFR,2023-05-05T18:00:00,2023-05-12T00:00:00,acoustic_transect,35.7,9,12,4,10.6,5,TEAM-12-2,high,17.4
BAT-0002238,AVL-NFR,2023-06-05T18:00:00,2023-06-12T00:00:00,acoustic_and_visual,32.2,8,14,3,11.3,6,TEAM-12-2,acceptable,31.5
BAT-0002239,AVL-NFR,2023-07-05T18:00:00,2023-07-12T00:00:00,acoustic_and_visual,24.7,3,6,3,2.0,9,TEAM-12-2,acceptable,51.9
BAT-0002240,AVL-NFR,2023-08-05T18:00:00,2023-08-12T00:00:00,acoustic_and_visual,21.2,6,2,5,5.6,9,TEAM-12-2,acceptable,56.2
BAT-0002241,AVL-NFR,2023-09-05T18:00:00,2023-09-12T00:00:00,acoustic_and_visual,22.1,3,13,3,2.0,6,TEAM-12-2,acceptable,63.2
BAT-0002242,AVL-NFR,2023-10-05T18:00:00,2023-10-12T00:00:00,fixed_acoustic_station,24.8,4,3,2,0.0,9,TEAM-12-2,high,52.8
BAT-0002243,AVL-NFR,2023-11-05T18:00:00,2023-11-12T00:00:00,acoustic_transect,29.6,2,6,1,1.5,16,TEAM-12-2,acceptable,48.3
BAT-0002244,AVL-NFR,2023-12-05T18:00:00,2023-12-12T00:00:00,acoustic_and_visual,28.3,11,10,1,11.5,11,TEAM-12-2,high,30.9
BAT-0002245,AVL-NFR,2024-01-05T18:00:00,2024-01-12T00:00:00,acoustic_transect,32.8,6,8,6,6.7,4,TEAM-12-2,acceptable,47.5
BAT-0002246,AVL-NFR,2024-02-05T18:00:00,2024-02-12T00:00:00,acoustic_and_visual,33.1,8,13,5,11.4,7,TEAM-12-2,acceptable,17.9
BAT-0002247,AVL-NFR,2024-03-05T18:00:00,2024-03-12T00:00:00,fixed_acoustic_station,32.1,8,14,6,9.5,9,TEAM-12-2,high,12.0
BAT-0002248,AVL-NFR,2024-04-05T18:00:00,2024-04-12T00:00:00,acoustic_and_visual,35.1,17,11,9,20.2,9,TEAM-12-2,acceptable,18.6
BAT-0002249,AVL-NFR,2024-05-05T18:00:00,2024-05-12T00:00:00,fixed_acoustic_station,23.5,2,7,1,3.5,15,TEAM-12-2,acceptable,47.9
BAT-0002250,AVL-NFR,2024-06-05T18:00:00,2024-06-12T00:00:00,fixed_acoustic_station,28.8,10,19,9,9.3,11,TEAM-12-2,acceptable,39.6
BAT-0002251,AVL-NFR,2024-07-05T18:00:00,2024-07-12T00:00:00,acoustic_transect,33.6,4,12,6,6.8,13,TEAM-12-2,acceptable,40.2
BAT-0002252,AVL-NFR,2024-08-05T18:00:00,2024-08-12T00:00:00,acoustic_transect,26.2,11,17,5,12.2,5,TEAM-12-2,acceptable,51.6
BAT-0002253,AVL-NFR,2024-09-05T18:00:00,2024-09-12T00:00:00,fixed_acoustic_station,22.3,3,2,2,0.3,10,TEAM-12-2,acceptable,51.1
BAT-0002254,AVL-NFR,2024-10-05T18:00:00,2024-10-12T00:00:00,acoustic_transect,31.0,7,8,6,6.8,8,TEAM-12-2,acceptable,42.2
BAT-0002255,AVL-NFR,2024-11-05T18:00:00,2024-11-12T00:00:00,fixed_acoustic_station,33.2,5,6,7,5.0,13,TEAM-12-2,high,45.7
BAT-0002256,AVL-NFR,2024-12-05T18:00:00,2024-12-12T00:00:00,fixed_acoustic_station,27.6,7,3,1,5.8,7,TEAM-12-2,high,40.9
BAT-0002257,AVL-NFR,2025-01-05T18:00:00,2025-01-12T00:00:00,fixed_acoustic_station,35.7,7,6,4,9.3,8,TEAM-12-2,high,43.8
BAT-0002258,AVL-NFR,2025-02-05T18:00:00,2025-02-12T00:00:00,fixed_acoustic_station,36.2,10,8,10,11.1,7,TEAM-12-2,high,6.1
BAT-0002259,AVL-NFR,2025-03-05T18:00:00,2025-03-12T00:00:00,acoustic_transect,35.7,11,14,8,14.2,7,TEAM-12-2,high,33.9
BAT-0002260,AVL-NFR,2025-04-05T18:00:00,2025-04-12T00:00:00,acoustic_and_visual,32.1,8,11,5,4.4,13,TEAM-12-2,acceptable,38.2
BAT-0002261,AVL-NFR,2025-05-05T18:00:00,2025-05-12T00:00:00,acoustic_and_visual,31.8,11,23,8,15.0,7,TEAM-12-2,high,31.8
BAT-0002262,AVL-NFR,2025-06-05T18:00:00,2025-06-12T00:00:00,fixed_acoustic_station,30.4,8,13,8,11.5,5,TEAM-12-2,high,31.4
BAT-0002263,AVL-ARU,2019-01-05T18:00:00,2019-01-12T00:00:00,acoustic_transect,36.5,10,22,8,9.1,16,TEAM-12-3,high,17.9
BAT-0002264,AVL-ARU,2019-02-05T18:00:00,2019-02-12T00:00:00,acoustic_transect,28.2,3,9,8,0.0,9,TEAM-12-3,acceptable,26.8
BAT-0002265,AVL-ARU,2019-03-05T18:00:00,2019-03-12T00:00:00,acoustic_and_visual,37.9,6,11,6,9.0,15,TEAM-12-3,acceptable,6.1
BAT-0002266,AVL-ARU,2019-04-05T18:00:00,2019-04-12T00:00:00,acoustic_transect,36.6,11,13,10,13.1,5,TEAM-12-3,acceptable,21.8
BAT-0002267,AVL-ARU,2019-05-05T18:00:00,2019-05-12T00:00:00,fixed_acoustic_station,33.0,18,24,9,23.4,6,TEAM-12-3,acceptable,19.9
BAT-0002268,AVL-ARU,2019-06-05T18:00:00,2019-06-12T00:00:00,acoustic_and_visual,34.3,18,19,7,16.1,11,TEAM-12-3,high,35.5
BAT-0002269,AVL-ARU,2019-07-05T18:00:00,2019-07-12T00:00:00,acoustic_and_visual,34.8,9,11,6,12.7,14,TEAM-12-3,acceptable,30.7
BAT-0002270,AVL-ARU,2019-08-05T18:00:00,2019-08-12T00:00:00,acoustic_transect,32.4,5,6,1,5.7,7,TEAM-12-3,acceptable,55.8
BAT-0002271,AVL-ARU,2019-09-05T18:00:00,2019-09-12T00:00:00,acoustic_transect,26.5,7,6,2,10.6,17,TEAM-12-3,high,55.4
BAT-0002272,AVL-ARU,2019-10-05T18:00:00,2019-10-12T00:00:00,fixed_acoustic_station,29.3,3,7,6,1.4,7,TEAM-12-3,high,44.7
BAT-0002273,AVL-ARU,2019-11-05T18:00:00,2019-11-12T00:00:00,acoustic_transect,30.2,9,13,5,9.5,9,TEAM-12-3,high,45.3
BAT-0002274,AVL-ARU,2019-12-05T18:00:00,2019-12-12T00:00:00,acoustic_and_visual,25.9,9,26,2,8.4,9,TEAM-12-3,high,37.1
BAT-0002275,AVL-ARU,2020-01-05T18:00:00,2020-01-12T00:00:00,acoustic_and_visual,30.9,8,21,10,6.6,16,TEAM-12-3,high,25.6
BAT-0002276,AVL-ARU,2020-02-05T18:00:00,2020-02-12T00:00:00,acoustic_transect,34.1,9,7,7,12.3,19,TEAM-12-3,acceptable,25.1
BAT-0002277,AVL-ARU,2020-03-05T18:00:00,2020-03-12T00:00:00,acoustic_and_visual,34.7,7,10,1,6.0,16,TEAM-12-3,acceptable,12.4
BAT-0002278,AVL-ARU,2020-04-05T18:00:00,2020-04-12T00:00:00,acoustic_and_visual,40.9,12,12,4,14.3,7,TEAM-12-3,acceptable,13.8
BAT-0002279,AVL-ARU,2020-05-05T18:00:00,2020-05-12T00:00:00,acoustic_transect,27.4,10,21,8,12.6,17,TEAM-12-3,high,40.1
BAT-0002280,AVL-ARU,2020-06-05T18:00:00,2020-06-12T00:00:00,acoustic_transect,23.9,7,25,12,8.2,8,TEAM-12-3,acceptable,46.8
BAT-0002281,AVL-ARU,2020-07-05T18:00:00,2020-07-12T00:00:00,fixed_acoustic_station,15.7,5,5,1,4.4,10,TEAM-12-3,limited,47.9
BAT-0002282,AVL-ARU,2020-08-05T18:00:00,2020-08-12T00:00:00,acoustic_transect,22.4,4,8,6,0.9,9,TEAM-12-3,acceptable,65.8
BAT-0002283,AVL-ARU,2020-09-05T18:00:00,2020-09-12T00:00:00,acoustic_and_visual,30.7,7,10,6,9.4,10,TEAM-12-3,acceptable,47.7
BAT-0002284,AVL-ARU,2020-10-05T18:00:00,2020-10-12T00:00:00,acoustic_transect,30.7,8,4,6,8.5,8,TEAM-12-3,high,50.8
BAT-0002285,AVL-ARU,2020-11-05T18:00:00,2020-11-12T00:00:00,acoustic_transect,33.0,12,18,8,17.3,11,TEAM-12-3,high,34.9
BAT-0002286,AVL-ARU,2020-12-05T18:00:00,2020-12-12T00:00:00,acoustic_and_visual,35.4,10,20,8,15.1,8,TEAM-12-3,high,30.0
BAT-0002287,AVL-ARU,2021-01-05T18:00:00,2021-01-12T00:00:00,fixed_acoustic_station,34.1,12,11,6,16.0,13,TEAM-12-3,high,32.1
BAT-0002288,AVL-ARU,2021-02-05T18:00:00,2021-02-12T00:00:00,acoustic_and_visual,34.4,3,9,7,2.5,7,TEAM-12-3,high,16.4
BAT-0002289,AVL-ARU,2021-03-05T18:00:00,2021-03-12T00:00:00,acoustic_transect,41.5,8,14,9,6.2,10,TEAM-12-3,high,19.5
BAT-0002290,AVL-ARU,2021-04-05T18:00:00,2021-04-12T00:00:00,acoustic_and_visual,40.6,11,13,3,10.8,12,TEAM-12-3,high,12.8
BAT-0002291,AVL-ARU,2021-05-05T18:00:00,2021-05-12T00:00:00,fixed_acoustic_station,41.3,14,40,14,15.9,13,TEAM-12-3,high,0.6
BAT-0002292,AVL-ARU,2021-06-05T18:00:00,2021-06-12T00:00:00,acoustic_transect,32.0,19,25,8,25.5,12,TEAM-12-3,high,28.7
BAT-0002293,AVL-ARU,2021-07-05T18:00:00,2021-07-12T00:00:00,acoustic_and_visual,29.9,12,19,12,13.6,13,TEAM-12-3,acceptable,50.6
BAT-0002294,AVL-ARU,2021-08-05T18:00:00,2021-08-12T00:00:00,fixed_acoustic_station,30.0,3,13,3,6.1,16,TEAM-12-3,high,43.4
BAT-0002295,AVL-ARU,2021-09-05T18:00:00,2021-09-12T00:00:00,fixed_acoustic_station,34.4,4,11,8,7.5,9,TEAM-12-3,acceptable,34.5
BAT-0002296,AVL-ARU,2021-10-05T18:00:00,2021-10-12T00:00:00,acoustic_and_visual,30.2,4,5,2,2.1,13,TEAM-12-3,acceptable,48.8
BAT-0002297,AVL-ARU,2021-11-05T18:00:00,2021-11-12T00:00:00,fixed_acoustic_station,29.4,5,9,4,5.3,9,TEAM-12-3,high,41.8
BAT-0002298,AVL-ARU,2021-12-05T18:00:00,2021-12-12T00:00:00,acoustic_and_visual,25.4,6,13,5,5.4,9,TEAM-12-3,acceptable,29.5
BAT-0002299,AVL-ARU,2022-01-05T18:00:00,2022-01-12T00:00:00,acoustic_transect,38.8,19,32,17,23.8,7,TEAM-12-3,high,24.9
BAT-0002300,AVL-ARU,2022-02-05T18:00:00,2022-02-12T00:00:00,fixed_acoustic_station,29.7,2,15,4,2.7,8,TEAM-12-3,high,17.3
BAT-0002301,AVL-ARU,2022-03-05T18:00:00,2022-03-12T00:00:00,acoustic_and_visual,36.3,7,13,4,6.2,7,TEAM-12-3,high,25.9
BAT-0002302,AVL-ARU,2022-04-05T18:00:00,2022-04-12T00:00:00,fixed_acoustic_station,33.2,5,11,2,6.6,3,TEAM-12-3,high,16.4
BAT-0002303,AVL-ARU,2022-05-05T18:00:00,2022-05-12T00:00:00,fixed_acoustic_station,37.3,28,35,12,31.1,4,TEAM-12-3,high,29.9
BAT-0002304,AVL-ARU,2022-06-05T18:00:00,2022-06-12T00:00:00,acoustic_transect,25.8,13,18,12,15.7,11,TEAM-12-3,acceptable,41.6
BAT-0002305,AVL-ARU,2022-07-05T18:00:00,2022-07-12T00:00:00,acoustic_and_visual,27.3,14,15,7,15.0,7,TEAM-12-3,high,50.3
BAT-0002306,AVL-ARU,2022-08-05T18:00:00,2022-08-12T00:00:00,acoustic_and_visual,31.1,3,11,6,2.2,11,TEAM-12-3,acceptable,57.4
BAT-0002307,AVL-ARU,2022-09-05T18:00:00,2022-09-12T00:00:00,acoustic_and_visual,28.1,8,5,4,7.3,8,TEAM-12-3,acceptable,54.3
BAT-0002308,AVL-ARU,2022-10-05T18:00:00,2022-10-12T00:00:00,acoustic_transect,28.6,9,14,6,12.2,9,TEAM-12-3,acceptable,44.6
BAT-0002309,AVL-ARU,2022-11-05T18:00:00,2022-11-12T00:00:00,acoustic_and_visual,27.7,6,17,10,9.6,12,TEAM-12-3,acceptable,39.6
BAT-0002310,AVL-ARU,2022-12-05T18:00:00,2022-12-12T00:00:00,acoustic_and_visual,29.3,7,16,5,9.1,10,TEAM-12-3,acceptable,25.4
BAT-0002311,AVL-ARU,2023-01-05T18:00:00,2023-01-12T00:00:00,acoustic_and_visual,28.3,5,17,7,1.7,11,TEAM-12-3,high,42.4
BAT-0002312,AVL-ARU,2023-02-05T18:00:00,2023-02-12T00:00:00,fixed_acoustic_station,38.2,8,18,12,10.4,5,TEAM-12-3,high,0.0
BAT-0002313,AVL-ARU,2023-03-05T18:00:00,2023-03-12T00:00:00,acoustic_and_visual,37.3,9,16,8,10.4,5,TEAM-12-3,high,32.2
BAT-0002314,AVL-ARU,2023-04-05T18:00:00,2023-04-12T00:00:00,acoustic_transect,39.3,18,14,14,18.6,10,TEAM-12-3,high,8.2
BAT-0002315,AVL-ARU,2023-05-05T18:00:00,2023-05-12T00:00:00,acoustic_transect,36.2,26,17,6,23.1,11,TEAM-12-3,acceptable,34.1
BAT-0002316,AVL-ARU,2023-06-05T18:00:00,2023-06-12T00:00:00,acoustic_and_visual,36.7,13,19,12,15.0,10,TEAM-12-3,high,29.4
BAT-0002317,AVL-ARU,2023-07-05T18:00:00,2023-07-12T00:00:00,acoustic_and_visual,29.8,12,19,4,17.3,11,TEAM-12-3,acceptable,38.2
BAT-0002318,AVL-ARU,2023-08-05T18:00:00,2023-08-12T00:00:00,fixed_acoustic_station,23.2,3,1,3,3.2,12,TEAM-12-3,high,61.2
BAT-0002319,AVL-ARU,2023-09-05T18:00:00,2023-09-12T00:00:00,acoustic_and_visual,27.5,7,4,6,7.7,11,TEAM-12-3,acceptable,59.4
BAT-0002320,AVL-ARU,2023-10-05T18:00:00,2023-10-12T00:00:00,acoustic_and_visual,26.7,5,5,2,7.2,10,TEAM-12-3,acceptable,48.4
BAT-0002321,AVL-ARU,2023-11-05T18:00:00,2023-11-12T00:00:00,fixed_acoustic_station,34.1,11,14,9,11.9,14,TEAM-12-3,high,41.2
BAT-0002322,AVL-ARU,2023-12-05T18:00:00,2023-12-12T00:00:00,acoustic_transect,29.4,9,17,4,13.5,9,TEAM-12-3,acceptable,37.9
BAT-0002323,AVL-ARU,2024-01-05T18:00:00,2024-01-12T00:00:00,acoustic_and_visual,33.1,11,11,4,14.3,10,TEAM-12-3,acceptable,18.0
BAT-0002324,AVL-ARU,2024-02-05T18:00:00,2024-02-12T00:00:00,acoustic_transect,27.9,3,11,6,1.9,5,TEAM-12-3,acceptable,36.0
BAT-0002325,AVL-ARU,2024-03-05T18:00:00,2024-03-12T00:00:00,acoustic_transect,21.6,3,4,5,3.9,6,TEAM-12-3,limited,21.7
BAT-0002326,AVL-ARU,2024-04-05T18:00:00,2024-04-12T00:00:00,acoustic_and_visual,39.4,15,19,9,19.9,11,TEAM-12-3,high,7.3
BAT-0002327,AVL-ARU,2024-05-05T18:00:00,2024-05-12T00:00:00,acoustic_and_visual,36.3,10,20,9,6.9,15,TEAM-12-3,high,19.3
BAT-0002328,AVL-ARU,2024-06-05T18:00:00,2024-06-12T00:00:00,acoustic_and_visual,35.9,8,9,8,8.8,7,TEAM-12-3,high,21.4
BAT-0002329,AVL-ARU,2024-07-05T18:00:00,2024-07-12T00:00:00,acoustic_and_visual,29.2,7,22,9,10.0,10,TEAM-12-3,high,50.3
BAT-0002330,AVL-ARU,2024-08-05T18:00:00,2024-08-12T00:00:00,acoustic_transect,29.6,7,11,7,7.0,16,TEAM-12-3,high,46.8
BAT-0002331,AVL-ARU,2024-09-05T18:00:00,2024-09-12T00:00:00,acoustic_transect,33.5,10,10,7,8.6,7,TEAM-12-3,acceptable,57.1
BAT-0002332,AVL-ARU,2024-10-05T18:00:00,2024-10-12T00:00:00,fixed_acoustic_station,32.4,5,7,5,3.4,6,TEAM-12-3,acceptable,49.4
BAT-0002333,AVL-ARU,2024-11-05T18:00:00,2024-11-12T00:00:00,acoustic_transect,29.5,12,5,9,12.2,6,TEAM-12-3,acceptable,58.4
BAT-0002334,AVL-ARU,2024-12-05T18:00:00,2024-12-12T00:00:00,acoustic_transect,30.4,13,13,8,16.3,16,TEAM-12-3,high,41.7
BAT-0002335,AVL-ARU,2025-01-05T18:00:00,2025-01-12T00:00:00,acoustic_and_visual,27.2,13,9,11,13.7,14,TEAM-12-3,high,29.2
BAT-0002336,AVL-ARU,2025-02-05T18:00:00,2025-02-12T00:00:00,acoustic_and_visual,33.8,12,8,5,14.1,7,TEAM-12-3,acceptable,28.4
BAT-0002337,AVL-ARU,2025-03-05T18:00:00,2025-03-12T00:00:00,fixed_acoustic_station,39.0,9,13,5,4.6,9,TEAM-12-3,high,18.2
BAT-0002338,AVL-ARU,2025-04-05T18:00:00,2025-04-12T00:00:00,acoustic_and_visual,38.2,11,23,6,10.9,6,TEAM-12-3,high,18.7
BAT-0002339,AVL-ARU,2025-05-05T18:00:00,2025-05-12T00:00:00,acoustic_transect,31.8,10,14,11,12.1,11,TEAM-12-3,high,35.1
BAT-0002340,AVL-ARU,2025-06-05T18:00:00,2025-06-12T00:00:00,acoustic_and_visual,26.6,12,5,6,13.3,15,TEAM-12-3,acceptable,49.0
BAT-0002341,AVL-GRB,2019-01-05T18:00:00,2019-01-12T00:00:00,acoustic_transect,40.2,6,9,4,6.5,7,TEAM-12-4,acceptable,19.5
BAT-0002342,AVL-GRB,2019-02-05T18:00:00,2019-02-12T00:00:00,fixed_acoustic_station,38.0,6,13,5,7.1,9,TEAM-12-4,high,7.3
BAT-0002343,AVL-GRB,2019-03-05T18:00:00,2019-03-12T00:00:00,fixed_acoustic_station,34.2,8,15,6,7.7,14,TEAM-12-4,high,30.6
BAT-0002344,AVL-GRB,2019-04-05T18:00:00,2019-04-12T00:00:00,fixed_acoustic_station,31.0,5,10,8,8.5,5,TEAM-12-4,acceptable,23.6
BAT-0002345,AVL-GRB,2019-05-05T18:00:00,2019-05-12T00:00:00,acoustic_transect,34.7,6,14,3,6.8,4,TEAM-12-4,high,32.1
BAT-0002346,AVL-GRB,2019-06-05T18:00:00,2019-06-12T00:00:00,acoustic_transect,38.3,13,24,6,15.2,4,TEAM-12-4,high,25.6
BAT-0002347,AVL-GRB,2019-07-05T18:00:00,2019-07-12T00:00:00,acoustic_transect,29.1,4,6,5,0.9,10,TEAM-12-4,high,48.7
BAT-0002348,AVL-GRB,2019-08-05T18:00:00,2019-08-12T00:00:00,acoustic_and_visual,29.8,11,5,6,11.6,5,TEAM-12-4,acceptable,59.7
BAT-0002349,AVL-GRB,2019-09-05T18:00:00,2019-09-12T00:00:00,acoustic_and_visual,23.1,3,11,4,6.4,5,TEAM-12-4,acceptable,64.0
BAT-0002350,AVL-GRB,2019-10-05T18:00:00,2019-10-12T00:00:00,acoustic_and_visual,24.3,6,10,1,5.7,6,TEAM-12-4,acceptable,56.0
BAT-0002351,AVL-GRB,2019-11-05T18:00:00,2019-11-12T00:00:00,fixed_acoustic_station,30.3,4,8,4,5.5,10,TEAM-12-4,high,46.1
BAT-0002352,AVL-GRB,2019-12-05T18:00:00,2019-12-12T00:00:00,acoustic_and_visual,29.0,2,13,3,1.3,10,TEAM-12-4,high,39.8
BAT-0002353,AVL-GRB,2020-01-05T18:00:00,2020-01-12T00:00:00,fixed_acoustic_station,32.6,1,12,8,4.6,3,TEAM-12-4,high,30.2
BAT-0002354,AVL-GRB,2020-02-05T18:00:00,2020-02-12T00:00:00,fixed_acoustic_station,23.0,5,9,3,2.3,8,TEAM-12-4,high,33.1
BAT-0002355,AVL-GRB,2020-03-05T18:00:00,2020-03-12T00:00:00,acoustic_transect,34.7,9,15,8,5.7,12,TEAM-12-4,high,11.3
BAT-0002356,AVL-GRB,2020-04-05T18:00:00,2020-04-12T00:00:00,fixed_acoustic_station,34.3,18,24,7,17.3,7,TEAM-12-4,high,26.4
BAT-0002357,AVL-GRB,2020-05-05T18:00:00,2020-05-12T00:00:00,acoustic_transect,32.0,9,16,10,8.2,13,TEAM-12-4,acceptable,24.1
BAT-0002358,AVL-GRB,2020-06-05T18:00:00,2020-06-12T00:00:00,fixed_acoustic_station,34.2,8,21,9,10.4,9,TEAM-12-4,acceptable,32.8
BAT-0002359,AVL-GRB,2020-07-05T18:00:00,2020-07-12T00:00:00,fixed_acoustic_station,29.9,12,7,5,13.4,7,TEAM-12-4,high,41.4
BAT-0002360,AVL-GRB,2020-08-05T18:00:00,2020-08-12T00:00:00,fixed_acoustic_station,26.6,5,16,7,6.6,1,TEAM-12-4,high,47.0
BAT-0002361,AVL-GRB,2020-09-05T18:00:00,2020-09-12T00:00:00,acoustic_and_visual,28.7,4,9,4,6.4,2,TEAM-12-4,acceptable,58.8
BAT-0002362,AVL-GRB,2020-10-05T18:00:00,2020-10-12T00:00:00,acoustic_and_visual,34.3,5,5,5,6.3,10,TEAM-12-4,acceptable,61.4
BAT-0002363,AVL-GRB,2020-11-05T18:00:00,2020-11-12T00:00:00,acoustic_and_visual,30.4,4,8,6,3.7,12,TEAM-12-4,high,47.8
BAT-0002364,AVL-GRB,2020-12-05T18:00:00,2020-12-12T00:00:00,acoustic_and_visual,24.1,8,3,4,8.2,8,TEAM-12-4,acceptable,46.6
BAT-0002365,AVL-GRB,2021-01-05T18:00:00,2021-01-12T00:00:00,acoustic_and_visual,32.1,9,9,4,12.2,11,TEAM-12-4,acceptable,35.9
BAT-0002366,AVL-GRB,2021-02-05T18:00:00,2021-02-12T00:00:00,fixed_acoustic_station,30.2,7,9,4,6.5,9,TEAM-12-4,high,28.6
BAT-0002367,AVL-GRB,2021-03-05T18:00:00,2021-03-12T00:00:00,acoustic_and_visual,33.8,11,11,2,9.2,7,TEAM-12-4,acceptable,22.5
BAT-0002368,AVL-GRB,2021-04-05T18:00:00,2021-04-12T00:00:00,acoustic_and_visual,36.1,8,22,7,7.4,4,TEAM-12-4,high,15.2
BAT-0002369,AVL-GRB,2021-05-05T18:00:00,2021-05-12T00:00:00,fixed_acoustic_station,37.5,20,15,7,27.1,5,TEAM-12-4,high,35.8
BAT-0002370,AVL-GRB,2021-06-05T18:00:00,2021-06-12T00:00:00,acoustic_and_visual,31.0,3,13,7,1.6,6,TEAM-12-4,acceptable,31.9
BAT-0002371,AVL-GRB,2021-07-05T18:00:00,2021-07-12T00:00:00,acoustic_and_visual,32.1,6,8,6,6.5,6,TEAM-12-4,high,54.2
BAT-0002372,AVL-GRB,2021-08-05T18:00:00,2021-08-12T00:00:00,fixed_acoustic_station,29.5,1,9,3,0.9,4,TEAM-12-4,acceptable,55.1
BAT-0002373,AVL-GRB,2021-09-05T18:00:00,2021-09-12T00:00:00,acoustic_and_visual,18.5,3,1,2,3.9,13,TEAM-12-4,acceptable,84.9
BAT-0002374,AVL-GRB,2021-10-05T18:00:00,2021-10-12T00:00:00,acoustic_transect,32.0,5,9,6,6.3,7,TEAM-12-4,acceptable,51.9
BAT-0002375,AVL-GRB,2021-11-05T18:00:00,2021-11-12T00:00:00,acoustic_transect,30.6,6,10,5,7.5,7,TEAM-12-4,acceptable,50.6
BAT-0002376,AVL-GRB,2021-12-05T18:00:00,2021-12-12T00:00:00,acoustic_and_visual,27.2,5,13,7,8.7,11,TEAM-12-4,high,45.3
BAT-0002377,AVL-GRB,2022-01-05T18:00:00,2022-01-12T00:00:00,acoustic_transect,23.8,4,6,2,6.2,5,TEAM-12-4,limited,27.1
BAT-0002378,AVL-GRB,2022-02-05T18:00:00,2022-02-12T00:00:00,acoustic_and_visual,36.3,11,18,5,10.3,5,TEAM-12-4,high,14.5
BAT-0002379,AVL-GRB,2022-03-05T18:00:00,2022-03-12T00:00:00,fixed_acoustic_station,41.1,9,19,8,9.5,8,TEAM-12-4,high,0.0
BAT-0002380,AVL-GRB,2022-04-05T18:00:00,2022-04-12T00:00:00,acoustic_and_visual,41.5,16,21,8,15.9,10,TEAM-12-4,high,24.3
BAT-0002381,AVL-GRB,2022-05-05T18:00:00,2022-05-12T00:00:00,acoustic_and_visual,34.8,9,18,6,9.9,8,TEAM-12-4,acceptable,15.8
BAT-0002382,AVL-GRB,2022-06-05T18:00:00,2022-06-12T00:00:00,acoustic_and_visual,33.3,15,13,8,17.9,12,TEAM-12-4,high,30.7
BAT-0002383,AVL-GRB,2022-07-05T18:00:00,2022-07-12T00:00:00,acoustic_transect,21.2,4,8,5,8.7,7,TEAM-12-4,high,56.3
BAT-0002384,AVL-GRB,2022-08-05T18:00:00,2022-08-12T00:00:00,acoustic_transect,23.7,5,6,5,8.6,3,TEAM-12-4,high,58.1
BAT-0002385,AVL-GRB,2022-09-05T18:00:00,2022-09-12T00:00:00,acoustic_transect,29.3,11,10,11,10.7,6,TEAM-12-4,high,61.7
BAT-0002386,AVL-GRB,2022-10-05T18:00:00,2022-10-12T00:00:00,fixed_acoustic_station,23.3,2,6,1,1.4,12,TEAM-12-4,acceptable,54.3
BAT-0002387,AVL-GRB,2022-11-05T18:00:00,2022-11-12T00:00:00,fixed_acoustic_station,28.5,10,9,8,8.9,5,TEAM-12-4,acceptable,38.7
BAT-0002388,AVL-GRB,2022-12-05T18:00:00,2022-12-12T00:00:00,acoustic_and_visual,22.3,2,4,1,1.8,10,TEAM-12-4,acceptable,60.6
BAT-0002389,AVL-GRB,2023-01-05T18:00:00,2023-01-12T00:00:00,acoustic_transect,35.7,10,6,8,12.1,10,TEAM-12-4,high,25.1
BAT-0002390,AVL-GRB,2023-02-05T18:00:00,2023-02-12T00:00:00,fixed_acoustic_station,25.0,6,13,5,11.4,10,TEAM-12-4,limited,15.9
BAT-0002391,AVL-GRB,2023-03-05T18:00:00,2023-03-12T00:00:00,acoustic_transect,29.4,16,15,7,19.7,6,TEAM-12-4,acceptable,25.0
BAT-0002392,AVL-GRB,2023-04-05T18:00:00,2023-04-12T00:00:00,acoustic_and_visual,38.2,14,8,5,15.0,10,TEAM-12-4,high,12.0
BAT-0002393,AVL-GRB,2023-05-05T18:00:00,2023-05-12T00:00:00,acoustic_and_visual,32.2,7,20,3,8.5,9,TEAM-12-4,high,28.8
BAT-0002394,AVL-GRB,2023-06-05T18:00:00,2023-06-12T00:00:00,acoustic_transect,29.8,5,6,4,4.0,8,TEAM-12-4,high,40.2
BAT-0002395,AVL-GRB,2023-07-05T18:00:00,2023-07-12T00:00:00,acoustic_and_visual,30.4,22,14,7,23.2,8,TEAM-12-4,high,46.4
BAT-0002396,AVL-GRB,2023-08-05T18:00:00,2023-08-12T00:00:00,acoustic_and_visual,23.6,7,5,3,6.0,6,TEAM-12-4,acceptable,62.7
BAT-0002397,AVL-GRB,2023-09-05T18:00:00,2023-09-12T00:00:00,acoustic_and_visual,22.0,3,7,3,4.3,5,TEAM-12-4,acceptable,54.4
BAT-0002398,AVL-GRB,2023-10-05T18:00:00,2023-10-12T00:00:00,fixed_acoustic_station,27.2,3,12,4,5.0,11,TEAM-12-4,acceptable,47.0
BAT-0002399,AVL-GRB,2023-11-05T18:00:00,2023-11-12T00:00:00,acoustic_transect,26.0,5,12,3,6.7,12,TEAM-12-4,acceptable,39.3
BAT-0002400,AVL-GRB,2023-12-05T18:00:00,2023-12-12T00:00:00,acoustic_and_visual,31.5,5,7,4,3.0,9,TEAM-12-4,high,37.1
BAT-0002401,AVL-GRB,2024-01-05T18:00:00,2024-01-12T00:00:00,fixed_acoustic_station,32.6,5,7,5,7.3,8,TEAM-12-4,high,38.6
BAT-0002402,AVL-GRB,2024-02-05T18:00:00,2024-02-12T00:00:00,acoustic_transect,26.1,2,9,7,2.8,5,TEAM-12-4,high,45.2
BAT-0002403,AVL-GRB,2024-03-05T18:00:00,2024-03-12T00:00:00,acoustic_transect,38.6,9,12,5,8.8,10,TEAM-12-4,acceptable,26.5
BAT-0002404,AVL-GRB,2024-04-05T18:00:00,2024-04-12T00:00:00,acoustic_transect,33.1,5,9,3,6.2,8,TEAM-12-4,high,20.0
BAT-0002405,AVL-GRB,2024-05-05T18:00:00,2024-05-12T00:00:00,fixed_acoustic_station,35.8,9,15,10,8.8,13,TEAM-12-4,high,24.0
BAT-0002406,AVL-GRB,2024-06-05T18:00:00,2024-06-12T00:00:00,acoustic_and_visual,28.7,4,9,8,5.7,7,TEAM-12-4,high,59.2
BAT-0002407,AVL-GRB,2024-07-05T18:00:00,2024-07-12T00:00:00,fixed_acoustic_station,30.7,11,7,2,14.9,6,TEAM-12-4,acceptable,49.2
BAT-0002408,AVL-GRB,2024-08-05T18:00:00,2024-08-12T00:00:00,acoustic_and_visual,26.2,5,7,2,9.4,13,TEAM-12-4,high,52.4
BAT-0002409,AVL-GRB,2024-09-05T18:00:00,2024-09-12T00:00:00,acoustic_transect,19.0,5,7,1,5.4,8,TEAM-12-4,acceptable,69.3
BAT-0002410,AVL-GRB,2024-10-05T18:00:00,2024-10-12T00:00:00,acoustic_and_visual,25.8,0,6,1,0.0,6,TEAM-12-4,high,64.9
BAT-0002411,AVL-GRB,2024-11-05T18:00:00,2024-11-12T00:00:00,acoustic_transect,30.1,1,7,3,0.0,14,TEAM-12-4,high,40.8
BAT-0002412,AVL-GRB,2024-12-05T18:00:00,2024-12-12T00:00:00,acoustic_and_visual,28.5,3,4,2,3.1,9,TEAM-12-4,high,40.5
BAT-0002413,AVL-GRB,2025-01-05T18:00:00,2025-01-12T00:00:00,fixed_acoustic_station,32.1,3,9,3,5.0,18,TEAM-12-4,acceptable,23.7
BAT-0002414,AVL-GRB,2025-02-05T18:00:00,2025-02-12T00:00:00,acoustic_transect,35.2,0,10,6,0.8,10,TEAM-12-4,high,5.8
BAT-0002415,AVL-GRB,2025-03-05T18:00:00,2025-03-12T00:00:00,acoustic_transect,35.1,11,24,8,18.8,5,TEAM-12-4,acceptable,17.8
BAT-0002416,AVL-GRB,2025-04-05T18:00:00,2025-04-12T00:00:00,fixed_acoustic_station,27.1,10,9,5,9.9,6,TEAM-12-4,acceptable,29.7
BAT-0002417,AVL-GRB,2025-05-05T18:00:00,2025-05-12T00:00:00,acoustic_transect,32.7,7,9,4,5.9,9,TEAM-12-4,high,39.1
BAT-0002418,AVL-GRB,2025-06-05T18:00:00,2025-06-12T00:00:00,acoustic_transect,31.5,9,14,5,5.5,13,TEAM-12-4,acceptable,26.7
BAT-0002419,AVL-DER,2019-01-05T18:00:00,2019-01-12T00:00:00,acoustic_transect,35.5,16,26,19,15.2,7,TEAM-12-5,high,30.5
BAT-0002420,AVL-DER,2019-02-05T18:00:00,2019-02-12T00:00:00,acoustic_and_visual,38.9,26,15,12,31.3,6,TEAM-12-5,high,24.5
BAT-0002421,AVL-DER,2019-03-05T18:00:00,2019-03-12T00:00:00,acoustic_and_visual,40.6,22,21,10,22.5,10,TEAM-12-5,acceptable,19.1
BAT-0002422,AVL-DER,2019-04-05T18:00:00,2019-04-12T00:00:00,acoustic_transect,30.5,17,27,9,20.8,8,TEAM-12-5,high,30.8
BAT-0002423,AVL-DER,2019-05-05T18:00:00,2019-05-12T00:00:00,acoustic_and_visual,31.3,15,36,11,15.4,10,TEAM-12-5,high,0.0
BAT-0002424,AVL-DER,2019-06-05T18:00:00,2019-06-12T00:00:00,fixed_acoustic_station,29.0,12,18,9,9.4,8,TEAM-12-5,acceptable,42.4
BAT-0002425,AVL-DER,2019-07-05T18:00:00,2019-07-12T00:00:00,fixed_acoustic_station,28.8,12,27,11,15.3,15,TEAM-12-5,high,38.0
BAT-0002426,AVL-DER,2019-08-05T18:00:00,2019-08-12T00:00:00,acoustic_and_visual,27.6,21,20,10,24.5,11,TEAM-12-5,high,51.4
BAT-0002427,AVL-DER,2019-09-05T18:00:00,2019-09-12T00:00:00,fixed_acoustic_station,24.1,8,10,6,8.3,7,TEAM-12-5,acceptable,54.1
BAT-0002428,AVL-DER,2019-10-05T18:00:00,2019-10-12T00:00:00,acoustic_transect,29.8,17,16,7,19.6,7,TEAM-12-5,high,38.9
BAT-0002429,AVL-DER,2019-11-05T18:00:00,2019-11-12T00:00:00,fixed_acoustic_station,32.8,23,26,13,26.3,12,TEAM-12-5,high,35.7
BAT-0002430,AVL-DER,2019-12-05T18:00:00,2019-12-12T00:00:00,acoustic_transect,35.2,16,19,9,18.3,10,TEAM-12-5,high,39.5
BAT-0002431,AVL-DER,2020-01-05T18:00:00,2020-01-12T00:00:00,fixed_acoustic_station,29.3,15,25,10,17.2,12,TEAM-12-5,high,20.2
BAT-0002432,AVL-DER,2020-02-05T18:00:00,2020-02-12T00:00:00,fixed_acoustic_station,33.1,16,32,11,20.1,14,TEAM-12-5,acceptable,25.0
BAT-0002433,AVL-DER,2020-03-05T18:00:00,2020-03-12T00:00:00,acoustic_and_visual,34.7,26,43,19,35.3,7,TEAM-12-5,high,16.4
BAT-0002434,AVL-DER,2020-04-05T18:00:00,2020-04-12T00:00:00,acoustic_and_visual,36.3,19,24,10,21.9,13,TEAM-12-5,acceptable,6.9
BAT-0002435,AVL-DER,2020-05-05T18:00:00,2020-05-12T00:00:00,fixed_acoustic_station,30.3,13,26,13,14.2,10,TEAM-12-5,high,21.0
BAT-0002436,AVL-DER,2020-06-05T18:00:00,2020-06-12T00:00:00,fixed_acoustic_station,35.6,10,20,15,12.0,9,TEAM-12-5,acceptable,31.8
BAT-0002437,AVL-DER,2020-07-05T18:00:00,2020-07-12T00:00:00,fixed_acoustic_station,35.8,15,20,14,13.2,12,TEAM-12-5,high,37.1
BAT-0002438,AVL-DER,2020-08-05T18:00:00,2020-08-12T00:00:00,acoustic_and_visual,25.4,11,15,8,10.0,17,TEAM-12-5,acceptable,46.3
BAT-0002439,AVL-DER,2020-09-05T18:00:00,2020-09-12T00:00:00,fixed_acoustic_station,27.1,12,14,9,13.7,12,TEAM-12-5,high,45.0
BAT-0002440,AVL-DER,2020-10-05T18:00:00,2020-10-12T00:00:00,fixed_acoustic_station,21.9,15,15,11,18.5,14,TEAM-12-5,acceptable,74.6
BAT-0002441,AVL-DER,2020-11-05T18:00:00,2020-11-12T00:00:00,acoustic_transect,30.0,12,14,13,11.4,10,TEAM-12-5,acceptable,38.2
BAT-0002442,AVL-DER,2020-12-05T18:00:00,2020-12-12T00:00:00,acoustic_and_visual,31.8,9,23,10,9.7,15,TEAM-12-5,high,31.2
BAT-0002443,AVL-DER,2021-01-05T18:00:00,2021-01-12T00:00:00,acoustic_transect,32.1,12,12,11,10.9,20,TEAM-12-5,acceptable,29.7
BAT-0002444,AVL-DER,2021-02-05T18:00:00,2021-02-12T00:00:00,acoustic_and_visual,22.9,7,11,5,7.0,10,TEAM-12-5,limited,15.4
BAT-0002445,AVL-DER,2021-03-05T18:00:00,2021-03-12T00:00:00,acoustic_and_visual,33.1,18,18,13,21.1,7,TEAM-12-5,acceptable,35.3
BAT-0002446,AVL-DER,2021-04-05T18:00:00,2021-04-12T00:00:00,fixed_acoustic_station,36.8,17,18,6,18.7,10,TEAM-12-5,high,16.5
BAT-0002447,AVL-DER,2021-05-05T18:00:00,2021-05-12T00:00:00,fixed_acoustic_station,33.4,10,22,9,13.5,10,TEAM-12-5,high,22.8
BAT-0002448,AVL-DER,2021-06-05T18:00:00,2021-06-12T00:00:00,acoustic_and_visual,30.8,9,14,15,12.3,14,TEAM-12-5,high,46.5
BAT-0002449,AVL-DER,2021-07-05T18:00:00,2021-07-12T00:00:00,acoustic_transect,37.6,13,25,15,14.5,18,TEAM-12-5,high,20.0
BAT-0002450,AVL-DER,2021-08-05T18:00:00,2021-08-12T00:00:00,acoustic_transect,28.3,16,15,11,17.4,9,TEAM-12-5,high,52.0
BAT-0002451,AVL-DER,2021-09-05T18:00:00,2021-09-12T00:00:00,acoustic_and_visual,35.3,19,22,13,20.9,4,TEAM-12-5,acceptable,45.8
BAT-0002452,AVL-DER,2021-10-05T18:00:00,2021-10-12T00:00:00,fixed_acoustic_station,30.3,12,13,12,12.7,12,TEAM-12-5,high,50.1
BAT-0002453,AVL-DER,2021-11-05T18:00:00,2021-11-12T00:00:00,acoustic_transect,26.7,10,12,12,11.9,17,TEAM-12-5,acceptable,54.5
BAT-0002454,AVL-DER,2021-12-05T18:00:00,2021-12-12T00:00:00,acoustic_transect,32.4,10,21,13,13.0,10,TEAM-12-5,high,29.8
BAT-0002455,AVL-DER,2022-01-05T18:00:00,2022-01-12T00:00:00,acoustic_transect,34.7,15,17,11,16.9,8,TEAM-12-5,high,19.7
BAT-0002456,AVL-DER,2022-02-05T18:00:00,2022-02-12T00:00:00,fixed_acoustic_station,37.1,18,34,18,19.2,7,TEAM-12-5,high,25.6
BAT-0002457,AVL-DER,2022-03-05T18:00:00,2022-03-12T00:00:00,acoustic_and_visual,39.0,14,19,7,13.3,7,TEAM-12-5,high,16.5
BAT-0002458,AVL-DER,2022-04-05T18:00:00,2022-04-12T00:00:00,acoustic_and_visual,30.9,9,15,9,11.2,12,TEAM-12-5,acceptable,39.2
BAT-0002459,AVL-DER,2022-05-05T18:00:00,2022-05-12T00:00:00,fixed_acoustic_station,31.2,10,20,7,11.9,11,TEAM-12-5,high,28.0
BAT-0002460,AVL-DER,2022-06-05T18:00:00,2022-06-12T00:00:00,acoustic_and_visual,26.4,9,13,6,8.7,10,TEAM-12-5,acceptable,29.7
BAT-0002461,AVL-DER,2022-07-05T18:00:00,2022-07-12T00:00:00,fixed_acoustic_station,25.7,9,35,10,11.5,9,TEAM-12-5,high,41.7
BAT-0002462,AVL-DER,2022-08-05T18:00:00,2022-08-12T00:00:00,acoustic_and_visual,27.7,11,24,12,11.9,14,TEAM-12-5,acceptable,55.8
BAT-0002463,AVL-DER,2022-09-05T18:00:00,2022-09-12T00:00:00,acoustic_transect,29.5,6,13,14,7.0,21,TEAM-12-5,acceptable,44.1
BAT-0002464,AVL-DER,2022-10-05T18:00:00,2022-10-12T00:00:00,fixed_acoustic_station,40.6,23,13,15,26.9,13,TEAM-12-5,high,33.3
BAT-0002465,AVL-DER,2022-11-05T18:00:00,2022-11-12T00:00:00,acoustic_and_visual,23.3,7,24,8,5.1,7,TEAM-12-5,acceptable,44.7
BAT-0002466,AVL-DER,2022-12-05T18:00:00,2022-12-12T00:00:00,fixed_acoustic_station,33.6,23,24,12,24.4,4,TEAM-12-5,high,27.9
BAT-0002467,AVL-DER,2023-01-05T18:00:00,2023-01-12T00:00:00,fixed_acoustic_station,28.1,10,19,13,11.3,12,TEAM-12-5,acceptable,38.8
BAT-0002468,AVL-DER,2023-02-05T18:00:00,2023-02-12T00:00:00,acoustic_and_visual,31.3,23,26,13,28.1,14,TEAM-12-5,high,8.7
BAT-0002469,AVL-DER,2023-03-05T18:00:00,2023-03-12T00:00:00,fixed_acoustic_station,32.3,13,28,7,16.9,14,TEAM-12-5,high,20.9
BAT-0002470,AVL-DER,2023-04-05T18:00:00,2023-04-12T00:00:00,fixed_acoustic_station,34.9,12,17,10,16.4,11,TEAM-12-5,high,19.9
BAT-0002471,AVL-DER,2023-05-05T18:00:00,2023-05-12T00:00:00,acoustic_and_visual,35.4,14,30,7,14.5,7,TEAM-12-5,high,11.9
BAT-0002472,AVL-DER,2023-06-05T18:00:00,2023-06-12T00:00:00,fixed_acoustic_station,33.8,16,31,15,21.2,10,TEAM-12-5,high,37.5
BAT-0002473,AVL-DER,2023-07-05T18:00:00,2023-07-12T00:00:00,fixed_acoustic_station,30.3,15,13,8,19.7,12,TEAM-12-5,acceptable,29.5
BAT-0002474,AVL-DER,2023-08-05T18:00:00,2023-08-12T00:00:00,acoustic_and_visual,27.3,18,16,9,20.0,12,TEAM-12-5,acceptable,57.8
BAT-0002475,AVL-DER,2023-09-05T18:00:00,2023-09-12T00:00:00,acoustic_and_visual,26.6,9,12,15,11.4,12,TEAM-12-5,acceptable,54.3
BAT-0002476,AVL-DER,2023-10-05T18:00:00,2023-10-12T00:00:00,acoustic_transect,32.0,16,17,11,18.6,12,TEAM-12-5,high,55.2
BAT-0002477,AVL-DER,2023-11-05T18:00:00,2023-11-12T00:00:00,acoustic_transect,36.3,18,24,14,23.7,10,TEAM-12-5,high,21.3
BAT-0002478,AVL-DER,2023-12-05T18:00:00,2023-12-12T00:00:00,fixed_acoustic_station,33.7,19,20,13,23.3,17,TEAM-12-5,high,35.0
BAT-0002479,AVL-DER,2024-01-05T18:00:00,2024-01-12T00:00:00,acoustic_and_visual,40.5,20,40,22,25.2,15,TEAM-12-5,high,26.9
BAT-0002480,AVL-DER,2024-02-05T18:00:00,2024-02-12T00:00:00,fixed_acoustic_station,27.0,13,24,7,11.0,13,TEAM-12-5,high,12.9
BAT-0002481,AVL-DER,2024-03-05T18:00:00,2024-03-12T00:00:00,acoustic_transect,39.3,13,25,9,16.2,12,TEAM-12-5,high,13.6
BAT-0002482,AVL-DER,2024-04-05T18:00:00,2024-04-12T00:00:00,acoustic_and_visual,34.4,12,19,10,13.9,6,TEAM-12-5,high,34.7
BAT-0002483,AVL-DER,2024-05-05T18:00:00,2024-05-12T00:00:00,acoustic_and_visual,38.8,12,8,9,10.6,11,TEAM-12-5,high,41.6
BAT-0002484,AVL-DER,2024-06-05T18:00:00,2024-06-12T00:00:00,fixed_acoustic_station,28.9,10,16,12,8.3,12,TEAM-12-5,acceptable,46.2
BAT-0002485,AVL-DER,2024-07-05T18:00:00,2024-07-12T00:00:00,acoustic_and_visual,28.4,14,13,5,15.1,19,TEAM-12-5,high,46.8
BAT-0002486,AVL-DER,2024-08-05T18:00:00,2024-08-12T00:00:00,acoustic_transect,27.8,18,13,6,21.6,16,TEAM-12-5,high,46.1
BAT-0002487,AVL-DER,2024-09-05T18:00:00,2024-09-12T00:00:00,acoustic_and_visual,28.4,10,13,11,8.7,11,TEAM-12-5,high,41.9
BAT-0002488,AVL-DER,2024-10-05T18:00:00,2024-10-12T00:00:00,fixed_acoustic_station,28.3,17,16,12,19.6,9,TEAM-12-5,high,51.6
BAT-0002489,AVL-DER,2024-11-05T18:00:00,2024-11-12T00:00:00,fixed_acoustic_station,32.2,19,15,10,20.0,11,TEAM-12-5,acceptable,35.0
BAT-0002490,AVL-DER,2024-12-05T18:00:00,2024-12-12T00:00:00,acoustic_and_visual,30.8,12,19,9,9.4,10,TEAM-12-5,acceptable,39.9
BAT-0002491,AVL-DER,2025-01-05T18:00:00,2025-01-12T00:00:00,fixed_acoustic_station,37.0,10,26,8,10.5,8,TEAM-12-5,acceptable,19.8
BAT-0002492,AVL-DER,2025-02-05T18:00:00,2025-02-12T00:00:00,fixed_acoustic_station,31.8,19,34,13,21.6,17,TEAM-12-5,high,30.0
BAT-0002493,AVL-DER,2025-03-05T18:00:00,2025-03-12T00:00:00,acoustic_transect,31.7,11,31,15,15.6,22,TEAM-12-5,high,30.4
BAT-0002494,AVL-DER,2025-04-05T18:00:00,2025-04-12T00:00:00,acoustic_and_visual,39.1,9,28,11,9.5,15,TEAM-12-5,high,17.3
BAT-0002495,AVL-DER,2025-05-05T18:00:00,2025-05-12T00:00:00,acoustic_and_visual,41.3,20,33,24,18.4,9,TEAM-12-5,high,13.4
BAT-0002496,AVL-DER,2025-06-05T18:00:00,2025-06-12T00:00:00,fixed_acoustic_station,29.8,17,30,10,14.8,11,TEAM-12-5,high,34.0
BAT-0002497,AVL-HTY,2019-01-05T18:00:00,2019-01-12T00:00:00,acoustic_transect,35.7,9,23,11,7.8,7,TEAM-12-1,high,25.6
BAT-0002498,AVL-HTY,2019-02-05T18:00:00,2019-02-12T00:00:00,acoustic_transect,36.1,13,22,19,16.1,16,TEAM-12-1,high,26.4
BAT-0002499,AVL-HTY,2019-03-05T18:00:00,2019-03-12T00:00:00,acoustic_and_visual,34.0,7,20,13,7.8,13,TEAM-12-1,acceptable,21.2
BAT-0002500,AVL-HTY,2019-04-05T18:00:00,2019-04-12T00:00:00,acoustic_and_visual,31.0,11,22,12,10.0,7,TEAM-12-1,high,33.1
BAT-0002501,AVL-HTY,2019-05-05T18:00:00,2019-05-12T00:00:00,fixed_acoustic_station,28.4,14,14,8,16.0,11,TEAM-12-1,acceptable,23.5
BAT-0002502,AVL-HTY,2019-06-05T18:00:00,2019-06-12T00:00:00,fixed_acoustic_station,38.5,18,29,16,22.6,10,TEAM-12-1,high,24.2
BAT-0002503,AVL-HTY,2019-07-05T18:00:00,2019-07-12T00:00:00,acoustic_and_visual,31.0,13,15,6,14.6,11,TEAM-12-1,high,34.9
BAT-0002504,AVL-HTY,2019-08-05T18:00:00,2019-08-12T00:00:00,fixed_acoustic_station,34.6,9,9,9,9.2,11,TEAM-12-1,high,45.1
BAT-0002505,AVL-HTY,2019-09-05T18:00:00,2019-09-12T00:00:00,acoustic_transect,36.5,16,27,21,18.6,12,TEAM-12-1,high,25.6
BAT-0002506,AVL-HTY,2019-10-05T18:00:00,2019-10-12T00:00:00,acoustic_transect,32.9,9,8,11,10.7,10,TEAM-12-1,acceptable,52.2
BAT-0002507,AVL-HTY,2019-11-05T18:00:00,2019-11-12T00:00:00,acoustic_and_visual,33.7,17,16,9,15.7,8,TEAM-12-1,acceptable,34.5
BAT-0002508,AVL-HTY,2019-12-05T18:00:00,2019-12-12T00:00:00,fixed_acoustic_station,31.4,16,16,6,20.7,13,TEAM-12-1,acceptable,54.1
BAT-0002509,AVL-HTY,2020-01-05T18:00:00,2020-01-12T00:00:00,acoustic_transect,32.9,20,33,17,20.9,12,TEAM-12-1,high,29.4
BAT-0002510,AVL-HTY,2020-02-05T18:00:00,2020-02-12T00:00:00,acoustic_and_visual,37.3,5,20,9,6.7,11,TEAM-12-1,acceptable,12.3
BAT-0002511,AVL-HTY,2020-03-05T18:00:00,2020-03-12T00:00:00,acoustic_and_visual,45.3,23,35,18,22.1,8,TEAM-12-1,high,19.9
BAT-0002512,AVL-HTY,2020-04-05T18:00:00,2020-04-12T00:00:00,acoustic_transect,34.7,13,32,12,13.7,14,TEAM-12-1,high,10.7
BAT-0002513,AVL-HTY,2020-05-05T18:00:00,2020-05-12T00:00:00,fixed_acoustic_station,27.7,19,17,8,17.0,13,TEAM-12-1,acceptable,54.0
BAT-0002514,AVL-HTY,2020-06-05T18:00:00,2020-06-12T00:00:00,fixed_acoustic_station,33.9,17,22,14,20.7,10,TEAM-12-1,high,24.8
BAT-0002515,AVL-HTY,2020-07-05T18:00:00,2020-07-12T00:00:00,acoustic_transect,34.5,25,19,11,31.9,10,TEAM-12-1,acceptable,35.1
BAT-0002516,AVL-HTY,2020-08-05T18:00:00,2020-08-12T00:00:00,fixed_acoustic_station,31.4,8,23,6,7.2,12,TEAM-12-1,high,54.9
BAT-0002517,AVL-HTY,2020-09-05T18:00:00,2020-09-12T00:00:00,acoustic_and_visual,26.8,12,22,6,11.8,9,TEAM-12-1,acceptable,52.1
BAT-0002518,AVL-HTY,2020-10-05T18:00:00,2020-10-12T00:00:00,acoustic_and_visual,27.5,11,9,8,13.5,10,TEAM-12-1,acceptable,44.5
BAT-0002519,AVL-HTY,2020-11-05T18:00:00,2020-11-12T00:00:00,acoustic_and_visual,34.5,13,19,21,14.5,18,TEAM-12-1,acceptable,48.3
BAT-0002520,AVL-HTY,2020-12-05T18:00:00,2020-12-12T00:00:00,acoustic_transect,30.4,14,16,10,16.2,3,TEAM-12-1,acceptable,42.1
BAT-0002521,AVL-HTY,2021-01-05T18:00:00,2021-01-12T00:00:00,fixed_acoustic_station,32.7,16,28,13,22.2,10,TEAM-12-1,high,19.8
BAT-0002522,AVL-HTY,2021-02-05T18:00:00,2021-02-12T00:00:00,fixed_acoustic_station,36.2,12,20,16,9.9,8,TEAM-12-1,high,26.4
BAT-0002523,AVL-HTY,2021-03-05T18:00:00,2021-03-12T00:00:00,acoustic_and_visual,38.0,18,31,10,18.7,8,TEAM-12-1,high,4.5
BAT-0002524,AVL-HTY,2021-04-05T18:00:00,2021-04-12T00:00:00,acoustic_and_visual,35.1,21,30,13,23.8,15,TEAM-12-1,high,29.2
BAT-0002525,AVL-HTY,2021-05-05T18:00:00,2021-05-12T00:00:00,acoustic_transect,32.5,21,27,18,23.6,10,TEAM-12-1,acceptable,39.2
BAT-0002526,AVL-HTY,2021-06-05T18:00:00,2021-06-12T00:00:00,acoustic_transect,32.1,18,22,12,25.3,11,TEAM-12-1,high,34.1
BAT-0002527,AVL-HTY,2021-07-05T18:00:00,2021-07-12T00:00:00,fixed_acoustic_station,28.1,12,18,5,13.4,14,TEAM-12-1,acceptable,37.4
BAT-0002528,AVL-HTY,2021-08-05T18:00:00,2021-08-12T00:00:00,acoustic_transect,25.6,10,21,11,11.5,19,TEAM-12-1,high,33.9
BAT-0002529,AVL-HTY,2021-09-05T18:00:00,2021-09-12T00:00:00,acoustic_and_visual,25.6,9,5,6,9.2,10,TEAM-12-1,acceptable,52.6
BAT-0002530,AVL-HTY,2021-10-05T18:00:00,2021-10-12T00:00:00,acoustic_transect,22.9,7,10,12,8.8,7,TEAM-12-1,high,63.4
BAT-0002531,AVL-HTY,2021-11-05T18:00:00,2021-11-12T00:00:00,acoustic_and_visual,33.4,15,20,8,19.4,18,TEAM-12-1,high,41.7
BAT-0002532,AVL-HTY,2021-12-05T18:00:00,2021-12-12T00:00:00,acoustic_and_visual,28.9,23,11,4,27.5,11,TEAM-12-1,acceptable,54.4
BAT-0002533,AVL-HTY,2022-01-05T18:00:00,2022-01-12T00:00:00,acoustic_and_visual,34.1,13,14,14,14.0,10,TEAM-12-1,high,32.7
BAT-0002534,AVL-HTY,2022-02-05T18:00:00,2022-02-12T00:00:00,acoustic_and_visual,28.4,10,30,11,12.6,9,TEAM-12-1,high,9.7
BAT-0002535,AVL-HTY,2022-03-05T18:00:00,2022-03-12T00:00:00,acoustic_and_visual,31.9,10,15,9,10.1,7,TEAM-12-1,acceptable,31.3
BAT-0002536,AVL-HTY,2022-04-05T18:00:00,2022-04-12T00:00:00,fixed_acoustic_station,41.9,17,20,14,16.2,12,TEAM-12-1,high,0.0
BAT-0002537,AVL-HTY,2022-05-05T18:00:00,2022-05-12T00:00:00,acoustic_transect,36.6,16,27,17,20.0,15,TEAM-12-1,high,11.6
BAT-0002538,AVL-HTY,2022-06-05T18:00:00,2022-06-12T00:00:00,acoustic_transect,24.6,12,19,6,11.8,13,TEAM-12-1,high,42.7
BAT-0002539,AVL-HTY,2022-07-05T18:00:00,2022-07-12T00:00:00,acoustic_transect,32.6,12,13,17,12.3,11,TEAM-12-1,high,41.0
BAT-0002540,AVL-HTY,2022-08-05T18:00:00,2022-08-12T00:00:00,acoustic_transect,24.2,12,14,6,12.2,8,TEAM-12-1,high,60.3
BAT-0002541,AVL-HTY,2022-09-05T18:00:00,2022-09-12T00:00:00,fixed_acoustic_station,27.5,18,12,10,19.1,14,TEAM-12-1,acceptable,57.9
BAT-0002542,AVL-HTY,2022-10-05T18:00:00,2022-10-12T00:00:00,acoustic_transect,34.6,24,20,13,27.0,15,TEAM-12-1,high,28.0
BAT-0002543,AVL-HTY,2022-11-05T18:00:00,2022-11-12T00:00:00,acoustic_transect,33.2,10,15,6,12.1,11,TEAM-12-1,acceptable,45.9
BAT-0002544,AVL-HTY,2022-12-05T18:00:00,2022-12-12T00:00:00,fixed_acoustic_station,28.2,10,20,9,10.9,17,TEAM-12-1,high,42.4
BAT-0002545,AVL-HTY,2023-01-05T18:00:00,2023-01-12T00:00:00,acoustic_and_visual,40.6,17,15,7,21.5,9,TEAM-12-1,acceptable,8.9
BAT-0002546,AVL-HTY,2023-02-05T18:00:00,2023-02-12T00:00:00,acoustic_and_visual,35.6,16,22,20,15.2,8,TEAM-12-1,high,22.4
BAT-0002547,AVL-HTY,2023-03-05T18:00:00,2023-03-12T00:00:00,acoustic_transect,32.2,16,22,12,15.8,14,TEAM-12-1,high,20.1
BAT-0002548,AVL-HTY,2023-04-05T18:00:00,2023-04-12T00:00:00,acoustic_transect,27.3,14,16,16,15.9,17,TEAM-12-1,acceptable,26.0
BAT-0002549,AVL-HTY,2023-05-05T18:00:00,2023-05-12T00:00:00,acoustic_transect,30.5,10,16,4,11.4,15,TEAM-12-1,high,24.1
BAT-0002550,AVL-HTY,2023-06-05T18:00:00,2023-06-12T00:00:00,acoustic_and_visual,27.0,14,15,12,15.2,11,TEAM-12-1,acceptable,56.1
BAT-0002551,AVL-HTY,2023-07-05T18:00:00,2023-07-12T00:00:00,fixed_acoustic_station,24.2,5,18,9,4.7,4,TEAM-12-1,acceptable,36.0
BAT-0002552,AVL-HTY,2023-08-05T18:00:00,2023-08-12T00:00:00,acoustic_and_visual,27.4,11,12,5,11.2,15,TEAM-12-1,acceptable,45.5
BAT-0002553,AVL-HTY,2023-09-05T18:00:00,2023-09-12T00:00:00,acoustic_and_visual,28.8,12,16,8,16.6,11,TEAM-12-1,high,57.9
BAT-0002554,AVL-HTY,2023-10-05T18:00:00,2023-10-12T00:00:00,acoustic_and_visual,28.7,12,27,12,12.3,9,TEAM-12-1,high,43.7
BAT-0002555,AVL-HTY,2023-11-05T18:00:00,2023-11-12T00:00:00,acoustic_and_visual,33.6,23,17,15,28.4,14,TEAM-12-1,high,34.7
BAT-0002556,AVL-HTY,2023-12-05T18:00:00,2023-12-12T00:00:00,acoustic_transect,21.8,8,20,10,9.2,11,TEAM-12-1,acceptable,34.3
BAT-0002557,AVL-HTY,2024-01-05T18:00:00,2024-01-12T00:00:00,fixed_acoustic_station,32.4,16,27,8,15.9,11,TEAM-12-1,high,26.0
BAT-0002558,AVL-HTY,2024-02-05T18:00:00,2024-02-12T00:00:00,acoustic_and_visual,31.6,15,17,6,18.8,8,TEAM-12-1,high,18.4
BAT-0002559,AVL-HTY,2024-03-05T18:00:00,2024-03-12T00:00:00,acoustic_and_visual,33.2,12,18,3,15.1,15,TEAM-12-1,high,35.2
BAT-0002560,AVL-HTY,2024-04-05T18:00:00,2024-04-12T00:00:00,acoustic_and_visual,31.9,17,14,11,15.3,17,TEAM-12-1,high,31.3
BAT-0002561,AVL-HTY,2024-05-05T18:00:00,2024-05-12T00:00:00,fixed_acoustic_station,38.1,12,23,10,13.8,8,TEAM-12-1,high,16.9
BAT-0002562,AVL-HTY,2024-06-05T18:00:00,2024-06-12T00:00:00,fixed_acoustic_station,29.5,13,19,19,14.3,11,TEAM-12-1,high,35.6
BAT-0002563,AVL-HTY,2024-07-05T18:00:00,2024-07-12T00:00:00,fixed_acoustic_station,33.0,21,21,6,22.3,12,TEAM-12-1,acceptable,45.0
BAT-0002564,AVL-HTY,2024-08-05T18:00:00,2024-08-12T00:00:00,acoustic_transect,30.3,12,17,5,12.3,14,TEAM-12-1,acceptable,36.3
BAT-0002565,AVL-HTY,2024-09-05T18:00:00,2024-09-12T00:00:00,acoustic_and_visual,26.2,10,18,9,13.6,14,TEAM-12-1,acceptable,47.0
BAT-0002566,AVL-HTY,2024-10-05T18:00:00,2024-10-12T00:00:00,acoustic_and_visual,27.2,14,16,9,16.2,13,TEAM-12-1,acceptable,56.2
BAT-0002567,AVL-HTY,2024-11-05T18:00:00,2024-11-12T00:00:00,acoustic_transect,31.7,12,21,11,17.2,10,TEAM-12-1,high,42.3
BAT-0002568,AVL-HTY,2024-12-05T18:00:00,2024-12-12T00:00:00,fixed_acoustic_station,28.6,13,11,7,15.6,12,TEAM-12-1,acceptable,58.1
BAT-0002569,AVL-HTY,2025-01-05T18:00:00,2025-01-12T00:00:00,acoustic_and_visual,27.9,9,18,6,9.2,4,TEAM-12-1,high,38.4
BAT-0002570,AVL-HTY,2025-02-05T18:00:00,2025-02-12T00:00:00,acoustic_and_visual,34.6,14,28,12,17.8,16,TEAM-12-1,acceptable,26.7
BAT-0002571,AVL-HTY,2025-03-05T18:00:00,2025-03-12T00:00:00,fixed_acoustic_station,31.4,9,19,7,9.4,8,TEAM-12-1,high,25.0
BAT-0002572,AVL-HTY,2025-04-05T18:00:00,2025-04-12T00:00:00,fixed_acoustic_station,27.9,5,18,12,6.9,12,TEAM-12-1,acceptable,26.5
BAT-0002573,AVL-HTY,2025-05-05T18:00:00,2025-05-12T00:00:00,fixed_acoustic_station,35.0,7,13,6,6.5,18,TEAM-12-1,acceptable,36.0
BAT-0002574,AVL-HTY,2025-06-05T18:00:00,2025-06-12T00:00:00,acoustic_transect,34.9,14,29,7,18.6,11,TEAM-12-1,high,36.9
BAT-0002575,AVL-RNY,2019-01-05T18:00:00,2019-01-12T00:00:00,acoustic_transect,37.9,24,39,13,25.6,15,TEAM-12-2,high,5.4
BAT-0002576,AVL-RNY,2019-02-05T18:00:00,2019-02-12T00:00:00,acoustic_and_visual,27.5,19,32,7,14.4,21,TEAM-12-2,high,29.3
BAT-0002577,AVL-RNY,2019-03-05T18:00:00,2019-03-12T00:00:00,acoustic_transect,32.0,16,28,16,15.8,10,TEAM-12-2,acceptable,31.5
BAT-0002578,AVL-RNY,2019-04-05T18:00:00,2019-04-12T00:00:00,acoustic_transect,33.6,18,37,17,19.9,13,TEAM-12-2,high,13.2
BAT-0002579,AVL-RNY,2019-05-05T18:00:00,2019-05-12T00:00:00,acoustic_transect,43.5,32,50,21,41.6,9,TEAM-12-2,high,8.9
BAT-0002580,AVL-RNY,2019-06-05T18:00:00,2019-06-12T00:00:00,fixed_acoustic_station,26.3,19,30,13,23.6,19,TEAM-12-2,high,39.0
BAT-0002581,AVL-RNY,2019-07-05T18:00:00,2019-07-12T00:00:00,acoustic_and_visual,33.1,22,30,19,24.8,14,TEAM-12-2,acceptable,37.0
BAT-0002582,AVL-RNY,2019-08-05T18:00:00,2019-08-12T00:00:00,fixed_acoustic_station,26.8,13,17,3,14.0,9,TEAM-12-2,high,42.6
BAT-0002583,AVL-RNY,2019-09-05T18:00:00,2019-09-12T00:00:00,acoustic_and_visual,21.6,7,11,2,6.5,9,TEAM-12-2,acceptable,61.1
BAT-0002584,AVL-RNY,2019-10-05T18:00:00,2019-10-12T00:00:00,fixed_acoustic_station,28.1,21,23,12,20.4,9,TEAM-12-2,high,37.3
BAT-0002585,AVL-RNY,2019-11-05T18:00:00,2019-11-12T00:00:00,acoustic_and_visual,32.4,18,21,6,20.4,13,TEAM-12-2,high,20.6
BAT-0002586,AVL-RNY,2019-12-05T18:00:00,2019-12-12T00:00:00,fixed_acoustic_station,30.8,9,17,12,10.2,11,TEAM-12-2,acceptable,33.5
BAT-0002587,AVL-RNY,2020-01-05T18:00:00,2020-01-12T00:00:00,acoustic_transect,33.8,15,35,23,15.7,14,TEAM-12-2,high,31.6
BAT-0002588,AVL-RNY,2020-02-05T18:00:00,2020-02-12T00:00:00,acoustic_and_visual,33.0,26,26,12,31.4,10,TEAM-12-2,acceptable,17.6
BAT-0002589,AVL-RNY,2020-03-05T18:00:00,2020-03-12T00:00:00,fixed_acoustic_station,36.1,31,42,23,33.7,9,TEAM-12-2,high,19.5
BAT-0002590,AVL-RNY,2020-04-05T18:00:00,2020-04-12T00:00:00,fixed_acoustic_station,42.1,31,41,15,33.3,10,TEAM-12-2,high,16.7
BAT-0002591,AVL-RNY,2020-05-05T18:00:00,2020-05-12T00:00:00,fixed_acoustic_station,38.2,31,50,27,32.3,10,TEAM-12-2,high,9.3
BAT-0002592,AVL-RNY,2020-06-05T18:00:00,2020-06-12T00:00:00,fixed_acoustic_station,36.8,17,42,12,19.2,13,TEAM-12-2,high,19.3
BAT-0002593,AVL-RNY,2020-07-05T18:00:00,2020-07-12T00:00:00,acoustic_and_visual,29.4,15,27,19,17.6,11,TEAM-12-2,acceptable,41.3
BAT-0002594,AVL-RNY,2020-08-05T18:00:00,2020-08-12T00:00:00,acoustic_transect,34.0,22,24,11,27.8,8,TEAM-12-2,acceptable,36.9
BAT-0002595,AVL-RNY,2020-09-05T18:00:00,2020-09-12T00:00:00,acoustic_transect,25.5,16,18,9,17.4,16,TEAM-12-2,high,34.8
BAT-0002596,AVL-RNY,2020-10-05T18:00:00,2020-10-12T00:00:00,fixed_acoustic_station,26.8,13,16,8,11.8,11,TEAM-12-2,acceptable,50.8
BAT-0002597,AVL-RNY,2020-11-05T18:00:00,2020-11-12T00:00:00,fixed_acoustic_station,29.8,18,22,9,19.8,7,TEAM-12-2,acceptable,47.2
BAT-0002598,AVL-RNY,2020-12-05T18:00:00,2020-12-12T00:00:00,acoustic_and_visual,30.9,19,37,11,20.2,12,TEAM-12-2,acceptable,45.3
BAT-0002599,AVL-RNY,2021-01-05T18:00:00,2021-01-12T00:00:00,fixed_acoustic_station,31.9,14,18,7,16.4,9,TEAM-12-2,acceptable,20.2
BAT-0002600,AVL-RNY,2021-02-05T18:00:00,2021-02-12T00:00:00,fixed_acoustic_station,27.1,18,21,11,17.6,7,TEAM-12-2,acceptable,38.6
BAT-0002601,AVL-RNY,2021-03-05T18:00:00,2021-03-12T00:00:00,acoustic_and_visual,39.9,39,38,22,49.9,7,TEAM-12-2,acceptable,0.0
BAT-0002602,AVL-RNY,2021-04-05T18:00:00,2021-04-12T00:00:00,acoustic_transect,41.0,33,75,20,31.3,12,TEAM-12-2,high,4.4
BAT-0002603,AVL-RNY,2021-05-05T18:00:00,2021-05-12T00:00:00,acoustic_transect,35.7,33,59,29,33.0,10,TEAM-12-2,high,17.5
BAT-0002604,AVL-RNY,2021-06-05T18:00:00,2021-06-12T00:00:00,fixed_acoustic_station,32.5,32,34,17,36.6,20,TEAM-12-2,high,32.9
BAT-0002605,AVL-RNY,2021-07-05T18:00:00,2021-07-12T00:00:00,acoustic_transect,24.5,11,18,9,10.4,17,TEAM-12-2,acceptable,44.6
BAT-0002606,AVL-RNY,2021-08-05T18:00:00,2021-08-12T00:00:00,fixed_acoustic_station,37.5,20,31,17,25.8,11,TEAM-12-2,high,42.8
BAT-0002607,AVL-RNY,2021-09-05T18:00:00,2021-09-12T00:00:00,acoustic_transect,31.1,17,15,12,17.8,10,TEAM-12-2,high,49.9
BAT-0002608,AVL-RNY,2021-10-05T18:00:00,2021-10-12T00:00:00,acoustic_transect,24.7,8,8,12,10.2,16,TEAM-12-2,acceptable,60.0
BAT-0002609,AVL-RNY,2021-11-05T18:00:00,2021-11-12T00:00:00,acoustic_and_visual,29.5,17,28,16,18.0,16,TEAM-12-2,high,34.1
BAT-0002610,AVL-RNY,2021-12-05T18:00:00,2021-12-12T00:00:00,fixed_acoustic_station,36.5,12,31,12,14.4,7,TEAM-12-2,high,30.2
BAT-0002611,AVL-RNY,2022-01-05T18:00:00,2022-01-12T00:00:00,acoustic_transect,36.0,17,26,13,18.9,12,TEAM-12-2,high,24.0
BAT-0002612,AVL-RNY,2022-02-05T18:00:00,2022-02-12T00:00:00,acoustic_transect,41.0,28,35,22,38.2,5,TEAM-12-2,high,14.0
BAT-0002613,AVL-RNY,2022-03-05T18:00:00,2022-03-12T00:00:00,fixed_acoustic_station,34.8,14,43,13,16.0,8,TEAM-12-2,high,17.6
BAT-0002614,AVL-RNY,2022-04-05T18:00:00,2022-04-12T00:00:00,fixed_acoustic_station,28.7,27,45,19,31.7,11,TEAM-12-2,high,18.4
BAT-0002615,AVL-RNY,2022-05-05T18:00:00,2022-05-12T00:00:00,fixed_acoustic_station,38.4,39,37,12,50.8,11,TEAM-12-2,high,14.1
BAT-0002616,AVL-RNY,2022-06-05T18:00:00,2022-06-12T00:00:00,acoustic_and_visual,38.1,26,60,15,30.1,11,TEAM-12-2,high,18.3
BAT-0002617,AVL-RNY,2022-07-05T18:00:00,2022-07-12T00:00:00,acoustic_transect,26.3,12,25,12,13.5,7,TEAM-12-2,high,40.3
BAT-0002618,AVL-RNY,2022-08-05T18:00:00,2022-08-12T00:00:00,acoustic_and_visual,26.6,17,14,8,14.0,8,TEAM-12-2,acceptable,57.0
BAT-0002619,AVL-RNY,2022-09-05T18:00:00,2022-09-12T00:00:00,acoustic_transect,26.4,4,11,1,0.7,14,TEAM-12-2,acceptable,53.1
BAT-0002620,AVL-RNY,2022-10-05T18:00:00,2022-10-12T00:00:00,acoustic_transect,31.1,16,19,11,18.5,8,TEAM-12-2,acceptable,37.8
BAT-0002621,AVL-RNY,2022-11-05T18:00:00,2022-11-12T00:00:00,fixed_acoustic_station,29.6,11,15,6,12.3,10,TEAM-12-2,acceptable,51.6
BAT-0002622,AVL-RNY,2022-12-05T18:00:00,2022-12-12T00:00:00,acoustic_and_visual,29.0,24,28,17,30.4,10,TEAM-12-2,high,33.5
BAT-0002623,AVL-RNY,2023-01-05T18:00:00,2023-01-12T00:00:00,acoustic_transect,41.1,22,32,13,24.9,11,TEAM-12-2,high,2.9
BAT-0002624,AVL-RNY,2023-02-05T18:00:00,2023-02-12T00:00:00,fixed_acoustic_station,36.0,24,40,15,25.8,12,TEAM-12-2,high,22.0
BAT-0002625,AVL-RNY,2023-03-05T18:00:00,2023-03-12T00:00:00,acoustic_and_visual,40.2,23,29,11,21.3,4,TEAM-12-2,high,17.5
BAT-0002626,AVL-RNY,2023-04-05T18:00:00,2023-04-12T00:00:00,acoustic_transect,39.0,19,54,17,21.5,12,TEAM-12-2,high,7.2
BAT-0002627,AVL-RNY,2023-05-05T18:00:00,2023-05-12T00:00:00,acoustic_and_visual,34.8,29,29,21,29.6,9,TEAM-12-2,acceptable,21.0
BAT-0002628,AVL-RNY,2023-06-05T18:00:00,2023-06-12T00:00:00,acoustic_and_visual,33.4,28,36,11,29.9,21,TEAM-12-2,high,31.3
BAT-0002629,AVL-RNY,2023-07-05T18:00:00,2023-07-12T00:00:00,fixed_acoustic_station,25.6,23,20,10,27.0,8,TEAM-12-2,acceptable,32.7
BAT-0002630,AVL-RNY,2023-08-05T18:00:00,2023-08-12T00:00:00,fixed_acoustic_station,29.1,20,33,15,23.9,15,TEAM-12-2,acceptable,43.5
BAT-0002631,AVL-RNY,2023-09-05T18:00:00,2023-09-12T00:00:00,acoustic_transect,28.2,14,14,4,18.6,10,TEAM-12-2,high,51.2
BAT-0002632,AVL-RNY,2023-10-05T18:00:00,2023-10-12T00:00:00,acoustic_and_visual,31.4,18,23,9,17.5,7,TEAM-12-2,acceptable,42.3
BAT-0002633,AVL-RNY,2023-11-05T18:00:00,2023-11-12T00:00:00,acoustic_and_visual,42.4,19,25,13,15.7,13,TEAM-12-2,high,22.3
BAT-0002634,AVL-RNY,2023-12-05T18:00:00,2023-12-12T00:00:00,fixed_acoustic_station,34.2,10,24,17,13.6,9,TEAM-12-2,high,35.8
BAT-0002635,AVL-RNY,2024-01-05T18:00:00,2024-01-12T00:00:00,acoustic_and_visual,33.5,21,35,9,23.2,13,TEAM-12-2,high,20.1
BAT-0002636,AVL-RNY,2024-02-05T18:00:00,2024-02-12T00:00:00,acoustic_and_visual,35.3,17,30,16,17.1,13,TEAM-12-2,high,24.1
BAT-0002637,AVL-RNY,2024-03-05T18:00:00,2024-03-12T00:00:00,acoustic_and_visual,40.2,41,45,24,53.6,6,TEAM-12-2,high,21.5
BAT-0002638,AVL-RNY,2024-04-05T18:00:00,2024-04-12T00:00:00,acoustic_and_visual,32.1,31,47,15,32.6,8,TEAM-12-2,high,13.2
BAT-0002639,AVL-RNY,2024-05-05T18:00:00,2024-05-12T00:00:00,acoustic_and_visual,35.1,35,37,26,42.7,5,TEAM-12-2,acceptable,21.7
BAT-0002640,AVL-RNY,2024-06-05T18:00:00,2024-06-12T00:00:00,acoustic_and_visual,29.2,22,33,17,25.9,8,TEAM-12-2,high,37.4
BAT-0002641,AVL-RNY,2024-07-05T18:00:00,2024-07-12T00:00:00,acoustic_transect,29.2,23,26,13,22.5,14,TEAM-12-2,high,43.1
BAT-0002642,AVL-RNY,2024-08-05T18:00:00,2024-08-12T00:00:00,fixed_acoustic_station,30.1,16,30,19,18.3,14,TEAM-12-2,acceptable,27.6
BAT-0002643,AVL-RNY,2024-09-05T18:00:00,2024-09-12T00:00:00,acoustic_and_visual,23.6,9,24,8,10.4,11,TEAM-12-2,acceptable,35.0
BAT-0002644,AVL-RNY,2024-10-05T18:00:00,2024-10-12T00:00:00,fixed_acoustic_station,23.5,11,9,5,12.9,16,TEAM-12-2,acceptable,55.6
BAT-0002645,AVL-RNY,2024-11-05T18:00:00,2024-11-12T00:00:00,acoustic_transect,29.0,27,18,7,35.9,6,TEAM-12-2,high,48.3
BAT-0002646,AVL-RNY,2024-12-05T18:00:00,2024-12-12T00:00:00,acoustic_transect,29.2,17,35,13,19.7,11,TEAM-12-2,high,37.4
BAT-0002647,AVL-RNY,2025-01-05T18:00:00,2025-01-12T00:00:00,fixed_acoustic_station,32.9,22,24,14,24.9,12,TEAM-12-2,high,28.2
BAT-0002648,AVL-RNY,2025-02-05T18:00:00,2025-02-12T00:00:00,acoustic_and_visual,34.3,21,19,19,29.3,9,TEAM-12-2,high,27.2
BAT-0002649,AVL-RNY,2025-03-05T18:00:00,2025-03-12T00:00:00,acoustic_and_visual,34.2,23,50,19,26.0,7,TEAM-12-2,high,22.8
BAT-0002650,AVL-RNY,2025-04-05T18:00:00,2025-04-12T00:00:00,fixed_acoustic_station,23.3,25,35,14,28.3,9,TEAM-12-2,high,30.8
BAT-0002651,AVL-RNY,2025-05-05T18:00:00,2025-05-12T00:00:00,fixed_acoustic_station,23.4,21,19,6,30.2,11,TEAM-12-2,acceptable,39.1
BAT-0002652,AVL-RNY,2025-06-05T18:00:00,2025-06-12T00:00:00,fixed_acoustic_station,26.5,14,32,17,15.5,9,TEAM-12-2,high,38.4
BAT-0002653,AVL-ECJ,2019-01-05T18:00:00,2019-01-12T00:00:00,acoustic_and_visual,30.3,12,15,5,13.3,12,TEAM-12-3,acceptable,25.4
BAT-0002654,AVL-ECJ,2019-02-05T18:00:00,2019-02-12T00:00:00,fixed_acoustic_station,35.5,21,26,11,27.4,14,TEAM-12-3,high,12.6
BAT-0002655,AVL-ECJ,2019-03-05T18:00:00,2019-03-12T00:00:00,acoustic_transect,36.5,28,35,12,27.4,15,TEAM-12-3,acceptable,31.2
BAT-0002656,AVL-ECJ,2019-04-05T18:00:00,2019-04-12T00:00:00,acoustic_and_visual,40.4,16,60,15,13.9,11,TEAM-12-3,high,11.2
BAT-0002657,AVL-ECJ,2019-05-05T18:00:00,2019-05-12T00:00:00,acoustic_and_visual,32.9,15,36,11,20.1,8,TEAM-12-3,high,21.6
BAT-0002658,AVL-ECJ,2019-06-05T18:00:00,2019-06-12T00:00:00,acoustic_transect,31.5,23,25,19,25.8,6,TEAM-12-3,acceptable,43.8
BAT-0002659,AVL-ECJ,2019-07-05T18:00:00,2019-07-12T00:00:00,fixed_acoustic_station,27.2,11,16,9,13.5,10,TEAM-12-3,limited,51.6
BAT-0002660,AVL-ECJ,2019-08-05T18:00:00,2019-08-12T00:00:00,acoustic_transect,25.8,16,25,9,21.4,8,TEAM-12-3,high,41.5
BAT-0002661,AVL-ECJ,2019-09-05T18:00:00,2019-09-12T00:00:00,acoustic_transect,36.7,27,22,15,25.2,8,TEAM-12-3,high,47.3
BAT-0002662,AVL-ECJ,2019-10-05T18:00:00,2019-10-12T00:00:00,acoustic_and_visual,23.9,13,9,4,13.3,8,TEAM-12-3,high,50.9
BAT-0002663,AVL-ECJ,2019-11-05T18:00:00,2019-11-12T00:00:00,acoustic_and_visual,33.8,17,17,10,22.7,7,TEAM-12-3,high,45.4
BAT-0002664,AVL-ECJ,2019-12-05T18:00:00,2019-12-12T00:00:00,acoustic_and_visual,27.8,13,7,12,13.0,9,TEAM-12-3,acceptable,33.3
BAT-0002665,AVL-ECJ,2020-01-05T18:00:00,2020-01-12T00:00:00,acoustic_transect,26.3,12,24,6,14.4,8,TEAM-12-3,acceptable,27.3
BAT-0002666,AVL-ECJ,2020-02-05T18:00:00,2020-02-12T00:00:00,fixed_acoustic_station,39.7,21,30,8,29.5,14,TEAM-12-3,acceptable,19.3
BAT-0002667,AVL-ECJ,2020-03-05T18:00:00,2020-03-12T00:00:00,fixed_acoustic_station,31.1,30,40,13,32.7,12,TEAM-12-3,acceptable,20.5
BAT-0002668,AVL-ECJ,2020-04-05T18:00:00,2020-04-12T00:00:00,acoustic_transect,32.6,20,23,5,18.5,10,TEAM-12-3,high,28.3
BAT-0002669,AVL-ECJ,2020-05-05T18:00:00,2020-05-12T00:00:00,acoustic_transect,30.7,15,32,15,20.0,12,TEAM-12-3,high,17.2
BAT-0002670,AVL-ECJ,2020-06-05T18:00:00,2020-06-12T00:00:00,fixed_acoustic_station,24.7,19,41,18,21.1,15,TEAM-12-3,high,35.5
BAT-0002671,AVL-ECJ,2020-07-05T18:00:00,2020-07-12T00:00:00,acoustic_and_visual,24.0,14,25,14,13.2,9,TEAM-12-3,acceptable,53.9
BAT-0002672,AVL-ECJ,2020-08-05T18:00:00,2020-08-12T00:00:00,acoustic_transect,30.1,12,17,8,11.7,15,TEAM-12-3,high,44.6
BAT-0002673,AVL-ECJ,2020-09-05T18:00:00,2020-09-12T00:00:00,fixed_acoustic_station,27.1,11,24,9,15.0,13,TEAM-12-3,high,67.7
BAT-0002674,AVL-ECJ,2020-10-05T18:00:00,2020-10-12T00:00:00,acoustic_transect,29.5,13,13,10,14.7,11,TEAM-12-3,acceptable,51.7
BAT-0002675,AVL-ECJ,2020-11-05T18:00:00,2020-11-12T00:00:00,acoustic_transect,37.4,19,27,18,23.6,6,TEAM-12-3,high,35.8
BAT-0002676,AVL-ECJ,2020-12-05T18:00:00,2020-12-12T00:00:00,acoustic_and_visual,24.6,10,21,7,12.7,5,TEAM-12-3,high,48.3
BAT-0002677,AVL-ECJ,2021-01-05T18:00:00,2021-01-12T00:00:00,acoustic_transect,31.9,12,16,5,12.7,12,TEAM-12-3,high,24.5
BAT-0002678,AVL-ECJ,2021-02-05T18:00:00,2021-02-12T00:00:00,fixed_acoustic_station,28.4,16,19,4,14.0,6,TEAM-12-3,high,32.7
BAT-0002679,AVL-ECJ,2021-03-05T18:00:00,2021-03-12T00:00:00,fixed_acoustic_station,26.9,13,23,6,16.6,5,TEAM-12-3,acceptable,31.4
BAT-0002680,AVL-ECJ,2021-04-05T18:00:00,2021-04-12T00:00:00,fixed_acoustic_station,22.7,15,28,12,12.4,12,TEAM-12-3,limited,35.3
BAT-0002681,AVL-ECJ,2021-05-05T18:00:00,2021-05-12T00:00:00,acoustic_transect,31.7,17,32,13,20.5,6,TEAM-12-3,high,21.4
BAT-0002682,AVL-ECJ,2021-06-05T18:00:00,2021-06-12T00:00:00,acoustic_and_visual,34.2,23,28,19,27.8,8,TEAM-12-3,acceptable,29.2
BAT-0002683,AVL-ECJ,2021-07-05T18:00:00,2021-07-12T00:00:00,acoustic_and_visual,20.2,11,21,13,11.7,16,TEAM-12-3,high,53.2
BAT-0002684,AVL-ECJ,2021-08-05T18:00:00,2021-08-12T00:00:00,acoustic_and_visual,26.8,12,13,11,14.9,9,TEAM-12-3,acceptable,62.0
BAT-0002685,AVL-ECJ,2021-09-05T18:00:00,2021-09-12T00:00:00,acoustic_and_visual,25.5,13,15,6,12.1,7,TEAM-12-3,acceptable,53.1
BAT-0002686,AVL-ECJ,2021-10-05T18:00:00,2021-10-12T00:00:00,acoustic_transect,28.4,18,13,9,19.3,9,TEAM-12-3,acceptable,46.6
BAT-0002687,AVL-ECJ,2021-11-05T18:00:00,2021-11-12T00:00:00,fixed_acoustic_station,30.2,14,18,12,15.5,8,TEAM-12-3,high,44.4
BAT-0002688,AVL-ECJ,2021-12-05T18:00:00,2021-12-12T00:00:00,acoustic_transect,33.4,20,19,6,20.8,13,TEAM-12-3,high,34.1
BAT-0002689,AVL-ECJ,2022-01-05T18:00:00,2022-01-12T00:00:00,acoustic_transect,33.7,9,19,8,10.0,10,TEAM-12-3,acceptable,13.1
BAT-0002690,AVL-ECJ,2022-02-05T18:00:00,2022-02-12T00:00:00,acoustic_transect,36.4,8,19,10,6.5,14,TEAM-12-3,high,4.3
BAT-0002691,AVL-ECJ,2022-03-05T18:00:00,2022-03-12T00:00:00,fixed_acoustic_station,31.3,10,22,10,12.8,12,TEAM-12-3,high,18.4
BAT-0002692,AVL-ECJ,2022-04-05T18:00:00,2022-04-12T00:00:00,acoustic_transect,32.8,18,32,18,20.8,11,TEAM-12-3,high,31.9
BAT-0002693,AVL-ECJ,2022-05-05T18:00:00,2022-05-12T00:00:00,fixed_acoustic_station,40.5,24,39,19,29.5,6,TEAM-12-3,high,7.0
BAT-0002694,AVL-ECJ,2022-06-05T18:00:00,2022-06-12T00:00:00,fixed_acoustic_station,29.3,20,29,18,18.2,17,TEAM-12-3,high,49.7
BAT-0002695,AVL-ECJ,2022-07-05T18:00:00,2022-07-12T00:00:00,acoustic_transect,22.2,6,8,6,7.3,14,TEAM-12-3,high,54.5
BAT-0002696,AVL-ECJ,2022-08-05T18:00:00,2022-08-12T00:00:00,acoustic_and_visual,27.7,11,10,9,11.2,12,TEAM-12-3,acceptable,48.3
BAT-0002697,AVL-ECJ,2022-09-05T18:00:00,2022-09-12T00:00:00,acoustic_transect,19.9,15,10,8,16.0,12,TEAM-12-3,acceptable,72.1
BAT-0002698,AVL-ECJ,2022-10-05T18:00:00,2022-10-12T00:00:00,acoustic_transect,30.2,20,10,14,24.9,12,TEAM-12-3,acceptable,51.3
BAT-0002699,AVL-ECJ,2022-11-05T18:00:00,2022-11-12T00:00:00,acoustic_transect,22.0,10,21,3,8.6,12,TEAM-12-3,high,45.7
BAT-0002700,AVL-ECJ,2022-12-05T18:00:00,2022-12-12T00:00:00,fixed_acoustic_station,33.3,19,40,11,20.3,9,TEAM-12-3,high,21.0
BAT-0002701,AVL-ECJ,2023-01-05T18:00:00,2023-01-12T00:00:00,acoustic_and_visual,31.8,20,24,9,26.7,12,TEAM-12-3,acceptable,22.4
BAT-0002702,AVL-ECJ,2023-02-05T18:00:00,2023-02-12T00:00:00,acoustic_and_visual,37.6,13,24,9,12.6,7,TEAM-12-3,high,17.7
BAT-0002703,AVL-ECJ,2023-03-05T18:00:00,2023-03-12T00:00:00,fixed_acoustic_station,34.4,14,33,13,15.6,10,TEAM-12-3,acceptable,20.3
BAT-0002704,AVL-ECJ,2023-04-05T18:00:00,2023-04-12T00:00:00,acoustic_and_visual,36.8,23,29,10,22.4,20,TEAM-12-3,high,10.0
BAT-0002705,AVL-ECJ,2023-05-05T18:00:00,2023-05-12T00:00:00,acoustic_transect,31.3,24,46,6,19.7,5,TEAM-12-3,high,19.0
BAT-0002706,AVL-ECJ,2023-06-05T18:00:00,2023-06-12T00:00:00,fixed_acoustic_station,20.6,14,15,10,16.2,8,TEAM-12-3,acceptable,51.7
BAT-0002707,AVL-ECJ,2023-07-05T18:00:00,2023-07-12T00:00:00,acoustic_and_visual,31.6,15,21,13,18.3,15,TEAM-12-3,high,36.8
BAT-0002708,AVL-ECJ,2023-08-05T18:00:00,2023-08-12T00:00:00,acoustic_and_visual,27.7,17,21,10,16.0,15,TEAM-12-3,acceptable,44.6
BAT-0002709,AVL-ECJ,2023-09-05T18:00:00,2023-09-12T00:00:00,acoustic_transect,27.2,8,16,8,10.4,15,TEAM-12-3,acceptable,61.5
BAT-0002710,AVL-ECJ,2023-10-05T18:00:00,2023-10-12T00:00:00,fixed_acoustic_station,29.2,17,14,10,16.2,13,TEAM-12-3,acceptable,42.2
BAT-0002711,AVL-ECJ,2023-11-05T18:00:00,2023-11-12T00:00:00,fixed_acoustic_station,22.7,9,17,4,10.1,12,TEAM-12-3,acceptable,55.0
BAT-0002712,AVL-ECJ,2023-12-05T18:00:00,2023-12-12T00:00:00,fixed_acoustic_station,32.9,22,27,10,23.0,16,TEAM-12-3,high,23.9
BAT-0002713,AVL-ECJ,2024-01-05T18:00:00,2024-01-12T00:00:00,acoustic_transect,33.5,11,23,9,12.0,11,TEAM-12-3,high,23.8
BAT-0002714,AVL-ECJ,2024-02-05T18:00:00,2024-02-12T00:00:00,acoustic_and_visual,40.6,15,26,12,17.1,11,TEAM-12-3,high,0.0
BAT-0002715,AVL-ECJ,2024-03-05T18:00:00,2024-03-12T00:00:00,fixed_acoustic_station,38.2,22,36,16,21.1,10,TEAM-12-3,high,21.7
BAT-0002716,AVL-ECJ,2024-04-05T18:00:00,2024-04-12T00:00:00,acoustic_and_visual,46.0,29,54,23,39.0,15,TEAM-12-3,high,2.1
BAT-0002717,AVL-ECJ,2024-05-05T18:00:00,2024-05-12T00:00:00,fixed_acoustic_station,29.9,15,32,15,17.0,15,TEAM-12-3,high,32.2
BAT-0002718,AVL-ECJ,2024-06-05T18:00:00,2024-06-12T00:00:00,acoustic_transect,27.2,14,29,13,14.6,13,TEAM-12-3,acceptable,49.2
BAT-0002719,AVL-ECJ,2024-07-05T18:00:00,2024-07-12T00:00:00,acoustic_transect,26.5,29,23,8,32.1,11,TEAM-12-3,high,40.6
BAT-0002720,AVL-ECJ,2024-08-05T18:00:00,2024-08-12T00:00:00,acoustic_transect,24.8,14,15,10,13.8,11,TEAM-12-3,acceptable,56.6
BAT-0002721,AVL-ECJ,2024-09-05T18:00:00,2024-09-12T00:00:00,acoustic_and_visual,25.4,17,25,6,22.5,12,TEAM-12-3,high,47.3
BAT-0002722,AVL-ECJ,2024-10-05T18:00:00,2024-10-12T00:00:00,acoustic_and_visual,27.5,15,22,10,15.4,7,TEAM-12-3,acceptable,46.2
BAT-0002723,AVL-ECJ,2024-11-05T18:00:00,2024-11-12T00:00:00,acoustic_transect,24.3,6,11,6,8.6,13,TEAM-12-3,acceptable,37.1
BAT-0002724,AVL-ECJ,2024-12-05T18:00:00,2024-12-12T00:00:00,acoustic_and_visual,31.7,18,23,12,19.5,12,TEAM-12-3,high,36.0
BAT-0002725,AVL-ECJ,2025-01-05T18:00:00,2025-01-12T00:00:00,fixed_acoustic_station,29.9,18,22,7,22.0,10,TEAM-12-3,high,19.3
BAT-0002726,AVL-ECJ,2025-02-05T18:00:00,2025-02-12T00:00:00,acoustic_transect,39.8,28,47,16,23.6,13,TEAM-12-3,high,11.5
BAT-0002727,AVL-ECJ,2025-03-05T18:00:00,2025-03-12T00:00:00,acoustic_and_visual,27.8,11,17,9,10.6,15,TEAM-12-3,high,37.5
BAT-0002728,AVL-ECJ,2025-04-05T18:00:00,2025-04-12T00:00:00,fixed_acoustic_station,30.9,13,23,8,12.8,16,TEAM-12-3,high,28.7
BAT-0002729,AVL-ECJ,2025-05-05T18:00:00,2025-05-12T00:00:00,fixed_acoustic_station,31.3,22,35,17,27.2,8,TEAM-12-3,high,18.0
BAT-0002730,AVL-ECJ,2025-06-05T18:00:00,2025-06-12T00:00:00,acoustic_transect,28.4,9,17,12,13.4,7,TEAM-12-3,acceptable,28.6
BAT-0002731,AVL-RBC,2019-01-05T18:00:00,2019-01-12T00:00:00,acoustic_transect,33.0,18,31,17,25.8,7,TEAM-12-4,high,18.6
BAT-0002732,AVL-RBC,2019-02-05T18:00:00,2019-02-12T00:00:00,acoustic_and_visual,40.1,24,33,25,27.7,10,TEAM-12-4,high,30.3
BAT-0002733,AVL-RBC,2019-03-05T18:00:00,2019-03-12T00:00:00,acoustic_transect,36.4,24,25,20,22.5,12,TEAM-12-4,high,15.5
BAT-0002734,AVL-RBC,2019-04-05T18:00:00,2019-04-12T00:00:00,acoustic_transect,34.0,42,68,38,51.6,12,TEAM-12-4,high,29.8
BAT-0002735,AVL-RBC,2019-05-05T18:00:00,2019-05-12T00:00:00,acoustic_transect,34.1,25,44,21,31.2,15,TEAM-12-4,high,16.5
BAT-0002736,AVL-RBC,2019-06-05T18:00:00,2019-06-12T00:00:00,acoustic_transect,22.6,22,30,14,24.7,9,TEAM-12-4,high,47.0
BAT-0002737,AVL-RBC,2019-07-05T18:00:00,2019-07-12T00:00:00,fixed_acoustic_station,25.6,15,27,17,14.8,8,TEAM-12-4,acceptable,44.7
BAT-0002738,AVL-RBC,2019-08-05T18:00:00,2019-08-12T00:00:00,acoustic_and_visual,22.8,12,13,10,14.0,13,TEAM-12-4,acceptable,64.8
BAT-0002739,AVL-RBC,2019-09-05T18:00:00,2019-09-12T00:00:00,acoustic_transect,26.7,6,29,12,6.6,10,TEAM-12-4,acceptable,52.1
BAT-0002740,AVL-RBC,2019-10-05T18:00:00,2019-10-12T00:00:00,acoustic_transect,25.4,13,24,11,13.0,5,TEAM-12-4,acceptable,47.0
BAT-0002741,AVL-RBC,2019-11-05T18:00:00,2019-11-12T00:00:00,acoustic_and_visual,30.5,12,25,16,14.6,9,TEAM-12-4,high,37.4
BAT-0002742,AVL-RBC,2019-12-05T18:00:00,2019-12-12T00:00:00,acoustic_and_visual,28.3,22,30,11,25.4,5,TEAM-12-4,high,27.5
BAT-0002743,AVL-RBC,2020-01-05T18:00:00,2020-01-12T00:00:00,fixed_acoustic_station,26.6,10,18,12,13.3,16,TEAM-12-4,acceptable,46.7
BAT-0002744,AVL-RBC,2020-02-05T18:00:00,2020-02-12T00:00:00,acoustic_transect,37.0,26,50,33,33.7,10,TEAM-12-4,high,14.8
BAT-0002745,AVL-RBC,2020-03-05T18:00:00,2020-03-12T00:00:00,fixed_acoustic_station,35.9,32,41,19,26.4,10,TEAM-12-4,high,14.2
BAT-0002746,AVL-RBC,2020-04-05T18:00:00,2020-04-12T00:00:00,acoustic_transect,40.5,30,61,34,35.2,9,TEAM-12-4,high,11.1
BAT-0002747,AVL-RBC,2020-05-05T18:00:00,2020-05-12T00:00:00,fixed_acoustic_station,40.6,32,48,23,29.5,11,TEAM-12-4,high,25.8
BAT-0002748,AVL-RBC,2020-06-05T18:00:00,2020-06-12T00:00:00,acoustic_transect,37.8,34,48,22,36.2,6,TEAM-12-4,high,23.5
BAT-0002749,AVL-RBC,2020-07-05T18:00:00,2020-07-12T00:00:00,fixed_acoustic_station,27.6,24,35,18,28.3,14,TEAM-12-4,high,48.3
BAT-0002750,AVL-RBC,2020-08-05T18:00:00,2020-08-12T00:00:00,acoustic_transect,24.9,15,21,13,15.1,8,TEAM-12-4,acceptable,66.7
BAT-0002751,AVL-RBC,2020-09-05T18:00:00,2020-09-12T00:00:00,fixed_acoustic_station,28.4,19,18,14,29.4,10,TEAM-12-4,acceptable,47.8
BAT-0002752,AVL-RBC,2020-10-05T18:00:00,2020-10-12T00:00:00,acoustic_and_visual,33.7,18,17,6,23.2,10,TEAM-12-4,high,39.9
BAT-0002753,AVL-RBC,2020-11-05T18:00:00,2020-11-12T00:00:00,acoustic_and_visual,31.9,21,32,14,28.6,10,TEAM-12-4,acceptable,42.3
BAT-0002754,AVL-RBC,2020-12-05T18:00:00,2020-12-12T00:00:00,acoustic_transect,31.4,17,31,11,22.9,7,TEAM-12-4,high,36.3
BAT-0002755,AVL-RBC,2021-01-05T18:00:00,2021-01-12T00:00:00,acoustic_transect,39.9,33,37,18,43.5,11,TEAM-12-4,high,10.1
BAT-0002756,AVL-RBC,2021-02-05T18:00:00,2021-02-12T00:00:00,acoustic_and_visual,34.7,24,41,12,28.3,9,TEAM-12-4,high,9.3
BAT-0002757,AVL-RBC,2021-03-05T18:00:00,2021-03-12T00:00:00,fixed_acoustic_station,29.8,32,36,13,25.6,7,TEAM-12-4,high,23.8
BAT-0002758,AVL-RBC,2021-04-05T18:00:00,2021-04-12T00:00:00,fixed_acoustic_station,35.2,32,48,24,33.6,16,TEAM-12-4,acceptable,25.6
BAT-0002759,AVL-RBC,2021-05-05T18:00:00,2021-05-12T00:00:00,acoustic_transect,33.4,29,47,24,29.5,7,TEAM-12-4,high,22.2
BAT-0002760,AVL-RBC,2021-06-05T18:00:00,2021-06-12T00:00:00,acoustic_and_visual,23.8,31,33,9,37.2,9,TEAM-12-4,acceptable,48.9
BAT-0002761,AVL-RBC,2021-07-05T18:00:00,2021-07-12T00:00:00,acoustic_and_visual,31.7,27,29,23,31.7,5,TEAM-12-4,acceptable,41.2
BAT-0002762,AVL-RBC,2021-08-05T18:00:00,2021-08-12T00:00:00,acoustic_and_visual,18.0,14,18,5,11.5,12,TEAM-12-4,high,55.5
BAT-0002763,AVL-RBC,2021-09-05T18:00:00,2021-09-12T00:00:00,acoustic_and_visual,26.5,14,30,7,13.1,10,TEAM-12-4,high,52.2
BAT-0002764,AVL-RBC,2021-10-05T18:00:00,2021-10-12T00:00:00,acoustic_transect,18.1,6,19,7,5.2,11,TEAM-12-4,high,69.3
BAT-0002765,AVL-RBC,2021-11-05T18:00:00,2021-11-12T00:00:00,fixed_acoustic_station,32.6,28,26,12,32.9,8,TEAM-12-4,acceptable,29.2
BAT-0002766,AVL-RBC,2021-12-05T18:00:00,2021-12-12T00:00:00,fixed_acoustic_station,25.3,10,19,6,11.0,7,TEAM-12-4,acceptable,41.5
BAT-0002767,AVL-RBC,2022-01-05T18:00:00,2022-01-12T00:00:00,acoustic_transect,30.4,9,22,17,16.2,14,TEAM-12-4,high,26.9
BAT-0002768,AVL-RBC,2022-02-05T18:00:00,2022-02-12T00:00:00,acoustic_and_visual,28.8,20,43,18,24.0,13,TEAM-12-4,high,32.6
BAT-0002769,AVL-RBC,2022-03-05T18:00:00,2022-03-12T00:00:00,fixed_acoustic_station,37.2,20,35,18,19.2,13,TEAM-12-4,high,20.0
BAT-0002770,AVL-RBC,2022-04-05T18:00:00,2022-04-12T00:00:00,acoustic_and_visual,35.8,40,40,16,36.6,8,TEAM-12-4,high,20.2
BAT-0002771,AVL-RBC,2022-05-05T18:00:00,2022-05-12T00:00:00,acoustic_and_visual,29.4,18,42,11,17.0,9,TEAM-12-4,high,28.5
BAT-0002772,AVL-RBC,2022-06-05T18:00:00,2022-06-12T00:00:00,fixed_acoustic_station,23.9,24,36,16,28.6,11,TEAM-12-4,acceptable,51.8
BAT-0002773,AVL-RBC,2022-07-05T18:00:00,2022-07-12T00:00:00,acoustic_and_visual,24.0,17,28,13,19.7,9,TEAM-12-4,acceptable,39.0
BAT-0002774,AVL-RBC,2022-08-05T18:00:00,2022-08-12T00:00:00,fixed_acoustic_station,25.7,12,22,18,11.0,11,TEAM-12-4,acceptable,64.1
BAT-0002775,AVL-RBC,2022-09-05T18:00:00,2022-09-12T00:00:00,fixed_acoustic_station,25.1,12,10,14,14.6,11,TEAM-12-4,acceptable,68.5
BAT-0002776,AVL-RBC,2022-10-05T18:00:00,2022-10-12T00:00:00,fixed_acoustic_station,27.7,16,25,13,18.2,8,TEAM-12-4,acceptable,39.6
BAT-0002777,AVL-RBC,2022-11-05T18:00:00,2022-11-12T00:00:00,acoustic_transect,31.3,13,9,9,12.5,10,TEAM-12-4,acceptable,45.3
BAT-0002778,AVL-RBC,2022-12-05T18:00:00,2022-12-12T00:00:00,acoustic_and_visual,28.1,19,36,18,25.9,10,TEAM-12-4,high,22.9
BAT-0002779,AVL-RBC,2023-01-05T18:00:00,2023-01-12T00:00:00,acoustic_and_visual,30.4,12,31,14,12.9,9,TEAM-12-4,acceptable,17.9
BAT-0002780,AVL-RBC,2023-02-05T18:00:00,2023-02-12T00:00:00,fixed_acoustic_station,37.1,33,34,27,37.9,12,TEAM-12-4,acceptable,19.4
BAT-0002781,AVL-RBC,2023-03-05T18:00:00,2023-03-12T00:00:00,acoustic_transect,35.0,25,35,26,26.6,9,TEAM-12-4,acceptable,21.4
BAT-0002782,AVL-RBC,2023-04-05T18:00:00,2023-04-12T00:00:00,acoustic_and_visual,24.9,18,38,12,19.0,9,TEAM-12-4,acceptable,28.7
BAT-0002783,AVL-RBC,2023-05-05T18:00:00,2023-05-12T00:00:00,acoustic_and_visual,37.1,22,45,16,22.6,12,TEAM-12-4,high,11.0
BAT-0002784,AVL-RBC,2023-06-05T18:00:00,2023-06-12T00:00:00,acoustic_and_visual,35.8,26,56,11,23.3,2,TEAM-12-4,high,27.5
BAT-0002785,AVL-RBC,2023-07-05T18:00:00,2023-07-12T00:00:00,acoustic_transect,32.1,27,28,15,32.7,6,TEAM-12-4,acceptable,39.4
BAT-0002786,AVL-RBC,2023-08-05T18:00:00,2023-08-12T00:00:00,acoustic_transect,33.5,24,16,16,30.8,7,TEAM-12-4,acceptable,46.1
BAT-0002787,AVL-RBC,2023-09-05T18:00:00,2023-09-12T00:00:00,acoustic_and_visual,22.2,14,19,17,16.0,7,TEAM-12-4,acceptable,56.5
BAT-0002788,AVL-RBC,2023-10-05T18:00:00,2023-10-12T00:00:00,acoustic_transect,34.6,14,31,10,14.1,11,TEAM-12-4,acceptable,47.5
BAT-0002789,AVL-RBC,2023-11-05T18:00:00,2023-11-12T00:00:00,fixed_acoustic_station,32.6,15,22,15,15.6,6,TEAM-12-4,high,53.5
BAT-0002790,AVL-RBC,2023-12-05T18:00:00,2023-12-12T00:00:00,acoustic_and_visual,33.2,20,23,16,23.4,14,TEAM-12-4,high,37.1
BAT-0002791,AVL-RBC,2024-01-05T18:00:00,2024-01-12T00:00:00,acoustic_and_visual,36.6,18,23,13,17.4,8,TEAM-12-4,high,33.2
BAT-0002792,AVL-RBC,2024-02-05T18:00:00,2024-02-12T00:00:00,fixed_acoustic_station,37.1,25,31,21,33.0,5,TEAM-12-4,high,18.8
BAT-0002793,AVL-RBC,2024-03-05T18:00:00,2024-03-12T00:00:00,acoustic_and_visual,35.0,21,59,22,21.4,9,TEAM-12-4,high,9.2
BAT-0002794,AVL-RBC,2024-04-05T18:00:00,2024-04-12T00:00:00,fixed_acoustic_station,33.4,41,55,15,44.4,9,TEAM-12-4,acceptable,19.2
BAT-0002795,AVL-RBC,2024-05-05T18:00:00,2024-05-12T00:00:00,acoustic_and_visual,27.4,28,65,20,29.9,8,TEAM-12-4,acceptable,23.5
BAT-0002796,AVL-RBC,2024-06-05T18:00:00,2024-06-12T00:00:00,fixed_acoustic_station,30.7,42,46,25,54.4,7,TEAM-12-4,high,36.5
BAT-0002797,AVL-RBC,2024-07-05T18:00:00,2024-07-12T00:00:00,acoustic_and_visual,29.2,16,30,19,20.9,5,TEAM-12-4,high,41.7
BAT-0002798,AVL-RBC,2024-08-05T18:00:00,2024-08-12T00:00:00,acoustic_and_visual,24.7,11,21,13,16.8,14,TEAM-12-4,high,41.8
BAT-0002799,AVL-RBC,2024-09-05T18:00:00,2024-09-12T00:00:00,acoustic_transect,31.8,20,19,11,19.1,13,TEAM-12-4,acceptable,55.4
BAT-0002800,AVL-RBC,2024-10-05T18:00:00,2024-10-12T00:00:00,acoustic_transect,25.7,15,24,7,17.5,12,TEAM-12-4,acceptable,50.1
BAT-0002801,AVL-RBC,2024-11-05T18:00:00,2024-11-12T00:00:00,acoustic_transect,30.1,15,23,9,18.0,9,TEAM-12-4,acceptable,47.2
BAT-0002802,AVL-RBC,2024-12-05T18:00:00,2024-12-12T00:00:00,acoustic_transect,30.5,21,22,12,25.9,13,TEAM-12-4,acceptable,44.8
BAT-0002803,AVL-RBC,2025-01-05T18:00:00,2025-01-12T00:00:00,acoustic_and_visual,35.5,18,35,11,19.2,10,TEAM-12-4,high,29.6
BAT-0002804,AVL-RBC,2025-02-05T18:00:00,2025-02-12T00:00:00,acoustic_and_visual,32.4,25,36,18,30.1,12,TEAM-12-4,acceptable,19.1
BAT-0002805,AVL-RBC,2025-03-05T18:00:00,2025-03-12T00:00:00,acoustic_and_visual,40.0,30,38,19,32.2,6,TEAM-12-4,acceptable,22.0
BAT-0002806,AVL-RBC,2025-04-05T18:00:00,2025-04-12T00:00:00,acoustic_transect,33.5,30,49,14,30.4,10,TEAM-12-4,high,20.4
BAT-0002807,AVL-RBC,2025-05-05T18:00:00,2025-05-12T00:00:00,acoustic_transect,38.9,39,49,22,48.9,7,TEAM-12-4,high,20.5
BAT-0002808,AVL-RBC,2025-06-05T18:00:00,2025-06-12T00:00:00,fixed_acoustic_station,38.4,28,42,25,33.9,22,TEAM-12-4,high,31.2
BAT-0002809,AVL-KAR,2019-01-05T18:00:00,2019-01-12T00:00:00,acoustic_transect,34.0,11,20,14,13.4,8,TEAM-12-5,high,30.2
BAT-0002810,AVL-KAR,2019-02-05T18:00:00,2019-02-12T00:00:00,fixed_acoustic_station,34.7,16,21,14,21.8,8,TEAM-12-5,acceptable,7.6
BAT-0002811,AVL-KAR,2019-03-05T18:00:00,2019-03-12T00:00:00,acoustic_transect,33.6,21,41,16,23.2,7,TEAM-12-5,high,30.4
BAT-0002812,AVL-KAR,2019-04-05T18:00:00,2019-04-12T00:00:00,acoustic_transect,37.2,20,44,24,19.4,9,TEAM-12-5,acceptable,19.2
BAT-0002813,AVL-KAR,2019-05-05T18:00:00,2019-05-12T00:00:00,fixed_acoustic_station,30.8,23,27,7,25.3,5,TEAM-12-5,high,29.8
BAT-0002814,AVL-KAR,2019-06-05T18:00:00,2019-06-12T00:00:00,fixed_acoustic_station,23.3,18,13,5,20.3,11,TEAM-12-5,acceptable,35.4
BAT-0002815,AVL-KAR,2019-07-05T18:00:00,2019-07-12T00:00:00,fixed_acoustic_station,27.6,18,23,11,23.8,11,TEAM-12-5,acceptable,47.1
BAT-0002816,AVL-KAR,2019-08-05T18:00:00,2019-08-12T00:00:00,fixed_acoustic_station,26.5,4,13,7,3.2,13,TEAM-12-5,acceptable,51.0
BAT-0002817,AVL-KAR,2019-09-05T18:00:00,2019-09-12T00:00:00,fixed_acoustic_station,21.3,11,16,7,10.7,7,TEAM-12-5,acceptable,64.0
BAT-0002818,AVL-KAR,2019-10-05T18:00:00,2019-10-12T00:00:00,fixed_acoustic_station,29.3,19,10,8,18.5,15,TEAM-12-5,acceptable,67.6
BAT-0002819,AVL-KAR,2019-11-05T18:00:00,2019-11-12T00:00:00,acoustic_and_visual,28.2,21,27,18,21.6,12,TEAM-12-5,high,50.5
BAT-0002820,AVL-KAR,2019-12-05T18:00:00,2019-12-12T00:00:00,acoustic_transect,29.8,13,19,11,20.2,5,TEAM-12-5,acceptable,47.4
BAT-0002821,AVL-KAR,2020-01-05T18:00:00,2020-01-12T00:00:00,acoustic_transect,27.6,12,16,6,10.9,6,TEAM-12-5,acceptable,36.0
BAT-0002822,AVL-KAR,2020-02-05T18:00:00,2020-02-12T00:00:00,acoustic_transect,34.3,9,21,8,5.5,14,TEAM-12-5,acceptable,18.3
BAT-0002823,AVL-KAR,2020-03-05T18:00:00,2020-03-12T00:00:00,acoustic_transect,38.8,23,38,19,28.3,10,TEAM-12-5,high,0.1
BAT-0002824,AVL-KAR,2020-04-05T18:00:00,2020-04-12T00:00:00,fixed_acoustic_station,36.6,25,33,12,34.8,6,TEAM-12-5,high,26.9
BAT-0002825,AVL-KAR,2020-05-05T18:00:00,2020-05-12T00:00:00,fixed_acoustic_station,30.0,23,48,14,29.0,7,TEAM-12-5,acceptable,25.8
BAT-0002826,AVL-KAR,2020-06-05T18:00:00,2020-06-12T00:00:00,acoustic_and_visual,29.5,23,23,14,24.4,6,TEAM-12-5,high,53.8
BAT-0002827,AVL-KAR,2020-07-05T18:00:00,2020-07-12T00:00:00,acoustic_transect,32.5,22,19,18,30.2,10,TEAM-12-5,acceptable,53.3
BAT-0002828,AVL-KAR,2020-08-05T18:00:00,2020-08-12T00:00:00,fixed_acoustic_station,27.4,9,5,5,9.8,8,TEAM-12-5,acceptable,69.0
BAT-0002829,AVL-KAR,2020-09-05T18:00:00,2020-09-12T00:00:00,fixed_acoustic_station,23.1,17,14,8,16.5,8,TEAM-12-5,acceptable,60.2
BAT-0002830,AVL-KAR,2020-10-05T18:00:00,2020-10-12T00:00:00,acoustic_transect,27.5,8,22,12,7.1,9,TEAM-12-5,acceptable,46.7
BAT-0002831,AVL-KAR,2020-11-05T18:00:00,2020-11-12T00:00:00,acoustic_transect,29.1,14,16,10,15.2,16,TEAM-12-5,high,46.6
BAT-0002832,AVL-KAR,2020-12-05T18:00:00,2020-12-12T00:00:00,acoustic_transect,24.5,9,8,7,6.6,10,TEAM-12-5,high,47.0
BAT-0002833,AVL-KAR,2021-01-05T18:00:00,2021-01-12T00:00:00,acoustic_transect,30.0,23,31,8,31.1,7,TEAM-12-5,high,35.3
BAT-0002834,AVL-KAR,2021-02-05T18:00:00,2021-02-12T00:00:00,acoustic_transect,37.1,18,16,14,20.9,9,TEAM-12-5,high,24.4
BAT-0002835,AVL-KAR,2021-03-05T18:00:00,2021-03-12T00:00:00,acoustic_and_visual,34.3,13,14,12,11.9,7,TEAM-12-5,acceptable,31.5
BAT-0002836,AVL-KAR,2021-04-05T18:00:00,2021-04-12T00:00:00,acoustic_transect,35.3,25,37,32,23.8,15,TEAM-12-5,high,29.2
BAT-0002837,AVL-KAR,2021-05-05T18:00:00,2021-05-12T00:00:00,fixed_acoustic_station,32.3,26,33,15,29.0,10,TEAM-12-5,high,19.3
BAT-0002838,AVL-KAR,2021-06-05T18:00:00,2021-06-12T00:00:00,fixed_acoustic_station,31.5,22,45,15,27.9,9,TEAM-12-5,high,37.6
BAT-0002839,AVL-KAR,2021-07-05T18:00:00,2021-07-12T00:00:00,acoustic_and_visual,26.5,26,23,13,20.7,7,TEAM-12-5,high,60.9
BAT-0002840,AVL-KAR,2021-08-05T18:00:00,2021-08-12T00:00:00,acoustic_and_visual,26.9,15,13,10,16.1,9,TEAM-12-5,acceptable,66.5
BAT-0002841,AVL-KAR,2021-09-05T18:00:00,2021-09-12T00:00:00,acoustic_transect,24.4,9,16,5,7.8,10,TEAM-12-5,acceptable,47.4
BAT-0002842,AVL-KAR,2021-10-05T18:00:00,2021-10-12T00:00:00,acoustic_transect,30.1,13,16,17,15.7,13,TEAM-12-5,acceptable,59.0
BAT-0002843,AVL-KAR,2021-11-05T18:00:00,2021-11-12T00:00:00,fixed_acoustic_station,28.2,6,11,7,6.2,13,TEAM-12-5,high,52.0
BAT-0002844,AVL-KAR,2021-12-05T18:00:00,2021-12-12T00:00:00,acoustic_transect,36.9,15,25,21,16.2,11,TEAM-12-5,acceptable,25.5
BAT-0002845,AVL-KAR,2022-01-05T18:00:00,2022-01-12T00:00:00,fixed_acoustic_station,33.0,13,21,9,11.7,13,TEAM-12-5,acceptable,33.3
BAT-0002846,AVL-KAR,2022-02-05T18:00:00,2022-02-12T00:00:00,fixed_acoustic_station,27.5,7,26,7,8.0,5,TEAM-12-5,high,34.4
BAT-0002847,AVL-KAR,2022-03-05T18:00:00,2022-03-12T00:00:00,acoustic_and_visual,35.2,26,42,16,33.3,11,TEAM-12-5,high,27.2
BAT-0002848,AVL-KAR,2022-04-05T18:00:00,2022-04-12T00:00:00,acoustic_and_visual,32.1,29,45,17,33.4,9,TEAM-12-5,high,15.0
BAT-0002849,AVL-KAR,2022-05-05T18:00:00,2022-05-12T00:00:00,acoustic_transect,40.4,25,35,17,31.8,11,TEAM-12-5,high,6.8
BAT-0002850,AVL-KAR,2022-06-05T18:00:00,2022-06-12T00:00:00,fixed_acoustic_station,25.2,21,31,17,24.4,8,TEAM-12-5,high,32.8
BAT-0002851,AVL-KAR,2022-07-05T18:00:00,2022-07-12T00:00:00,acoustic_transect,34.1,16,29,14,18.2,13,TEAM-12-5,high,42.4
BAT-0002852,AVL-KAR,2022-08-05T18:00:00,2022-08-12T00:00:00,acoustic_and_visual,24.1,15,13,10,19.9,4,TEAM-12-5,acceptable,63.4
BAT-0002853,AVL-KAR,2022-09-05T18:00:00,2022-09-12T00:00:00,acoustic_and_visual,27.6,13,14,2,16.1,12,TEAM-12-5,high,62.5
BAT-0002854,AVL-KAR,2022-10-05T18:00:00,2022-10-12T00:00:00,acoustic_and_visual,30.9,5,32,10,4.6,12,TEAM-12-5,high,49.6
BAT-0002855,AVL-KAR,2022-11-05T18:00:00,2022-11-12T00:00:00,acoustic_transect,34.3,17,23,5,20.8,2,TEAM-12-5,high,31.7
BAT-0002856,AVL-KAR,2022-12-05T18:00:00,2022-12-12T00:00:00,acoustic_and_visual,38.4,17,30,12,16.5,11,TEAM-12-5,high,27.1
BAT-0002857,AVL-KAR,2023-01-05T18:00:00,2023-01-12T00:00:00,acoustic_and_visual,35.5,16,17,12,20.9,11,TEAM-12-5,acceptable,29.1
BAT-0002858,AVL-KAR,2023-02-05T18:00:00,2023-02-12T00:00:00,acoustic_transect,30.6,16,15,16,16.8,8,TEAM-12-5,acceptable,18.5
BAT-0002859,AVL-KAR,2023-03-05T18:00:00,2023-03-12T00:00:00,fixed_acoustic_station,34.8,16,38,7,13.8,8,TEAM-12-5,high,14.1
BAT-0002860,AVL-KAR,2023-04-05T18:00:00,2023-04-12T00:00:00,fixed_acoustic_station,34.6,15,33,14,18.8,10,TEAM-12-5,high,14.5
BAT-0002861,AVL-KAR,2023-05-05T18:00:00,2023-05-12T00:00:00,acoustic_transect,30.1,15,23,6,15.1,11,TEAM-12-5,acceptable,38.4
BAT-0002862,AVL-KAR,2023-06-05T18:00:00,2023-06-12T00:00:00,acoustic_transect,31.4,15,37,13,12.8,5,TEAM-12-5,high,42.3
BAT-0002863,AVL-KAR,2023-07-05T18:00:00,2023-07-12T00:00:00,fixed_acoustic_station,35.0,27,21,8,30.3,15,TEAM-12-5,high,30.1
BAT-0002864,AVL-KAR,2023-08-05T18:00:00,2023-08-12T00:00:00,acoustic_transect,20.8,6,12,9,4.5,15,TEAM-12-5,acceptable,53.4
BAT-0002865,AVL-KAR,2023-09-05T18:00:00,2023-09-12T00:00:00,fixed_acoustic_station,28.8,15,16,11,15.7,12,TEAM-12-5,acceptable,60.0
BAT-0002866,AVL-KAR,2023-10-05T18:00:00,2023-10-12T00:00:00,acoustic_and_visual,30.1,16,15,8,19.9,11,TEAM-12-5,high,54.0
BAT-0002867,AVL-KAR,2023-11-05T18:00:00,2023-11-12T00:00:00,acoustic_transect,26.3,21,20,9,23.1,11,TEAM-12-5,high,42.4
BAT-0002868,AVL-KAR,2023-12-05T18:00:00,2023-12-12T00:00:00,acoustic_and_visual,34.4,10,19,9,8.7,9,TEAM-12-5,acceptable,47.8
BAT-0002869,AVL-KAR,2024-01-05T18:00:00,2024-01-12T00:00:00,acoustic_and_visual,30.6,13,17,20,11.3,7,TEAM-12-5,high,25.7
BAT-0002870,AVL-KAR,2024-02-05T18:00:00,2024-02-12T00:00:00,acoustic_transect,39.1,17,28,11,18.5,7,TEAM-12-5,high,20.8
BAT-0002871,AVL-KAR,2024-03-05T18:00:00,2024-03-12T00:00:00,acoustic_transect,32.8,24,34,8,28.4,10,TEAM-12-5,acceptable,19.2
BAT-0002872,AVL-KAR,2024-04-05T18:00:00,2024-04-12T00:00:00,acoustic_transect,35.9,19,46,17,20.7,10,TEAM-12-5,high,7.8
BAT-0002873,AVL-KAR,2024-05-05T18:00:00,2024-05-12T00:00:00,fixed_acoustic_station,38.3,32,29,12,34.1,11,TEAM-12-5,high,29.2
BAT-0002874,AVL-KAR,2024-06-05T18:00:00,2024-06-12T00:00:00,acoustic_and_visual,33.9,19,26,20,27.1,13,TEAM-12-5,high,45.1
BAT-0002875,AVL-KAR,2024-07-05T18:00:00,2024-07-12T00:00:00,acoustic_and_visual,27.2,21,10,7,22.1,14,TEAM-12-5,acceptable,49.1
BAT-0002876,AVL-KAR,2024-08-05T18:00:00,2024-08-12T00:00:00,fixed_acoustic_station,22.2,4,17,10,1.7,7,TEAM-12-5,high,56.0
BAT-0002877,AVL-KAR,2024-09-05T18:00:00,2024-09-12T00:00:00,acoustic_transect,32.0,17,20,11,17.4,6,TEAM-12-5,acceptable,55.5
BAT-0002878,AVL-KAR,2024-10-05T18:00:00,2024-10-12T00:00:00,acoustic_transect,36.8,6,20,5,6.3,6,TEAM-12-5,high,46.4
BAT-0002879,AVL-KAR,2024-11-05T18:00:00,2024-11-12T00:00:00,fixed_acoustic_station,26.9,18,14,4,22.7,12,TEAM-12-5,high,45.8
BAT-0002880,AVL-KAR,2024-12-05T18:00:00,2024-12-12T00:00:00,acoustic_and_visual,24.2,16,14,8,15.2,13,TEAM-12-5,acceptable,55.7
BAT-0002881,AVL-KAR,2025-01-05T18:00:00,2025-01-12T00:00:00,acoustic_and_visual,31.6,14,24,12,17.5,9,TEAM-12-5,high,38.4
BAT-0002882,AVL-KAR,2025-02-05T18:00:00,2025-02-12T00:00:00,acoustic_transect,39.9,17,28,13,17.3,5,TEAM-12-5,acceptable,15.7
BAT-0002883,AVL-KAR,2025-03-05T18:00:00,2025-03-12T00:00:00,acoustic_and_visual,26.3,11,18,4,10.0,10,TEAM-12-5,acceptable,36.6
BAT-0002884,AVL-KAR,2025-04-05T18:00:00,2025-04-12T00:00:00,acoustic_transect,30.8,15,30,12,16.2,10,TEAM-12-5,acceptable,38.0
BAT-0002885,AVL-KAR,2025-05-05T18:00:00,2025-05-12T00:00:00,acoustic_transect,36.1,25,35,12,22.9,11,TEAM-12-5,acceptable,36.6
BAT-0002886,AVL-KAR,2025-06-05T18:00:00,2025-06-12T00:00:00,acoustic_transect,35.3,22,36,13,23.9,7,TEAM-12-5,high,28.0
BAT-0002887,AVL-YAU,2019-01-05T18:00:00,2019-01-12T00:00:00,fixed_acoustic_station,22.7,13,27,8,11.8,6,TEAM-12-1,acceptable,36.4
BAT-0002888,AVL-YAU,2019-02-05T18:00:00,2019-02-12T00:00:00,acoustic_and_visual,37.4,24,33,21,27.7,7,TEAM-12-1,acceptable,21.8
BAT-0002889,AVL-YAU,2019-03-05T18:00:00,2019-03-12T00:00:00,acoustic_transect,37.8,29,43,25,36.8,12,TEAM-12-1,high,17.8
BAT-0002890,AVL-YAU,2019-04-05T18:00:00,2019-04-12T00:00:00,acoustic_and_visual,28.2,28,38,19,38.7,10,TEAM-12-1,acceptable,21.5
BAT-0002891,AVL-YAU,2019-05-05T18:00:00,2019-05-12T00:00:00,acoustic_transect,30.9,27,32,20,32.9,10,TEAM-12-1,high,42.0
BAT-0002892,AVL-YAU,2019-06-05T18:00:00,2019-06-12T00:00:00,fixed_acoustic_station,30.6,29,33,20,33.3,6,TEAM-12-1,high,42.9
BAT-0002893,AVL-YAU,2019-07-05T18:00:00,2019-07-12T00:00:00,fixed_acoustic_station,30.7,31,35,16,32.4,14,TEAM-12-1,high,39.5
BAT-0002894,AVL-YAU,2019-08-05T18:00:00,2019-08-12T00:00:00,acoustic_and_visual,25.8,20,20,13,24.8,9,TEAM-12-1,acceptable,56.0
BAT-0002895,AVL-YAU,2019-09-05T18:00:00,2019-09-12T00:00:00,fixed_acoustic_station,29.0,12,26,8,13.1,13,TEAM-12-1,high,56.3
BAT-0002896,AVL-YAU,2019-10-05T18:00:00,2019-10-12T00:00:00,acoustic_and_visual,26.9,12,25,14,12.9,9,TEAM-12-1,acceptable,52.8
BAT-0002897,AVL-YAU,2019-11-05T18:00:00,2019-11-12T00:00:00,fixed_acoustic_station,29.3,20,24,9,21.6,6,TEAM-12-1,acceptable,51.2
BAT-0002898,AVL-YAU,2019-12-05T18:00:00,2019-12-12T00:00:00,fixed_acoustic_station,27.2,17,39,18,16.9,8,TEAM-12-1,high,50.0
BAT-0002899,AVL-YAU,2020-01-05T18:00:00,2020-01-12T00:00:00,acoustic_and_visual,32.3,20,28,14,26.0,11,TEAM-12-1,acceptable,33.3
BAT-0002900,AVL-YAU,2020-02-05T18:00:00,2020-02-12T00:00:00,acoustic_and_visual,39.6,30,60,23,31.4,7,TEAM-12-1,high,21.5
BAT-0002901,AVL-YAU,2020-03-05T18:00:00,2020-03-12T00:00:00,acoustic_transect,27.0,23,23,22,24.5,12,TEAM-12-1,high,26.6
BAT-0002902,AVL-YAU,2020-04-05T18:00:00,2020-04-12T00:00:00,acoustic_and_visual,41.6,38,51,23,33.3,12,TEAM-12-1,acceptable,7.7
BAT-0002903,AVL-YAU,2020-05-05T18:00:00,2020-05-12T00:00:00,fixed_acoustic_station,34.7,38,40,16,33.5,15,TEAM-12-1,acceptable,27.7
BAT-0002904,AVL-YAU,2020-06-05T18:00:00,2020-06-12T00:00:00,acoustic_and_visual,27.4,24,36,17,20.3,10,TEAM-12-1,high,50.2
BAT-0002905,AVL-YAU,2020-07-05T18:00:00,2020-07-12T00:00:00,acoustic_and_visual,24.9,21,45,11,25.3,19,TEAM-12-1,high,51.6
BAT-0002906,AVL-YAU,2020-08-05T18:00:00,2020-08-12T00:00:00,acoustic_transect,19.7,11,19,8,13.0,11,TEAM-12-1,acceptable,69.3
BAT-0002907,AVL-YAU,2020-09-05T18:00:00,2020-09-12T00:00:00,fixed_acoustic_station,29.3,11,16,6,9.7,11,TEAM-12-1,acceptable,56.6
BAT-0002908,AVL-YAU,2020-10-05T18:00:00,2020-10-12T00:00:00,acoustic_transect,16.0,8,11,7,10.1,11,TEAM-12-1,limited,48.2
BAT-0002909,AVL-YAU,2020-11-05T18:00:00,2020-11-12T00:00:00,fixed_acoustic_station,23.4,15,25,8,17.3,8,TEAM-12-1,high,46.2
BAT-0002910,AVL-YAU,2020-12-05T18:00:00,2020-12-12T00:00:00,acoustic_transect,26.4,11,22,10,10.1,9,TEAM-12-1,acceptable,51.4
BAT-0002911,AVL-YAU,2021-01-05T18:00:00,2021-01-12T00:00:00,acoustic_transect,28.4,17,28,8,22.0,12,TEAM-12-1,high,28.4
BAT-0002912,AVL-YAU,2021-02-05T18:00:00,2021-02-12T00:00:00,acoustic_and_visual,36.2,20,28,15,20.9,7,TEAM-12-1,high,16.5
BAT-0002913,AVL-YAU,2021-03-05T18:00:00,2021-03-12T00:00:00,acoustic_and_visual,25.2,21,43,13,17.9,9,TEAM-12-1,acceptable,29.6
BAT-0002914,AVL-YAU,2021-04-05T18:00:00,2021-04-12T00:00:00,acoustic_transect,34.6,44,82,25,51.7,9,TEAM-12-1,acceptable,8.7
BAT-0002915,AVL-YAU,2021-05-05T18:00:00,2021-05-12T00:00:00,acoustic_transect,32.2,32,58,27,39.4,12,TEAM-12-1,acceptable,33.6
BAT-0002916,AVL-YAU,2021-06-05T18:00:00,2021-06-12T00:00:00,fixed_acoustic_station,34.0,30,37,26,36.9,8,TEAM-12-1,high,43.8
BAT-0002917,AVL-YAU,2021-07-05T18:00:00,2021-07-12T00:00:00,acoustic_transect,30.6,29,32,36,34.6,5,TEAM-12-1,high,48.7
BAT-0002918,AVL-YAU,2021-08-05T18:00:00,2021-08-12T00:00:00,acoustic_and_visual,23.3,25,20,10,28.5,6,TEAM-12-1,acceptable,60.8
BAT-0002919,AVL-YAU,2021-09-05T18:00:00,2021-09-12T00:00:00,fixed_acoustic_station,24.6,13,13,10,16.2,18,TEAM-12-1,acceptable,74.7
BAT-0002920,AVL-YAU,2021-10-05T18:00:00,2021-10-12T00:00:00,fixed_acoustic_station,26.6,17,23,13,16.4,7,TEAM-12-1,acceptable,60.6
BAT-0002921,AVL-YAU,2021-11-05T18:00:00,2021-11-12T00:00:00,acoustic_transect,25.4,18,21,15,21.8,7,TEAM-12-1,high,59.0
BAT-0002922,AVL-YAU,2021-12-05T18:00:00,2021-12-12T00:00:00,fixed_acoustic_station,39.0,29,36,11,33.0,16,TEAM-12-1,acceptable,14.8
BAT-0002923,AVL-YAU,2022-01-05T18:00:00,2022-01-12T00:00:00,acoustic_transect,32.2,25,33,14,25.0,10,TEAM-12-1,acceptable,30.7
BAT-0002924,AVL-YAU,2022-02-05T18:00:00,2022-02-12T00:00:00,acoustic_and_visual,29.9,21,21,14,23.9,12,TEAM-12-1,limited,11.2
BAT-0002925,AVL-YAU,2022-03-05T18:00:00,2022-03-12T00:00:00,acoustic_and_visual,27.1,27,65,11,33.8,12,TEAM-12-1,high,31.5
BAT-0002926,AVL-YAU,2022-04-05T18:00:00,2022-04-12T00:00:00,acoustic_and_visual,31.7,25,58,13,22.0,11,TEAM-12-1,high,13.2
BAT-0002927,AVL-YAU,2022-05-05T18:00:00,2022-05-12T00:00:00,fixed_acoustic_station,31.7,27,31,18,26.3,14,TEAM-12-1,acceptable,22.8
BAT-0002928,AVL-YAU,2022-06-05T18:00:00,2022-06-12T00:00:00,acoustic_transect,25.3,31,36,24,34.8,8,TEAM-12-1,acceptable,47.7
BAT-0002929,AVL-YAU,2022-07-05T18:00:00,2022-07-12T00:00:00,fixed_acoustic_station,29.2,30,26,13,41.8,9,TEAM-12-1,high,53.2
BAT-0002930,AVL-YAU,2022-08-05T18:00:00,2022-08-12T00:00:00,acoustic_transect,23.4,26,26,17,37.2,12,TEAM-12-1,acceptable,60.2
BAT-0002931,AVL-YAU,2022-09-05T18:00:00,2022-09-12T00:00:00,acoustic_and_visual,18.7,17,20,11,23.8,10,TEAM-12-1,acceptable,66.8
BAT-0002932,AVL-YAU,2022-10-05T18:00:00,2022-10-12T00:00:00,acoustic_transect,23.1,16,18,16,21.4,11,TEAM-12-1,acceptable,55.1
BAT-0002933,AVL-YAU,2022-11-05T18:00:00,2022-11-12T00:00:00,fixed_acoustic_station,30.1,16,21,17,18.9,8,TEAM-12-1,high,47.5
BAT-0002934,AVL-YAU,2022-12-05T18:00:00,2022-12-12T00:00:00,acoustic_transect,32.7,16,27,19,23.0,8,TEAM-12-1,high,36.8
BAT-0002935,AVL-YAU,2023-01-05T18:00:00,2023-01-12T00:00:00,fixed_acoustic_station,31.9,19,26,14,19.0,9,TEAM-12-1,acceptable,40.5
BAT-0002936,AVL-YAU,2023-02-05T18:00:00,2023-02-12T00:00:00,fixed_acoustic_station,36.6,18,36,17,17.7,11,TEAM-12-1,high,20.7
BAT-0002937,AVL-YAU,2023-03-05T18:00:00,2023-03-12T00:00:00,fixed_acoustic_station,36.6,27,36,15,34.1,11,TEAM-12-1,acceptable,14.5
BAT-0002938,AVL-YAU,2023-04-05T18:00:00,2023-04-12T00:00:00,fixed_acoustic_station,30.6,33,43,16,47.1,7,TEAM-12-1,high,27.7
BAT-0002939,AVL-YAU,2023-05-05T18:00:00,2023-05-12T00:00:00,acoustic_transect,41.0,32,35,26,38.8,12,TEAM-12-1,high,13.9
BAT-0002940,AVL-YAU,2023-06-05T18:00:00,2023-06-12T00:00:00,acoustic_and_visual,24.9,32,56,22,38.7,9,TEAM-12-1,acceptable,45.6
BAT-0002941,AVL-YAU,2023-07-05T18:00:00,2023-07-12T00:00:00,fixed_acoustic_station,28.1,29,15,19,33.7,10,TEAM-12-1,acceptable,58.5
BAT-0002942,AVL-YAU,2023-08-05T18:00:00,2023-08-12T00:00:00,acoustic_and_visual,25.6,27,35,15,22.8,13,TEAM-12-1,acceptable,61.7
BAT-0002943,AVL-YAU,2023-09-05T18:00:00,2023-09-12T00:00:00,acoustic_and_visual,18.9,21,15,23,23.9,14,TEAM-12-1,acceptable,76.1
BAT-0002944,AVL-YAU,2023-10-05T18:00:00,2023-10-12T00:00:00,acoustic_and_visual,21.2,26,16,18,32.8,18,TEAM-12-1,acceptable,79.0
BAT-0002945,AVL-YAU,2023-11-05T18:00:00,2023-11-12T00:00:00,acoustic_and_visual,30.9,13,25,8,14.2,13,TEAM-12-1,high,46.3
BAT-0002946,AVL-YAU,2023-12-05T18:00:00,2023-12-12T00:00:00,fixed_acoustic_station,33.5,29,24,13,37.7,8,TEAM-12-1,acceptable,34.0
BAT-0002947,AVL-YAU,2024-01-05T18:00:00,2024-01-12T00:00:00,acoustic_transect,31.1,12,30,15,13.2,12,TEAM-12-1,high,33.9
BAT-0002948,AVL-YAU,2024-02-05T18:00:00,2024-02-12T00:00:00,acoustic_transect,39.7,24,36,9,24.7,14,TEAM-12-1,high,18.1
BAT-0002949,AVL-YAU,2024-03-05T18:00:00,2024-03-12T00:00:00,acoustic_and_visual,33.2,31,35,21,41.3,9,TEAM-12-1,high,20.3
BAT-0002950,AVL-YAU,2024-04-05T18:00:00,2024-04-12T00:00:00,fixed_acoustic_station,30.4,29,54,25,36.0,7,TEAM-12-1,high,24.0
BAT-0002951,AVL-YAU,2024-05-05T18:00:00,2024-05-12T00:00:00,acoustic_transect,30.9,25,39,20,28.6,12,TEAM-12-1,high,44.2
BAT-0002952,AVL-YAU,2024-06-05T18:00:00,2024-06-12T00:00:00,fixed_acoustic_station,31.0,27,43,14,29.7,16,TEAM-12-1,high,28.9
BAT-0002953,AVL-YAU,2024-07-05T18:00:00,2024-07-12T00:00:00,acoustic_and_visual,25.2,18,25,20,15.9,16,TEAM-12-1,acceptable,48.4
BAT-0002954,AVL-YAU,2024-08-05T18:00:00,2024-08-12T00:00:00,fixed_acoustic_station,24.9,18,17,12,17.8,6,TEAM-12-1,acceptable,60.8
BAT-0002955,AVL-YAU,2024-09-05T18:00:00,2024-09-12T00:00:00,acoustic_and_visual,27.2,26,17,16,28.5,10,TEAM-12-1,acceptable,61.3
BAT-0002956,AVL-YAU,2024-10-05T18:00:00,2024-10-12T00:00:00,fixed_acoustic_station,31.4,23,21,12,28.5,9,TEAM-12-1,acceptable,43.1
BAT-0002957,AVL-YAU,2024-11-05T18:00:00,2024-11-12T00:00:00,acoustic_transect,27.1,19,36,22,22.3,11,TEAM-12-1,high,40.6
BAT-0002958,AVL-YAU,2024-12-05T18:00:00,2024-12-12T00:00:00,acoustic_transect,29.8,25,20,17,24.2,9,TEAM-12-1,acceptable,53.6
BAT-0002959,AVL-YAU,2025-01-05T18:00:00,2025-01-12T00:00:00,acoustic_and_visual,29.2,23,31,16,26.6,12,TEAM-12-1,acceptable,25.3
BAT-0002960,AVL-YAU,2025-02-05T18:00:00,2025-02-12T00:00:00,acoustic_transect,34.8,21,23,10,22.6,8,TEAM-12-1,high,23.1
BAT-0002961,AVL-YAU,2025-03-05T18:00:00,2025-03-12T00:00:00,acoustic_transect,30.6,32,37,24,38.1,12,TEAM-12-1,acceptable,32.2
BAT-0002962,AVL-YAU,2025-04-05T18:00:00,2025-04-12T00:00:00,fixed_acoustic_station,37.2,27,31,26,32.6,10,TEAM-12-1,acceptable,21.7
BAT-0002963,AVL-YAU,2025-05-05T18:00:00,2025-05-12T00:00:00,acoustic_and_visual,38.9,42,48,20,46.9,16,TEAM-12-1,acceptable,26.2
BAT-0002964,AVL-YAU,2025-06-05T18:00:00,2025-06-12T00:00:00,acoustic_and_visual,31.2,30,50,22,29.7,11,TEAM-12-1,high,31.6
BAT-0002965,AVL-BWK,2019-01-05T18:00:00,2019-01-12T00:00:00,acoustic_transect,31.5,11,23,14,13.5,22,TEAM-12-2,high,31.7
BAT-0002966,AVL-BWK,2019-02-05T18:00:00,2019-02-12T00:00:00,acoustic_transect,39.9,30,40,19,32.8,9,TEAM-12-2,high,23.6
BAT-0002967,AVL-BWK,2019-03-05T18:00:00,2019-03-12T00:00:00,fixed_acoustic_station,34.7,14,38,16,17.7,9,TEAM-12-2,high,21.2
BAT-0002968,AVL-BWK,2019-04-05T18:00:00,2019-04-12T00:00:00,acoustic_transect,32.0,21,33,11,19.0,11,TEAM-12-2,high,14.9
BAT-0002969,AVL-BWK,2019-05-05T18:00:00,2019-05-12T00:00:00,fixed_acoustic_station,27.9,19,26,6,18.5,6,TEAM-12-2,high,33.0
BAT-0002970,AVL-BWK,2019-06-05T18:00:00,2019-06-12T00:00:00,acoustic_and_visual,27.8,13,29,14,14.9,11,TEAM-12-2,high,36.6
BAT-0002971,AVL-BWK,2019-07-05T18:00:00,2019-07-12T00:00:00,acoustic_and_visual,25.4,11,18,5,14.2,17,TEAM-12-2,acceptable,39.0
BAT-0002972,AVL-BWK,2019-08-05T18:00:00,2019-08-12T00:00:00,fixed_acoustic_station,31.6,11,13,8,15.8,9,TEAM-12-2,acceptable,44.9
BAT-0002973,AVL-BWK,2019-09-05T18:00:00,2019-09-12T00:00:00,fixed_acoustic_station,29.3,9,21,2,6.3,18,TEAM-12-2,high,23.9
BAT-0002974,AVL-BWK,2019-10-05T18:00:00,2019-10-12T00:00:00,acoustic_and_visual,30.2,15,16,15,20.0,13,TEAM-12-2,high,44.6
BAT-0002975,AVL-BWK,2019-11-05T18:00:00,2019-11-12T00:00:00,acoustic_transect,31.9,13,19,8,19.1,11,TEAM-12-2,acceptable,35.3
BAT-0002976,AVL-BWK,2019-12-05T18:00:00,2019-12-12T00:00:00,acoustic_and_visual,30.6,6,24,13,7.9,10,TEAM-12-2,acceptable,29.3
BAT-0002977,AVL-BWK,2020-01-05T18:00:00,2020-01-12T00:00:00,fixed_acoustic_station,32.1,24,25,12,34.2,14,TEAM-12-2,acceptable,45.6
BAT-0002978,AVL-BWK,2020-02-05T18:00:00,2020-02-12T00:00:00,acoustic_transect,39.2,25,37,12,28.2,10,TEAM-12-2,high,27.7
BAT-0002979,AVL-BWK,2020-03-05T18:00:00,2020-03-12T00:00:00,fixed_acoustic_station,41.0,20,32,13,25.2,12,TEAM-12-2,acceptable,12.5
BAT-0002980,AVL-BWK,2020-04-05T18:00:00,2020-04-12T00:00:00,fixed_acoustic_station,37.6,28,50,19,38.4,9,TEAM-12-2,high,12.7
BAT-0002981,AVL-BWK,2020-05-05T18:00:00,2020-05-12T00:00:00,acoustic_transect,33.1,14,23,19,17.1,9,TEAM-12-2,high,38.6
BAT-0002982,AVL-BWK,2020-06-05T18:00:00,2020-06-12T00:00:00,acoustic_transect,31.6,22,25,9,24.6,11,TEAM-12-2,high,37.1
BAT-0002983,AVL-BWK,2020-07-05T18:00:00,2020-07-12T00:00:00,acoustic_transect,34.7,15,16,11,15.9,9,TEAM-12-2,acceptable,28.3
BAT-0002984,AVL-BWK,2020-08-05T18:00:00,2020-08-12T00:00:00,acoustic_and_visual,30.6,16,10,15,16.9,17,TEAM-12-2,acceptable,40.1
BAT-0002985,AVL-BWK,2020-09-05T18:00:00,2020-09-12T00:00:00,fixed_acoustic_station,22.9,15,21,5,15.5,15,TEAM-12-2,acceptable,42.7
BAT-0002986,AVL-BWK,2020-10-05T18:00:00,2020-10-12T00:00:00,fixed_acoustic_station,25.8,14,8,10,13.2,15,TEAM-12-2,acceptable,59.1
BAT-0002987,AVL-BWK,2020-11-05T18:00:00,2020-11-12T00:00:00,acoustic_transect,28.8,10,25,10,11.2,21,TEAM-12-2,high,36.4
BAT-0002988,AVL-BWK,2020-12-05T18:00:00,2020-12-12T00:00:00,acoustic_transect,35.5,19,23,10,16.3,10,TEAM-12-2,high,18.8
BAT-0002989,AVL-BWK,2021-01-05T18:00:00,2021-01-12T00:00:00,acoustic_transect,36.1,13,39,13,13.4,16,TEAM-12-2,high,16.4
BAT-0002990,AVL-BWK,2021-02-05T18:00:00,2021-02-12T00:00:00,acoustic_transect,33.2,19,23,11,25.6,10,TEAM-12-2,high,11.0
BAT-0002991,AVL-BWK,2021-03-05T18:00:00,2021-03-12T00:00:00,acoustic_and_visual,36.4,26,36,19,28.8,11,TEAM-12-2,high,8.5
BAT-0002992,AVL-BWK,2021-04-05T18:00:00,2021-04-12T00:00:00,acoustic_and_visual,38.2,24,36,11,30.5,12,TEAM-12-2,high,17.3
BAT-0002993,AVL-BWK,2021-05-05T18:00:00,2021-05-12T00:00:00,acoustic_and_visual,30.0,21,27,14,25.8,13,TEAM-12-2,acceptable,30.8
BAT-0002994,AVL-BWK,2021-06-05T18:00:00,2021-06-12T00:00:00,acoustic_and_visual,36.4,26,31,9,25.0,15,TEAM-12-2,high,21.7
BAT-0002995,AVL-BWK,2021-07-05T18:00:00,2021-07-12T00:00:00,acoustic_and_visual,28.2,21,32,13,26.7,11,TEAM-12-2,high,49.6
BAT-0002996,AVL-BWK,2021-08-05T18:00:00,2021-08-12T00:00:00,acoustic_and_visual,24.8,9,17,2,7.7,11,TEAM-12-2,high,48.1
BAT-0002997,AVL-BWK,2021-09-05T18:00:00,2021-09-12T00:00:00,fixed_acoustic_station,26.2,13,19,6,14.5,13,TEAM-12-2,acceptable,46.8
BAT-0002998,AVL-BWK,2021-10-05T18:00:00,2021-10-12T00:00:00,acoustic_and_visual,28.1,13,18,10,13.4,13,TEAM-12-2,acceptable,42.0
BAT-0002999,AVL-BWK,2021-11-05T18:00:00,2021-11-12T00:00:00,fixed_acoustic_station,29.3,17,17,10,23.6,9,TEAM-12-2,high,43.9
BAT-0003000,AVL-BWK,2021-12-05T18:00:00,2021-12-12T00:00:00,acoustic_and_visual,38.8,23,28,13,27.6,9,TEAM-12-2,high,23.1
BAT-0003001,AVL-BWK,2022-01-05T18:00:00,2022-01-12T00:00:00,fixed_acoustic_station,39.8,21,33,11,25.5,6,TEAM-12-2,high,16.7
BAT-0003002,AVL-BWK,2022-02-05T18:00:00,2022-02-12T00:00:00,fixed_acoustic_station,35.9,9,19,11,8.8,13,TEAM-12-2,high,25.6
BAT-0003003,AVL-BWK,2022-03-05T18:00:00,2022-03-12T00:00:00,fixed_acoustic_station,37.2,14,28,8,12.9,19,TEAM-12-2,acceptable,41.3
BAT-0003004,AVL-BWK,2022-04-05T18:00:00,2022-04-12T00:00:00,acoustic_transect,37.0,16,31,10,21.4,11,TEAM-12-2,acceptable,20.8
BAT-0003005,AVL-BWK,2022-05-05T18:00:00,2022-05-12T00:00:00,acoustic_and_visual,31.7,26,30,26,27.7,12,TEAM-12-2,high,34.5
BAT-0003006,AVL-BWK,2022-06-05T18:00:00,2022-06-12T00:00:00,acoustic_transect,32.8,24,15,10,29.1,10,TEAM-12-2,acceptable,31.7
BAT-0003007,AVL-BWK,2022-07-05T18:00:00,2022-07-12T00:00:00,fixed_acoustic_station,29.3,14,18,8,19.3,6,TEAM-12-2,high,36.6
BAT-0003008,AVL-BWK,2022-08-05T18:00:00,2022-08-12T00:00:00,acoustic_and_visual,35.6,21,36,17,21.2,9,TEAM-12-2,high,33.7
BAT-0003009,AVL-BWK,2022-09-05T18:00:00,2022-09-12T00:00:00,acoustic_transect,32.1,10,21,7,11.4,10,TEAM-12-2,high,36.7
BAT-0003010,AVL-BWK,2022-10-05T18:00:00,2022-10-12T00:00:00,acoustic_and_visual,28.0,12,14,8,12.3,6,TEAM-12-2,high,45.0
BAT-0003011,AVL-BWK,2022-11-05T18:00:00,2022-11-12T00:00:00,fixed_acoustic_station,32.2,9,19,7,9.8,9,TEAM-12-2,acceptable,21.8
BAT-0003012,AVL-BWK,2022-12-05T18:00:00,2022-12-12T00:00:00,acoustic_and_visual,31.8,16,21,8,17.7,9,TEAM-12-2,acceptable,26.7
BAT-0003013,AVL-BWK,2023-01-05T18:00:00,2023-01-12T00:00:00,fixed_acoustic_station,31.6,21,28,8,27.9,11,TEAM-12-2,high,34.7
BAT-0003014,AVL-BWK,2023-02-05T18:00:00,2023-02-12T00:00:00,acoustic_and_visual,43.3,25,36,19,30.6,8,TEAM-12-2,acceptable,20.3
BAT-0003015,AVL-BWK,2023-03-05T18:00:00,2023-03-12T00:00:00,acoustic_transect,31.0,21,23,13,22.1,8,TEAM-12-2,acceptable,23.6
BAT-0003016,AVL-BWK,2023-04-05T18:00:00,2023-04-12T00:00:00,acoustic_and_visual,40.5,19,36,16,23.4,11,TEAM-12-2,high,2.1
BAT-0003017,AVL-BWK,2023-05-05T18:00:00,2023-05-12T00:00:00,fixed_acoustic_station,38.4,26,33,14,23.1,11,TEAM-12-2,high,10.0
BAT-0003018,AVL-BWK,2023-06-05T18:00:00,2023-06-12T00:00:00,acoustic_and_visual,34.4,22,24,12,23.0,11,TEAM-12-2,high,37.6
BAT-0003019,AVL-BWK,2023-07-05T18:00:00,2023-07-12T00:00:00,acoustic_transect,29.9,19,34,5,20.6,8,TEAM-12-2,high,26.8
BAT-0003020,AVL-BWK,2023-08-05T18:00:00,2023-08-12T00:00:00,fixed_acoustic_station,24.3,14,23,8,16.3,11,TEAM-12-2,acceptable,44.5
BAT-0003021,AVL-BWK,2023-09-05T18:00:00,2023-09-12T00:00:00,acoustic_transect,21.7,8,18,7,7.6,12,TEAM-12-2,high,70.0
BAT-0003022,AVL-BWK,2023-10-05T18:00:00,2023-10-12T00:00:00,acoustic_and_visual,27.0,10,23,10,13.9,13,TEAM-12-2,high,46.1
BAT-0003023,AVL-BWK,2023-11-05T18:00:00,2023-11-12T00:00:00,acoustic_and_visual,23.9,21,23,8,24.2,7,TEAM-12-2,high,44.6
BAT-0003024,AVL-BWK,2023-12-05T18:00:00,2023-12-12T00:00:00,acoustic_and_visual,30.2,11,24,10,13.5,11,TEAM-12-2,high,33.7
BAT-0003025,AVL-BWK,2024-01-05T18:00:00,2024-01-12T00:00:00,acoustic_transect,35.7,21,21,16,20.8,10,TEAM-12-2,high,19.9
BAT-0003026,AVL-BWK,2024-02-05T18:00:00,2024-02-12T00:00:00,acoustic_and_visual,35.4,13,33,9,16.7,11,TEAM-12-2,high,12.1
BAT-0003027,AVL-BWK,2024-03-05T18:00:00,2024-03-12T00:00:00,acoustic_transect,36.0,20,26,11,19.1,3,TEAM-12-2,high,18.7
BAT-0003028,AVL-BWK,2024-04-05T18:00:00,2024-04-12T00:00:00,acoustic_and_visual,37.2,32,32,17,26.1,11,TEAM-12-2,high,28.8
BAT-0003029,AVL-BWK,2024-05-05T18:00:00,2024-05-12T00:00:00,fixed_acoustic_station,38.9,25,22,18,30.0,11,TEAM-12-2,high,18.1
BAT-0003030,AVL-BWK,2024-06-05T18:00:00,2024-06-12T00:00:00,fixed_acoustic_station,31.6,20,20,7,24.9,11,TEAM-12-2,acceptable,39.7
BAT-0003031,AVL-BWK,2024-07-05T18:00:00,2024-07-12T00:00:00,acoustic_and_visual,32.1,17,22,10,15.0,20,TEAM-12-2,high,46.6
BAT-0003032,AVL-BWK,2024-08-05T18:00:00,2024-08-12T00:00:00,fixed_acoustic_station,25.4,17,20,8,24.5,8,TEAM-12-2,acceptable,48.9
BAT-0003033,AVL-BWK,2024-09-05T18:00:00,2024-09-12T00:00:00,acoustic_transect,27.6,15,15,12,16.3,9,TEAM-12-2,acceptable,41.7
BAT-0003034,AVL-BWK,2024-10-05T18:00:00,2024-10-12T00:00:00,acoustic_and_visual,32.2,9,14,6,10.4,14,TEAM-12-2,acceptable,41.8
BAT-0003035,AVL-BWK,2024-11-05T18:00:00,2024-11-12T00:00:00,acoustic_and_visual,35.2,17,27,11,25.9,18,TEAM-12-2,high,28.1
BAT-0003036,AVL-BWK,2024-12-05T18:00:00,2024-12-12T00:00:00,acoustic_and_visual,33.4,21,24,18,24.8,9,TEAM-12-2,high,27.3
BAT-0003037,AVL-BWK,2025-01-05T18:00:00,2025-01-12T00:00:00,acoustic_and_visual,21.6,15,34,8,19.9,8,TEAM-12-2,high,35.9
BAT-0003038,AVL-BWK,2025-02-05T18:00:00,2025-02-12T00:00:00,acoustic_transect,35.5,17,20,11,18.1,10,TEAM-12-2,acceptable,18.1
BAT-0003039,AVL-BWK,2025-03-05T18:00:00,2025-03-12T00:00:00,acoustic_and_visual,33.2,30,28,16,33.0,14,TEAM-12-2,acceptable,37.3
BAT-0003040,AVL-BWK,2025-04-05T18:00:00,2025-04-12T00:00:00,acoustic_transect,36.5,21,20,7,20.5,18,TEAM-12-2,high,22.6
BAT-0003041,AVL-BWK,2025-05-05T18:00:00,2025-05-12T00:00:00,acoustic_and_visual,33.5,24,28,17,25.3,9,TEAM-12-2,high,15.9
BAT-0003042,AVL-BWK,2025-06-05T18:00:00,2025-06-12T00:00:00,fixed_acoustic_station,34.8,17,44,8,16.4,12,TEAM-12-2,high,23.3
BAT-0003043,AVL-BVM,2019-01-05T18:00:00,2019-01-12T00:00:00,fixed_acoustic_station,37.5,8,16,13,10.3,11,TEAM-12-3,acceptable,32.1
BAT-0003044,AVL-BVM,2019-02-05T18:00:00,2019-02-12T00:00:00,fixed_acoustic_station,25.8,17,29,12,16.0,12,TEAM-12-3,high,45.1
BAT-0003045,AVL-BVM,2019-03-05T18:00:00,2019-03-12T00:00:00,acoustic_and_visual,42.4,17,19,13,19.2,7,TEAM-12-3,high,12.4
BAT-0003046,AVL-BVM,2019-04-05T18:00:00,2019-04-12T00:00:00,acoustic_transect,33.8,19,17,15,22.5,8,TEAM-12-3,high,23.4
BAT-0003047,AVL-BVM,2019-05-05T18:00:00,2019-05-12T00:00:00,acoustic_and_visual,34.1,14,19,15,15.7,10,TEAM-12-3,high,7.8
BAT-0003048,AVL-BVM,2019-06-05T18:00:00,2019-06-12T00:00:00,fixed_acoustic_station,31.4,18,26,14,25.2,15,TEAM-12-3,high,32.2
BAT-0003049,AVL-BVM,2019-07-05T18:00:00,2019-07-12T00:00:00,acoustic_and_visual,24.0,7,25,10,5.8,9,TEAM-12-3,high,50.9
BAT-0003050,AVL-BVM,2019-08-05T18:00:00,2019-08-12T00:00:00,fixed_acoustic_station,27.0,11,18,4,11.5,11,TEAM-12-3,high,45.4
BAT-0003051,AVL-BVM,2019-09-05T18:00:00,2019-09-12T00:00:00,acoustic_and_visual,29.6,20,26,10,23.4,10,TEAM-12-3,acceptable,44.0
BAT-0003052,AVL-BVM,2019-10-05T18:00:00,2019-10-12T00:00:00,acoustic_transect,23.5,10,11,7,10.9,11,TEAM-12-3,acceptable,49.4
BAT-0003053,AVL-BVM,2019-11-05T18:00:00,2019-11-12T00:00:00,acoustic_transect,25.8,15,15,9,20.1,12,TEAM-12-3,high,54.6
BAT-0003054,AVL-BVM,2019-12-05T18:00:00,2019-12-12T00:00:00,acoustic_transect,28.5,19,26,4,25.6,14,TEAM-12-3,high,36.8
BAT-0003055,AVL-BVM,2020-01-05T18:00:00,2020-01-12T00:00:00,acoustic_transect,29.5,10,20,11,12.1,18,TEAM-12-3,acceptable,29.1
BAT-0003056,AVL-BVM,2020-02-05T18:00:00,2020-02-12T00:00:00,acoustic_transect,35.5,15,29,7,16.5,9,TEAM-12-3,acceptable,15.3
BAT-0003057,AVL-BVM,2020-03-05T18:00:00,2020-03-12T00:00:00,acoustic_and_visual,34.2,14,23,13,15.9,10,TEAM-12-3,high,26.8
BAT-0003058,AVL-BVM,2020-04-05T18:00:00,2020-04-12T00:00:00,fixed_acoustic_station,35.2,26,32,9,32.9,13,TEAM-12-3,high,24.1
BAT-0003059,AVL-BVM,2020-05-05T18:00:00,2020-05-12T00:00:00,fixed_acoustic_station,32.8,11,25,12,14.7,12,TEAM-12-3,high,31.1
BAT-0003060,AVL-BVM,2020-06-05T18:00:00,2020-06-12T00:00:00,acoustic_transect,27.6,12,26,12,14.2,12,TEAM-12-3,high,35.9
BAT-0003061,AVL-BVM,2020-07-05T18:00:00,2020-07-12T00:00:00,acoustic_and_visual,28.7,12,22,11,11.8,19,TEAM-12-3,high,44.9
BAT-0003062,AVL-BVM,2020-08-05T18:00:00,2020-08-12T00:00:00,acoustic_transect,22.4,13,20,16,12.3,14,TEAM-12-3,acceptable,54.0
BAT-0003063,AVL-BVM,2020-09-05T18:00:00,2020-09-12T00:00:00,acoustic_transect,25.1,13,29,15,15.0,14,TEAM-12-3,high,50.0
BAT-0003064,AVL-BVM,2020-10-05T18:00:00,2020-10-12T00:00:00,fixed_acoustic_station,30.4,24,16,7,22.3,8,TEAM-12-3,acceptable,48.5
BAT-0003065,AVL-BVM,2020-11-05T18:00:00,2020-11-12T00:00:00,fixed_acoustic_station,32.9,15,35,15,16.2,11,TEAM-12-3,high,27.4
BAT-0003066,AVL-BVM,2020-12-05T18:00:00,2020-12-12T00:00:00,acoustic_transect,25.5,9,15,8,11.2,13,TEAM-12-3,high,42.4
BAT-0003067,AVL-BVM,2021-01-05T18:00:00,2021-01-12T00:00:00,fixed_acoustic_station,26.0,14,23,12,17.8,19,TEAM-12-3,high,39.8
BAT-0003068,AVL-BVM,2021-02-05T18:00:00,2021-02-12T00:00:00,acoustic_transect,36.3,22,26,14,28.9,11,TEAM-12-3,high,19.6
BAT-0003069,AVL-BVM,2021-03-05T18:00:00,2021-03-12T00:00:00,acoustic_and_visual,28.0,8,22,6,9.2,13,TEAM-12-3,high,15.9
BAT-0003070,AVL-BVM,2021-04-05T18:00:00,2021-04-12T00:00:00,acoustic_and_visual,36.9,14,20,12,16.7,14,TEAM-12-3,high,19.7
BAT-0003071,AVL-BVM,2021-05-05T18:00:00,2021-05-12T00:00:00,acoustic_transect,36.4,17,27,10,20.5,10,TEAM-12-3,high,12.6
BAT-0003072,AVL-BVM,2021-06-05T18:00:00,2021-06-12T00:00:00,acoustic_and_visual,30.2,17,24,14,19.6,13,TEAM-12-3,high,44.9
BAT-0003073,AVL-BVM,2021-07-05T18:00:00,2021-07-12T00:00:00,fixed_acoustic_station,31.4,11,22,10,10.3,11,TEAM-12-3,acceptable,40.0
BAT-0003074,AVL-BVM,2021-08-05T18:00:00,2021-08-12T00:00:00,acoustic_transect,22.1,10,21,7,11.8,9,TEAM-12-3,high,45.6
BAT-0003075,AVL-BVM,2021-09-05T18:00:00,2021-09-12T00:00:00,fixed_acoustic_station,29.8,9,17,6,8.2,14,TEAM-12-3,acceptable,47.7
BAT-0003076,AVL-BVM,2021-10-05T18:00:00,2021-10-12T00:00:00,acoustic_and_visual,26.5,10,19,5,10.1,16,TEAM-12-3,high,47.7
BAT-0003077,AVL-BVM,2021-11-05T18:00:00,2021-11-12T00:00:00,acoustic_and_visual,29.5,9,26,14,10.4,8,TEAM-12-3,high,40.8
BAT-0003078,AVL-BVM,2021-12-05T18:00:00,2021-12-12T00:00:00,acoustic_transect,31.7,22,33,8,25.4,13,TEAM-12-3,acceptable,32.4
BAT-0003079,AVL-BVM,2022-01-05T18:00:00,2022-01-12T00:00:00,fixed_acoustic_station,26.9,9,23,8,9.5,8,TEAM-12-3,high,35.1
BAT-0003080,AVL-BVM,2022-02-05T18:00:00,2022-02-12T00:00:00,fixed_acoustic_station,39.1,23,23,16,26.9,13,TEAM-12-3,high,29.9
BAT-0003081,AVL-BVM,2022-03-05T18:00:00,2022-03-12T00:00:00,acoustic_transect,27.7,8,11,4,7.1,15,TEAM-12-3,acceptable,25.6
BAT-0003082,AVL-BVM,2022-04-05T18:00:00,2022-04-12T00:00:00,acoustic_transect,33.7,17,23,12,20.2,17,TEAM-12-3,acceptable,17.1
BAT-0003083,AVL-BVM,2022-05-05T18:00:00,2022-05-12T00:00:00,acoustic_and_visual,28.1,14,23,7,13.7,4,TEAM-12-3,acceptable,53.6
BAT-0003084,AVL-BVM,2022-06-05T18:00:00,2022-06-12T00:00:00,fixed_acoustic_station,27.2,18,19,21,21.3,11,TEAM-12-3,acceptable,53.5
BAT-0003085,AVL-BVM,2022-07-05T18:00:00,2022-07-12T00:00:00,acoustic_and_visual,25.6,15,16,9,15.2,8,TEAM-12-3,acceptable,46.3
BAT-0003086,AVL-BVM,2022-08-05T18:00:00,2022-08-12T00:00:00,acoustic_and_visual,19.7,11,11,13,11.4,7,TEAM-12-3,acceptable,66.0
BAT-0003087,AVL-BVM,2022-09-05T18:00:00,2022-09-12T00:00:00,fixed_acoustic_station,19.6,13,12,2,12.5,8,TEAM-12-3,acceptable,58.4
BAT-0003088,AVL-BVM,2022-10-05T18:00:00,2022-10-12T00:00:00,fixed_acoustic_station,27.5,15,21,9,17.4,10,TEAM-12-3,high,37.9
BAT-0003089,AVL-BVM,2022-11-05T18:00:00,2022-11-12T00:00:00,acoustic_and_visual,34.0,21,20,7,26.3,18,TEAM-12-3,high,29.1
BAT-0003090,AVL-BVM,2022-12-05T18:00:00,2022-12-12T00:00:00,acoustic_and_visual,22.0,15,22,6,15.4,15,TEAM-12-3,acceptable,59.8
BAT-0003091,AVL-BVM,2023-01-05T18:00:00,2023-01-12T00:00:00,acoustic_and_visual,27.4,16,20,11,13.8,8,TEAM-12-3,acceptable,34.7
BAT-0003092,AVL-BVM,2023-02-05T18:00:00,2023-02-12T00:00:00,fixed_acoustic_station,38.7,10,35,14,12.2,8,TEAM-12-3,high,7.2
BAT-0003093,AVL-BVM,2023-03-05T18:00:00,2023-03-12T00:00:00,acoustic_and_visual,30.9,20,19,9,22.1,7,TEAM-12-3,acceptable,29.2
BAT-0003094,AVL-BVM,2023-04-05T18:00:00,2023-04-12T00:00:00,acoustic_transect,37.5,19,29,10,16.8,22,TEAM-12-3,high,3.3
BAT-0003095,AVL-BVM,2023-05-05T18:00:00,2023-05-12T00:00:00,acoustic_transect,32.9,28,26,15,38.6,8,TEAM-12-3,high,33.1
BAT-0003096,AVL-BVM,2023-06-05T18:00:00,2023-06-12T00:00:00,fixed_acoustic_station,42.4,21,30,12,25.2,11,TEAM-12-3,acceptable,19.3
BAT-0003097,AVL-BVM,2023-07-05T18:00:00,2023-07-12T00:00:00,fixed_acoustic_station,26.4,9,13,11,11.1,7,TEAM-12-3,high,48.2
BAT-0003098,AVL-BVM,2023-08-05T18:00:00,2023-08-12T00:00:00,fixed_acoustic_station,31.3,19,9,9,25.2,8,TEAM-12-3,acceptable,53.8
BAT-0003099,AVL-BVM,2023-09-05T18:00:00,2023-09-12T00:00:00,fixed_acoustic_station,23.9,12,17,3,11.9,14,TEAM-12-3,acceptable,53.5
BAT-0003100,AVL-BVM,2023-10-05T18:00:00,2023-10-12T00:00:00,acoustic_transect,28.6,13,28,9,9.5,10,TEAM-12-3,high,36.5
BAT-0003101,AVL-BVM,2023-11-05T18:00:00,2023-11-12T00:00:00,acoustic_and_visual,24.3,13,26,9,13.6,9,TEAM-12-3,high,49.4
BAT-0003102,AVL-BVM,2023-12-05T18:00:00,2023-12-12T00:00:00,acoustic_transect,30.1,10,27,11,14.2,5,TEAM-12-3,high,41.7
BAT-0003103,AVL-BVM,2024-01-05T18:00:00,2024-01-12T00:00:00,acoustic_transect,35.6,14,18,11,16.6,7,TEAM-12-3,acceptable,34.0
BAT-0003104,AVL-BVM,2024-02-05T18:00:00,2024-02-12T00:00:00,acoustic_transect,30.9,16,23,7,19.6,11,TEAM-12-3,acceptable,35.8
BAT-0003105,AVL-BVM,2024-03-05T18:00:00,2024-03-12T00:00:00,acoustic_transect,36.4,17,30,17,15.0,16,TEAM-12-3,high,11.7
BAT-0003106,AVL-BVM,2024-04-05T18:00:00,2024-04-12T00:00:00,acoustic_transect,29.0,14,28,6,17.5,8,TEAM-12-3,high,27.6
BAT-0003107,AVL-BVM,2024-05-05T18:00:00,2024-05-12T00:00:00,acoustic_transect,25.7,12,23,7,13.9,12,TEAM-12-3,high,39.3
BAT-0003108,AVL-BVM,2024-06-05T18:00:00,2024-06-12T00:00:00,acoustic_transect,29.0,13,29,11,14.8,12,TEAM-12-3,high,34.0
BAT-0003109,AVL-BVM,2024-07-05T18:00:00,2024-07-12T00:00:00,acoustic_transect,28.4,12,22,6,10.4,13,TEAM-12-3,high,52.4
BAT-0003110,AVL-BVM,2024-08-05T18:00:00,2024-08-12T00:00:00,fixed_acoustic_station,26.3,12,19,12,14.4,9,TEAM-12-3,acceptable,48.9
BAT-0003111,AVL-BVM,2024-09-05T18:00:00,2024-09-12T00:00:00,acoustic_transect,32.3,13,24,11,14.7,12,TEAM-12-3,acceptable,42.7
BAT-0003112,AVL-BVM,2024-10-05T18:00:00,2024-10-12T00:00:00,acoustic_transect,25.2,13,17,4,13.3,15,TEAM-12-3,high,59.6
BAT-0003113,AVL-BVM,2024-11-05T18:00:00,2024-11-12T00:00:00,acoustic_transect,30.3,14,34,14,18.3,15,TEAM-12-3,high,54.6
BAT-0003114,AVL-BVM,2024-12-05T18:00:00,2024-12-12T00:00:00,fixed_acoustic_station,31.4,13,15,11,15.3,15,TEAM-12-3,acceptable,47.6
BAT-0003115,AVL-BVM,2025-01-05T18:00:00,2025-01-12T00:00:00,fixed_acoustic_station,36.7,16,22,9,17.1,11,TEAM-12-3,high,28.2
BAT-0003116,AVL-BVM,2025-02-05T18:00:00,2025-02-12T00:00:00,acoustic_and_visual,32.1,18,30,14,21.7,12,TEAM-12-3,high,32.4
BAT-0003117,AVL-BVM,2025-03-05T18:00:00,2025-03-12T00:00:00,fixed_acoustic_station,33.2,15,19,7,16.7,10,TEAM-12-3,high,17.4
BAT-0003118,AVL-BVM,2025-04-05T18:00:00,2025-04-12T00:00:00,acoustic_and_visual,38.1,15,26,13,19.3,17,TEAM-12-3,high,24.6
BAT-0003119,AVL-BVM,2025-05-05T18:00:00,2025-05-12T00:00:00,acoustic_transect,26.6,11,24,7,11.2,11,TEAM-12-3,acceptable,35.7
BAT-0003120,AVL-BVM,2025-06-05T18:00:00,2025-06-12T00:00:00,acoustic_and_visual,25.2,14,12,5,16.4,11,TEAM-12-3,high,34.3
BAT-0003121,AVL-ABG,2019-01-05T18:00:00,2019-01-12T00:00:00,acoustic_transect,28.0,4,16,8,9.8,15,TEAM-12-4,high,23.7
BAT-0003122,AVL-ABG,2019-02-05T18:00:00,2019-02-12T00:00:00,acoustic_and_visual,32.1,9,16,12,11.4,10,TEAM-12-4,high,21.3
BAT-0003123,AVL-ABG,2019-03-05T18:00:00,2019-03-12T00:00:00,fixed_acoustic_station,39.0,6,28,12,7.7,15,TEAM-12-4,high,22.6
BAT-0003124,AVL-ABG,2019-04-05T18:00:00,2019-04-12T00:00:00,acoustic_and_visual,37.8,17,21,12,18.1,8,TEAM-12-4,high,15.1
BAT-0003125,AVL-ABG,2019-05-05T18:00:00,2019-05-12T00:00:00,fixed_acoustic_station,34.0,16,15,11,19.8,8,TEAM-12-4,high,22.0
BAT-0003126,AVL-ABG,2019-06-05T18:00:00,2019-06-12T00:00:00,acoustic_and_visual,30.7,13,18,7,18.0,10,TEAM-12-4,acceptable,46.8
BAT-0003127,AVL-ABG,2019-07-05T18:00:00,2019-07-12T00:00:00,fixed_acoustic_station,31.9,18,21,14,18.6,11,TEAM-12-4,acceptable,39.2
BAT-0003128,AVL-ABG,2019-08-05T18:00:00,2019-08-12T00:00:00,acoustic_and_visual,27.8,5,17,5,7.2,9,TEAM-12-4,acceptable,70.0
BAT-0003129,AVL-ABG,2019-09-05T18:00:00,2019-09-12T00:00:00,fixed_acoustic_station,23.2,6,14,4,5.5,12,TEAM-12-4,acceptable,73.8
BAT-0003130,AVL-ABG,2019-10-05T18:00:00,2019-10-12T00:00:00,acoustic_transect,26.3,8,16,4,7.4,15,TEAM-12-4,acceptable,50.7
BAT-0003131,AVL-ABG,2019-11-05T18:00:00,2019-11-12T00:00:00,acoustic_transect,29.5,10,18,9,8.9,12,TEAM-12-4,high,45.8
BAT-0003132,AVL-ABG,2019-12-05T18:00:00,2019-12-12T00:00:00,acoustic_transect,26.5,14,19,8,15.2,8,TEAM-12-4,acceptable,34.1
BAT-0003133,AVL-ABG,2020-01-05T18:00:00,2020-01-12T00:00:00,acoustic_transect,21.1,11,9,8,13.5,6,TEAM-12-4,limited,33.6
BAT-0003134,AVL-ABG,2020-02-05T18:00:00,2020-02-12T00:00:00,acoustic_and_visual,30.0,11,22,9,11.6,8,TEAM-12-4,high,29.4
BAT-0003135,AVL-ABG,2020-03-05T18:00:00,2020-03-12T00:00:00,acoustic_transect,32.7,11,24,5,14.0,8,TEAM-12-4,high,20.3
BAT-0003136,AVL-ABG,2020-04-05T18:00:00,2020-04-12T00:00:00,acoustic_and_visual,39.0,14,17,10,16.7,11,TEAM-12-4,high,13.1
BAT-0003137,AVL-ABG,2020-05-05T18:00:00,2020-05-12T00:00:00,acoustic_transect,35.8,20,16,9,20.7,13,TEAM-12-4,high,10.9
BAT-0003138,AVL-ABG,2020-06-05T18:00:00,2020-06-12T00:00:00,acoustic_and_visual,28.7,8,28,9,9.2,14,TEAM-12-4,high,48.5
BAT-0003139,AVL-ABG,2020-07-05T18:00:00,2020-07-12T00:00:00,acoustic_and_visual,32.0,10,8,12,11.3,9,TEAM-12-4,high,62.0
BAT-0003140,AVL-ABG,2020-08-05T18:00:00,2020-08-12T00:00:00,fixed_acoustic_station,24.1,14,8,8,13.5,10,TEAM-12-4,acceptable,66.1
BAT-0003141,AVL-ABG,2020-09-05T18:00:00,2020-09-12T00:00:00,fixed_acoustic_station,26.5,12,11,6,16.2,13,TEAM-12-4,acceptable,55.5
BAT-0003142,AVL-ABG,2020-10-05T18:00:00,2020-10-12T00:00:00,acoustic_and_visual,29.6,10,17,9,13.9,10,TEAM-12-4,high,47.9
BAT-0003143,AVL-ABG,2020-11-05T18:00:00,2020-11-12T00:00:00,fixed_acoustic_station,33.2,10,10,14,10.3,8,TEAM-12-4,high,39.8
BAT-0003144,AVL-ABG,2020-12-05T18:00:00,2020-12-12T00:00:00,fixed_acoustic_station,27.7,10,17,9,11.8,16,TEAM-12-4,acceptable,36.7
BAT-0003145,AVL-ABG,2021-01-05T18:00:00,2021-01-12T00:00:00,acoustic_and_visual,33.9,19,13,7,16.4,11,TEAM-12-4,high,33.9
BAT-0003146,AVL-ABG,2021-02-05T18:00:00,2021-02-12T00:00:00,fixed_acoustic_station,40.1,16,29,11,17.6,10,TEAM-12-4,high,12.5
BAT-0003147,AVL-ABG,2021-03-05T18:00:00,2021-03-12T00:00:00,fixed_acoustic_station,26.8,11,30,9,14.6,9,TEAM-12-4,high,31.2
BAT-0003148,AVL-ABG,2021-04-05T18:00:00,2021-04-12T00:00:00,acoustic_transect,34.0,13,17,7,12.5,16,TEAM-12-4,acceptable,10.7
BAT-0003149,AVL-ABG,2021-05-05T18:00:00,2021-05-12T00:00:00,acoustic_and_visual,26.2,8,21,4,11.6,12,TEAM-12-4,high,32.9
BAT-0003150,AVL-ABG,2021-06-05T18:00:00,2021-06-12T00:00:00,acoustic_transect,26.5,5,18,9,1.9,21,TEAM-12-4,acceptable,37.6
BAT-0003151,AVL-ABG,2021-07-05T18:00:00,2021-07-12T00:00:00,acoustic_transect,34.1,10,11,9,12.7,14,TEAM-12-4,acceptable,49.7
BAT-0003152,AVL-ABG,2021-08-05T18:00:00,2021-08-12T00:00:00,fixed_acoustic_station,28.2,13,14,14,17.8,10,TEAM-12-4,acceptable,57.6
BAT-0003153,AVL-ABG,2021-09-05T18:00:00,2021-09-12T00:00:00,acoustic_transect,27.3,12,18,9,14.4,26,TEAM-12-4,high,50.4
BAT-0003154,AVL-ABG,2021-10-05T18:00:00,2021-10-12T00:00:00,fixed_acoustic_station,25.9,12,19,8,12.4,11,TEAM-12-4,high,56.2
BAT-0003155,AVL-ABG,2021-11-05T18:00:00,2021-11-12T00:00:00,fixed_acoustic_station,27.3,14,12,7,16.2,12,TEAM-12-4,acceptable,34.9
BAT-0003156,AVL-ABG,2021-12-05T18:00:00,2021-12-12T00:00:00,fixed_acoustic_station,30.8,12,20,8,15.9,14,TEAM-12-4,high,34.9
BAT-0003157,AVL-ABG,2022-01-05T18:00:00,2022-01-12T00:00:00,fixed_acoustic_station,35.1,14,26,12,17.8,17,TEAM-12-4,high,21.9
BAT-0003158,AVL-ABG,2022-02-05T18:00:00,2022-02-12T00:00:00,acoustic_and_visual,36.2,22,26,3,25.5,12,TEAM-12-4,high,6.8
BAT-0003159,AVL-ABG,2022-03-05T18:00:00,2022-03-12T00:00:00,acoustic_transect,32.5,17,30,14,15.8,11,TEAM-12-4,high,37.0
BAT-0003160,AVL-ABG,2022-04-05T18:00:00,2022-04-12T00:00:00,acoustic_transect,36.2,13,22,11,15.0,10,TEAM-12-4,high,9.0
BAT-0003161,AVL-ABG,2022-05-05T18:00:00,2022-05-12T00:00:00,fixed_acoustic_station,35.0,18,29,15,14.3,13,TEAM-12-4,high,22.5
BAT-0003162,AVL-ABG,2022-06-05T18:00:00,2022-06-12T00:00:00,fixed_acoustic_station,31.2,10,17,8,10.6,9,TEAM-12-4,acceptable,29.0
BAT-0003163,AVL-ABG,2022-07-05T18:00:00,2022-07-12T00:00:00,fixed_acoustic_station,35.1,12,18,22,12.8,14,TEAM-12-4,high,38.3
BAT-0003164,AVL-ABG,2022-08-05T18:00:00,2022-08-12T00:00:00,acoustic_transect,32.2,9,6,13,10.0,13,TEAM-12-4,acceptable,58.7
BAT-0003165,AVL-ABG,2022-09-05T18:00:00,2022-09-12T00:00:00,fixed_acoustic_station,25.4,11,13,8,14.1,11,TEAM-12-4,acceptable,55.8
BAT-0003166,AVL-ABG,2022-10-05T18:00:00,2022-10-12T00:00:00,acoustic_and_visual,35.3,18,20,5,25.2,10,TEAM-12-4,acceptable,40.8
BAT-0003167,AVL-ABG,2022-11-05T18:00:00,2022-11-12T00:00:00,fixed_acoustic_station,26.1,12,15,8,15.2,18,TEAM-12-4,acceptable,53.1
BAT-0003168,AVL-ABG,2022-12-05T18:00:00,2022-12-12T00:00:00,acoustic_and_visual,42.3,18,21,19,20.3,16,TEAM-12-4,high,24.5
BAT-0003169,AVL-ABG,2023-01-05T18:00:00,2023-01-12T00:00:00,acoustic_transect,29.3,15,16,8,20.0,9,TEAM-12-4,high,32.1
BAT-0003170,AVL-ABG,2023-02-05T18:00:00,2023-02-12T00:00:00,fixed_acoustic_station,29.6,8,15,9,12.6,7,TEAM-12-4,acceptable,39.0
BAT-0003171,AVL-ABG,2023-03-05T18:00:00,2023-03-12T00:00:00,acoustic_and_visual,36.7,12,23,11,14.4,11,TEAM-12-4,acceptable,23.8
BAT-0003172,AVL-ABG,2023-04-05T18:00:00,2023-04-12T00:00:00,fixed_acoustic_station,33.0,8,13,10,10.4,8,TEAM-12-4,high,34.5
BAT-0003173,AVL-ABG,2023-05-05T18:00:00,2023-05-12T00:00:00,acoustic_and_visual,35.4,12,18,7,10.9,12,TEAM-12-4,acceptable,16.9
BAT-0003174,AVL-ABG,2023-06-05T18:00:00,2023-06-12T00:00:00,acoustic_and_visual,39.9,10,24,11,12.1,16,TEAM-12-4,high,26.7
BAT-0003175,AVL-ABG,2023-07-05T18:00:00,2023-07-12T00:00:00,fixed_acoustic_station,35.1,15,11,10,14.0,11,TEAM-12-4,high,44.7
BAT-0003176,AVL-ABG,2023-08-05T18:00:00,2023-08-12T00:00:00,fixed_acoustic_station,20.0,11,11,6,13.0,9,TEAM-12-4,acceptable,61.3
BAT-0003177,AVL-ABG,2023-09-05T18:00:00,2023-09-12T00:00:00,fixed_acoustic_station,24.8,9,11,3,12.0,11,TEAM-12-4,acceptable,58.9
BAT-0003178,AVL-ABG,2023-10-05T18:00:00,2023-10-12T00:00:00,acoustic_and_visual,25.7,11,9,9,13.0,11,TEAM-12-4,acceptable,60.8
BAT-0003179,AVL-ABG,2023-11-05T18:00:00,2023-11-12T00:00:00,fixed_acoustic_station,25.7,10,20,9,9.0,10,TEAM-12-4,high,53.5
BAT-0003180,AVL-ABG,2023-12-05T18:00:00,2023-12-12T00:00:00,acoustic_transect,32.1,18,24,9,17.3,8,TEAM-12-4,high,47.4
BAT-0003181,AVL-ABG,2024-01-05T18:00:00,2024-01-12T00:00:00,acoustic_and_visual,37.4,17,32,11,19.2,16,TEAM-12-4,high,24.0
BAT-0003182,AVL-ABG,2024-02-05T18:00:00,2024-02-12T00:00:00,fixed_acoustic_station,19.8,6,13,5,7.1,11,TEAM-12-4,limited,4.4
BAT-0003183,AVL-ABG,2024-03-05T18:00:00,2024-03-12T00:00:00,acoustic_and_visual,38.7,8,18,12,8.6,7,TEAM-12-4,high,7.3
BAT-0003184,AVL-ABG,2024-04-05T18:00:00,2024-04-12T00:00:00,acoustic_and_visual,34.5,14,15,8,11.6,9,TEAM-12-4,high,29.2
BAT-0003185,AVL-ABG,2024-05-05T18:00:00,2024-05-12T00:00:00,fixed_acoustic_station,32.2,18,22,10,14.5,7,TEAM-12-4,high,28.6
BAT-0003186,AVL-ABG,2024-06-05T18:00:00,2024-06-12T00:00:00,acoustic_transect,30.4,9,14,14,11.9,7,TEAM-12-4,acceptable,45.8
BAT-0003187,AVL-ABG,2024-07-05T18:00:00,2024-07-12T00:00:00,acoustic_transect,29.1,20,9,13,24.7,8,TEAM-12-4,acceptable,56.4
BAT-0003188,AVL-ABG,2024-08-05T18:00:00,2024-08-12T00:00:00,fixed_acoustic_station,20.7,4,4,6,4.8,7,TEAM-12-4,limited,74.7
BAT-0003189,AVL-ABG,2024-09-05T18:00:00,2024-09-12T00:00:00,acoustic_and_visual,27.3,13,16,10,13.4,12,TEAM-12-4,high,51.9
BAT-0003190,AVL-ABG,2024-10-05T18:00:00,2024-10-12T00:00:00,fixed_acoustic_station,28.8,11,17,19,15.7,10,TEAM-12-4,acceptable,45.4
BAT-0003191,AVL-ABG,2024-11-05T18:00:00,2024-11-12T00:00:00,fixed_acoustic_station,24.4,8,11,5,11.8,14,TEAM-12-4,acceptable,39.0
BAT-0003192,AVL-ABG,2024-12-05T18:00:00,2024-12-12T00:00:00,fixed_acoustic_station,27.8,11,24,5,10.3,11,TEAM-12-4,high,31.6
BAT-0003193,AVL-ABG,2025-01-05T18:00:00,2025-01-12T00:00:00,acoustic_transect,35.1,13,17,15,14.7,11,TEAM-12-4,acceptable,30.8
BAT-0003194,AVL-ABG,2025-02-05T18:00:00,2025-02-12T00:00:00,fixed_acoustic_station,29.7,11,9,10,14.5,10,TEAM-12-4,acceptable,32.6
BAT-0003195,AVL-ABG,2025-03-05T18:00:00,2025-03-12T00:00:00,fixed_acoustic_station,35.0,10,20,19,10.1,14,TEAM-12-4,high,11.5
BAT-0003196,AVL-ABG,2025-04-05T18:00:00,2025-04-12T00:00:00,acoustic_transect,34.5,10,33,11,9.8,6,TEAM-12-4,high,21.2
BAT-0003197,AVL-ABG,2025-05-05T18:00:00,2025-05-12T00:00:00,acoustic_and_visual,37.4,9,29,8,7.3,8,TEAM-12-4,high,24.1
BAT-0003198,AVL-ABG,2025-06-05T18:00:00,2025-06-12T00:00:00,fixed_acoustic_station,32.3,17,27,9,17.7,7,TEAM-12-4,high,49.8
BAT-0003199,AVL-SEY,2019-01-05T18:00:00,2019-01-12T00:00:00,fixed_acoustic_station,40.0,12,18,5,12.4,13,TEAM-12-5,high,8.8
BAT-0003200,AVL-SEY,2019-02-05T18:00:00,2019-02-12T00:00:00,fixed_acoustic_station,32.5,8,21,7,10.2,10,TEAM-12-5,high,12.3
BAT-0003201,AVL-SEY,2019-03-05T18:00:00,2019-03-12T00:00:00,acoustic_transect,20.0,9,15,5,8.2,11,TEAM-12-5,acceptable,40.2
BAT-0003202,AVL-SEY,2019-04-05T18:00:00,2019-04-12T00:00:00,fixed_acoustic_station,35.9,18,28,13,14.5,12,TEAM-12-5,high,24.2
BAT-0003203,AVL-SEY,2019-05-05T18:00:00,2019-05-12T00:00:00,acoustic_transect,33.1,6,27,5,6.0,13,TEAM-12-5,high,22.1
BAT-0003204,AVL-SEY,2019-06-05T18:00:00,2019-06-12T00:00:00,fixed_acoustic_station,26.0,2,21,5,3.0,7,TEAM-12-5,high,41.2
BAT-0003205,AVL-SEY,2019-07-05T18:00:00,2019-07-12T00:00:00,acoustic_and_visual,23.4,6,13,6,8.9,16,TEAM-12-5,acceptable,51.3
BAT-0003206,AVL-SEY,2019-08-05T18:00:00,2019-08-12T00:00:00,fixed_acoustic_station,30.2,8,14,7,6.2,7,TEAM-12-5,high,30.9
BAT-0003207,AVL-SEY,2019-09-05T18:00:00,2019-09-12T00:00:00,acoustic_and_visual,26.0,5,7,5,8.4,14,TEAM-12-5,high,44.3
BAT-0003208,AVL-SEY,2019-10-05T18:00:00,2019-10-12T00:00:00,acoustic_transect,22.2,1,2,1,2.3,12,TEAM-12-5,acceptable,59.1
BAT-0003209,AVL-SEY,2019-11-05T18:00:00,2019-11-12T00:00:00,fixed_acoustic_station,29.0,10,14,4,10.5,13,TEAM-12-5,acceptable,43.3
BAT-0003210,AVL-SEY,2019-12-05T18:00:00,2019-12-12T00:00:00,acoustic_and_visual,24.5,6,11,5,8.5,11,TEAM-12-5,acceptable,38.3
BAT-0003211,AVL-SEY,2020-01-05T18:00:00,2020-01-12T00:00:00,acoustic_transect,36.2,7,18,5,12.0,10,TEAM-12-5,high,25.7
BAT-0003212,AVL-SEY,2020-02-05T18:00:00,2020-02-12T00:00:00,acoustic_transect,38.3,10,19,15,14.7,8,TEAM-12-5,high,16.5
BAT-0003213,AVL-SEY,2020-03-05T18:00:00,2020-03-12T00:00:00,acoustic_transect,35.6,19,25,13,22.5,14,TEAM-12-5,high,7.6
BAT-0003214,AVL-SEY,2020-04-05T18:00:00,2020-04-12T00:00:00,acoustic_and_visual,40.5,14,27,11,13.8,9,TEAM-12-5,high,11.4
BAT-0003215,AVL-SEY,2020-05-05T18:00:00,2020-05-12T00:00:00,acoustic_and_visual,29.8,13,17,9,15.7,7,TEAM-12-5,acceptable,29.3
BAT-0003216,AVL-SEY,2020-06-05T18:00:00,2020-06-12T00:00:00,acoustic_and_visual,37.7,10,19,6,13.4,8,TEAM-12-5,high,23.0
BAT-0003217,AVL-SEY,2020-07-05T18:00:00,2020-07-12T00:00:00,fixed_acoustic_station,23.6,8,14,8,8.6,10,TEAM-12-5,high,47.0
BAT-0003218,AVL-SEY,2020-08-05T18:00:00,2020-08-12T00:00:00,acoustic_and_visual,31.1,8,16,5,10.1,15,TEAM-12-5,high,40.6
BAT-0003219,AVL-SEY,2020-09-05T18:00:00,2020-09-12T00:00:00,acoustic_transect,18.1,2,6,3,0.0,14,TEAM-12-5,acceptable,65.0
BAT-0003220,AVL-SEY,2020-10-05T18:00:00,2020-10-12T00:00:00,acoustic_and_visual,24.9,6,8,4,4.1,14,TEAM-12-5,high,66.0
BAT-0003221,AVL-SEY,2020-11-05T18:00:00,2020-11-12T00:00:00,acoustic_transect,30.2,11,10,5,15.3,13,TEAM-12-5,high,32.6
BAT-0003222,AVL-SEY,2020-12-05T18:00:00,2020-12-12T00:00:00,acoustic_transect,35.2,7,9,7,10.5,12,TEAM-12-5,high,30.1
BAT-0003223,AVL-SEY,2021-01-05T18:00:00,2021-01-12T00:00:00,fixed_acoustic_station,35.5,17,12,6,20.5,14,TEAM-12-5,high,41.0
BAT-0003224,AVL-SEY,2021-02-05T18:00:00,2021-02-12T00:00:00,fixed_acoustic_station,34.4,16,22,12,17.5,13,TEAM-12-5,high,18.2
BAT-0003225,AVL-SEY,2021-03-05T18:00:00,2021-03-12T00:00:00,acoustic_and_visual,37.9,13,15,16,12.5,11,TEAM-12-5,high,20.2
BAT-0003226,AVL-SEY,2021-04-05T18:00:00,2021-04-12T00:00:00,fixed_acoustic_station,36.0,23,19,14,25.8,10,TEAM-12-5,high,17.8
BAT-0003227,AVL-SEY,2021-05-05T18:00:00,2021-05-12T00:00:00,acoustic_transect,26.0,11,17,9,11.0,15,TEAM-12-5,acceptable,33.5
BAT-0003228,AVL-SEY,2021-06-05T18:00:00,2021-06-12T00:00:00,fixed_acoustic_station,32.8,8,24,9,9.8,13,TEAM-12-5,high,22.7
BAT-0003229,AVL-SEY,2021-07-05T18:00:00,2021-07-12T00:00:00,acoustic_transect,26.2,11,8,6,10.7,18,TEAM-12-5,acceptable,50.4
BAT-0003230,AVL-SEY,2021-08-05T18:00:00,2021-08-12T00:00:00,acoustic_transect,29.8,7,11,7,7.3,18,TEAM-12-5,high,34.6
BAT-0003231,AVL-SEY,2021-09-05T18:00:00,2021-09-12T00:00:00,acoustic_transect,30.2,4,10,2,1.7,16,TEAM-12-5,acceptable,47.2
BAT-0003232,AVL-SEY,2021-10-05T18:00:00,2021-10-12T00:00:00,acoustic_and_visual,26.5,4,9,5,5.9,5,TEAM-12-5,acceptable,50.1
BAT-0003233,AVL-SEY,2021-11-05T18:00:00,2021-11-12T00:00:00,acoustic_and_visual,26.8,11,8,7,12.8,13,TEAM-12-5,acceptable,58.7
BAT-0003234,AVL-SEY,2021-12-05T18:00:00,2021-12-12T00:00:00,acoustic_and_visual,31.3,4,19,8,3.2,8,TEAM-12-5,high,27.6
BAT-0003235,AVL-SEY,2022-01-05T18:00:00,2022-01-12T00:00:00,fixed_acoustic_station,28.1,7,14,4,8.7,7,TEAM-12-5,high,26.6
BAT-0003236,AVL-SEY,2022-02-05T18:00:00,2022-02-12T00:00:00,fixed_acoustic_station,32.0,11,17,6,16.1,17,TEAM-12-5,acceptable,40.0
BAT-0003237,AVL-SEY,2022-03-05T18:00:00,2022-03-12T00:00:00,fixed_acoustic_station,32.3,20,19,6,26.3,9,TEAM-12-5,acceptable,26.7
BAT-0003238,AVL-SEY,2022-04-05T18:00:00,2022-04-12T00:00:00,acoustic_and_visual,29.0,18,20,12,18.7,8,TEAM-12-5,high,36.2
BAT-0003239,AVL-SEY,2022-05-05T18:00:00,2022-05-12T00:00:00,acoustic_transect,32.8,8,26,6,6.7,8,TEAM-12-5,acceptable,28.2
BAT-0003240,AVL-SEY,2022-06-05T18:00:00,2022-06-12T00:00:00,acoustic_and_visual,32.9,8,20,8,9.9,15,TEAM-12-5,high,37.3
BAT-0003241,AVL-SEY,2022-07-05T18:00:00,2022-07-12T00:00:00,acoustic_transect,36.4,13,13,8,13.6,14,TEAM-12-5,acceptable,50.7
BAT-0003242,AVL-SEY,2022-08-05T18:00:00,2022-08-12T00:00:00,acoustic_and_visual,17.3,3,3,2,0.4,18,TEAM-12-5,acceptable,50.4
BAT-0003243,AVL-SEY,2022-09-05T18:00:00,2022-09-12T00:00:00,fixed_acoustic_station,23.1,5,9,1,3.3,9,TEAM-12-5,acceptable,71.1
BAT-0003244,AVL-SEY,2022-10-05T18:00:00,2022-10-12T00:00:00,acoustic_and_visual,23.0,5,14,6,7.3,12,TEAM-12-5,high,50.9
BAT-0003245,AVL-SEY,2022-11-05T18:00:00,2022-11-12T00:00:00,acoustic_transect,21.9,4,8,8,4.5,8,TEAM-12-5,acceptable,56.5
BAT-0003246,AVL-SEY,2022-12-05T18:00:00,2022-12-12T00:00:00,acoustic_and_visual,36.6,8,15,12,9.4,9,TEAM-12-5,high,27.7
BAT-0003247,AVL-SEY,2023-01-05T18:00:00,2023-01-12T00:00:00,acoustic_and_visual,26.2,3,10,3,1.7,11,TEAM-12-5,acceptable,22.1
BAT-0003248,AVL-SEY,2023-02-05T18:00:00,2023-02-12T00:00:00,fixed_acoustic_station,38.9,9,21,6,11.5,10,TEAM-12-5,high,20.8
BAT-0003249,AVL-SEY,2023-03-05T18:00:00,2023-03-12T00:00:00,acoustic_transect,30.2,20,25,8,19.6,9,TEAM-12-5,high,18.9
BAT-0003250,AVL-SEY,2023-04-05T18:00:00,2023-04-12T00:00:00,acoustic_transect,30.2,9,23,14,11.5,12,TEAM-12-5,high,21.5
BAT-0003251,AVL-SEY,2023-05-05T18:00:00,2023-05-12T00:00:00,fixed_acoustic_station,23.3,5,19,6,6.3,14,TEAM-12-5,high,41.1
BAT-0003252,AVL-SEY,2023-06-05T18:00:00,2023-06-12T00:00:00,fixed_acoustic_station,27.9,15,13,4,17.4,15,TEAM-12-5,acceptable,46.4
BAT-0003253,AVL-SEY,2023-07-05T18:00:00,2023-07-12T00:00:00,acoustic_and_visual,31.0,13,10,11,15.6,12,TEAM-12-5,acceptable,44.2
BAT-0003254,AVL-SEY,2023-08-05T18:00:00,2023-08-12T00:00:00,acoustic_transect,29.2,7,6,2,7.9,10,TEAM-12-5,acceptable,53.7
BAT-0003255,AVL-SEY,2023-09-05T18:00:00,2023-09-12T00:00:00,acoustic_transect,27.4,3,8,1,3.2,3,TEAM-12-5,high,51.4
BAT-0003256,AVL-SEY,2023-10-05T18:00:00,2023-10-12T00:00:00,acoustic_and_visual,24.4,3,9,4,1.5,12,TEAM-12-5,high,58.2
BAT-0003257,AVL-SEY,2023-11-05T18:00:00,2023-11-12T00:00:00,fixed_acoustic_station,26.0,4,8,2,4.7,14,TEAM-12-5,high,54.1
BAT-0003258,AVL-SEY,2023-12-05T18:00:00,2023-12-12T00:00:00,acoustic_and_visual,36.0,7,13,3,9.6,7,TEAM-12-5,acceptable,30.3
BAT-0003259,AVL-SEY,2024-01-05T18:00:00,2024-01-12T00:00:00,fixed_acoustic_station,36.6,10,21,7,9.7,7,TEAM-12-5,high,23.2
BAT-0003260,AVL-SEY,2024-02-05T18:00:00,2024-02-12T00:00:00,acoustic_and_visual,31.7,11,13,5,14.2,8,TEAM-12-5,acceptable,19.0
BAT-0003261,AVL-SEY,2024-03-05T18:00:00,2024-03-12T00:00:00,fixed_acoustic_station,32.7,8,24,7,9.2,10,TEAM-12-5,high,14.9
BAT-0003262,AVL-SEY,2024-04-05T18:00:00,2024-04-12T00:00:00,acoustic_and_visual,30.6,16,23,19,16.1,8,TEAM-12-5,high,17.7
BAT-0003263,AVL-SEY,2024-05-05T18:00:00,2024-05-12T00:00:00,acoustic_transect,31.0,6,19,3,7.4,15,TEAM-12-5,acceptable,25.1
BAT-0003264,AVL-SEY,2024-06-05T18:00:00,2024-06-12T00:00:00,fixed_acoustic_station,29.1,7,8,8,7.9,10,TEAM-12-5,acceptable,49.0
BAT-0003265,AVL-SEY,2024-07-05T18:00:00,2024-07-12T00:00:00,acoustic_and_visual,10.5,7,6,3,7.3,13,TEAM-12-5,limited,51.3
BAT-0003266,AVL-SEY,2024-08-05T18:00:00,2024-08-12T00:00:00,fixed_acoustic_station,22.0,7,10,7,5.4,10,TEAM-12-5,acceptable,69.9
BAT-0003267,AVL-SEY,2024-09-05T18:00:00,2024-09-12T00:00:00,fixed_acoustic_station,31.4,5,9,2,3.8,8,TEAM-12-5,acceptable,54.1
BAT-0003268,AVL-SEY,2024-10-05T18:00:00,2024-10-12T00:00:00,acoustic_and_visual,22.3,4,3,4,6.3,9,TEAM-12-5,acceptable,70.5
BAT-0003269,AVL-SEY,2024-11-05T18:00:00,2024-11-12T00:00:00,fixed_acoustic_station,31.6,10,10,10,11.1,9,TEAM-12-5,high,39.4
BAT-0003270,AVL-SEY,2024-12-05T18:00:00,2024-12-12T00:00:00,fixed_acoustic_station,40.6,8,11,7,7.8,6,TEAM-12-5,high,38.1
BAT-0003271,AVL-SEY,2025-01-05T18:00:00,2025-01-12T00:00:00,fixed_acoustic_station,32.3,9,9,11,8.6,13,TEAM-12-5,high,23.5
BAT-0003272,AVL-SEY,2025-02-05T18:00:00,2025-02-12T00:00:00,acoustic_transect,29.8,14,27,8,17.7,10,TEAM-12-5,high,12.0
BAT-0003273,AVL-SEY,2025-03-05T18:00:00,2025-03-12T00:00:00,fixed_acoustic_station,37.8,13,22,10,15.1,12,TEAM-12-5,acceptable,13.1
BAT-0003274,AVL-SEY,2025-04-05T18:00:00,2025-04-12T00:00:00,acoustic_and_visual,32.8,15,18,10,14.3,11,TEAM-12-5,acceptable,26.7
BAT-0003275,AVL-SEY,2025-05-05T18:00:00,2025-05-12T00:00:00,acoustic_and_visual,33.4,8,17,6,8.8,8,TEAM-12-5,high,25.8
BAT-0003276,AVL-SEY,2025-06-05T18:00:00,2025-06-12T00:00:00,fixed_acoustic_station,30.1,11,16,8,14.3,12,TEAM-12-5,acceptable,37.5
BAT-0003277,AVL-HUA,2019-01-05T18:00:00,2019-01-12T00:00:00,fixed_acoustic_station,31.9,6,10,8,9.1,8,TEAM-12-1,acceptable,36.0
BAT-0003278,AVL-HUA,2019-02-05T18:00:00,2019-02-12T00:00:00,fixed_acoustic_station,30.9,7,9,11,5.3,9,TEAM-12-1,high,34.9
BAT-0003279,AVL-HUA,2019-03-05T18:00:00,2019-03-12T00:00:00,fixed_acoustic_station,35.7,8,15,5,8.1,11,TEAM-12-1,acceptable,16.5
BAT-0003280,AVL-HUA,2019-04-05T18:00:00,2019-04-12T00:00:00,acoustic_transect,38.8,16,31,8,13.3,10,TEAM-12-1,high,7.5
BAT-0003281,AVL-HUA,2019-05-05T18:00:00,2019-05-12T00:00:00,acoustic_transect,25.8,16,20,8,19.5,10,TEAM-12-1,high,36.0
BAT-0003282,AVL-HUA,2019-06-05T18:00:00,2019-06-12T00:00:00,fixed_acoustic_station,31.3,22,15,12,20.5,9,TEAM-12-1,acceptable,31.7
BAT-0003283,AVL-HUA,2019-07-05T18:00:00,2019-07-12T00:00:00,fixed_acoustic_station,30.1,9,14,6,10.5,8,TEAM-12-1,high,50.6
BAT-0003284,AVL-HUA,2019-08-05T18:00:00,2019-08-12T00:00:00,acoustic_and_visual,31.5,8,9,1,10.1,11,TEAM-12-1,high,52.2
BAT-0003285,AVL-HUA,2019-09-05T18:00:00,2019-09-12T00:00:00,fixed_acoustic_station,27.3,6,6,5,7.0,11,TEAM-12-1,acceptable,50.1
BAT-0003286,AVL-HUA,2019-10-05T18:00:00,2019-10-12T00:00:00,acoustic_transect,23.6,10,10,6,7.6,10,TEAM-12-1,acceptable,60.3
BAT-0003287,AVL-HUA,2019-11-05T18:00:00,2019-11-12T00:00:00,fixed_acoustic_station,29.5,7,7,5,8.4,8,TEAM-12-1,high,48.8
BAT-0003288,AVL-HUA,2019-12-05T18:00:00,2019-12-12T00:00:00,fixed_acoustic_station,29.1,7,10,7,4.7,7,TEAM-12-1,acceptable,57.0
BAT-0003289,AVL-HUA,2020-01-05T18:00:00,2020-01-12T00:00:00,acoustic_transect,28.2,6,10,4,9.5,10,TEAM-12-1,acceptable,34.2
BAT-0003290,AVL-HUA,2020-02-05T18:00:00,2020-02-12T00:00:00,acoustic_and_visual,38.9,12,14,8,12.7,6,TEAM-12-1,high,9.8
BAT-0003291,AVL-HUA,2020-03-05T18:00:00,2020-03-12T00:00:00,acoustic_transect,35.5,17,28,10,21.6,7,TEAM-12-1,acceptable,10.1
BAT-0003292,AVL-HUA,2020-04-05T18:00:00,2020-04-12T00:00:00,acoustic_and_visual,43.7,15,35,15,15.1,7,TEAM-12-1,high,19.8
BAT-0003293,AVL-HUA,2020-05-05T18:00:00,2020-05-12T00:00:00,fixed_acoustic_station,35.1,11,13,4,9.8,4,TEAM-12-1,high,27.1
BAT-0003294,AVL-HUA,2020-06-05T18:00:00,2020-06-12T00:00:00,acoustic_transect,33.3,7,21,3,9.2,7,TEAM-12-1,high,23.1
BAT-0003295,AVL-HUA,2020-07-05T18:00:00,2020-07-12T00:00:00,acoustic_and_visual,26.0,12,13,5,13.0,6,TEAM-12-1,acceptable,45.4
BAT-0003296,AVL-HUA,2020-08-05T18:00:00,2020-08-12T00:00:00,acoustic_transect,23.7,5,10,5,3.8,10,TEAM-12-1,high,60.4
BAT-0003297,AVL-HUA,2020-09-05T18:00:00,2020-09-12T00:00:00,acoustic_transect,30.2,5,9,3,3.4,10,TEAM-12-1,acceptable,33.9
BAT-0003298,AVL-HUA,2020-10-05T18:00:00,2020-10-12T00:00:00,fixed_acoustic_station,10.7,3,8,1,2.3,6,TEAM-12-1,acceptable,67.7
BAT-0003299,AVL-HUA,2020-11-05T18:00:00,2020-11-12T00:00:00,fixed_acoustic_station,25.5,6,5,5,10.1,5,TEAM-12-1,high,62.2
BAT-0003300,AVL-HUA,2020-12-05T18:00:00,2020-12-12T00:00:00,fixed_acoustic_station,14.0,2,2,4,2.0,8,TEAM-12-1,limited,46.5
BAT-0003301,AVL-HUA,2021-01-05T18:00:00,2021-01-12T00:00:00,fixed_acoustic_station,28.3,8,10,4,7.1,12,TEAM-12-1,high,37.2
BAT-0003302,AVL-HUA,2021-02-05T18:00:00,2021-02-12T00:00:00,acoustic_transect,31.2,11,19,11,11.1,11,TEAM-12-1,high,29.5
BAT-0003303,AVL-HUA,2021-03-05T18:00:00,2021-03-12T00:00:00,acoustic_transect,38.4,17,20,9,17.6,12,TEAM-12-1,high,25.1
BAT-0003304,AVL-HUA,2021-04-05T18:00:00,2021-04-12T00:00:00,acoustic_transect,39.7,11,14,9,10.7,7,TEAM-12-1,high,18.6
BAT-0003305,AVL-HUA,2021-05-05T18:00:00,2021-05-12T00:00:00,fixed_acoustic_station,34.3,7,17,5,7.8,8,TEAM-12-1,high,27.4
BAT-0003306,AVL-HUA,2021-06-05T18:00:00,2021-06-12T00:00:00,fixed_acoustic_station,34.3,24,27,14,25.8,14,TEAM-12-1,acceptable,33.1
BAT-0003307,AVL-HUA,2021-07-05T18:00:00,2021-07-12T00:00:00,fixed_acoustic_station,32.4,11,12,5,9.3,15,TEAM-12-1,high,30.1
BAT-0003308,AVL-HUA,2021-08-05T18:00:00,2021-08-12T00:00:00,acoustic_transect,26.5,2,5,1,2.0,2,TEAM-12-1,acceptable,54.3
BAT-0003309,AVL-HUA,2021-09-05T18:00:00,2021-09-12T00:00:00,fixed_acoustic_station,24.3,8,12,3,9.5,13,TEAM-12-1,acceptable,50.5
BAT-0003310,AVL-HUA,2021-10-05T18:00:00,2021-10-12T00:00:00,fixed_acoustic_station,27.0,8,8,11,8.1,12,TEAM-12-1,acceptable,50.5
BAT-0003311,AVL-HUA,2021-11-05T18:00:00,2021-11-12T00:00:00,acoustic_and_visual,28.0,4,12,4,10.0,15,TEAM-12-1,high,35.4
BAT-0003312,AVL-HUA,2021-12-05T18:00:00,2021-12-12T00:00:00,acoustic_and_visual,33.8,5,12,7,6.8,14,TEAM-12-1,acceptable,33.7
BAT-0003313,AVL-HUA,2022-01-05T18:00:00,2022-01-12T00:00:00,acoustic_and_visual,36.9,12,13,12,17.4,11,TEAM-12-1,high,20.4
BAT-0003314,AVL-HUA,2022-02-05T18:00:00,2022-02-12T00:00:00,acoustic_transect,27.0,6,10,3,8.0,10,TEAM-12-1,acceptable,30.0
BAT-0003315,AVL-HUA,2022-03-05T18:00:00,2022-03-12T00:00:00,acoustic_transect,35.6,11,19,8,10.0,7,TEAM-12-1,high,20.8
BAT-0003316,AVL-HUA,2022-04-05T18:00:00,2022-04-12T00:00:00,fixed_acoustic_station,36.9,7,12,11,9.8,7,TEAM-12-1,high,20.4
BAT-0003317,AVL-HUA,2022-05-05T18:00:00,2022-05-12T00:00:00,acoustic_transect,35.4,14,24,10,16.5,8,TEAM-12-1,high,21.4
BAT-0003318,AVL-HUA,2022-06-05T18:00:00,2022-06-12T00:00:00,fixed_acoustic_station,33.1,10,29,8,7.1,11,TEAM-12-1,high,30.7
BAT-0003319,AVL-HUA,2022-07-05T18:00:00,2022-07-12T00:00:00,acoustic_transect,28.2,9,9,7,8.1,17,TEAM-12-1,high,40.8
BAT-0003320,AVL-HUA,2022-08-05T18:00:00,2022-08-12T00:00:00,acoustic_and_visual,19.8,6,10,7,8.8,12,TEAM-12-1,high,74.4
BAT-0003321,AVL-HUA,2022-09-05T18:00:00,2022-09-12T00:00:00,acoustic_and_visual,29.8,8,17,5,5.4,7,TEAM-12-1,high,46.0
BAT-0003322,AVL-HUA,2022-10-05T18:00:00,2022-10-12T00:00:00,fixed_acoustic_station,30.6,9,12,3,9.7,10,TEAM-12-1,high,59.1
BAT-0003323,AVL-HUA,2022-11-05T18:00:00,2022-11-12T00:00:00,fixed_acoustic_station,37.3,10,15,11,12.0,7,TEAM-12-1,high,33.9
BAT-0003324,AVL-HUA,2022-12-05T18:00:00,2022-12-12T00:00:00,acoustic_and_visual,37.1,3,11,8,5.3,7,TEAM-12-1,high,23.7
BAT-0003325,AVL-HUA,2023-01-05T18:00:00,2023-01-12T00:00:00,fixed_acoustic_station,26.4,10,21,12,11.0,9,TEAM-12-1,high,43.1
BAT-0003326,AVL-HUA,2023-02-05T18:00:00,2023-02-12T00:00:00,acoustic_and_visual,40.9,8,16,10,12.3,9,TEAM-12-1,high,12.2
BAT-0003327,AVL-HUA,2023-03-05T18:00:00,2023-03-12T00:00:00,acoustic_and_visual,35.2,12,15,11,12.3,10,TEAM-12-1,acceptable,11.5
BAT-0003328,AVL-HUA,2023-04-05T18:00:00,2023-04-12T00:00:00,acoustic_and_visual,32.8,13,16,9,13.5,5,TEAM-12-1,acceptable,30.1
BAT-0003329,AVL-HUA,2023-05-05T18:00:00,2023-05-12T00:00:00,acoustic_and_visual,27.6,8,25,11,9.6,6,TEAM-12-1,high,25.3
BAT-0003330,AVL-HUA,2023-06-05T18:00:00,2023-06-12T00:00:00,acoustic_and_visual,28.2,13,21,8,12.7,13,TEAM-12-1,high,50.6
BAT-0003331,AVL-HUA,2023-07-05T18:00:00,2023-07-12T00:00:00,acoustic_transect,32.3,6,21,7,5.5,9,TEAM-12-1,high,44.5
BAT-0003332,AVL-HUA,2023-08-05T18:00:00,2023-08-12T00:00:00,fixed_acoustic_station,25.6,8,5,6,12.5,6,TEAM-12-1,acceptable,51.7
BAT-0003333,AVL-HUA,2023-09-05T18:00:00,2023-09-12T00:00:00,acoustic_and_visual,27.3,10,9,5,14.0,12,TEAM-12-1,acceptable,53.6
BAT-0003334,AVL-HUA,2023-10-05T18:00:00,2023-10-12T00:00:00,acoustic_transect,26.3,3,15,6,0.6,9,TEAM-12-1,high,59.2
BAT-0003335,AVL-HUA,2023-11-05T18:00:00,2023-11-12T00:00:00,fixed_acoustic_station,26.4,7,12,1,7.4,5,TEAM-12-1,high,47.3
BAT-0003336,AVL-HUA,2023-12-05T18:00:00,2023-12-12T00:00:00,fixed_acoustic_station,30.1,6,4,4,6.7,8,TEAM-12-1,high,39.5
BAT-0003337,AVL-HUA,2024-01-05T18:00:00,2024-01-12T00:00:00,acoustic_transect,28.4,9,13,6,8.9,3,TEAM-12-1,high,27.7
BAT-0003338,AVL-HUA,2024-02-05T18:00:00,2024-02-12T00:00:00,fixed_acoustic_station,38.1,9,14,6,8.8,8,TEAM-12-1,high,15.6
BAT-0003339,AVL-HUA,2024-03-05T18:00:00,2024-03-12T00:00:00,fixed_acoustic_station,32.6,12,23,8,13.8,7,TEAM-12-1,high,22.9
BAT-0003340,AVL-HUA,2024-04-05T18:00:00,2024-04-12T00:00:00,acoustic_and_visual,29.8,11,13,7,12.0,8,TEAM-12-1,acceptable,40.9
BAT-0003341,AVL-HUA,2024-05-05T18:00:00,2024-05-12T00:00:00,fixed_acoustic_station,31.6,17,18,6,21.3,7,TEAM-12-1,high,38.5
BAT-0003342,AVL-HUA,2024-06-05T18:00:00,2024-06-12T00:00:00,acoustic_transect,31.3,13,18,5,12.0,4,TEAM-12-1,high,22.9
BAT-0003343,AVL-HUA,2024-07-05T18:00:00,2024-07-12T00:00:00,fixed_acoustic_station,21.5,2,1,1,0.0,6,TEAM-12-1,limited,45.5
BAT-0003344,AVL-HUA,2024-08-05T18:00:00,2024-08-12T00:00:00,acoustic_and_visual,29.5,8,8,4,9.2,5,TEAM-12-1,acceptable,48.4
BAT-0003345,AVL-HUA,2024-09-05T18:00:00,2024-09-12T00:00:00,acoustic_and_visual,30.6,5,9,8,8.9,10,TEAM-12-1,high,50.3
BAT-0003346,AVL-HUA,2024-10-05T18:00:00,2024-10-12T00:00:00,acoustic_transect,28.3,3,9,8,1.1,3,TEAM-12-1,high,48.0
BAT-0003347,AVL-HUA,2024-11-05T18:00:00,2024-11-12T00:00:00,acoustic_and_visual,28.8,5,9,5,2.7,9,TEAM-12-1,acceptable,36.1
BAT-0003348,AVL-HUA,2024-12-05T18:00:00,2024-12-12T00:00:00,fixed_acoustic_station,35.6,7,10,5,6.4,7,TEAM-12-1,high,29.1
BAT-0003349,AVL-HUA,2025-01-05T18:00:00,2025-01-12T00:00:00,acoustic_transect,28.5,6,6,8,7.6,7,TEAM-12-1,high,33.4
BAT-0003350,AVL-HUA,2025-02-05T18:00:00,2025-02-12T00:00:00,acoustic_and_visual,37.5,9,13,12,7.4,6,TEAM-12-1,high,30.7
BAT-0003351,AVL-HUA,2025-03-05T18:00:00,2025-03-12T00:00:00,fixed_acoustic_station,25.9,9,10,3,8.2,8,TEAM-12-1,high,15.3
BAT-0003352,AVL-HUA,2025-04-05T18:00:00,2025-04-12T00:00:00,acoustic_transect,37.4,16,20,8,16.8,10,TEAM-12-1,high,24.6
BAT-0003353,AVL-HUA,2025-05-05T18:00:00,2025-05-12T00:00:00,fixed_acoustic_station,33.2,9,16,12,9.5,5,TEAM-12-1,acceptable,30.7
BAT-0003354,AVL-HUA,2025-06-05T18:00:00,2025-06-12T00:00:00,acoustic_transect,36.2,9,20,6,11.8,22,TEAM-12-1,acceptable,44.2
BAT-0003355,AVL-FNM,2019-01-05T18:00:00,2019-01-12T00:00:00,acoustic_transect,33.2,10,28,6,13.4,10,TEAM-12-2,high,34.3
BAT-0003356,AVL-FNM,2019-02-05T18:00:00,2019-02-12T00:00:00,acoustic_and_visual,38.7,13,16,13,12.7,11,TEAM-12-2,acceptable,15.2
BAT-0003357,AVL-FNM,2019-03-05T18:00:00,2019-03-12T00:00:00,fixed_acoustic_station,34.3,13,19,6,13.4,5,TEAM-12-2,acceptable,16.0
BAT-0003358,AVL-FNM,2019-04-05T18:00:00,2019-04-12T00:00:00,acoustic_transect,29.2,12,11,3,15.0,7,TEAM-12-2,acceptable,34.7
BAT-0003359,AVL-FNM,2019-05-05T18:00:00,2019-05-12T00:00:00,acoustic_transect,38.3,14,25,8,18.2,10,TEAM-12-2,high,25.6
BAT-0003360,AVL-FNM,2019-06-05T18:00:00,2019-06-12T00:00:00,fixed_acoustic_station,28.9,10,15,11,11.5,8,TEAM-12-2,acceptable,36.7
BAT-0003361,AVL-FNM,2019-07-05T18:00:00,2019-07-12T00:00:00,acoustic_and_visual,25.8,14,11,4,16.2,8,TEAM-12-2,acceptable,53.2
BAT-0003362,AVL-FNM,2019-08-05T18:00:00,2019-08-12T00:00:00,acoustic_and_visual,15.4,8,6,4,10.5,3,TEAM-12-2,limited,55.0
BAT-0003363,AVL-FNM,2019-09-05T18:00:00,2019-09-12T00:00:00,acoustic_and_visual,26.8,12,19,4,16.7,11,TEAM-12-2,acceptable,58.6
BAT-0003364,AVL-FNM,2019-10-05T18:00:00,2019-10-12T00:00:00,acoustic_transect,31.8,6,16,13,3.5,12,TEAM-12-2,high,48.4
BAT-0003365,AVL-FNM,2019-11-05T18:00:00,2019-11-12T00:00:00,acoustic_and_visual,22.5,7,16,8,8.7,9,TEAM-12-2,high,52.6
BAT-0003366,AVL-FNM,2019-12-05T18:00:00,2019-12-12T00:00:00,acoustic_transect,20.5,8,15,4,8.4,11,TEAM-12-2,high,53.5
BAT-0003367,AVL-FNM,2020-01-05T18:00:00,2020-01-12T00:00:00,fixed_acoustic_station,30.5,13,16,6,15.8,10,TEAM-12-2,high,43.6
BAT-0003368,AVL-FNM,2020-02-05T18:00:00,2020-02-12T00:00:00,acoustic_transect,24.5,9,9,4,11.2,5,TEAM-12-2,acceptable,25.4
BAT-0003369,AVL-FNM,2020-03-05T18:00:00,2020-03-12T00:00:00,acoustic_and_visual,30.1,21,21,11,22.5,16,TEAM-12-2,acceptable,23.0
BAT-0003370,AVL-FNM,2020-04-05T18:00:00,2020-04-12T00:00:00,fixed_acoustic_station,26.2,8,17,6,10.6,7,TEAM-12-2,high,43.0
BAT-0003371,AVL-FNM,2020-05-05T18:00:00,2020-05-12T00:00:00,acoustic_transect,30.1,15,18,2,16.3,11,TEAM-12-2,acceptable,11.1
BAT-0003372,AVL-FNM,2020-06-05T18:00:00,2020-06-12T00:00:00,fixed_acoustic_station,25.3,6,6,4,9.5,8,TEAM-12-2,acceptable,50.2
BAT-0003373,AVL-FNM,2020-07-05T18:00:00,2020-07-12T00:00:00,acoustic_transect,27.3,6,14,8,9.0,10,TEAM-12-2,high,38.9
BAT-0003374,AVL-FNM,2020-08-05T18:00:00,2020-08-12T00:00:00,fixed_acoustic_station,26.3,14,17,15,15.2,10,TEAM-12-2,high,53.9
BAT-0003375,AVL-FNM,2020-09-05T18:00:00,2020-09-12T00:00:00,acoustic_transect,26.1,9,15,9,10.4,10,TEAM-12-2,acceptable,65.8
BAT-0003376,AVL-FNM,2020-10-05T18:00:00,2020-10-12T00:00:00,acoustic_and_visual,24.5,9,21,7,16.1,5,TEAM-12-2,acceptable,47.0
BAT-0003377,AVL-FNM,2020-11-05T18:00:00,2020-11-12T00:00:00,fixed_acoustic_station,28.0,13,7,5,14.3,10,TEAM-12-2,acceptable,49.0
BAT-0003378,AVL-FNM,2020-12-05T18:00:00,2020-12-12T00:00:00,acoustic_and_visual,35.1,11,18,13,11.2,10,TEAM-12-2,high,31.1
BAT-0003379,AVL-FNM,2021-01-05T18:00:00,2021-01-12T00:00:00,fixed_acoustic_station,27.2,9,21,3,7.2,11,TEAM-12-2,high,41.8
BAT-0003380,AVL-FNM,2021-02-05T18:00:00,2021-02-12T00:00:00,acoustic_and_visual,34.1,16,19,10,20.4,10,TEAM-12-2,acceptable,32.8
BAT-0003381,AVL-FNM,2021-03-05T18:00:00,2021-03-12T00:00:00,acoustic_transect,38.1,12,14,2,18.0,9,TEAM-12-2,acceptable,26.6
BAT-0003382,AVL-FNM,2021-04-05T18:00:00,2021-04-12T00:00:00,fixed_acoustic_station,36.7,8,25,10,9.3,9,TEAM-12-2,acceptable,32.0
BAT-0003383,AVL-FNM,2021-05-05T18:00:00,2021-05-12T00:00:00,acoustic_and_visual,35.1,22,21,11,30.9,12,TEAM-12-2,high,16.2
BAT-0003384,AVL-FNM,2021-06-05T18:00:00,2021-06-12T00:00:00,acoustic_and_visual,37.3,8,15,8,7.4,9,TEAM-12-2,acceptable,22.4
BAT-0003385,AVL-FNM,2021-07-05T18:00:00,2021-07-12T00:00:00,acoustic_transect,30.7,14,15,6,15.9,10,TEAM-12-2,acceptable,54.4
BAT-0003386,AVL-FNM,2021-08-05T18:00:00,2021-08-12T00:00:00,acoustic_transect,26.3,12,17,9,16.0,13,TEAM-12-2,high,57.4
BAT-0003387,AVL-FNM,2021-09-05T18:00:00,2021-09-12T00:00:00,acoustic_transect,27.8,9,11,9,10.9,8,TEAM-12-2,acceptable,45.4
BAT-0003388,AVL-FNM,2021-10-05T18:00:00,2021-10-12T00:00:00,fixed_acoustic_station,18.1,7,18,10,7.4,15,TEAM-12-2,acceptable,56.3
BAT-0003389,AVL-FNM,2021-11-05T18:00:00,2021-11-12T00:00:00,acoustic_transect,21.1,8,10,6,6.9,9,TEAM-12-2,high,68.2
BAT-0003390,AVL-FNM,2021-12-05T18:00:00,2021-12-12T00:00:00,fixed_acoustic_station,27.8,10,18,10,7.6,10,TEAM-12-2,acceptable,38.2
BAT-0003391,AVL-FNM,2022-01-05T18:00:00,2022-01-12T00:00:00,fixed_acoustic_station,33.8,13,15,10,14.1,8,TEAM-12-2,acceptable,41.0
BAT-0003392,AVL-FNM,2022-02-05T18:00:00,2022-02-12T00:00:00,acoustic_transect,36.2,11,13,6,8.3,9,TEAM-12-2,acceptable,19.8
BAT-0003393,AVL-FNM,2022-03-05T18:00:00,2022-03-12T00:00:00,acoustic_transect,43.9,13,9,7,18.4,2,TEAM-12-2,acceptable,25.8
BAT-0003394,AVL-FNM,2022-04-05T18:00:00,2022-04-12T00:00:00,acoustic_transect,31.4,13,26,5,13.8,16,TEAM-12-2,high,34.1
BAT-0003395,AVL-FNM,2022-05-05T18:00:00,2022-05-12T00:00:00,acoustic_transect,31.8,15,18,6,17.0,8,TEAM-12-2,high,26.9
BAT-0003396,AVL-FNM,2022-06-05T18:00:00,2022-06-12T00:00:00,acoustic_transect,30.2,12,17,12,10.7,10,TEAM-12-2,acceptable,32.4
BAT-0003397,AVL-FNM,2022-07-05T18:00:00,2022-07-12T00:00:00,fixed_acoustic_station,24.8,11,12,9,13.9,12,TEAM-12-2,acceptable,55.2
BAT-0003398,AVL-FNM,2022-08-05T18:00:00,2022-08-12T00:00:00,acoustic_and_visual,22.6,10,11,7,15.7,12,TEAM-12-2,acceptable,72.7
BAT-0003399,AVL-FNM,2022-09-05T18:00:00,2022-09-12T00:00:00,acoustic_and_visual,23.2,10,8,8,8.7,12,TEAM-12-2,acceptable,56.3
BAT-0003400,AVL-FNM,2022-10-05T18:00:00,2022-10-12T00:00:00,acoustic_and_visual,25.9,7,22,6,8.2,11,TEAM-12-2,high,63.2
BAT-0003401,AVL-FNM,2022-11-05T18:00:00,2022-11-12T00:00:00,fixed_acoustic_station,30.2,18,24,12,22.2,17,TEAM-12-2,high,40.1
BAT-0003402,AVL-FNM,2022-12-05T18:00:00,2022-12-12T00:00:00,acoustic_and_visual,25.7,12,18,7,14.8,11,TEAM-12-2,high,58.3
BAT-0003403,AVL-FNM,2023-01-05T18:00:00,2023-01-12T00:00:00,acoustic_transect,32.8,13,21,14,11.6,8,TEAM-12-2,high,23.6
BAT-0003404,AVL-FNM,2023-02-05T18:00:00,2023-02-12T00:00:00,acoustic_transect,34.6,9,25,7,11.7,4,TEAM-12-2,high,25.9
BAT-0003405,AVL-FNM,2023-03-05T18:00:00,2023-03-12T00:00:00,acoustic_and_visual,33.8,11,19,8,10.6,10,TEAM-12-2,high,5.5
BAT-0003406,AVL-FNM,2023-04-05T18:00:00,2023-04-12T00:00:00,acoustic_and_visual,37.9,11,21,6,9.6,11,TEAM-12-2,high,11.1
BAT-0003407,AVL-FNM,2023-05-05T18:00:00,2023-05-12T00:00:00,fixed_acoustic_station,28.4,9,15,6,11.0,6,TEAM-12-2,high,31.9
BAT-0003408,AVL-FNM,2023-06-05T18:00:00,2023-06-12T00:00:00,fixed_acoustic_station,26.5,5,27,10,6.3,11,TEAM-12-2,high,39.6
BAT-0003409,AVL-FNM,2023-07-05T18:00:00,2023-07-12T00:00:00,acoustic_transect,32.0,8,26,6,9.5,11,TEAM-12-2,high,38.8
BAT-0003410,AVL-FNM,2023-08-05T18:00:00,2023-08-12T00:00:00,acoustic_transect,36.4,18,14,11,17.8,6,TEAM-12-2,acceptable,52.0
BAT-0003411,AVL-FNM,2023-09-05T18:00:00,2023-09-12T00:00:00,acoustic_transect,27.5,14,9,9,15.3,11,TEAM-12-2,acceptable,53.8
BAT-0003412,AVL-FNM,2023-10-05T18:00:00,2023-10-12T00:00:00,acoustic_and_visual,26.8,14,15,11,12.6,12,TEAM-12-2,acceptable,54.3
BAT-0003413,AVL-FNM,2023-11-05T18:00:00,2023-11-12T00:00:00,acoustic_and_visual,25.9,5,19,5,7.4,14,TEAM-12-2,acceptable,53.8
BAT-0003414,AVL-FNM,2023-12-05T18:00:00,2023-12-12T00:00:00,acoustic_transect,26.3,15,15,13,20.0,12,TEAM-12-2,acceptable,44.8
BAT-0003415,AVL-FNM,2024-01-05T18:00:00,2024-01-12T00:00:00,acoustic_and_visual,32.7,9,14,5,7.8,11,TEAM-12-2,acceptable,25.1
BAT-0003416,AVL-FNM,2024-02-05T18:00:00,2024-02-12T00:00:00,fixed_acoustic_station,40.1,12,28,9,15.2,10,TEAM-12-2,high,16.0
BAT-0003417,AVL-FNM,2024-03-05T18:00:00,2024-03-12T00:00:00,acoustic_and_visual,35.0,11,21,14,11.8,12,TEAM-12-2,high,16.3
BAT-0003418,AVL-FNM,2024-04-05T18:00:00,2024-04-12T00:00:00,fixed_acoustic_station,26.1,9,8,8,8.1,13,TEAM-12-2,acceptable,32.5
BAT-0003419,AVL-FNM,2024-05-05T18:00:00,2024-05-12T00:00:00,acoustic_and_visual,28.4,5,15,6,9.0,13,TEAM-12-2,acceptable,20.8
BAT-0003420,AVL-FNM,2024-06-05T18:00:00,2024-06-12T00:00:00,fixed_acoustic_station,30.3,7,10,7,6.1,18,TEAM-12-2,acceptable,47.3
BAT-0003421,AVL-FNM,2024-07-05T18:00:00,2024-07-12T00:00:00,acoustic_transect,29.9,8,15,8,12.2,11,TEAM-12-2,acceptable,51.3
BAT-0003422,AVL-FNM,2024-08-05T18:00:00,2024-08-12T00:00:00,fixed_acoustic_station,24.5,14,26,12,13.4,11,TEAM-12-2,acceptable,54.8
BAT-0003423,AVL-FNM,2024-09-05T18:00:00,2024-09-12T00:00:00,acoustic_transect,30.5,16,21,9,18.2,7,TEAM-12-2,high,42.7
BAT-0003424,AVL-FNM,2024-10-05T18:00:00,2024-10-12T00:00:00,acoustic_transect,22.2,11,12,13,13.2,11,TEAM-12-2,high,45.9
BAT-0003425,AVL-FNM,2024-11-05T18:00:00,2024-11-12T00:00:00,acoustic_and_visual,24.0,13,19,4,13.9,11,TEAM-12-2,acceptable,38.9
BAT-0003426,AVL-FNM,2024-12-05T18:00:00,2024-12-12T00:00:00,acoustic_transect,32.9,14,25,7,15.4,16,TEAM-12-2,acceptable,29.2
BAT-0003427,AVL-FNM,2025-01-05T18:00:00,2025-01-12T00:00:00,acoustic_transect,33.3,12,14,10,16.0,11,TEAM-12-2,acceptable,25.5
BAT-0003428,AVL-FNM,2025-02-05T18:00:00,2025-02-12T00:00:00,acoustic_transect,34.9,11,23,13,13.8,6,TEAM-12-2,acceptable,26.5
BAT-0003429,AVL-FNM,2025-03-05T18:00:00,2025-03-12T00:00:00,acoustic_transect,32.4,14,26,11,14.6,13,TEAM-12-2,high,19.9
BAT-0003430,AVL-FNM,2025-04-05T18:00:00,2025-04-12T00:00:00,fixed_acoustic_station,31.0,8,19,4,9.2,12,TEAM-12-2,high,26.6
BAT-0003431,AVL-FNM,2025-05-05T18:00:00,2025-05-12T00:00:00,acoustic_and_visual,27.1,11,17,4,12.2,12,TEAM-12-2,high,31.2
BAT-0003432,AVL-FNM,2025-06-05T18:00:00,2025-06-12T00:00:00,fixed_acoustic_station,31.4,10,15,6,9.6,11,TEAM-12-2,acceptable,25.8
BAT-0003433,AVL-NMQ,2019-01-05T18:00:00,2019-01-12T00:00:00,acoustic_transect,39.6,29,46,21,33.5,16,TEAM-12-3,high,20.0
BAT-0003434,AVL-NMQ,2019-02-05T18:00:00,2019-02-12T00:00:00,fixed_acoustic_station,35.1,28,47,25,29.4,13,TEAM-12-3,high,26.3
BAT-0003435,AVL-NMQ,2019-03-05T18:00:00,2019-03-12T00:00:00,acoustic_and_visual,40.1,22,27,13,22.3,8,TEAM-12-3,high,14.0
BAT-0003436,AVL-NMQ,2019-04-05T18:00:00,2019-04-12T00:00:00,acoustic_and_visual,32.1,18,47,15,21.2,9,TEAM-12-3,high,20.6
BAT-0003437,AVL-NMQ,2019-05-05T18:00:00,2019-05-12T00:00:00,acoustic_and_visual,34.8,13,52,18,19.9,12,TEAM-12-3,acceptable,25.5
BAT-0003438,AVL-NMQ,2019-06-05T18:00:00,2019-06-12T00:00:00,acoustic_transect,28.1,25,27,21,31.9,11,TEAM-12-3,acceptable,36.7
BAT-0003439,AVL-NMQ,2019-07-05T18:00:00,2019-07-12T00:00:00,acoustic_transect,32.7,21,39,16,27.7,10,TEAM-12-3,high,33.7
BAT-0003440,AVL-NMQ,2019-08-05T18:00:00,2019-08-12T00:00:00,acoustic_transect,26.6,24,31,15,21.2,9,TEAM-12-3,acceptable,48.0
BAT-0003441,AVL-NMQ,2019-09-05T18:00:00,2019-09-12T00:00:00,fixed_acoustic_station,25.2,21,42,13,21.9,5,TEAM-12-3,acceptable,52.2
BAT-0003442,AVL-NMQ,2019-10-05T18:00:00,2019-10-12T00:00:00,acoustic_and_visual,30.3,14,42,15,17.5,15,TEAM-12-3,high,47.2
BAT-0003443,AVL-NMQ,2019-11-05T18:00:00,2019-11-12T00:00:00,acoustic_transect,30.0,24,39,12,23.3,13,TEAM-12-3,acceptable,46.1
BAT-0003444,AVL-NMQ,2019-12-05T18:00:00,2019-12-12T00:00:00,acoustic_and_visual,33.8,22,22,9,25.2,8,TEAM-12-3,high,38.3
BAT-0003445,AVL-NMQ,2020-01-05T18:00:00,2020-01-12T00:00:00,fixed_acoustic_station,41.3,27,40,18,31.1,9,TEAM-12-3,high,18.3
BAT-0003446,AVL-NMQ,2020-02-05T18:00:00,2020-02-12T00:00:00,acoustic_transect,39.6,17,27,13,19.9,8,TEAM-12-3,acceptable,29.2
BAT-0003447,AVL-NMQ,2020-03-05T18:00:00,2020-03-12T00:00:00,fixed_acoustic_station,37.9,26,32,24,26.8,11,TEAM-12-3,high,30.1
BAT-0003448,AVL-NMQ,2020-04-05T18:00:00,2020-04-12T00:00:00,acoustic_transect,39.5,27,31,15,30.5,11,TEAM-12-3,high,20.2
BAT-0003449,AVL-NMQ,2020-05-05T18:00:00,2020-05-12T00:00:00,fixed_acoustic_station,30.3,25,30,14,31.7,8,TEAM-12-3,high,29.2
BAT-0003450,AVL-NMQ,2020-06-05T18:00:00,2020-06-12T00:00:00,acoustic_transect,32.6,36,46,25,37.1,12,TEAM-12-3,high,40.5
BAT-0003451,AVL-NMQ,2020-07-05T18:00:00,2020-07-12T00:00:00,acoustic_transect,27.8,15,37,20,19.3,14,TEAM-12-3,high,47.9
BAT-0003452,AVL-NMQ,2020-08-05T18:00:00,2020-08-12T00:00:00,acoustic_transect,31.4,30,40,23,37.3,9,TEAM-12-3,acceptable,38.9
BAT-0003453,AVL-NMQ,2020-09-05T18:00:00,2020-09-12T00:00:00,fixed_acoustic_station,29.2,18,23,10,22.7,11,TEAM-12-3,acceptable,42.8
BAT-0003454,AVL-NMQ,2020-10-05T18:00:00,2020-10-12T00:00:00,fixed_acoustic_station,17.1,19,37,16,15.9,15,TEAM-12-3,acceptable,60.8
BAT-0003455,AVL-NMQ,2020-11-05T18:00:00,2020-11-12T00:00:00,fixed_acoustic_station,30.2,25,36,17,21.7,13,TEAM-12-3,acceptable,30.3
BAT-0003456,AVL-NMQ,2020-12-05T18:00:00,2020-12-12T00:00:00,acoustic_and_visual,26.4,19,45,11,18.1,11,TEAM-12-3,high,39.0
BAT-0003457,AVL-NMQ,2021-01-05T18:00:00,2021-01-12T00:00:00,acoustic_transect,36.1,27,14,18,25.9,13,TEAM-12-3,acceptable,21.4
BAT-0003458,AVL-NMQ,2021-02-05T18:00:00,2021-02-12T00:00:00,acoustic_transect,35.7,23,49,16,24.9,8,TEAM-12-3,high,19.2
BAT-0003459,AVL-NMQ,2021-03-05T18:00:00,2021-03-12T00:00:00,acoustic_transect,37.6,36,45,10,37.8,8,TEAM-12-3,high,15.4
BAT-0003460,AVL-NMQ,2021-04-05T18:00:00,2021-04-12T00:00:00,acoustic_and_visual,41.8,34,48,21,41.4,11,TEAM-12-3,high,8.4
BAT-0003461,AVL-NMQ,2021-05-05T18:00:00,2021-05-12T00:00:00,acoustic_and_visual,34.4,24,45,18,22.2,12,TEAM-12-3,high,17.7
BAT-0003462,AVL-NMQ,2021-06-05T18:00:00,2021-06-12T00:00:00,acoustic_and_visual,33.2,27,34,22,27.3,13,TEAM-12-3,acceptable,38.0
BAT-0003463,AVL-NMQ,2021-07-05T18:00:00,2021-07-12T00:00:00,acoustic_transect,28.9,21,38,10,25.6,15,TEAM-12-3,high,42.6
BAT-0003464,AVL-NMQ,2021-08-05T18:00:00,2021-08-12T00:00:00,acoustic_and_visual,26.9,17,22,12,20.3,15,TEAM-12-3,acceptable,52.9
BAT-0003465,AVL-NMQ,2021-09-05T18:00:00,2021-09-12T00:00:00,acoustic_and_visual,26.5,30,35,19,42.7,14,TEAM-12-3,acceptable,59.8
BAT-0003466,AVL-NMQ,2021-10-05T18:00:00,2021-10-12T00:00:00,acoustic_transect,25.8,24,29,10,30.2,10,TEAM-12-3,acceptable,58.6
BAT-0003467,AVL-NMQ,2021-11-05T18:00:00,2021-11-12T00:00:00,acoustic_transect,25.8,33,21,15,29.5,12,TEAM-12-3,acceptable,58.7
BAT-0003468,AVL-NMQ,2021-12-05T18:00:00,2021-12-12T00:00:00,acoustic_and_visual,31.6,21,38,20,23.0,8,TEAM-12-3,acceptable,29.3
BAT-0003469,AVL-NMQ,2022-01-05T18:00:00,2022-01-12T00:00:00,acoustic_transect,31.8,24,37,20,26.1,14,TEAM-12-3,acceptable,29.7
BAT-0003470,AVL-NMQ,2022-02-05T18:00:00,2022-02-12T00:00:00,fixed_acoustic_station,32.5,36,57,18,40.8,9,TEAM-12-3,high,20.6
BAT-0003471,AVL-NMQ,2022-03-05T18:00:00,2022-03-12T00:00:00,acoustic_transect,37.9,14,17,20,11.4,10,TEAM-12-3,acceptable,17.8
BAT-0003472,AVL-NMQ,2022-04-05T18:00:00,2022-04-12T00:00:00,fixed_acoustic_station,34.8,28,34,19,28.0,11,TEAM-12-3,acceptable,34.3
BAT-0003473,AVL-NMQ,2022-05-05T18:00:00,2022-05-12T00:00:00,fixed_acoustic_station,31.8,33,39,14,37.5,14,TEAM-12-3,high,16.0
BAT-0003474,AVL-NMQ,2022-06-05T18:00:00,2022-06-12T00:00:00,fixed_acoustic_station,30.4,17,46,20,15.2,8,TEAM-12-3,high,41.4
BAT-0003475,AVL-NMQ,2022-07-05T18:00:00,2022-07-12T00:00:00,fixed_acoustic_station,28.3,27,39,16,19.6,13,TEAM-12-3,high,52.9
BAT-0003476,AVL-NMQ,2022-08-05T18:00:00,2022-08-12T00:00:00,acoustic_transect,29.8,34,25,13,34.8,7,TEAM-12-3,acceptable,59.5
BAT-0003477,AVL-NMQ,2022-09-05T18:00:00,2022-09-12T00:00:00,acoustic_transect,33.9,33,41,24,40.6,9,TEAM-12-3,high,40.8
BAT-0003478,AVL-NMQ,2022-10-05T18:00:00,2022-10-12T00:00:00,fixed_acoustic_station,25.8,12,39,22,12.3,6,TEAM-12-3,high,57.7
BAT-0003479,AVL-NMQ,2022-11-05T18:00:00,2022-11-12T00:00:00,fixed_acoustic_station,21.6,15,25,18,12.2,12,TEAM-12-3,high,46.8
BAT-0003480,AVL-NMQ,2022-12-05T18:00:00,2022-12-12T00:00:00,acoustic_transect,26.8,19,41,17,13.0,6,TEAM-12-3,acceptable,40.3
BAT-0003481,AVL-NMQ,2023-01-05T18:00:00,2023-01-12T00:00:00,acoustic_transect,30.2,28,43,23,23.7,11,TEAM-12-3,high,33.3
BAT-0003482,AVL-NMQ,2023-02-05T18:00:00,2023-02-12T00:00:00,acoustic_transect,43.7,37,28,26,43.4,10,TEAM-12-3,acceptable,13.5
BAT-0003483,AVL-NMQ,2023-03-05T18:00:00,2023-03-12T00:00:00,fixed_acoustic_station,35.1,25,39,10,34.4,15,TEAM-12-3,acceptable,17.8
BAT-0003484,AVL-NMQ,2023-04-05T18:00:00,2023-04-12T00:00:00,acoustic_and_visual,31.3,33,45,19,47.3,9,TEAM-12-3,acceptable,23.4
BAT-0003485,AVL-NMQ,2023-05-05T18:00:00,2023-05-12T00:00:00,fixed_acoustic_station,38.7,20,27,15,23.8,10,TEAM-12-3,acceptable,20.5
BAT-0003486,AVL-NMQ,2023-06-05T18:00:00,2023-06-12T00:00:00,acoustic_and_visual,24.1,28,49,20,27.6,9,TEAM-12-3,high,27.6
BAT-0003487,AVL-NMQ,2023-07-05T18:00:00,2023-07-12T00:00:00,acoustic_transect,25.8,26,38,22,36.5,5,TEAM-12-3,acceptable,38.8
BAT-0003488,AVL-NMQ,2023-08-05T18:00:00,2023-08-12T00:00:00,acoustic_and_visual,34.2,25,33,22,31.1,13,TEAM-12-3,acceptable,53.7
BAT-0003489,AVL-NMQ,2023-09-05T18:00:00,2023-09-12T00:00:00,fixed_acoustic_station,30.9,19,33,18,24.5,13,TEAM-12-3,high,42.8
BAT-0003490,AVL-NMQ,2023-10-05T18:00:00,2023-10-12T00:00:00,acoustic_and_visual,36.9,24,30,13,30.2,9,TEAM-12-3,high,43.2
BAT-0003491,AVL-NMQ,2023-11-05T18:00:00,2023-11-12T00:00:00,acoustic_and_visual,24.2,22,27,13,22.5,11,TEAM-12-3,acceptable,58.2
BAT-0003492,AVL-NMQ,2023-12-05T18:00:00,2023-12-12T00:00:00,fixed_acoustic_station,30.5,30,17,15,35.4,11,TEAM-12-3,high,48.5
BAT-0003493,AVL-NMQ,2024-01-05T18:00:00,2024-01-12T00:00:00,fixed_acoustic_station,41.5,20,30,18,26.6,8,TEAM-12-3,high,8.5
BAT-0003494,AVL-NMQ,2024-02-05T18:00:00,2024-02-12T00:00:00,fixed_acoustic_station,30.9,18,17,15,24.0,7,TEAM-12-3,acceptable,33.9
BAT-0003495,AVL-NMQ,2024-03-05T18:00:00,2024-03-12T00:00:00,acoustic_and_visual,29.8,13,28,13,12.5,12,TEAM-12-3,high,18.7
BAT-0003496,AVL-NMQ,2024-04-05T18:00:00,2024-04-12T00:00:00,acoustic_transect,31.7,37,55,12,41.7,9,TEAM-12-3,high,14.9
BAT-0003497,AVL-NMQ,2024-05-05T18:00:00,2024-05-12T00:00:00,acoustic_and_visual,27.9,31,59,16,33.2,10,TEAM-12-3,high,31.3
BAT-0003498,AVL-NMQ,2024-06-05T18:00:00,2024-06-12T00:00:00,acoustic_transect,28.3,28,33,14,30.5,8,TEAM-12-3,acceptable,59.6
BAT-0003499,AVL-NMQ,2024-07-05T18:00:00,2024-07-12T00:00:00,acoustic_and_visual,19.7,12,23,10,10.5,5,TEAM-12-3,acceptable,63.0
BAT-0003500,AVL-NMQ,2024-08-05T18:00:00,2024-08-12T00:00:00,acoustic_transect,32.1,25,39,19,21.7,13,TEAM-12-3,acceptable,47.3
BAT-0003501,AVL-NMQ,2024-09-05T18:00:00,2024-09-12T00:00:00,acoustic_transect,24.7,25,20,22,27.0,11,TEAM-12-3,acceptable,72.9
BAT-0003502,AVL-NMQ,2024-10-05T18:00:00,2024-10-12T00:00:00,acoustic_transect,29.7,18,26,13,20.2,9,TEAM-12-3,high,49.1
BAT-0003503,AVL-NMQ,2024-11-05T18:00:00,2024-11-12T00:00:00,fixed_acoustic_station,26.6,21,29,9,27.5,12,TEAM-12-3,high,51.9
BAT-0003504,AVL-NMQ,2024-12-05T18:00:00,2024-12-12T00:00:00,acoustic_and_visual,30.4,18,21,21,21.6,14,TEAM-12-3,acceptable,38.1
BAT-0003505,AVL-NMQ,2025-01-05T18:00:00,2025-01-12T00:00:00,acoustic_and_visual,32.5,23,26,14,23.0,11,TEAM-12-3,high,21.7
BAT-0003506,AVL-NMQ,2025-02-05T18:00:00,2025-02-12T00:00:00,acoustic_and_visual,27.5,18,39,18,19.1,10,TEAM-12-3,high,17.7
BAT-0003507,AVL-NMQ,2025-03-05T18:00:00,2025-03-12T00:00:00,acoustic_and_visual,44.3,27,46,12,30.4,4,TEAM-12-3,high,0.3
BAT-0003508,AVL-NMQ,2025-04-05T18:00:00,2025-04-12T00:00:00,acoustic_and_visual,27.1,22,38,7,27.2,7,TEAM-12-3,acceptable,24.3
BAT-0003509,AVL-NMQ,2025-05-05T18:00:00,2025-05-12T00:00:00,acoustic_and_visual,31.1,18,20,16,18.8,16,TEAM-12-3,acceptable,40.6
BAT-0003510,AVL-NMQ,2025-06-05T18:00:00,2025-06-12T00:00:00,fixed_acoustic_station,33.2,22,46,16,27.4,6,TEAM-12-3,high,33.6
BAT-0003511,AVL-FNQ,2019-01-05T18:00:00,2019-01-12T00:00:00,acoustic_transect,22.3,2,4,1,1.8,5,TEAM-12-4,acceptable,72.4
BAT-0003512,AVL-FNQ,2019-02-05T18:00:00,2019-02-12T00:00:00,acoustic_transect,31.4,10,16,9,10.6,2,TEAM-12-4,high,38.3
BAT-0003513,AVL-FNQ,2019-03-05T18:00:00,2019-03-12T00:00:00,acoustic_transect,36.9,8,12,14,9.1,16,TEAM-12-4,acceptable,7.4
BAT-0003514,AVL-FNQ,2019-04-05T18:00:00,2019-04-12T00:00:00,acoustic_and_visual,39.4,9,21,13,11.6,14,TEAM-12-4,high,17.4
BAT-0003515,AVL-FNQ,2019-05-05T18:00:00,2019-05-12T00:00:00,acoustic_and_visual,30.8,8,12,7,5.6,5,TEAM-12-4,acceptable,41.6
BAT-0003516,AVL-FNQ,2019-06-05T18:00:00,2019-06-12T00:00:00,acoustic_and_visual,29.5,10,6,8,11.4,9,TEAM-12-4,high,45.6
BAT-0003517,AVL-FNQ,2019-07-05T18:00:00,2019-07-12T00:00:00,acoustic_transect,28.5,12,11,6,18.5,11,TEAM-12-4,acceptable,53.8
BAT-0003518,AVL-FNQ,2019-08-05T18:00:00,2019-08-12T00:00:00,acoustic_and_visual,33.2,5,5,3,4.0,8,TEAM-12-4,high,52.4
BAT-0003519,AVL-FNQ,2019-09-05T18:00:00,2019-09-12T00:00:00,acoustic_and_visual,26.9,2,5,2,0.1,13,TEAM-12-4,high,43.7
BAT-0003520,AVL-FNQ,2019-10-05T18:00:00,2019-10-12T00:00:00,fixed_acoustic_station,22.1,2,5,5,0.0,13,TEAM-12-4,limited,82.5
BAT-0003521,AVL-FNQ,2019-11-05T18:00:00,2019-11-12T00:00:00,fixed_acoustic_station,23.7,4,3,1,3.8,9,TEAM-12-4,acceptable,79.3
BAT-0003522,AVL-FNQ,2019-12-05T18:00:00,2019-12-12T00:00:00,acoustic_transect,23.4,4,8,1,5.7,14,TEAM-12-4,acceptable,67.4
BAT-0003523,AVL-FNQ,2020-01-05T18:00:00,2020-01-12T00:00:00,fixed_acoustic_station,25.1,4,7,3,1.0,11,TEAM-12-4,high,63.5
BAT-0003524,AVL-FNQ,2020-02-05T18:00:00,2020-02-12T00:00:00,acoustic_transect,36.4,7,13,1,9.7,7,TEAM-12-4,high,20.8
BAT-0003525,AVL-FNQ,2020-03-05T18:00:00,2020-03-12T00:00:00,acoustic_and_visual,23.5,7,7,1,5.8,8,TEAM-12-4,acceptable,44.4
BAT-0003526,AVL-FNQ,2020-04-05T18:00:00,2020-04-12T00:00:00,fixed_acoustic_station,31.2,2,14,3,4.5,10,TEAM-12-4,high,11.4
BAT-0003527,AVL-FNQ,2020-05-05T18:00:00,2020-05-12T00:00:00,acoustic_and_visual,28.8,12,13,8,12.2,11,TEAM-12-4,high,45.0
BAT-0003528,AVL-FNQ,2020-06-05T18:00:00,2020-06-12T00:00:00,fixed_acoustic_station,33.1,6,13,5,8.2,10,TEAM-12-4,high,39.1
BAT-0003529,AVL-FNQ,2020-07-05T18:00:00,2020-07-12T00:00:00,acoustic_and_visual,26.5,10,23,3,10.2,9,TEAM-12-4,high,50.7
BAT-0003530,AVL-FNQ,2020-08-05T18:00:00,2020-08-12T00:00:00,fixed_acoustic_station,25.2,4,6,3,4.3,10,TEAM-12-4,acceptable,59.4
BAT-0003531,AVL-FNQ,2020-09-05T18:00:00,2020-09-12T00:00:00,acoustic_and_visual,30.3,9,9,4,8.2,16,TEAM-12-4,high,55.8
BAT-0003532,AVL-FNQ,2020-10-05T18:00:00,2020-10-12T00:00:00,acoustic_transect,19.1,4,7,3,4.7,10,TEAM-12-4,acceptable,80.3
BAT-0003533,AVL-FNQ,2020-11-05T18:00:00,2020-11-12T00:00:00,fixed_acoustic_station,24.3,4,2,3,0.0,11,TEAM-12-4,high,72.8
BAT-0003534,AVL-FNQ,2020-12-05T18:00:00,2020-12-12T00:00:00,fixed_acoustic_station,20.1,5,5,3,7.4,7,TEAM-12-4,acceptable,84.7
BAT-0003535,AVL-FNQ,2021-01-05T18:00:00,2021-01-12T00:00:00,fixed_acoustic_station,23.9,4,2,5,2.5,6,TEAM-12-4,acceptable,74.6
BAT-0003536,AVL-FNQ,2021-02-05T18:00:00,2021-02-12T00:00:00,acoustic_and_visual,25.9,11,8,2,10.7,8,TEAM-12-4,high,47.6
BAT-0003537,AVL-FNQ,2021-03-05T18:00:00,2021-03-12T00:00:00,acoustic_transect,39.1,11,11,9,13.0,5,TEAM-12-4,high,19.0
BAT-0003538,AVL-FNQ,2021-04-05T18:00:00,2021-04-12T00:00:00,fixed_acoustic_station,34.9,10,17,6,9.2,11,TEAM-12-4,high,25.0
BAT-0003539,AVL-FNQ,2021-05-05T18:00:00,2021-05-12T00:00:00,acoustic_transect,31.9,9,10,7,9.6,16,TEAM-12-4,high,33.9
BAT-0003540,AVL-FNQ,2021-06-05T18:00:00,2021-06-12T00:00:00,fixed_acoustic_station,34.8,3,6,5,1.8,5,TEAM-12-4,high,33.5
BAT-0003541,AVL-FNQ,2021-07-05T18:00:00,2021-07-12T00:00:00,fixed_acoustic_station,27.0,7,8,8,10.0,9,TEAM-12-4,high,66.9
BAT-0003542,AVL-FNQ,2021-08-05T18:00:00,2021-08-12T00:00:00,acoustic_transect,24.9,6,6,5,9.0,11,TEAM-12-4,acceptable,69.2
BAT-0003543,AVL-FNQ,2021-09-05T18:00:00,2021-09-12T00:00:00,acoustic_and_visual,31.5,10,5,6,10.2,11,TEAM-12-4,acceptable,68.7
BAT-0003544,AVL-FNQ,2021-10-05T18:00:00,2021-10-12T00:00:00,acoustic_transect,19.7,1,5,4,1.9,3,TEAM-12-4,high,83.6
BAT-0003545,AVL-FNQ,2021-11-05T18:00:00,2021-11-12T00:00:00,acoustic_and_visual,19.4,3,5,0,3.9,8,TEAM-12-4,acceptable,80.5
BAT-0003546,AVL-FNQ,2021-12-05T18:00:00,2021-12-12T00:00:00,acoustic_and_visual,18.0,6,2,5,5.0,7,TEAM-12-4,acceptable,71.9
BAT-0003547,AVL-FNQ,2022-01-05T18:00:00,2022-01-12T00:00:00,fixed_acoustic_station,21.6,4,5,4,3.5,8,TEAM-12-4,acceptable,63.9
BAT-0003548,AVL-FNQ,2022-02-05T18:00:00,2022-02-12T00:00:00,fixed_acoustic_station,37.7,10,3,7,11.9,8,TEAM-12-4,high,15.2
BAT-0003549,AVL-FNQ,2022-03-05T18:00:00,2022-03-12T00:00:00,fixed_acoustic_station,36.8,9,15,6,7.6,6,TEAM-12-4,high,12.9
BAT-0003550,AVL-FNQ,2022-04-05T18:00:00,2022-04-12T00:00:00,fixed_acoustic_station,27.5,8,12,5,7.2,4,TEAM-12-4,high,35.8
BAT-0003551,AVL-FNQ,2022-05-05T18:00:00,2022-05-12T00:00:00,fixed_acoustic_station,31.6,14,17,9,14.7,7,TEAM-12-4,high,32.9
BAT-0003552,AVL-FNQ,2022-06-05T18:00:00,2022-06-12T00:00:00,fixed_acoustic_station,27.5,7,16,2,5.1,13,TEAM-12-4,high,39.2
BAT-0003553,AVL-FNQ,2022-07-05T18:00:00,2022-07-12T00:00:00,acoustic_transect,27.2,4,15,4,5.3,11,TEAM-12-4,acceptable,41.1
BAT-0003554,AVL-FNQ,2022-08-05T18:00:00,2022-08-12T00:00:00,acoustic_transect,31.3,12,4,5,13.6,6,TEAM-12-4,acceptable,48.6
BAT-0003555,AVL-FNQ,2022-09-05T18:00:00,2022-09-12T00:00:00,acoustic_transect,30.7,4,6,4,2.5,2,TEAM-12-4,high,54.7
BAT-0003556,AVL-FNQ,2022-10-05T18:00:00,2022-10-12T00:00:00,acoustic_transect,15.7,2,3,4,0.0,8,TEAM-12-4,limited,93.3
BAT-0003557,AVL-FNQ,2022-11-05T18:00:00,2022-11-12T00:00:00,fixed_acoustic_station,26.7,5,4,3,6.3,8,TEAM-12-4,acceptable,81.8
BAT-0003558,AVL-FNQ,2022-12-05T18:00:00,2022-12-12T00:00:00,acoustic_transect,18.4,6,4,2,7.8,12,TEAM-12-4,acceptable,89.0
BAT-0003559,AVL-FNQ,2023-01-05T18:00:00,2023-01-12T00:00:00,fixed_acoustic_station,25.2,6,5,3,7.7,5,TEAM-12-4,high,56.6
BAT-0003560,AVL-FNQ,2023-02-05T18:00:00,2023-02-12T00:00:00,acoustic_transect,38.5,9,17,3,12.1,13,TEAM-12-4,high,27.4
BAT-0003561,AVL-FNQ,2023-03-05T18:00:00,2023-03-12T00:00:00,fixed_acoustic_station,31.0,14,15,10,15.3,8,TEAM-12-4,acceptable,27.1
BAT-0003562,AVL-FNQ,2023-04-05T18:00:00,2023-04-12T00:00:00,fixed_acoustic_station,33.9,6,14,2,7.8,7,TEAM-12-4,high,23.5
BAT-0003563,AVL-FNQ,2023-05-05T18:00:00,2023-05-12T00:00:00,fixed_acoustic_station,30.3,11,13,8,14.2,7,TEAM-12-4,acceptable,22.1
BAT-0003564,AVL-FNQ,2023-06-05T18:00:00,2023-06-12T00:00:00,fixed_acoustic_station,38.0,9,16,5,13.2,6,TEAM-12-4,high,27.8
BAT-0003565,AVL-FNQ,2023-07-05T18:00:00,2023-07-12T00:00:00,acoustic_transect,21.7,0,11,3,0.0,10,TEAM-12-4,high,54.7
BAT-0003566,AVL-FNQ,2023-08-05T18:00:00,2023-08-12T00:00:00,acoustic_and_visual,23.2,6,7,7,2.7,11,TEAM-12-4,acceptable,60.2
BAT-0003567,AVL-FNQ,2023-09-05T18:00:00,2023-09-12T00:00:00,acoustic_transect,28.9,13,4,5,14.8,8,TEAM-12-4,high,55.9
BAT-0003568,AVL-FNQ,2023-10-05T18:00:00,2023-10-12T00:00:00,acoustic_and_visual,28.6,6,3,8,7.7,8,TEAM-12-4,limited,87.6
BAT-0003569,AVL-FNQ,2023-11-05T18:00:00,2023-11-12T00:00:00,acoustic_and_visual,16.4,4,1,0,4.1,5,TEAM-12-4,acceptable,89.9
BAT-0003570,AVL-FNQ,2023-12-05T18:00:00,2023-12-12T00:00:00,acoustic_and_visual,12.2,0,1,4,0.0,6,TEAM-12-4,limited,74.1
BAT-0003571,AVL-FNQ,2024-01-05T18:00:00,2024-01-12T00:00:00,acoustic_transect,25.1,7,6,4,8.8,7,TEAM-12-4,acceptable,77.8
BAT-0003572,AVL-FNQ,2024-02-05T18:00:00,2024-02-12T00:00:00,acoustic_transect,39.2,7,7,3,7.9,3,TEAM-12-4,high,17.7
BAT-0003573,AVL-FNQ,2024-03-05T18:00:00,2024-03-12T00:00:00,acoustic_transect,36.2,6,10,5,10.1,11,TEAM-12-4,acceptable,15.1
BAT-0003574,AVL-FNQ,2024-04-05T18:00:00,2024-04-12T00:00:00,acoustic_transect,39.0,11,15,7,10.6,8,TEAM-12-4,high,27.0
BAT-0003575,AVL-FNQ,2024-05-05T18:00:00,2024-05-12T00:00:00,acoustic_transect,27.4,9,11,5,11.9,7,TEAM-12-4,acceptable,38.7
BAT-0003576,AVL-FNQ,2024-06-05T18:00:00,2024-06-12T00:00:00,acoustic_transect,28.2,5,9,8,4.2,14,TEAM-12-4,high,40.6
BAT-0003577,AVL-FNQ,2024-07-05T18:00:00,2024-07-12T00:00:00,fixed_acoustic_station,27.9,9,19,6,11.1,8,TEAM-12-4,acceptable,36.9
BAT-0003578,AVL-FNQ,2024-08-05T18:00:00,2024-08-12T00:00:00,acoustic_and_visual,28.4,4,5,3,4.9,6,TEAM-12-4,acceptable,45.9
BAT-0003579,AVL-FNQ,2024-09-05T18:00:00,2024-09-12T00:00:00,fixed_acoustic_station,28.8,6,6,4,5.5,13,TEAM-12-4,acceptable,50.1
BAT-0003580,AVL-FNQ,2024-10-05T18:00:00,2024-10-12T00:00:00,acoustic_transect,21.7,1,1,1,0.1,10,TEAM-12-4,acceptable,81.5
BAT-0003581,AVL-FNQ,2024-11-05T18:00:00,2024-11-12T00:00:00,fixed_acoustic_station,20.9,2,7,4,0.6,11,TEAM-12-4,acceptable,84.1
BAT-0003582,AVL-FNQ,2024-12-05T18:00:00,2024-12-12T00:00:00,acoustic_transect,23.3,4,2,1,3.1,5,TEAM-12-4,acceptable,88.7
BAT-0003583,AVL-FNQ,2025-01-05T18:00:00,2025-01-12T00:00:00,acoustic_transect,29.3,4,3,4,3.1,8,TEAM-12-4,acceptable,69.3
BAT-0003584,AVL-FNQ,2025-02-05T18:00:00,2025-02-12T00:00:00,acoustic_and_visual,36.3,4,12,0,2.1,7,TEAM-12-4,high,19.7
BAT-0003585,AVL-FNQ,2025-03-05T18:00:00,2025-03-12T00:00:00,fixed_acoustic_station,37.9,13,24,8,13.0,16,TEAM-12-4,high,3.6
BAT-0003586,AVL-FNQ,2025-04-05T18:00:00,2025-04-12T00:00:00,acoustic_transect,34.6,6,5,6,5.8,5,TEAM-12-4,acceptable,18.4
BAT-0003587,AVL-FNQ,2025-05-05T18:00:00,2025-05-12T00:00:00,fixed_acoustic_station,36.2,11,6,10,12.3,10,TEAM-12-4,acceptable,27.6
BAT-0003588,AVL-FNQ,2025-06-05T18:00:00,2025-06-12T00:00:00,fixed_acoustic_station,28.7,12,16,9,10.3,7,TEAM-12-4,high,24.9
BAT-0003589,TMB-HVD,2019-01-05T18:00:00,2019-01-12T00:00:00,acoustic_and_visual,25.2,23,32,17,26.0,11,TEAM-13-5,acceptable,39.4
BAT-0003590,TMB-HVD,2019-02-05T18:00:00,2019-02-12T00:00:00,fixed_acoustic_station,29.8,19,27,13,23.7,12,TEAM-13-5,high,40.8
BAT-0003591,TMB-HVD,2019-03-05T18:00:00,2019-03-12T00:00:00,acoustic_and_visual,27.4,17,33,12,19.4,13,TEAM-13-5,high,37.6
BAT-0003592,TMB-HVD,2019-04-05T18:00:00,2019-04-12T00:00:00,acoustic_and_visual,27.7,30,29,28,35.7,13,TEAM-13-5,acceptable,49.6
BAT-0003593,TMB-HVD,2019-05-05T18:00:00,2019-05-12T00:00:00,fixed_acoustic_station,31.7,23,47,15,22.5,10,TEAM-13-5,high,20.9
BAT-0003594,TMB-HVD,2019-06-05T18:00:00,2019-06-12T00:00:00,acoustic_transect,36.7,26,46,10,31.3,13,TEAM-13-5,high,24.0
BAT-0003595,TMB-HVD,2019-07-05T18:00:00,2019-07-12T00:00:00,fixed_acoustic_station,29.3,20,37,9,19.1,8,TEAM-13-5,high,10.1
BAT-0003596,TMB-HVD,2019-08-05T18:00:00,2019-08-12T00:00:00,acoustic_transect,34.0,24,28,14,23.7,8,TEAM-13-5,acceptable,17.9
BAT-0003597,TMB-HVD,2019-09-05T18:00:00,2019-09-12T00:00:00,acoustic_transect,28.5,15,18,11,20.5,9,TEAM-13-5,acceptable,39.7
BAT-0003598,TMB-HVD,2019-10-05T18:00:00,2019-10-12T00:00:00,acoustic_and_visual,24.6,17,15,11,18.9,10,TEAM-13-5,high,48.5
BAT-0003599,TMB-HVD,2019-11-05T18:00:00,2019-11-12T00:00:00,acoustic_transect,30.7,16,11,9,17.1,6,TEAM-13-5,acceptable,44.0
BAT-0003600,TMB-HVD,2019-12-05T18:00:00,2019-12-12T00:00:00,fixed_acoustic_station,23.0,14,16,15,13.9,14,TEAM-13-5,acceptable,55.0
BAT-0003601,TMB-HVD,2020-01-05T18:00:00,2020-01-12T00:00:00,acoustic_and_visual,33.6,15,21,17,14.1,15,TEAM-13-5,high,46.1
BAT-0003602,TMB-HVD,2020-02-05T18:00:00,2020-02-12T00:00:00,acoustic_and_visual,26.8,26,33,15,33.2,10,TEAM-13-5,high,51.5
BAT-0003603,TMB-HVD,2020-03-05T18:00:00,2020-03-12T00:00:00,acoustic_and_visual,28.5,35,44,15,43.8,18,TEAM-13-5,acceptable,25.2
BAT-0003604,TMB-HVD,2020-04-05T18:00:00,2020-04-12T00:00:00,acoustic_transect,31.2,35,54,24,45.2,9,TEAM-13-5,high,47.8
BAT-0003605,TMB-HVD,2020-05-05T18:00:00,2020-05-12T00:00:00,acoustic_transect,31.1,30,25,16,35.1,11,TEAM-13-5,high,39.8
BAT-0003606,TMB-HVD,2020-06-05T18:00:00,2020-06-12T00:00:00,fixed_acoustic_station,43.5,26,54,23,24.6,15,TEAM-13-5,high,0.0
BAT-0003607,TMB-HVD,2020-07-05T18:00:00,2020-07-12T00:00:00,acoustic_and_visual,25.6,15,23,14,14.4,13,TEAM-13-5,acceptable,32.2
BAT-0003608,TMB-HVD,2020-08-05T18:00:00,2020-08-12T00:00:00,acoustic_and_visual,38.5,19,15,10,20.8,18,TEAM-13-5,acceptable,20.5
BAT-0003609,TMB-HVD,2020-09-05T18:00:00,2020-09-12T00:00:00,acoustic_and_visual,31.4,17,34,12,19.9,14,TEAM-13-5,high,35.7
BAT-0003610,TMB-HVD,2020-10-05T18:00:00,2020-10-12T00:00:00,acoustic_and_visual,34.7,11,16,11,13.6,12,TEAM-13-5,acceptable,39.9
BAT-0003611,TMB-HVD,2020-11-05T18:00:00,2020-11-12T00:00:00,acoustic_and_visual,33.9,18,23,8,22.8,16,TEAM-13-5,high,45.8
BAT-0003612,TMB-HVD,2020-12-05T18:00:00,2020-12-12T00:00:00,fixed_acoustic_station,24.3,14,19,11,15.0,15,TEAM-13-5,high,51.5
BAT-0003613,TMB-HVD,2021-01-05T18:00:00,2021-01-12T00:00:00,acoustic_and_visual,22.9,9,18,8,9.1,14,TEAM-13-5,acceptable,57.2
BAT-0003614,TMB-HVD,2021-02-05T18:00:00,2021-02-12T00:00:00,acoustic_transect,17.8,10,20,10,8.5,13,TEAM-13-5,high,51.7
BAT-0003615,TMB-HVD,2021-03-05T18:00:00,2021-03-12T00:00:00,acoustic_and_visual,33.2,27,29,26,25.0,9,TEAM-13-5,high,43.4
BAT-0003616,TMB-HVD,2021-04-05T18:00:00,2021-04-12T00:00:00,fixed_acoustic_station,28.1,17,35,9,19.0,8,TEAM-13-5,high,50.4
BAT-0003617,TMB-HVD,2021-05-05T18:00:00,2021-05-12T00:00:00,fixed_acoustic_station,30.7,35,41,17,31.6,11,TEAM-13-5,high,30.2
BAT-0003618,TMB-HVD,2021-06-05T18:00:00,2021-06-12T00:00:00,acoustic_and_visual,37.1,28,40,17,37.2,10,TEAM-13-5,high,18.0
BAT-0003619,TMB-HVD,2021-07-05T18:00:00,2021-07-12T00:00:00,acoustic_transect,32.4,13,17,14,16.3,10,TEAM-13-5,acceptable,31.5
BAT-0003620,TMB-HVD,2021-08-05T18:00:00,2021-08-12T00:00:00,acoustic_and_visual,31.1,17,35,7,20.1,9,TEAM-13-5,high,23.7
BAT-0003621,TMB-HVD,2021-09-05T18:00:00,2021-09-12T00:00:00,acoustic_and_visual,35.5,17,23,15,19.0,8,TEAM-13-5,acceptable,27.1
BAT-0003622,TMB-HVD,2021-10-05T18:00:00,2021-10-12T00:00:00,fixed_acoustic_station,30.4,17,9,11,19.0,8,TEAM-13-5,acceptable,33.0
BAT-0003623,TMB-HVD,2021-11-05T18:00:00,2021-11-12T00:00:00,fixed_acoustic_station,28.6,21,23,7,21.1,8,TEAM-13-5,high,40.3
BAT-0003624,TMB-HVD,2021-12-05T18:00:00,2021-12-12T00:00:00,fixed_acoustic_station,26.7,18,35,13,18.7,9,TEAM-13-5,high,47.0
BAT-0003625,TMB-HVD,2022-01-05T18:00:00,2022-01-12T00:00:00,fixed_acoustic_station,35.2,24,25,16,22.4,9,TEAM-13-5,high,47.1
BAT-0003626,TMB-HVD,2022-02-05T18:00:00,2022-02-12T00:00:00,acoustic_and_visual,29.9,27,25,15,23.2,11,TEAM-13-5,acceptable,55.7
BAT-0003627,TMB-HVD,2022-03-05T18:00:00,2022-03-12T00:00:00,fixed_acoustic_station,26.3,20,35,22,23.8,10,TEAM-13-5,acceptable,49.1
BAT-0003628,TMB-HVD,2022-04-05T18:00:00,2022-04-12T00:00:00,acoustic_and_visual,28.4,22,24,17,24.4,11,TEAM-13-5,acceptable,35.6
BAT-0003629,TMB-HVD,2022-05-05T18:00:00,2022-05-12T00:00:00,acoustic_transect,30.6,14,36,16,15.2,6,TEAM-13-5,acceptable,6.4
BAT-0003630,TMB-HVD,2022-06-05T18:00:00,2022-06-12T00:00:00,fixed_acoustic_station,39.8,24,64,20,18.1,3,TEAM-13-5,high,0.7
BAT-0003631,TMB-HVD,2022-07-05T18:00:00,2022-07-12T00:00:00,acoustic_transect,42.9,18,29,21,21.3,10,TEAM-13-5,high,5.3
BAT-0003632,TMB-HVD,2022-08-05T18:00:00,2022-08-12T00:00:00,acoustic_transect,33.9,17,31,12,23.1,10,TEAM-13-5,high,33.6
BAT-0003633,TMB-HVD,2022-09-05T18:00:00,2022-09-12T00:00:00,fixed_acoustic_station,30.7,16,16,11,19.4,7,TEAM-13-5,acceptable,34.6
BAT-0003634,TMB-HVD,2022-10-05T18:00:00,2022-10-12T00:00:00,acoustic_transect,26.7,8,16,15,4.4,8,TEAM-13-5,acceptable,42.6
BAT-0003635,TMB-HVD,2022-11-05T18:00:00,2022-11-12T00:00:00,acoustic_and_visual,30.1,23,21,12,28.0,14,TEAM-13-5,high,48.5
BAT-0003636,TMB-HVD,2022-12-05T18:00:00,2022-12-12T00:00:00,fixed_acoustic_station,28.7,11,16,17,14.2,11,TEAM-13-5,high,56.6
BAT-0003637,TMB-HVD,2023-01-05T18:00:00,2023-01-12T00:00:00,acoustic_transect,27.5,20,27,9,16.8,15,TEAM-13-5,high,57.3
BAT-0003638,TMB-HVD,2023-02-05T18:00:00,2023-02-12T00:00:00,fixed_acoustic_station,26.8,19,34,9,21.0,15,TEAM-13-5,high,42.0
BAT-0003639,TMB-HVD,2023-03-05T18:00:00,2023-03-12T00:00:00,acoustic_transect,22.7,19,31,10,21.3,11,TEAM-13-5,acceptable,63.6
BAT-0003640,TMB-HVD,2023-04-05T18:00:00,2023-04-12T00:00:00,acoustic_transect,21.2,21,37,12,23.3,8,TEAM-13-5,high,44.2
BAT-0003641,TMB-HVD,2023-05-05T18:00:00,2023-05-12T00:00:00,acoustic_transect,33.0,26,49,23,29.4,13,TEAM-13-5,high,24.3
BAT-0003642,TMB-HVD,2023-06-05T18:00:00,2023-06-12T00:00:00,acoustic_transect,34.5,28,36,16,28.2,9,TEAM-13-5,high,20.6
BAT-0003643,TMB-HVD,2023-07-05T18:00:00,2023-07-12T00:00:00,acoustic_and_visual,31.7,21,19,14,22.1,8,TEAM-13-5,high,30.7
BAT-0003644,TMB-HVD,2023-08-05T18:00:00,2023-08-12T00:00:00,acoustic_and_visual,30.9,20,15,10,21.0,10,TEAM-13-5,high,29.0
BAT-0003645,TMB-HVD,2023-09-05T18:00:00,2023-09-12T00:00:00,acoustic_and_visual,39.3,18,35,22,21.6,10,TEAM-13-5,acceptable,17.7
BAT-0003646,TMB-HVD,2023-10-05T18:00:00,2023-10-12T00:00:00,fixed_acoustic_station,26.5,10,9,7,11.3,8,TEAM-13-5,acceptable,48.8
BAT-0003647,TMB-HVD,2023-11-05T18:00:00,2023-11-12T00:00:00,acoustic_transect,32.4,14,36,12,15.3,5,TEAM-13-5,high,38.8
BAT-0003648,TMB-HVD,2023-12-05T18:00:00,2023-12-12T00:00:00,acoustic_and_visual,24.2,16,22,11,17.8,10,TEAM-13-5,acceptable,66.2
BAT-0003649,TMB-HVD,2024-01-05T18:00:00,2024-01-12T00:00:00,acoustic_and_visual,27.3,30,24,15,36.6,10,TEAM-13-5,acceptable,54.6
BAT-0003650,TMB-HVD,2024-02-05T18:00:00,2024-02-12T00:00:00,fixed_acoustic_station,32.9,20,27,14,22.1,10,TEAM-13-5,high,43.1
BAT-0003651,TMB-HVD,2024-03-05T18:00:00,2024-03-12T00:00:00,fixed_acoustic_station,27.4,20,35,13,28.8,17,TEAM-13-5,high,39.4
BAT-0003652,TMB-HVD,2024-04-05T18:00:00,2024-04-12T00:00:00,acoustic_transect,37.0,30,46,16,38.0,13,TEAM-13-5,acceptable,24.4
BAT-0003653,TMB-HVD,2024-05-05T18:00:00,2024-05-12T00:00:00,acoustic_transect,28.4,16,27,11,21.3,14,TEAM-13-5,acceptable,38.1
BAT-0003654,TMB-HVD,2024-06-05T18:00:00,2024-06-12T00:00:00,acoustic_and_visual,23.6,20,15,9,20.7,11,TEAM-13-5,limited,24.5
BAT-0003655,TMB-HVD,2024-07-05T18:00:00,2024-07-12T00:00:00,acoustic_transect,33.8,26,37,12,24.4,16,TEAM-13-5,high,27.4
BAT-0003656,TMB-HVD,2024-08-05T18:00:00,2024-08-12T00:00:00,fixed_acoustic_station,32.5,18,30,12,21.5,9,TEAM-13-5,high,28.0
BAT-0003657,TMB-HVD,2024-09-05T18:00:00,2024-09-12T00:00:00,fixed_acoustic_station,36.2,14,18,5,15.8,12,TEAM-13-5,high,16.2
BAT-0003658,TMB-HVD,2024-10-05T18:00:00,2024-10-12T00:00:00,acoustic_and_visual,26.2,12,8,10,12.5,15,TEAM-13-5,acceptable,44.6
BAT-0003659,TMB-HVD,2024-11-05T18:00:00,2024-11-12T00:00:00,acoustic_transect,30.0,24,26,10,23.8,12,TEAM-13-5,high,36.8
BAT-0003660,TMB-HVD,2024-12-05T18:00:00,2024-12-12T00:00:00,acoustic_and_visual,19.8,15,16,6,14.6,17,TEAM-13-5,acceptable,71.0
BAT-0003661,TMB-HVD,2025-01-05T18:00:00,2025-01-12T00:00:00,acoustic_transect,29.6,16,21,11,20.2,9,TEAM-13-5,acceptable,47.8
BAT-0003662,TMB-HVD,2025-02-05T18:00:00,2025-02-12T00:00:00,fixed_acoustic_station,25.5,20,26,16,21.5,6,TEAM-13-5,acceptable,51.6
BAT-0003663,TMB-HVD,2025-03-05T18:00:00,2025-03-12T00:00:00,fixed_acoustic_station,29.4,21,31,11,17.4,8,TEAM-13-5,acceptable,48.2
BAT-0003664,TMB-HVD,2025-04-05T18:00:00,2025-04-12T00:00:00,acoustic_and_visual,27.0,35,34,12,35.2,11,TEAM-13-5,acceptable,40.1
BAT-0003665,TMB-HVD,2025-05-05T18:00:00,2025-05-12T00:00:00,acoustic_transect,35.5,19,45,24,24.5,13,TEAM-13-5,acceptable,8.8
BAT-0003666,TMB-HVD,2025-06-05T18:00:00,2025-06-12T00:00:00,acoustic_transect,30.7,11,25,16,14.3,6,TEAM-13-5,acceptable,35.4
BAT-0003667,TMB-VZT,2019-01-05T18:00:00,2019-01-12T00:00:00,acoustic_transect,27.8,11,10,4,9.9,13,TEAM-13-1,acceptable,50.1
BAT-0003668,TMB-VZT,2019-02-05T18:00:00,2019-02-12T00:00:00,fixed_acoustic_station,18.5,4,6,3,3.2,10,TEAM-13-1,high,70.2
BAT-0003669,TMB-VZT,2019-03-05T18:00:00,2019-03-12T00:00:00,acoustic_and_visual,31.9,8,17,5,10.1,12,TEAM-13-1,high,40.7
BAT-0003670,TMB-VZT,2019-04-05T18:00:00,2019-04-12T00:00:00,acoustic_and_visual,22.7,5,15,10,4.6,11,TEAM-13-1,acceptable,58.2
BAT-0003671,TMB-VZT,2019-05-05T18:00:00,2019-05-12T00:00:00,acoustic_transect,33.1,8,28,4,9.7,12,TEAM-13-1,high,27.5
BAT-0003672,TMB-VZT,2019-06-05T18:00:00,2019-06-12T00:00:00,acoustic_and_visual,38.1,19,24,11,25.8,15,TEAM-13-1,high,23.6
BAT-0003673,TMB-VZT,2019-07-05T18:00:00,2019-07-12T00:00:00,acoustic_transect,37.0,11,8,4,10.0,15,TEAM-13-1,high,20.4
BAT-0003674,TMB-VZT,2019-08-05T18:00:00,2019-08-12T00:00:00,acoustic_and_visual,41.3,17,15,7,13.7,11,TEAM-13-1,acceptable,15.1
BAT-0003675,TMB-VZT,2019-09-05T18:00:00,2019-09-12T00:00:00,acoustic_transect,33.1,7,18,6,6.3,12,TEAM-13-1,acceptable,31.8
BAT-0003676,TMB-VZT,2019-10-05T18:00:00,2019-10-12T00:00:00,acoustic_transect,29.5,6,8,5,8.4,5,TEAM-13-1,high,35.6
BAT-0003677,TMB-VZT,2019-11-05T18:00:00,2019-11-12T00:00:00,fixed_acoustic_station,35.5,10,15,18,9.8,17,TEAM-13-1,high,44.3
BAT-0003678,TMB-VZT,2019-12-05T18:00:00,2019-12-12T00:00:00,acoustic_and_visual,33.0,14,18,1,17.9,11,TEAM-13-1,high,56.4
BAT-0003679,TMB-VZT,2020-01-05T18:00:00,2020-01-12T00:00:00,acoustic_and_visual,24.3,9,14,7,10.1,10,TEAM-13-1,high,58.6
BAT-0003680,TMB-VZT,2020-02-05T18:00:00,2020-02-12T00:00:00,fixed_acoustic_station,17.8,4,7,5,5.1,14,TEAM-13-1,acceptable,73.8
BAT-0003681,TMB-VZT,2020-03-05T18:00:00,2020-03-12T00:00:00,acoustic_and_visual,32.0,19,16,9,21.0,10,TEAM-13-1,acceptable,48.2
BAT-0003682,TMB-VZT,2020-04-05T18:00:00,2020-04-12T00:00:00,acoustic_transect,28.9,13,12,14,13.1,12,TEAM-13-1,acceptable,40.5
BAT-0003683,TMB-VZT,2020-05-05T18:00:00,2020-05-12T00:00:00,acoustic_transect,31.1,18,21,10,19.0,14,TEAM-13-1,acceptable,30.8
BAT-0003684,TMB-VZT,2020-06-05T18:00:00,2020-06-12T00:00:00,acoustic_and_visual,20.9,11,13,8,11.5,14,TEAM-13-1,limited,24.3
BAT-0003685,TMB-VZT,2020-07-05T18:00:00,2020-07-12T00:00:00,acoustic_and_visual,31.6,6,11,9,5.4,10,TEAM-13-1,high,36.4
BAT-0003686,TMB-VZT,2020-08-05T18:00:00,2020-08-12T00:00:00,acoustic_and_visual,33.2,6,13,6,5.7,18,TEAM-13-1,acceptable,32.8
BAT-0003687,TMB-VZT,2020-09-05T18:00:00,2020-09-12T00:00:00,fixed_acoustic_station,33.7,12,15,5,16.5,16,TEAM-13-1,high,18.1
BAT-0003688,TMB-VZT,2020-10-05T18:00:00,2020-10-12T00:00:00,acoustic_and_visual,28.7,8,15,12,7.9,12,TEAM-13-1,acceptable,44.8
BAT-0003689,TMB-VZT,2020-11-05T18:00:00,2020-11-12T00:00:00,acoustic_transect,22.9,9,9,3,11.9,13,TEAM-13-1,acceptable,47.0
BAT-0003690,TMB-VZT,2020-12-05T18:00:00,2020-12-12T00:00:00,fixed_acoustic_station,23.3,9,7,4,14.1,12,TEAM-13-1,acceptable,57.6
BAT-0003691,TMB-VZT,2021-01-05T18:00:00,2021-01-12T00:00:00,acoustic_and_visual,30.6,18,19,10,17.5,11,TEAM-13-1,acceptable,40.7
BAT-0003692,TMB-VZT,2021-02-05T18:00:00,2021-02-12T00:00:00,fixed_acoustic_station,21.6,15,10,10,14.4,11,TEAM-13-1,acceptable,63.0
BAT-0003693,TMB-VZT,2021-03-05T18:00:00,2021-03-12T00:00:00,acoustic_and_visual,26.9,11,11,7,14.4,9,TEAM-13-1,high,56.6
BAT-0003694,TMB-VZT,2021-04-05T18:00:00,2021-04-12T00:00:00,fixed_acoustic_station,30.8,15,16,8,17.5,13,TEAM-13-1,high,47.9
BAT-0003695,TMB-VZT,2021-05-05T18:00:00,2021-05-12T00:00:00,acoustic_transect,27.8,11,26,7,15.0,9,TEAM-13-1,acceptable,30.2
BAT-0003696,TMB-VZT,2021-06-05T18:00:00,2021-06-12T00:00:00,acoustic_and_visual,30.1,4,12,8,6.8,13,TEAM-13-1,acceptable,29.6
BAT-0003697,TMB-VZT,2021-07-05T18:00:00,2021-07-12T00:00:00,fixed_acoustic_station,29.8,12,12,4,12.0,5,TEAM-13-1,high,23.8
BAT-0003698,TMB-VZT,2021-08-05T18:00:00,2021-08-12T00:00:00,acoustic_and_visual,34.2,11,17,5,7.5,13,TEAM-13-1,acceptable,22.8
BAT-0003699,TMB-VZT,2021-09-05T18:00:00,2021-09-12T00:00:00,acoustic_and_visual,23.4,7,8,2,7.7,10,TEAM-13-1,acceptable,40.5
BAT-0003700,TMB-VZT,2021-10-05T18:00:00,2021-10-12T00:00:00,fixed_acoustic_station,29.7,9,10,7,12.0,9,TEAM-13-1,acceptable,53.5
BAT-0003701,TMB-VZT,2021-11-05T18:00:00,2021-11-12T00:00:00,acoustic_transect,26.4,9,9,6,10.7,24,TEAM-13-1,acceptable,75.3
BAT-0003702,TMB-VZT,2021-12-05T18:00:00,2021-12-12T00:00:00,acoustic_and_visual,29.8,6,18,4,7.5,4,TEAM-13-1,acceptable,38.3
BAT-0003703,TMB-VZT,2022-01-05T18:00:00,2022-01-12T00:00:00,acoustic_transect,25.9,11,10,6,13.3,13,TEAM-13-1,acceptable,66.1
BAT-0003704,TMB-VZT,2022-02-05T18:00:00,2022-02-12T00:00:00,acoustic_and_visual,33.3,15,12,6,17.0,10,TEAM-13-1,acceptable,40.5
BAT-0003705,TMB-VZT,2022-03-05T18:00:00,2022-03-12T00:00:00,fixed_acoustic_station,24.3,15,8,8,21.8,15,TEAM-13-1,acceptable,63.9
BAT-0003706,TMB-VZT,2022-04-05T18:00:00,2022-04-12T00:00:00,acoustic_and_visual,27.6,7,13,12,4.8,9,TEAM-13-1,high,50.3
BAT-0003707,TMB-VZT,2022-05-05T18:00:00,2022-05-12T00:00:00,fixed_acoustic_station,32.1,16,17,13,17.9,6,TEAM-13-1,acceptable,28.3
BAT-0003708,TMB-VZT,2022-06-05T18:00:00,2022-06-12T00:00:00,acoustic_transect,29.5,9,11,6,13.5,5,TEAM-13-1,high,18.5
BAT-0003709,TMB-VZT,2022-07-05T18:00:00,2022-07-12T00:00:00,acoustic_and_visual,34.4,7,13,5,8.4,8,TEAM-13-1,high,14.7
BAT-0003710,TMB-VZT,2022-08-05T18:00:00,2022-08-12T00:00:00,acoustic_transect,36.7,14,11,6,15.5,12,TEAM-13-1,acceptable,26.3
BAT-0003711,TMB-VZT,2022-09-05T18:00:00,2022-09-12T00:00:00,fixed_acoustic_station,22.1,3,9,3,4.1,10,TEAM-13-1,high,33.8
BAT-0003712,TMB-VZT,2022-10-05T18:00:00,2022-10-12T00:00:00,acoustic_transect,26.3,4,11,6,2.9,13,TEAM-13-1,acceptable,48.4
BAT-0003713,TMB-VZT,2022-11-05T18:00:00,2022-11-12T00:00:00,acoustic_and_visual,27.8,4,15,8,6.2,15,TEAM-13-1,high,48.5
BAT-0003714,TMB-VZT,2022-12-05T18:00:00,2022-12-12T00:00:00,fixed_acoustic_station,32.1,11,12,9,15.2,11,TEAM-13-1,acceptable,41.6
BAT-0003715,TMB-VZT,2023-01-05T18:00:00,2023-01-12T00:00:00,acoustic_and_visual,27.4,5,11,5,6.6,12,TEAM-13-1,acceptable,57.0
BAT-0003716,TMB-VZT,2023-02-05T18:00:00,2023-02-12T00:00:00,acoustic_transect,34.1,22,15,13,24.9,13,TEAM-13-1,acceptable,49.4
BAT-0003717,TMB-VZT,2023-03-05T18:00:00,2023-03-12T00:00:00,fixed_acoustic_station,26.9,9,13,12,11.1,7,TEAM-13-1,high,59.1
BAT-0003718,TMB-VZT,2023-04-05T18:00:00,2023-04-12T00:00:00,acoustic_transect,26.2,7,16,6,6.2,6,TEAM-13-1,acceptable,39.8
BAT-0003719,TMB-VZT,2023-05-05T18:00:00,2023-05-12T00:00:00,fixed_acoustic_station,33.7,18,24,11,23.6,8,TEAM-13-1,high,39.0
BAT-0003720,TMB-VZT,2023-06-05T18:00:00,2023-06-12T00:00:00,acoustic_and_visual,23.8,6,15,6,5.3,14,TEAM-13-1,acceptable,25.0
BAT-0003721,TMB-VZT,2023-07-05T18:00:00,2023-07-12T00:00:00,acoustic_and_visual,36.4,10,17,19,7.9,8,TEAM-13-1,high,22.0
BAT-0003722,TMB-VZT,2023-08-05T18:00:00,2023-08-12T00:00:00,acoustic_and_visual,32.4,13,15,5,11.8,9,TEAM-13-1,high,28.2
BAT-0003723,TMB-VZT,2023-09-05T18:00:00,2023-09-12T00:00:00,fixed_acoustic_station,32.6,11,8,6,12.9,16,TEAM-13-1,acceptable,44.7
BAT-0003724,TMB-VZT,2023-10-05T18:00:00,2023-10-12T00:00:00,fixed_acoustic_station,33.4,7,7,6,9.1,9,TEAM-13-1,high,37.8
BAT-0003725,TMB-VZT,2023-11-05T18:00:00,2023-11-12T00:00:00,fixed_acoustic_station,27.0,9,17,6,8.9,7,TEAM-13-1,acceptable,42.9
BAT-0003726,TMB-VZT,2023-12-05T18:00:00,2023-12-12T00:00:00,fixed_acoustic_station,22.9,10,14,10,11.7,11,TEAM-13-1,high,65.2
BAT-0003727,TMB-VZT,2024-01-05T18:00:00,2024-01-12T00:00:00,fixed_acoustic_station,17.8,9,11,7,10.1,9,TEAM-13-1,acceptable,84.5
BAT-0003728,TMB-VZT,2024-02-05T18:00:00,2024-02-12T00:00:00,fixed_acoustic_station,22.2,7,7,4,8.6,10,TEAM-13-1,acceptable,55.5
BAT-0003729,TMB-VZT,2024-03-05T18:00:00,2024-03-12T00:00:00,acoustic_transect,25.1,5,11,5,6.8,10,TEAM-13-1,acceptable,39.9
BAT-0003730,TMB-VZT,2024-04-05T18:00:00,2024-04-12T00:00:00,acoustic_and_visual,28.5,6,19,8,5.4,15,TEAM-13-1,high,41.6
BAT-0003731,TMB-VZT,2024-05-05T18:00:00,2024-05-12T00:00:00,fixed_acoustic_station,22.5,5,9,9,9.2,10,TEAM-13-1,high,50.6
BAT-0003732,TMB-VZT,2024-06-05T18:00:00,2024-06-12T00:00:00,acoustic_transect,37.2,11,20,11,15.1,4,TEAM-13-1,acceptable,22.3
BAT-0003733,TMB-VZT,2024-07-05T18:00:00,2024-07-12T00:00:00,fixed_acoustic_station,41.6,8,16,8,10.1,14,TEAM-13-1,acceptable,19.2
BAT-0003734,TMB-VZT,2024-08-05T18:00:00,2024-08-12T00:00:00,fixed_acoustic_station,33.1,7,11,5,9.7,6,TEAM-13-1,acceptable,19.0
BAT-0003735,TMB-VZT,2024-09-05T18:00:00,2024-09-12T00:00:00,acoustic_transect,34.8,8,12,3,9.8,5,TEAM-13-1,high,36.9
BAT-0003736,TMB-VZT,2024-10-05T18:00:00,2024-10-12T00:00:00,acoustic_and_visual,29.2,9,11,5,10.4,13,TEAM-13-1,acceptable,28.8
BAT-0003737,TMB-VZT,2024-11-05T18:00:00,2024-11-12T00:00:00,acoustic_and_visual,27.3,9,8,7,9.6,13,TEAM-13-1,acceptable,51.8
BAT-0003738,TMB-VZT,2024-12-05T18:00:00,2024-12-12T00:00:00,fixed_acoustic_station,27.9,17,15,3,16.3,5,TEAM-13-1,acceptable,64.0
BAT-0003739,TMB-VZT,2025-01-05T18:00:00,2025-01-12T00:00:00,fixed_acoustic_station,23.0,6,5,7,5.0,9,TEAM-13-1,acceptable,68.2
BAT-0003740,TMB-VZT,2025-02-05T18:00:00,2025-02-12T00:00:00,acoustic_transect,28.4,7,9,7,5.7,8,TEAM-13-1,high,57.6
BAT-0003741,TMB-VZT,2025-03-05T18:00:00,2025-03-12T00:00:00,acoustic_and_visual,31.9,9,11,5,10.2,14,TEAM-13-1,acceptable,56.0
BAT-0003742,TMB-VZT,2025-04-05T18:00:00,2025-04-12T00:00:00,acoustic_and_visual,28.1,10,17,5,7.6,17,TEAM-13-1,high,29.2
BAT-0003743,TMB-VZT,2025-05-05T18:00:00,2025-05-12T00:00:00,fixed_acoustic_station,34.0,5,11,9,5.0,8,TEAM-13-1,acceptable,35.7
BAT-0003744,TMB-VZT,2025-06-05T18:00:00,2025-06-12T00:00:00,acoustic_transect,39.8,9,17,8,8.5,13,TEAM-13-1,high,9.0
BAT-0003745,TMB-CKU,2019-01-05T18:00:00,2019-01-12T00:00:00,fixed_acoustic_station,23.2,13,21,9,15.3,11,TEAM-13-2,acceptable,55.6
BAT-0003746,TMB-CKU,2019-02-05T18:00:00,2019-02-12T00:00:00,fixed_acoustic_station,23.9,14,25,9,13.4,12,TEAM-13-2,acceptable,41.2
BAT-0003747,TMB-CKU,2019-03-05T18:00:00,2019-03-12T00:00:00,acoustic_and_visual,33.2,21,23,11,22.1,6,TEAM-13-2,high,40.7
BAT-0003748,TMB-CKU,2019-04-05T18:00:00,2019-04-12T00:00:00,acoustic_transect,36.7,13,20,9,13.7,11,TEAM-13-2,high,10.6
BAT-0003749,TMB-CKU,2019-05-05T18:00:00,2019-05-12T00:00:00,fixed_acoustic_station,30.6,24,28,12,32.9,13,TEAM-13-2,high,43.0
BAT-0003750,TMB-CKU,2019-06-05T18:00:00,2019-06-12T00:00:00,acoustic_and_visual,38.3,18,43,29,17.1,13,TEAM-13-2,high,14.0
BAT-0003751,TMB-CKU,2019-07-05T18:00:00,2019-07-12T00:00:00,acoustic_and_visual,34.1,12,36,9,10.7,8,TEAM-13-2,high,11.9
BAT-0003752,TMB-CKU,2019-08-05T18:00:00,2019-08-12T00:00:00,acoustic_and_visual,33.7,17,27,10,17.3,10,TEAM-13-2,acceptable,9.1
BAT-0003753,TMB-CKU,2019-09-05T18:00:00,2019-09-12T00:00:00,acoustic_transect,34.4,18,31,14,23.7,10,TEAM-13-2,high,18.3
BAT-0003754,TMB-CKU,2019-10-05T18:00:00,2019-10-12T00:00:00,acoustic_and_visual,34.5,14,22,9,15.3,10,TEAM-13-2,high,31.8
BAT-0003755,TMB-CKU,2019-11-05T18:00:00,2019-11-12T00:00:00,acoustic_transect,28.3,16,23,14,22.2,12,TEAM-13-2,high,50.0
BAT-0003756,TMB-CKU,2019-12-05T18:00:00,2019-12-12T00:00:00,fixed_acoustic_station,23.2,9,20,12,7.1,16,TEAM-13-2,acceptable,51.6
BAT-0003757,TMB-CKU,2020-01-05T18:00:00,2020-01-12T00:00:00,acoustic_transect,29.3,13,18,12,19.2,15,TEAM-13-2,acceptable,53.3
BAT-0003758,TMB-CKU,2020-02-05T18:00:00,2020-02-12T00:00:00,fixed_acoustic_station,34.9,24,27,14,32.0,8,TEAM-13-2,acceptable,52.0
BAT-0003759,TMB-CKU,2020-03-05T18:00:00,2020-03-12T00:00:00,acoustic_and_visual,32.4,18,18,18,21.4,9,TEAM-13-2,acceptable,39.2
BAT-0003760,TMB-CKU,2020-04-05T18:00:00,2020-04-12T00:00:00,fixed_acoustic_station,28.5,20,28,16,20.1,13,TEAM-13-2,high,31.4
BAT-0003761,TMB-CKU,2020-05-05T18:00:00,2020-05-12T00:00:00,acoustic_transect,31.1,10,20,24,5.5,6,TEAM-13-2,acceptable,32.9
BAT-0003762,TMB-CKU,2020-06-05T18:00:00,2020-06-12T00:00:00,acoustic_transect,34.1,20,38,15,20.4,17,TEAM-13-2,high,22.8
BAT-0003763,TMB-CKU,2020-07-05T18:00:00,2020-07-12T00:00:00,acoustic_transect,34.9,19,22,14,24.0,16,TEAM-13-2,high,33.1
BAT-0003764,TMB-CKU,2020-08-05T18:00:00,2020-08-12T00:00:00,acoustic_transect,28.6,11,27,8,11.1,8,TEAM-13-2,high,18.9
BAT-0003765,TMB-CKU,2020-09-05T18:00:00,2020-09-12T00:00:00,fixed_acoustic_station,40.8,24,33,11,29.8,10,TEAM-13-2,high,16.8
BAT-0003766,TMB-CKU,2020-10-05T18:00:00,2020-10-12T00:00:00,acoustic_transect,35.7,22,35,20,22.8,8,TEAM-13-2,high,31.7
BAT-0003767,TMB-CKU,2020-11-05T18:00:00,2020-11-12T00:00:00,acoustic_transect,33.3,19,19,14,27.8,15,TEAM-13-2,high,32.4
BAT-0003768,TMB-CKU,2020-12-05T18:00:00,2020-12-12T00:00:00,acoustic_transect,17.9,10,13,5,11.0,11,TEAM-13-2,limited,41.3
BAT-0003769,TMB-CKU,2021-01-05T18:00:00,2021-01-12T00:00:00,acoustic_transect,30.9,15,20,15,14.9,14,TEAM-13-2,acceptable,50.4
BAT-0003770,TMB-CKU,2021-02-05T18:00:00,2021-02-12T00:00:00,acoustic_transect,25.3,13,19,11,17.0,9,TEAM-13-2,acceptable,44.4
BAT-0003771,TMB-CKU,2021-03-05T18:00:00,2021-03-12T00:00:00,fixed_acoustic_station,34.6,14,28,16,16.2,13,TEAM-13-2,high,22.7
BAT-0003772,TMB-CKU,2021-04-05T18:00:00,2021-04-12T00:00:00,fixed_acoustic_station,31.8,14,28,13,14.4,9,TEAM-13-2,high,27.9
BAT-0003773,TMB-CKU,2021-05-05T18:00:00,2021-05-12T00:00:00,acoustic_transect,28.6,19,29,7,20.5,11,TEAM-13-2,high,35.1
BAT-0003774,TMB-CKU,2021-06-05T18:00:00,2021-06-12T00:00:00,acoustic_transect,34.1,15,17,14,15.6,14,TEAM-13-2,high,25.0
BAT-0003775,TMB-CKU,2021-07-05T18:00:00,2021-07-12T00:00:00,acoustic_and_visual,29.0,11,27,8,14.5,10,TEAM-13-2,high,14.2
BAT-0003776,TMB-CKU,2021-08-05T18:00:00,2021-08-12T00:00:00,acoustic_transect,35.5,16,25,9,15.5,11,TEAM-13-2,high,3.6
BAT-0003777,TMB-CKU,2021-09-05T18:00:00,2021-09-12T00:00:00,acoustic_and_visual,36.9,9,27,12,12.3,16,TEAM-13-2,high,14.7
BAT-0003778,TMB-CKU,2021-10-05T18:00:00,2021-10-12T00:00:00,fixed_acoustic_station,25.2,8,26,8,6.9,13,TEAM-13-2,high,33.9
BAT-0003779,TMB-CKU,2021-11-05T18:00:00,2021-11-12T00:00:00,acoustic_and_visual,18.9,7,16,10,8.8,21,TEAM-13-2,acceptable,59.5
BAT-0003780,TMB-CKU,2021-12-05T18:00:00,2021-12-12T00:00:00,fixed_acoustic_station,31.4,10,19,10,11.6,8,TEAM-13-2,high,39.0
BAT-0003781,TMB-CKU,2022-01-05T18:00:00,2022-01-12T00:00:00,acoustic_and_visual,24.6,9,18,12,4.8,6,TEAM-13-2,acceptable,53.4
BAT-0003782,TMB-CKU,2022-02-05T18:00:00,2022-02-12T00:00:00,acoustic_and_visual,25.5,9,13,7,11.2,9,TEAM-13-2,acceptable,69.5
BAT-0003783,TMB-CKU,2022-03-05T18:00:00,2022-03-12T00:00:00,fixed_acoustic_station,35.3,12,25,5,12.6,10,TEAM-13-2,high,35.1
BAT-0003784,TMB-CKU,2022-04-05T18:00:00,2022-04-12T00:00:00,acoustic_and_visual,41.0,24,21,21,31.2,7,TEAM-13-2,acceptable,33.9
BAT-0003785,TMB-CKU,2022-05-05T18:00:00,2022-05-12T00:00:00,acoustic_transect,34.2,14,31,13,17.4,10,TEAM-13-2,high,22.4
BAT-0003786,TMB-CKU,2022-06-05T18:00:00,2022-06-12T00:00:00,acoustic_and_visual,33.7,15,16,5,15.0,6,TEAM-13-2,acceptable,21.4
BAT-0003787,TMB-CKU,2022-07-05T18:00:00,2022-07-12T00:00:00,fixed_acoustic_station,36.2,21,22,7,24.2,15,TEAM-13-2,high,13.6
BAT-0003788,TMB-CKU,2022-08-05T18:00:00,2022-08-12T00:00:00,fixed_acoustic_station,37.9,25,27,16,25.9,9,TEAM-13-2,high,20.3
BAT-0003789,TMB-CKU,2022-09-05T18:00:00,2022-09-12T00:00:00,acoustic_transect,29.9,10,24,13,13.6,10,TEAM-13-2,high,33.9
BAT-0003790,TMB-CKU,2022-10-05T18:00:00,2022-10-12T00:00:00,acoustic_transect,31.8,14,28,11,12.3,9,TEAM-13-2,high,29.4
BAT-0003791,TMB-CKU,2022-11-05T18:00:00,2022-11-12T00:00:00,acoustic_transect,19.2,6,12,3,8.9,12,TEAM-13-2,acceptable,52.5
BAT-0003792,TMB-CKU,2022-12-05T18:00:00,2022-12-12T00:00:00,acoustic_transect,29.6,12,25,9,15.2,17,TEAM-13-2,high,48.2
BAT-0003793,TMB-CKU,2023-01-05T18:00:00,2023-01-12T00:00:00,acoustic_transect,36.9,17,22,7,18.0,11,TEAM-13-2,high,39.5
BAT-0003794,TMB-CKU,2023-02-05T18:00:00,2023-02-12T00:00:00,acoustic_and_visual,32.8,13,17,7,14.5,9,TEAM-13-2,high,45.1
BAT-0003795,TMB-CKU,2023-03-05T18:00:00,2023-03-12T00:00:00,acoustic_transect,27.7,16,32,9,16.1,13,TEAM-13-2,high,46.9
BAT-0003796,TMB-CKU,2023-04-05T18:00:00,2023-04-12T00:00:00,acoustic_transect,37.4,14,22,14,16.1,11,TEAM-13-2,high,23.5
BAT-0003797,TMB-CKU,2023-05-05T18:00:00,2023-05-12T00:00:00,fixed_acoustic_station,34.0,25,20,15,27.7,6,TEAM-13-2,high,29.2
BAT-0003798,TMB-CKU,2023-06-05T18:00:00,2023-06-12T00:00:00,fixed_acoustic_station,37.9,13,31,12,15.7,9,TEAM-13-2,acceptable,15.5
BAT-0003799,TMB-CKU,2023-07-05T18:00:00,2023-07-12T00:00:00,acoustic_transect,44.0,25,21,9,30.3,5,TEAM-13-2,acceptable,16.4
BAT-0003800,TMB-CKU,2023-08-05T18:00:00,2023-08-12T00:00:00,fixed_acoustic_station,35.6,11,28,20,13.9,8,TEAM-13-2,acceptable,26.2
BAT-0003801,TMB-CKU,2023-09-05T18:00:00,2023-09-12T00:00:00,fixed_acoustic_station,26.1,6,25,8,7.1,13,TEAM-13-2,acceptable,38.1
BAT-0003802,TMB-CKU,2023-10-05T18:00:00,2023-10-12T00:00:00,acoustic_transect,33.3,19,21,7,18.5,8,TEAM-13-2,high,34.0
BAT-0003803,TMB-CKU,2023-11-05T18:00:00,2023-11-12T00:00:00,acoustic_and_visual,29.0,20,27,8,25.9,13,TEAM-13-2,acceptable,37.5
BAT-0003804,TMB-CKU,2023-12-05T18:00:00,2023-12-12T00:00:00,fixed_acoustic_station,29.6,10,15,11,10.4,16,TEAM-13-2,acceptable,47.6
BAT-0003805,TMB-CKU,2024-01-05T18:00:00,2024-01-12T00:00:00,acoustic_transect,30.4,13,19,5,12.1,10,TEAM-13-2,acceptable,39.0
BAT-0003806,TMB-CKU,2024-02-05T18:00:00,2024-02-12T00:00:00,acoustic_and_visual,24.9,26,25,14,30.9,10,TEAM-13-2,high,48.5
BAT-0003807,TMB-CKU,2024-03-05T18:00:00,2024-03-12T00:00:00,acoustic_and_visual,32.4,16,19,8,20.5,6,TEAM-13-2,acceptable,51.3
BAT-0003808,TMB-CKU,2024-04-05T18:00:00,2024-04-12T00:00:00,acoustic_and_visual,33.7,17,27,10,20.6,15,TEAM-13-2,high,25.4
BAT-0003809,TMB-CKU,2024-05-05T18:00:00,2024-05-12T00:00:00,fixed_acoustic_station,30.3,10,21,8,13.8,10,TEAM-13-2,high,31.4
BAT-0003810,TMB-CKU,2024-06-05T18:00:00,2024-06-12T00:00:00,acoustic_and_visual,41.6,17,44,13,18.7,13,TEAM-13-2,high,5.5
BAT-0003811,TMB-CKU,2024-07-05T18:00:00,2024-07-12T00:00:00,fixed_acoustic_station,37.8,18,28,12,17.7,9,TEAM-13-2,acceptable,27.2
BAT-0003812,TMB-CKU,2024-08-05T18:00:00,2024-08-12T00:00:00,acoustic_transect,40.6,16,29,13,20.7,10,TEAM-13-2,high,18.0
BAT-0003813,TMB-CKU,2024-09-05T18:00:00,2024-09-12T00:00:00,acoustic_transect,32.6,9,28,10,12.4,9,TEAM-13-2,high,27.1
BAT-0003814,TMB-CKU,2024-10-05T18:00:00,2024-10-12T00:00:00,fixed_acoustic_station,32.9,20,21,15,21.8,13,TEAM-13-2,high,25.3
BAT-0003815,TMB-CKU,2024-11-05T18:00:00,2024-11-12T00:00:00,fixed_acoustic_station,31.9,9,23,6,8.4,12,TEAM-13-2,high,26.4
BAT-0003816,TMB-CKU,2024-12-05T18:00:00,2024-12-12T00:00:00,acoustic_transect,30.1,20,16,8,21.5,10,TEAM-13-2,high,46.5
BAT-0003817,TMB-CKU,2025-01-05T18:00:00,2025-01-12T00:00:00,acoustic_and_visual,21.9,9,24,3,12.1,10,TEAM-13-2,high,61.0
BAT-0003818,TMB-CKU,2025-02-05T18:00:00,2025-02-12T00:00:00,acoustic_and_visual,30.9,13,15,11,13.8,12,TEAM-13-2,high,45.7
BAT-0003819,TMB-CKU,2025-03-05T18:00:00,2025-03-12T00:00:00,fixed_acoustic_station,30.6,17,26,11,22.1,13,TEAM-13-2,acceptable,46.8
BAT-0003820,TMB-CKU,2025-04-05T18:00:00,2025-04-12T00:00:00,acoustic_transect,29.6,20,33,12,24.9,6,TEAM-13-2,acceptable,27.9
BAT-0003821,TMB-CKU,2025-05-05T18:00:00,2025-05-12T00:00:00,fixed_acoustic_station,31.9,12,17,17,14.1,10,TEAM-13-2,high,24.8
BAT-0003822,TMB-CKU,2025-06-05T18:00:00,2025-06-12T00:00:00,acoustic_and_visual,30.7,21,30,10,24.6,13,TEAM-13-2,acceptable,25.1
BAT-0003823,TMB-WYT,2019-01-05T18:00:00,2019-01-12T00:00:00,acoustic_and_visual,29.4,18,16,17,18.2,12,TEAM-13-3,acceptable,56.1
BAT-0003824,TMB-WYT,2019-02-05T18:00:00,2019-02-12T00:00:00,acoustic_transect,27.8,10,21,9,14.1,12,TEAM-13-3,high,57.3
BAT-0003825,TMB-WYT,2019-03-05T18:00:00,2019-03-12T00:00:00,acoustic_and_visual,23.6,14,15,11,12.7,8,TEAM-13-3,acceptable,57.0
BAT-0003826,TMB-WYT,2019-04-05T18:00:00,2019-04-12T00:00:00,acoustic_and_visual,31.0,10,13,6,11.8,10,TEAM-13-3,high,41.7
BAT-0003827,TMB-WYT,2019-05-05T18:00:00,2019-05-12T00:00:00,acoustic_transect,38.0,18,21,15,19.2,11,TEAM-13-3,high,18.0
BAT-0003828,TMB-WYT,2019-06-05T18:00:00,2019-06-12T00:00:00,fixed_acoustic_station,32.9,15,23,10,17.9,13,TEAM-13-3,high,24.1
BAT-0003829,TMB-WYT,2019-07-05T18:00:00,2019-07-12T00:00:00,fixed_acoustic_station,33.1,17,39,10,22.0,9,TEAM-13-3,high,10.2
BAT-0003830,TMB-WYT,2019-08-05T18:00:00,2019-08-12T00:00:00,fixed_acoustic_station,37.4,22,18,13,25.7,9,TEAM-13-3,acceptable,30.5
BAT-0003831,TMB-WYT,2019-09-05T18:00:00,2019-09-12T00:00:00,fixed_acoustic_station,32.2,13,26,11,13.6,14,TEAM-13-3,acceptable,33.8
BAT-0003832,TMB-WYT,2019-10-05T18:00:00,2019-10-12T00:00:00,fixed_acoustic_station,35.6,17,26,12,19.7,11,TEAM-13-3,high,36.7
BAT-0003833,TMB-WYT,2019-11-05T18:00:00,2019-11-12T00:00:00,fixed_acoustic_station,28.8,10,19,8,9.3,8,TEAM-13-3,acceptable,45.8
BAT-0003834,TMB-WYT,2019-12-05T18:00:00,2019-12-12T00:00:00,acoustic_transect,33.1,13,16,16,14.9,14,TEAM-13-3,acceptable,43.1
BAT-0003835,TMB-WYT,2020-01-05T18:00:00,2020-01-12T00:00:00,fixed_acoustic_station,34.8,22,21,5,21.1,11,TEAM-13-3,acceptable,46.5
BAT-0003836,TMB-WYT,2020-02-05T18:00:00,2020-02-12T00:00:00,acoustic_and_visual,23.9,6,11,7,5.6,12,TEAM-13-3,acceptable,49.0
BAT-0003837,TMB-WYT,2020-03-05T18:00:00,2020-03-12T00:00:00,acoustic_transect,25.3,15,12,12,11.0,10,TEAM-13-3,high,53.0
BAT-0003838,TMB-WYT,2020-04-05T18:00:00,2020-04-12T00:00:00,acoustic_and_visual,35.6,10,16,12,11.2,15,TEAM-13-3,acceptable,37.1
BAT-0003839,TMB-WYT,2020-05-05T18:00:00,2020-05-12T00:00:00,acoustic_transect,31.5,6,13,7,5.6,13,TEAM-13-3,acceptable,7.2
BAT-0003840,TMB-WYT,2020-06-05T18:00:00,2020-06-12T00:00:00,fixed_acoustic_station,25.8,15,27,6,12.6,11,TEAM-13-3,acceptable,18.7
BAT-0003841,TMB-WYT,2020-07-05T18:00:00,2020-07-12T00:00:00,fixed_acoustic_station,30.7,17,29,5,17.0,12,TEAM-13-3,high,18.3
BAT-0003842,TMB-WYT,2020-08-05T18:00:00,2020-08-12T00:00:00,acoustic_and_visual,37.6,21,23,14,24.6,14,TEAM-13-3,acceptable,17.2
BAT-0003843,TMB-WYT,2020-09-05T18:00:00,2020-09-12T00:00:00,acoustic_and_visual,23.8,13,13,5,14.0,12,TEAM-13-3,acceptable,46.3
BAT-0003844,TMB-WYT,2020-10-05T18:00:00,2020-10-12T00:00:00,acoustic_transect,30.1,13,17,8,14.9,13,TEAM-13-3,acceptable,62.0
BAT-0003845,TMB-WYT,2020-11-05T18:00:00,2020-11-12T00:00:00,fixed_acoustic_station,27.8,17,21,6,19.1,9,TEAM-13-3,high,47.5
BAT-0003846,TMB-WYT,2020-12-05T18:00:00,2020-12-12T00:00:00,fixed_acoustic_station,19.9,9,15,5,10.7,7,TEAM-13-3,acceptable,64.9
BAT-0003847,TMB-WYT,2021-01-05T18:00:00,2021-01-12T00:00:00,acoustic_transect,24.4,16,10,10,16.7,15,TEAM-13-3,high,57.5
BAT-0003848,TMB-WYT,2021-02-05T18:00:00,2021-02-12T00:00:00,fixed_acoustic_station,34.8,16,19,9,20.0,20,TEAM-13-3,high,42.2
BAT-0003849,TMB-WYT,2021-03-05T18:00:00,2021-03-12T00:00:00,acoustic_and_visual,31.2,7,22,8,6.6,12,TEAM-13-3,high,34.8
BAT-0003850,TMB-WYT,2021-04-05T18:00:00,2021-04-12T00:00:00,acoustic_and_visual,32.2,13,10,10,14.8,14,TEAM-13-3,acceptable,35.4
BAT-0003851,TMB-WYT,2021-05-05T18:00:00,2021-05-12T00:00:00,acoustic_and_visual,39.5,23,17,7,28.7,13,TEAM-13-3,high,16.7
BAT-0003852,TMB-WYT,2021-06-05T18:00:00,2021-06-12T00:00:00,acoustic_transect,24.4,8,15,6,10.2,9,TEAM-13-3,acceptable,39.8
BAT-0003853,TMB-WYT,2021-07-05T18:00:00,2021-07-12T00:00:00,acoustic_transect,37.4,18,36,11,22.8,12,TEAM-13-3,high,0.7
BAT-0003854,TMB-WYT,2021-08-05T18:00:00,2021-08-12T00:00:00,acoustic_transect,26.3,14,16,4,15.7,10,TEAM-13-3,acceptable,37.3
BAT-0003855,TMB-WYT,2021-09-05T18:00:00,2021-09-12T00:00:00,fixed_acoustic_station,29.4,9,17,11,13.4,11,TEAM-13-3,acceptable,26.6
BAT-0003856,TMB-WYT,2021-10-05T18:00:00,2021-10-12T00:00:00,fixed_acoustic_station,27.9,10,13,6,9.8,6,TEAM-13-3,high,46.1
BAT-0003857,TMB-WYT,2021-11-05T18:00:00,2021-11-12T00:00:00,acoustic_and_visual,30.9,9,15,6,11.8,6,TEAM-13-3,acceptable,47.7
BAT-0003858,TMB-WYT,2021-12-05T18:00:00,2021-12-12T00:00:00,acoustic_and_visual,24.7,14,22,8,15.3,13,TEAM-13-3,high,44.6
BAT-0003859,TMB-WYT,2022-01-05T18:00:00,2022-01-12T00:00:00,acoustic_and_visual,31.0,18,23,17,15.4,10,TEAM-13-3,high,50.2
BAT-0003860,TMB-WYT,2022-02-05T18:00:00,2022-02-12T00:00:00,acoustic_transect,24.7,13,20,5,15.6,9,TEAM-13-3,acceptable,57.6
BAT-0003861,TMB-WYT,2022-03-05T18:00:00,2022-03-12T00:00:00,acoustic_transect,32.3,15,21,11,18.1,5,TEAM-13-3,high,30.8
BAT-0003862,TMB-WYT,2022-04-05T18:00:00,2022-04-12T00:00:00,fixed_acoustic_station,25.6,6,13,13,7.9,14,TEAM-13-3,acceptable,35.4
BAT-0003863,TMB-WYT,2022-05-05T18:00:00,2022-05-12T00:00:00,fixed_acoustic_station,37.6,17,20,15,22.8,9,TEAM-13-3,high,21.4
BAT-0003864,TMB-WYT,2022-06-05T18:00:00,2022-06-12T00:00:00,fixed_acoustic_station,32.7,18,20,13,16.0,14,TEAM-13-3,acceptable,35.0
BAT-0003865,TMB-WYT,2022-07-05T18:00:00,2022-07-12T00:00:00,fixed_acoustic_station,29.0,17,22,10,17.7,11,TEAM-13-3,acceptable,23.3
BAT-0003866,TMB-WYT,2022-08-05T18:00:00,2022-08-12T00:00:00,fixed_acoustic_station,42.3,20,35,17,23.4,11,TEAM-13-3,high,14.4
BAT-0003867,TMB-WYT,2022-09-05T18:00:00,2022-09-12T00:00:00,acoustic_transect,28.5,16,10,7,16.5,12,TEAM-13-3,acceptable,9.3
BAT-0003868,TMB-WYT,2022-10-05T18:00:00,2022-10-12T00:00:00,fixed_acoustic_station,26.5,18,13,5,24.1,10,TEAM-13-3,high,50.2
BAT-0003869,TMB-WYT,2022-11-05T18:00:00,2022-11-12T00:00:00,acoustic_transect,30.1,15,22,10,15.9,16,TEAM-13-3,high,45.9
BAT-0003870,TMB-WYT,2022-12-05T18:00:00,2022-12-12T00:00:00,acoustic_transect,24.6,9,25,13,6.3,8,TEAM-13-3,acceptable,59.0
BAT-0003871,TMB-WYT,2023-01-05T18:00:00,2023-01-12T00:00:00,acoustic_transect,24.0,15,9,6,16.3,9,TEAM-13-3,acceptable,63.6
BAT-0003872,TMB-WYT,2023-02-05T18:00:00,2023-02-12T00:00:00,acoustic_transect,28.8,17,19,11,19.7,11,TEAM-13-3,high,43.6
BAT-0003873,TMB-WYT,2023-03-05T18:00:00,2023-03-12T00:00:00,fixed_acoustic_station,28.4,12,10,8,12.5,13,TEAM-13-3,acceptable,47.8
BAT-0003874,TMB-WYT,2023-04-05T18:00:00,2023-04-12T00:00:00,acoustic_and_visual,24.4,10,19,6,15.4,8,TEAM-13-3,high,38.1
BAT-0003875,TMB-WYT,2023-05-05T18:00:00,2023-05-12T00:00:00,fixed_acoustic_station,29.5,13,23,8,15.5,13,TEAM-13-3,high,33.9
BAT-0003876,TMB-WYT,2023-06-05T18:00:00,2023-06-12T00:00:00,acoustic_transect,29.1,10,21,10,10.6,12,TEAM-13-3,acceptable,26.6
BAT-0003877,TMB-WYT,2023-07-05T18:00:00,2023-07-12T00:00:00,acoustic_transect,33.9,15,17,3,15.9,11,TEAM-13-3,high,40.4
BAT-0003878,TMB-WYT,2023-08-05T18:00:00,2023-08-12T00:00:00,acoustic_transect,37.4,14,20,8,19.6,18,TEAM-13-3,high,16.0
BAT-0003879,TMB-WYT,2023-09-05T18:00:00,2023-09-12T00:00:00,acoustic_and_visual,28.9,9,22,7,8.4,4,TEAM-13-3,acceptable,28.6
BAT-0003880,TMB-WYT,2023-10-05T18:00:00,2023-10-12T00:00:00,acoustic_and_visual,34.2,15,28,14,17.8,11,TEAM-13-3,high,37.3
BAT-0003881,TMB-WYT,2023-11-05T18:00:00,2023-11-12T00:00:00,acoustic_transect,30.4,15,9,11,11.7,10,TEAM-13-3,high,53.2
BAT-0003882,TMB-WYT,2023-12-05T18:00:00,2023-12-12T00:00:00,fixed_acoustic_station,30.7,13,32,10,12.2,9,TEAM-13-3,high,33.6
BAT-0003883,TMB-WYT,2024-01-05T18:00:00,2024-01-12T00:00:00,acoustic_and_visual,25.9,9,19,8,14.4,13,TEAM-13-3,high,57.0
BAT-0003884,TMB-WYT,2024-02-05T18:00:00,2024-02-12T00:00:00,fixed_acoustic_station,26.8,11,11,8,13.5,18,TEAM-13-3,acceptable,51.3
BAT-0003885,TMB-WYT,2024-03-05T18:00:00,2024-03-12T00:00:00,acoustic_transect,33.4,12,16,9,12.6,8,TEAM-13-3,high,32.6
BAT-0003886,TMB-WYT,2024-04-05T18:00:00,2024-04-12T00:00:00,fixed_acoustic_station,27.3,5,19,6,1.4,5,TEAM-13-3,acceptable,42.1
BAT-0003887,TMB-WYT,2024-05-05T18:00:00,2024-05-12T00:00:00,acoustic_and_visual,24.3,12,21,14,14.3,11,TEAM-13-3,acceptable,24.7
BAT-0003888,TMB-WYT,2024-06-05T18:00:00,2024-06-12T00:00:00,acoustic_and_visual,44.5,28,40,12,31.9,11,TEAM-13-3,high,1.6
BAT-0003889,TMB-WYT,2024-07-05T18:00:00,2024-07-12T00:00:00,acoustic_transect,29.3,11,17,9,13.2,7,TEAM-13-3,high,32.1
BAT-0003890,TMB-WYT,2024-08-05T18:00:00,2024-08-12T00:00:00,acoustic_transect,34.1,16,12,12,18.5,5,TEAM-13-3,acceptable,51.3
BAT-0003891,TMB-WYT,2024-09-05T18:00:00,2024-09-12T00:00:00,fixed_acoustic_station,33.5,15,24,10,13.3,9,TEAM-13-3,high,13.8
BAT-0003892,TMB-WYT,2024-10-05T18:00:00,2024-10-12T00:00:00,fixed_acoustic_station,23.5,15,23,6,17.1,15,TEAM-13-3,high,45.6
BAT-0003893,TMB-WYT,2024-11-05T18:00:00,2024-11-12T00:00:00,acoustic_and_visual,29.7,5,19,6,6.6,8,TEAM-13-3,high,60.5
BAT-0003894,TMB-WYT,2024-12-05T18:00:00,2024-12-12T00:00:00,fixed_acoustic_station,22.6,12,14,8,16.8,9,TEAM-13-3,limited,50.6
BAT-0003895,TMB-WYT,2025-01-05T18:00:00,2025-01-12T00:00:00,acoustic_and_visual,22.0,11,9,8,12.7,20,TEAM-13-3,acceptable,69.9
BAT-0003896,TMB-WYT,2025-02-05T18:00:00,2025-02-12T00:00:00,fixed_acoustic_station,25.6,8,14,6,6.9,21,TEAM-13-3,high,64.1
BAT-0003897,TMB-WYT,2025-03-05T18:00:00,2025-03-12T00:00:00,fixed_acoustic_station,31.0,14,13,6,12.4,9,TEAM-13-3,high,52.2
BAT-0003898,TMB-WYT,2025-04-05T18:00:00,2025-04-12T00:00:00,acoustic_transect,30.5,11,23,10,13.5,13,TEAM-13-3,high,31.3
BAT-0003899,TMB-WYT,2025-05-05T18:00:00,2025-05-12T00:00:00,acoustic_and_visual,36.1,9,16,7,8.8,11,TEAM-13-3,high,26.5
BAT-0003900,TMB-WYT,2025-06-05T18:00:00,2025-06-12T00:00:00,fixed_acoustic_station,33.1,17,17,11,23.5,14,TEAM-13-3,acceptable,24.6
BAT-0003901,TMB-GWP,2019-01-05T18:00:00,2019-01-12T00:00:00,acoustic_and_visual,26.3,14,10,11,15.8,14,TEAM-13-4,acceptable,85.2
BAT-0003902,TMB-GWP,2019-02-05T18:00:00,2019-02-12T00:00:00,fixed_acoustic_station,26.1,22,16,5,26.3,17,TEAM-13-4,acceptable,47.0
BAT-0003903,TMB-GWP,2019-03-05T18:00:00,2019-03-12T00:00:00,fixed_acoustic_station,24.5,17,18,5,19.6,13,TEAM-13-4,high,52.4
BAT-0003904,TMB-GWP,2019-04-05T18:00:00,2019-04-12T00:00:00,acoustic_transect,22.5,14,15,20,14.3,16,TEAM-13-4,acceptable,51.9
BAT-0003905,TMB-GWP,2019-05-05T18:00:00,2019-05-12T00:00:00,fixed_acoustic_station,33.7,16,22,15,19.8,12,TEAM-13-4,acceptable,34.9
BAT-0003906,TMB-GWP,2019-06-05T18:00:00,2019-06-12T00:00:00,acoustic_transect,36.1,13,19,11,15.0,13,TEAM-13-4,acceptable,24.4
BAT-0003907,TMB-GWP,2019-07-05T18:00:00,2019-07-12T00:00:00,acoustic_and_visual,31.4,6,37,11,6.8,8,TEAM-13-4,high,0.9
BAT-0003908,TMB-GWP,2019-08-05T18:00:00,2019-08-12T00:00:00,fixed_acoustic_station,35.4,18,40,13,17.5,13,TEAM-13-4,high,27.2
BAT-0003909,TMB-GWP,2019-09-05T18:00:00,2019-09-12T00:00:00,fixed_acoustic_station,31.1,18,17,10,20.3,11,TEAM-13-4,high,34.5
BAT-0003910,TMB-GWP,2019-10-05T18:00:00,2019-10-12T00:00:00,fixed_acoustic_station,16.2,3,7,4,3.9,14,TEAM-13-4,acceptable,75.1
BAT-0003911,TMB-GWP,2019-11-05T18:00:00,2019-11-12T00:00:00,acoustic_transect,19.6,12,13,10,12.7,10,TEAM-13-4,high,90.2
BAT-0003912,TMB-GWP,2019-12-05T18:00:00,2019-12-12T00:00:00,fixed_acoustic_station,18.7,7,8,4,9.5,13,TEAM-13-4,acceptable,94.7
BAT-0003913,TMB-GWP,2020-01-05T18:00:00,2020-01-12T00:00:00,acoustic_and_visual,20.2,10,12,13,10.0,12,TEAM-13-4,acceptable,87.9
BAT-0003914,TMB-GWP,2020-02-05T18:00:00,2020-02-12T00:00:00,acoustic_transect,28.0,8,12,8,10.6,11,TEAM-13-4,acceptable,74.6
BAT-0003915,TMB-GWP,2020-03-05T18:00:00,2020-03-12T00:00:00,acoustic_and_visual,21.9,19,18,9,18.6,7,TEAM-13-4,high,53.4
BAT-0003916,TMB-GWP,2020-04-05T18:00:00,2020-04-12T00:00:00,fixed_acoustic_station,29.3,11,23,8,14.9,20,TEAM-13-4,acceptable,43.0
BAT-0003917,TMB-GWP,2020-05-05T18:00:00,2020-05-12T00:00:00,acoustic_and_visual,35.5,7,19,12,9.4,16,TEAM-13-4,high,34.5
BAT-0003918,TMB-GWP,2020-06-05T18:00:00,2020-06-12T00:00:00,acoustic_transect,29.4,15,19,9,14.5,10,TEAM-13-4,acceptable,35.6
BAT-0003919,TMB-GWP,2020-07-05T18:00:00,2020-07-12T00:00:00,acoustic_and_visual,38.3,12,30,11,13.7,12,TEAM-13-4,high,6.6
BAT-0003920,TMB-GWP,2020-08-05T18:00:00,2020-08-12T00:00:00,acoustic_transect,31.2,12,16,13,12.2,14,TEAM-13-4,acceptable,26.9
BAT-0003921,TMB-GWP,2020-09-05T18:00:00,2020-09-12T00:00:00,acoustic_and_visual,32.8,7,23,8,2.4,14,TEAM-13-4,high,27.3
BAT-0003922,TMB-GWP,2020-10-05T18:00:00,2020-10-12T00:00:00,acoustic_and_visual,24.6,7,8,5,6.4,10,TEAM-13-4,acceptable,75.4
BAT-0003923,TMB-GWP,2020-11-05T18:00:00,2020-11-12T00:00:00,acoustic_transect,18.0,6,14,3,7.7,8,TEAM-13-4,high,88.9
BAT-0003924,TMB-GWP,2020-12-05T18:00:00,2020-12-12T00:00:00,fixed_acoustic_station,15.1,9,8,7,9.5,10,TEAM-13-4,acceptable,100.0
BAT-0003925,TMB-GWP,2021-01-05T18:00:00,2021-01-12T00:00:00,acoustic_transect,15.1,6,8,14,10.0,9,TEAM-13-4,acceptable,100.0
BAT-0003926,TMB-GWP,2021-02-05T18:00:00,2021-02-12T00:00:00,fixed_acoustic_station,26.2,12,21,11,12.3,8,TEAM-13-4,high,62.5
BAT-0003927,TMB-GWP,2021-03-05T18:00:00,2021-03-12T00:00:00,fixed_acoustic_station,28.9,10,16,8,12.8,12,TEAM-13-4,acceptable,45.0
BAT-0003928,TMB-GWP,2021-04-05T18:00:00,2021-04-12T00:00:00,acoustic_transect,29.5,6,9,11,4.9,8,TEAM-13-4,high,45.7
BAT-0003929,TMB-GWP,2021-05-05T18:00:00,2021-05-12T00:00:00,acoustic_and_visual,36.1,14,21,6,15.8,8,TEAM-13-4,acceptable,28.5
BAT-0003930,TMB-GWP,2021-06-05T18:00:00,2021-06-12T00:00:00,fixed_acoustic_station,39.3,19,24,10,20.9,9,TEAM-13-4,high,17.0
BAT-0003931,TMB-GWP,2021-07-05T18:00:00,2021-07-12T00:00:00,acoustic_and_visual,34.0,25,31,13,29.4,16,TEAM-13-4,high,6.0
BAT-0003932,TMB-GWP,2021-08-05T18:00:00,2021-08-12T00:00:00,fixed_acoustic_station,35.4,13,22,15,10.3,13,TEAM-13-4,high,20.5
BAT-0003933,TMB-GWP,2021-09-05T18:00:00,2021-09-12T00:00:00,acoustic_transect,32.8,15,16,12,17.8,5,TEAM-13-4,high,32.5
BAT-0003934,TMB-GWP,2021-10-05T18:00:00,2021-10-12T00:00:00,fixed_acoustic_station,20.9,7,3,5,10.5,13,TEAM-13-4,acceptable,68.1
BAT-0003935,TMB-GWP,2021-11-05T18:00:00,2021-11-12T00:00:00,fixed_acoustic_station,23.3,8,14,7,8.8,17,TEAM-13-4,acceptable,72.2
BAT-0003936,TMB-GWP,2021-12-05T18:00:00,2021-12-12T00:00:00,acoustic_transect,21.1,5,13,5,5.4,10,TEAM-13-4,high,98.3
BAT-0003937,TMB-GWP,2022-01-05T18:00:00,2022-01-12T00:00:00,fixed_acoustic_station,17.7,7,2,4,6.4,11,TEAM-13-4,acceptable,95.1
BAT-0003938,TMB-GWP,2022-02-05T18:00:00,2022-02-12T00:00:00,fixed_acoustic_station,16.7,10,24,8,10.1,12,TEAM-13-4,acceptable,63.3
BAT-0003939,TMB-GWP,2022-03-05T18:00:00,2022-03-12T00:00:00,acoustic_and_visual,29.1,9,20,8,7.1,11,TEAM-13-4,acceptable,39.0
BAT-0003940,TMB-GWP,2022-04-05T18:00:00,2022-04-12T00:00:00,acoustic_and_visual,31.5,16,9,7,21.0,13,TEAM-13-4,acceptable,52.8
BAT-0003941,TMB-GWP,2022-05-05T18:00:00,2022-05-12T00:00:00,fixed_acoustic_station,26.9,12,19,10,18.1,16,TEAM-13-4,high,41.1
BAT-0003942,TMB-GWP,2022-06-05T18:00:00,2022-06-12T00:00:00,fixed_acoustic_station,32.1,14,14,6,14.7,13,TEAM-13-4,acceptable,16.4
BAT-0003943,TMB-GWP,2022-07-05T18:00:00,2022-07-12T00:00:00,acoustic_transect,37.1,14,42,17,12.1,15,TEAM-13-4,high,0.7
BAT-0003944,TMB-GWP,2022-08-05T18:00:00,2022-08-12T00:00:00,acoustic_transect,31.2,18,21,10,22.9,15,TEAM-13-4,high,29.0
BAT-0003945,TMB-GWP,2022-09-05T18:00:00,2022-09-12T00:00:00,fixed_acoustic_station,31.7,9,22,10,8.1,10,TEAM-13-4,high,43.0
BAT-0003946,TMB-GWP,2022-10-05T18:00:00,2022-10-12T00:00:00,fixed_acoustic_station,23.6,10,14,5,11.0,16,TEAM-13-4,high,62.6
BAT-0003947,TMB-GWP,2022-11-05T18:00:00,2022-11-12T00:00:00,fixed_acoustic_station,26.8,18,10,7,22.9,17,TEAM-13-4,acceptable,68.9
BAT-0003948,TMB-GWP,2022-12-05T18:00:00,2022-12-12T00:00:00,fixed_acoustic_station,10.0,9,11,5,11.3,7,TEAM-13-4,limited,91.7
BAT-0003949,TMB-GWP,2023-01-05T18:00:00,2023-01-12T00:00:00,fixed_acoustic_station,22.4,8,8,7,12.0,9,TEAM-13-4,acceptable,77.8
BAT-0003950,TMB-GWP,2023-02-05T18:00:00,2023-02-12T00:00:00,fixed_acoustic_station,27.7,15,17,8,15.0,10,TEAM-13-4,high,54.6
BAT-0003951,TMB-GWP,2023-03-05T18:00:00,2023-03-12T00:00:00,acoustic_and_visual,27.5,17,27,10,23.0,9,TEAM-13-4,high,44.0
BAT-0003952,TMB-GWP,2023-04-05T18:00:00,2023-04-12T00:00:00,acoustic_and_visual,25.7,11,13,8,11.8,14,TEAM-13-4,acceptable,53.6
BAT-0003953,TMB-GWP,2023-05-05T18:00:00,2023-05-12T00:00:00,acoustic_transect,28.5,12,13,11,14.2,9,TEAM-13-4,acceptable,33.0
BAT-0003954,TMB-GWP,2023-06-05T18:00:00,2023-06-12T00:00:00,acoustic_and_visual,42.1,18,23,14,17.2,11,TEAM-13-4,high,13.9
BAT-0003955,TMB-GWP,2023-07-05T18:00:00,2023-07-12T00:00:00,fixed_acoustic_station,36.3,13,27,10,18.4,9,TEAM-13-4,high,3.9
BAT-0003956,TMB-GWP,2023-08-05T18:00:00,2023-08-12T00:00:00,acoustic_transect,32.7,11,20,10,7.4,6,TEAM-13-4,high,15.4
BAT-0003957,TMB-GWP,2023-09-05T18:00:00,2023-09-12T00:00:00,acoustic_transect,39.1,24,26,15,32.4,13,TEAM-13-4,high,11.7
BAT-0003958,TMB-GWP,2023-10-05T18:00:00,2023-10-12T00:00:00,acoustic_and_visual,22.0,6,8,8,11.4,11,TEAM-13-4,acceptable,80.1
BAT-0003959,TMB-GWP,2023-11-05T18:00:00,2023-11-12T00:00:00,acoustic_and_visual,19.0,8,11,12,7.6,12,TEAM-13-4,high,77.8
BAT-0003960,TMB-GWP,2023-12-05T18:00:00,2023-12-12T00:00:00,acoustic_transect,23.9,6,11,5,8.3,7,TEAM-13-4,acceptable,92.6
BAT-0003961,TMB-GWP,2024-01-05T18:00:00,2024-01-12T00:00:00,acoustic_and_visual,22.2,12,5,4,16.3,20,TEAM-13-4,acceptable,99.7
BAT-0003962,TMB-GWP,2024-02-05T18:00:00,2024-02-12T00:00:00,acoustic_transect,21.2,13,17,5,13.8,7,TEAM-13-4,acceptable,53.2
BAT-0003963,TMB-GWP,2024-03-05T18:00:00,2024-03-12T00:00:00,fixed_acoustic_station,24.3,13,15,9,12.9,10,TEAM-13-4,acceptable,48.2
BAT-0003964,TMB-GWP,2024-04-05T18:00:00,2024-04-12T00:00:00,acoustic_transect,29.4,7,19,5,10.0,10,TEAM-13-4,acceptable,31.2
BAT-0003965,TMB-GWP,2024-05-05T18:00:00,2024-05-12T00:00:00,acoustic_transect,37.1,17,25,12,21.3,12,TEAM-13-4,high,22.6
BAT-0003966,TMB-GWP,2024-06-05T18:00:00,2024-06-12T00:00:00,acoustic_and_visual,34.7,13,19,8,14.1,8,TEAM-13-4,high,9.8
BAT-0003967,TMB-GWP,2024-07-05T18:00:00,2024-07-12T00:00:00,fixed_acoustic_station,37.0,14,21,3,14.1,12,TEAM-13-4,high,39.1
BAT-0003968,TMB-GWP,2024-08-05T18:00:00,2024-08-12T00:00:00,fixed_acoustic_station,36.1,21,18,16,25.7,14,TEAM-13-4,high,26.6
BAT-0003969,TMB-GWP,2024-09-05T18:00:00,2024-09-12T00:00:00,fixed_acoustic_station,28.4,13,26,3,14.8,14,TEAM-13-4,high,31.5
BAT-0003970,TMB-GWP,2024-10-05T18:00:00,2024-10-12T00:00:00,acoustic_transect,25.1,13,6,3,14.0,9,TEAM-13-4,acceptable,77.5
BAT-0003971,TMB-GWP,2024-11-05T18:00:00,2024-11-12T00:00:00,acoustic_transect,20.2,7,6,7,7.8,14,TEAM-13-4,acceptable,82.3
BAT-0003972,TMB-GWP,2024-12-05T18:00:00,2024-12-12T00:00:00,acoustic_and_visual,19.0,11,6,6,14.4,12,TEAM-13-4,acceptable,87.3
BAT-0003973,TMB-GWP,2025-01-05T18:00:00,2025-01-12T00:00:00,acoustic_and_visual,15.1,8,10,12,6.4,12,TEAM-13-4,acceptable,98.0
BAT-0003974,TMB-GWP,2025-02-05T18:00:00,2025-02-12T00:00:00,acoustic_and_visual,25.2,10,11,1,6.0,10,TEAM-13-4,acceptable,61.6
BAT-0003975,TMB-GWP,2025-03-05T18:00:00,2025-03-12T00:00:00,fixed_acoustic_station,22.8,18,10,9,20.5,5,TEAM-13-4,acceptable,55.1
BAT-0003976,TMB-GWP,2025-04-05T18:00:00,2025-04-12T00:00:00,acoustic_transect,29.3,8,16,14,6.0,10,TEAM-13-4,acceptable,37.7
BAT-0003977,TMB-GWP,2025-05-05T18:00:00,2025-05-12T00:00:00,acoustic_and_visual,34.7,12,19,6,13.1,19,TEAM-13-4,high,39.0
BAT-0003978,TMB-GWP,2025-06-05T18:00:00,2025-06-12T00:00:00,fixed_acoustic_station,35.5,12,25,6,13.3,14,TEAM-13-4,high,22.0
BAT-0003979,TMB-BRC,2019-01-05T18:00:00,2019-01-12T00:00:00,acoustic_transect,26.7,39,47,29,38.0,12,TEAM-13-5,acceptable,59.8
BAT-0003980,TMB-BRC,2019-02-05T18:00:00,2019-02-12T00:00:00,acoustic_transect,27.3,39,53,22,48.4,13,TEAM-13-5,acceptable,44.0
BAT-0003981,TMB-BRC,2019-03-05T18:00:00,2019-03-12T00:00:00,fixed_acoustic_station,30.9,52,61,30,42.7,7,TEAM-13-5,high,41.9
BAT-0003982,TMB-BRC,2019-04-05T18:00:00,2019-04-12T00:00:00,fixed_acoustic_station,29.7,53,66,26,50.7,9,TEAM-13-5,acceptable,39.9
BAT-0003983,TMB-BRC,2019-05-05T18:00:00,2019-05-12T00:00:00,fixed_acoustic_station,28.4,58,61,28,71.2,14,TEAM-13-5,acceptable,37.5
BAT-0003984,TMB-BRC,2019-06-05T18:00:00,2019-06-12T00:00:00,fixed_acoustic_station,40.6,54,98,33,54.4,11,TEAM-13-5,high,0.4
BAT-0003985,TMB-BRC,2019-07-05T18:00:00,2019-07-12T00:00:00,acoustic_and_visual,38.4,56,67,38,62.0,9,TEAM-13-5,acceptable,12.8
BAT-0003986,TMB-BRC,2019-08-05T18:00:00,2019-08-12T00:00:00,acoustic_and_visual,30.5,39,46,33,50.8,9,TEAM-13-5,acceptable,40.6
BAT-0003987,TMB-BRC,2019-09-05T18:00:00,2019-09-12T00:00:00,acoustic_and_visual,37.9,43,78,36,45.2,10,TEAM-13-5,acceptable,12.7
BAT-0003988,TMB-BRC,2019-10-05T18:00:00,2019-10-12T00:00:00,fixed_acoustic_station,28.7,48,54,25,52.3,13,TEAM-13-5,high,37.9
BAT-0003989,TMB-BRC,2019-11-05T18:00:00,2019-11-12T00:00:00,acoustic_transect,23.8,38,56,33,39.7,17,TEAM-13-5,high,61.8
BAT-0003990,TMB-BRC,2019-12-05T18:00:00,2019-12-12T00:00:00,acoustic_transect,30.3,34,62,28,36.3,10,TEAM-13-5,high,51.5
BAT-0003991,TMB-BRC,2020-01-05T18:00:00,2020-01-12T00:00:00,acoustic_and_visual,30.9,54,46,22,60.0,4,TEAM-13-5,acceptable,60.6
BAT-0003992,TMB-BRC,2020-02-05T18:00:00,2020-02-12T00:00:00,acoustic_and_visual,31.6,45,60,36,42.5,17,TEAM-13-5,high,51.0
BAT-0003993,TMB-BRC,2020-03-05T18:00:00,2020-03-12T00:00:00,acoustic_transect,24.9,34,45,27,41.2,16,TEAM-13-5,acceptable,61.6
BAT-0003994,TMB-BRC,2020-04-05T18:00:00,2020-04-12T00:00:00,acoustic_transect,29.3,48,61,42,44.4,14,TEAM-13-5,acceptable,36.0
BAT-0003995,TMB-BRC,2020-05-05T18:00:00,2020-05-12T00:00:00,acoustic_transect,32.4,48,81,38,68.0,11,TEAM-13-5,high,38.2
BAT-0003996,TMB-BRC,2020-06-05T18:00:00,2020-06-12T00:00:00,acoustic_transect,35.3,68,100,39,74.2,14,TEAM-13-5,high,25.3
BAT-0003997,TMB-BRC,2020-07-05T18:00:00,2020-07-12T00:00:00,fixed_acoustic_station,37.9,45,96,37,50.9,6,TEAM-13-5,high,6.7
BAT-0003998,TMB-BRC,2020-08-05T18:00:00,2020-08-12T00:00:00,acoustic_transect,35.3,37,51,28,49.7,16,TEAM-13-5,acceptable,21.0
BAT-0003999,TMB-BRC,2020-09-05T18:00:00,2020-09-12T00:00:00,acoustic_transect,24.1,43,54,29,41.6,14,TEAM-13-5,acceptable,46.9
BAT-0004000,TMB-BRC,2020-10-05T18:00:00,2020-10-12T00:00:00,acoustic_and_visual,37.2,61,101,42,62.7,7,TEAM-13-5,high,22.3
BAT-0004001,TMB-BRC,2020-11-05T18:00:00,2020-11-12T00:00:00,acoustic_and_visual,31.8,25,38,27,30.2,20,TEAM-13-5,acceptable,42.0
BAT-0004002,TMB-BRC,2020-12-05T18:00:00,2020-12-12T00:00:00,acoustic_and_visual,18.6,16,49,18,13.6,9,TEAM-13-5,high,63.9
BAT-0004003,TMB-BRC,2021-01-05T18:00:00,2021-01-12T00:00:00,acoustic_and_visual,22.1,30,42,20,29.3,13,TEAM-13-5,high,56.9
BAT-0004004,TMB-BRC,2021-02-05T18:00:00,2021-02-12T00:00:00,acoustic_transect,32.3,20,27,19,19.5,14,TEAM-13-5,high,55.4
BAT-0004005,TMB-BRC,2021-03-05T18:00:00,2021-03-12T00:00:00,acoustic_transect,21.7,28,60,20,30.0,13,TEAM-13-5,high,58.1
BAT-0004006,TMB-BRC,2021-04-05T18:00:00,2021-04-12T00:00:00,acoustic_transect,35.6,73,89,45,93.7,13,TEAM-13-5,high,35.0
BAT-0004007,TMB-BRC,2021-05-05T18:00:00,2021-05-12T00:00:00,fixed_acoustic_station,39.6,40,53,30,57.4,10,TEAM-13-5,high,18.0
BAT-0004008,TMB-BRC,2021-06-05T18:00:00,2021-06-12T00:00:00,acoustic_and_visual,31.9,49,52,41,60.7,8,TEAM-13-5,acceptable,40.4
BAT-0004009,TMB-BRC,2021-07-05T18:00:00,2021-07-12T00:00:00,fixed_acoustic_station,36.4,50,89,39,56.5,16,TEAM-13-5,high,19.0
BAT-0004010,TMB-BRC,2021-08-05T18:00:00,2021-08-12T00:00:00,acoustic_and_visual,32.2,28,51,17,24.8,12,TEAM-13-5,acceptable,25.7
BAT-0004011,TMB-BRC,2021-09-05T18:00:00,2021-09-12T00:00:00,fixed_acoustic_station,32.4,42,63,32,45.0,12,TEAM-13-5,high,20.9
BAT-0004012,TMB-BRC,2021-10-05T18:00:00,2021-10-12T00:00:00,acoustic_transect,25.9,31,54,34,39.8,14,TEAM-13-5,acceptable,36.9
BAT-0004013,TMB-BRC,2021-11-05T18:00:00,2021-11-12T00:00:00,fixed_acoustic_station,34.8,51,66,41,63.2,8,TEAM-13-5,acceptable,46.1
BAT-0004014,TMB-BRC,2021-12-05T18:00:00,2021-12-12T00:00:00,acoustic_and_visual,28.3,34,53,17,42.5,12,TEAM-13-5,acceptable,47.1
BAT-0004015,TMB-BRC,2022-01-05T18:00:00,2022-01-12T00:00:00,fixed_acoustic_station,31.1,45,42,40,46.6,14,TEAM-13-5,acceptable,52.5
BAT-0004016,TMB-BRC,2022-02-05T18:00:00,2022-02-12T00:00:00,acoustic_transect,17.5,30,54,15,29.1,9,TEAM-13-5,high,64.1
BAT-0004017,TMB-BRC,2022-03-05T18:00:00,2022-03-12T00:00:00,acoustic_and_visual,30.9,32,27,19,37.4,5,TEAM-13-5,high,43.2
BAT-0004018,TMB-BRC,2022-04-05T18:00:00,2022-04-12T00:00:00,acoustic_and_visual,25.6,33,65,31,31.5,8,TEAM-13-5,acceptable,49.8
BAT-0004019,TMB-BRC,2022-05-05T18:00:00,2022-05-12T00:00:00,acoustic_transect,34.8,38,39,40,45.8,18,TEAM-13-5,acceptable,20.5
BAT-0004020,TMB-BRC,2022-06-05T18:00:00,2022-06-12T00:00:00,acoustic_transect,34.1,58,96,43,69.9,13,TEAM-13-5,high,31.0
BAT-0004021,TMB-BRC,2022-07-05T18:00:00,2022-07-12T00:00:00,fixed_acoustic_station,33.5,29,28,17,28.0,11,TEAM-13-5,high,24.1
BAT-0004022,TMB-BRC,2022-08-05T18:00:00,2022-08-12T00:00:00,acoustic_transect,36.9,54,77,42,60.9,15,TEAM-13-5,high,21.5
BAT-0004023,TMB-BRC,2022-09-05T18:00:00,2022-09-12T00:00:00,acoustic_transect,31.2,52,72,33,60.4,9,TEAM-13-5,high,36.1
BAT-0004024,TMB-BRC,2022-10-05T18:00:00,2022-10-12T00:00:00,acoustic_transect,29.7,37,40,18,35.2,11,TEAM-13-5,acceptable,41.7
BAT-0004025,TMB-BRC,2022-11-05T18:00:00,2022-11-12T00:00:00,acoustic_and_visual,18.5,25,48,15,26.6,20,TEAM-13-5,acceptable,50.4
BAT-0004026,TMB-BRC,2022-12-05T18:00:00,2022-12-12T00:00:00,fixed_acoustic_station,26.0,44,34,35,52.1,10,TEAM-13-5,high,66.6
BAT-0004027,TMB-BRC,2023-01-05T18:00:00,2023-01-12T00:00:00,fixed_acoustic_station,30.4,36,49,20,46.3,12,TEAM-13-5,acceptable,37.4
BAT-0004028,TMB-BRC,2023-02-05T18:00:00,2023-02-12T00:00:00,acoustic_and_visual,20.2,23,40,24,24.0,11,TEAM-13-5,acceptable,51.1
BAT-0004029,TMB-BRC,2023-03-05T18:00:00,2023-03-12T00:00:00,acoustic_and_visual,27.7,30,43,10,31.1,6,TEAM-13-5,high,57.2
BAT-0004030,TMB-BRC,2023-04-05T18:00:00,2023-04-12T00:00:00,acoustic_and_visual,31.6,62,73,24,58.8,10,TEAM-13-5,high,39.3
BAT-0004031,TMB-BRC,2023-05-05T18:00:00,2023-05-12T00:00:00,fixed_acoustic_station,32.0,47,75,35,53.6,19,TEAM-13-5,acceptable,37.2
BAT-0004032,TMB-BRC,2023-06-05T18:00:00,2023-06-12T00:00:00,acoustic_and_visual,40.1,52,107,47,63.2,7,TEAM-13-5,high,12.8
BAT-0004033,TMB-BRC,2023-07-05T18:00:00,2023-07-12T00:00:00,acoustic_and_visual,28.5,38,59,40,41.5,20,TEAM-13-5,acceptable,24.4
BAT-0004034,TMB-BRC,2023-08-05T18:00:00,2023-08-12T00:00:00,acoustic_transect,33.9,28,44,21,33.8,14,TEAM-13-5,acceptable,19.9
BAT-0004035,TMB-BRC,2023-09-05T18:00:00,2023-09-12T00:00:00,acoustic_transect,28.2,30,47,22,31.2,16,TEAM-13-5,high,41.4
BAT-0004036,TMB-BRC,2023-10-05T18:00:00,2023-10-12T00:00:00,acoustic_transect,28.7,45,41,26,46.1,11,TEAM-13-5,acceptable,50.0
BAT-0004037,TMB-BRC,2023-11-05T18:00:00,2023-11-12T00:00:00,acoustic_transect,27.0,34,67,22,34.1,17,TEAM-13-5,high,44.2
BAT-0004038,TMB-BRC,2023-12-05T18:00:00,2023-12-12T00:00:00,acoustic_and_visual,19.4,26,43,18,24.9,12,TEAM-13-5,acceptable,47.7
BAT-0004039,TMB-BRC,2024-01-05T18:00:00,2024-01-12T00:00:00,fixed_acoustic_station,24.3,14,32,17,17.6,17,TEAM-13-5,acceptable,57.8
BAT-0004040,TMB-BRC,2024-02-05T18:00:00,2024-02-12T00:00:00,fixed_acoustic_station,24.5,43,57,22,39.3,12,TEAM-13-5,acceptable,53.3
BAT-0004041,TMB-BRC,2024-03-05T18:00:00,2024-03-12T00:00:00,acoustic_and_visual,29.5,39,62,28,48.6,12,TEAM-13-5,high,53.3
BAT-0004042,TMB-BRC,2024-04-05T18:00:00,2024-04-12T00:00:00,fixed_acoustic_station,25.9,42,64,34,46.9,10,TEAM-13-5,high,39.1
BAT-0004043,TMB-BRC,2024-05-05T18:00:00,2024-05-12T00:00:00,acoustic_transect,36.6,69,100,42,71.8,15,TEAM-13-5,high,16.9
BAT-0004044,TMB-BRC,2024-06-05T18:00:00,2024-06-12T00:00:00,fixed_acoustic_station,31.3,37,57,36,36.2,6,TEAM-13-5,acceptable,32.0
BAT-0004045,TMB-BRC,2024-07-05T18:00:00,2024-07-12T00:00:00,acoustic_and_visual,38.6,44,57,33,44.2,13,TEAM-13-5,high,29.9
BAT-0004046,TMB-BRC,2024-08-05T18:00:00,2024-08-12T00:00:00,acoustic_transect,36.5,41,66,33,40.7,13,TEAM-13-5,high,18.9
BAT-0004047,TMB-BRC,2024-09-05T18:00:00,2024-09-12T00:00:00,acoustic_and_visual,27.0,34,49,27,48.0,12,TEAM-13-5,high,32.5
BAT-0004048,TMB-BRC,2024-10-05T18:00:00,2024-10-12T00:00:00,fixed_acoustic_station,32.6,53,51,27,57.7,5,TEAM-13-5,high,38.5
BAT-0004049,TMB-BRC,2024-11-05T18:00:00,2024-11-12T00:00:00,acoustic_and_visual,25.7,45,68,13,53.6,13,TEAM-13-5,acceptable,48.4
BAT-0004050,TMB-BRC,2024-12-05T18:00:00,2024-12-12T00:00:00,fixed_acoustic_station,27.2,34,39,24,39.8,14,TEAM-13-5,acceptable,50.9
BAT-0004051,TMB-BRC,2025-01-05T18:00:00,2025-01-12T00:00:00,fixed_acoustic_station,24.7,35,45,26,46.4,6,TEAM-13-5,high,72.5
BAT-0004052,TMB-BRC,2025-02-05T18:00:00,2025-02-12T00:00:00,acoustic_and_visual,30.2,73,77,54,99.6,8,TEAM-13-5,high,39.1
BAT-0004053,TMB-BRC,2025-03-05T18:00:00,2025-03-12T00:00:00,acoustic_and_visual,18.5,26,34,25,29.8,17,TEAM-13-5,acceptable,59.0
BAT-0004054,TMB-BRC,2025-04-05T18:00:00,2025-04-12T00:00:00,fixed_acoustic_station,31.0,41,50,38,41.1,17,TEAM-13-5,high,44.8
BAT-0004055,TMB-BRC,2025-05-05T18:00:00,2025-05-12T00:00:00,acoustic_and_visual,32.0,46,69,33,52.3,13,TEAM-13-5,acceptable,30.4
BAT-0004056,TMB-BRC,2025-06-05T18:00:00,2025-06-12T00:00:00,acoustic_transect,31.6,29,65,19,36.7,12,TEAM-13-5,acceptable,21.7
BAT-0004057,TMB-SKZ,2019-01-05T18:00:00,2019-01-12T00:00:00,acoustic_and_visual,27.9,19,22,8,19.5,12,TEAM-13-1,acceptable,59.8
BAT-0004058,TMB-SKZ,2019-02-05T18:00:00,2019-02-12T00:00:00,acoustic_and_visual,28.4,18,19,13,22.0,9,TEAM-13-1,high,46.0
BAT-0004059,TMB-SKZ,2019-03-05T18:00:00,2019-03-12T00:00:00,fixed_acoustic_station,32.2,31,24,17,23.0,13,TEAM-13-1,high,49.3
BAT-0004060,TMB-SKZ,2019-04-05T18:00:00,2019-04-12T00:00:00,fixed_acoustic_station,30.4,22,30,11,19.7,8,TEAM-13-1,acceptable,37.7
BAT-0004061,TMB-SKZ,2019-05-05T18:00:00,2019-05-12T00:00:00,fixed_acoustic_station,31.4,15,30,10,15.0,9,TEAM-13-1,high,23.9
BAT-0004062,TMB-SKZ,2019-06-05T18:00:00,2019-06-12T00:00:00,acoustic_and_visual,40.7,18,26,14,23.4,11,TEAM-13-1,high,10.2
BAT-0004063,TMB-SKZ,2019-07-05T18:00:00,2019-07-12T00:00:00,fixed_acoustic_station,33.4,14,18,12,14.6,7,TEAM-13-1,acceptable,10.6
BAT-0004064,TMB-SKZ,2019-08-05T18:00:00,2019-08-12T00:00:00,fixed_acoustic_station,33.8,17,17,13,17.8,9,TEAM-13-1,high,28.4
BAT-0004065,TMB-SKZ,2019-09-05T18:00:00,2019-09-12T00:00:00,acoustic_transect,24.7,11,16,11,12.4,10,TEAM-13-1,acceptable,34.7
BAT-0004066,TMB-SKZ,2019-10-05T18:00:00,2019-10-12T00:00:00,acoustic_transect,32.5,12,17,12,12.8,8,TEAM-13-1,acceptable,30.9
BAT-0004067,TMB-SKZ,2019-11-05T18:00:00,2019-11-12T00:00:00,acoustic_transect,27.6,18,11,9,14.6,16,TEAM-13-1,acceptable,49.2
BAT-0004068,TMB-SKZ,2019-12-05T18:00:00,2019-12-12T00:00:00,acoustic_and_visual,31.3,15,17,10,16.1,17,TEAM-13-1,high,51.1
BAT-0004069,TMB-SKZ,2020-01-05T18:00:00,2020-01-12T00:00:00,fixed_acoustic_station,26.9,15,14,6,18.7,5,TEAM-13-1,acceptable,56.0
BAT-0004070,TMB-SKZ,2020-02-05T18:00:00,2020-02-12T00:00:00,acoustic_and_visual,30.6,15,18,10,17.9,12,TEAM-13-1,high,47.3
BAT-0004071,TMB-SKZ,2020-03-05T18:00:00,2020-03-12T00:00:00,fixed_acoustic_station,32.6,27,22,15,22.9,11,TEAM-13-1,acceptable,44.2
BAT-0004072,TMB-SKZ,2020-04-05T18:00:00,2020-04-12T00:00:00,acoustic_transect,32.1,16,23,14,21.3,12,TEAM-13-1,acceptable,41.7
BAT-0004073,TMB-SKZ,2020-05-05T18:00:00,2020-05-12T00:00:00,acoustic_and_visual,40.1,21,43,20,18.7,10,TEAM-13-1,high,14.1
BAT-0004074,TMB-SKZ,2020-06-05T18:00:00,2020-06-12T00:00:00,acoustic_and_visual,35.1,26,34,13,27.7,8,TEAM-13-1,high,19.4
BAT-0004075,TMB-SKZ,2020-07-05T18:00:00,2020-07-12T00:00:00,acoustic_transect,39.8,22,32,14,30.5,8,TEAM-13-1,high,11.1
BAT-0004076,TMB-SKZ,2020-08-05T18:00:00,2020-08-12T00:00:00,fixed_acoustic_station,37.1,7,10,8,9.0,15,TEAM-13-1,high,23.1
BAT-0004077,TMB-SKZ,2020-09-05T18:00:00,2020-09-12T00:00:00,acoustic_transect,36.3,12,6,9,10.9,10,TEAM-13-1,acceptable,34.9
BAT-0004078,TMB-SKZ,2020-10-05T18:00:00,2020-10-12T00:00:00,acoustic_transect,26.5,14,11,10,15.8,9,TEAM-13-1,acceptable,57.3
BAT-0004079,TMB-SKZ,2020-11-05T18:00:00,2020-11-12T00:00:00,fixed_acoustic_station,21.1,5,19,7,4.1,15,TEAM-13-1,acceptable,49.7
BAT-0004080,TMB-SKZ,2020-12-05T18:00:00,2020-12-12T00:00:00,acoustic_and_visual,24.8,9,11,8,9.9,12,TEAM-13-1,acceptable,49.3
BAT-0004081,TMB-SKZ,2021-01-05T18:00:00,2021-01-12T00:00:00,acoustic_and_visual,31.3,10,19,16,11.0,12,TEAM-13-1,acceptable,51.5
BAT-0004082,TMB-SKZ,2021-02-05T18:00:00,2021-02-12T00:00:00,fixed_acoustic_station,24.3,18,14,8,15.7,11,TEAM-13-1,acceptable,52.3
BAT-0004083,TMB-SKZ,2021-03-05T18:00:00,2021-03-12T00:00:00,acoustic_and_visual,29.1,11,10,7,11.0,12,TEAM-13-1,acceptable,54.8
BAT-0004084,TMB-SKZ,2021-04-05T18:00:00,2021-04-12T00:00:00,acoustic_and_visual,29.4,21,32,18,23.9,10,TEAM-13-1,high,34.6
BAT-0004085,TMB-SKZ,2021-05-05T18:00:00,2021-05-12T00:00:00,fixed_acoustic_station,29.9,13,32,14,11.3,14,TEAM-13-1,high,40.8
BAT-0004086,TMB-SKZ,2021-06-05T18:00:00,2021-06-12T00:00:00,acoustic_and_visual,42.3,18,33,14,16.4,9,TEAM-13-1,high,25.7
BAT-0004087,TMB-SKZ,2021-07-05T18:00:00,2021-07-12T00:00:00,fixed_acoustic_station,33.7,13,14,11,13.5,10,TEAM-13-1,high,11.3
BAT-0004088,TMB-SKZ,2021-08-05T18:00:00,2021-08-12T00:00:00,acoustic_and_visual,36.4,15,17,10,16.0,11,TEAM-13-1,high,29.7
BAT-0004089,TMB-SKZ,2021-09-05T18:00:00,2021-09-12T00:00:00,fixed_acoustic_station,30.0,10,17,10,15.4,12,TEAM-13-1,acceptable,35.9
BAT-0004090,TMB-SKZ,2021-10-05T18:00:00,2021-10-12T00:00:00,acoustic_transect,27.1,9,11,8,7.2,16,TEAM-13-1,acceptable,35.7
BAT-0004091,TMB-SKZ,2021-11-05T18:00:00,2021-11-12T00:00:00,acoustic_transect,34.5,17,14,9,18.6,13,TEAM-13-1,acceptable,43.1
BAT-0004092,TMB-SKZ,2021-12-05T18:00:00,2021-12-12T00:00:00,acoustic_and_visual,26.7,8,31,9,10.4,9,TEAM-13-1,high,46.3
BAT-0004093,TMB-SKZ,2022-01-05T18:00:00,2022-01-12T00:00:00,acoustic_transect,22.1,9,11,6,7.1,8,TEAM-13-1,acceptable,64.6
BAT-0004094,TMB-SKZ,2022-02-05T18:00:00,2022-02-12T00:00:00,acoustic_and_visual,19.6,10,20,9,12.1,12,TEAM-13-1,acceptable,57.9
BAT-0004095,TMB-SKZ,2022-03-05T18:00:00,2022-03-12T00:00:00,acoustic_and_visual,27.7,19,14,13,20.7,15,TEAM-13-1,acceptable,52.8
BAT-0004096,TMB-SKZ,2022-04-05T18:00:00,2022-04-12T00:00:00,acoustic_transect,32.6,14,18,13,15.8,15,TEAM-13-1,acceptable,38.2
BAT-0004097,TMB-SKZ,2022-05-05T18:00:00,2022-05-12T00:00:00,acoustic_and_visual,35.3,22,19,10,24.9,10,TEAM-13-1,acceptable,25.7
BAT-0004098,TMB-SKZ,2022-06-05T18:00:00,2022-06-12T00:00:00,fixed_acoustic_station,29.6,26,31,14,31.5,10,TEAM-13-1,high,17.6
BAT-0004099,TMB-SKZ,2022-07-05T18:00:00,2022-07-12T00:00:00,fixed_acoustic_station,29.0,9,13,10,11.2,7,TEAM-13-1,acceptable,23.8
BAT-0004100,TMB-SKZ,2022-08-05T18:00:00,2022-08-12T00:00:00,acoustic_and_visual,43.5,14,25,17,17.7,12,TEAM-13-1,high,24.8
BAT-0004101,TMB-SKZ,2022-09-05T18:00:00,2022-09-12T00:00:00,acoustic_transect,32.8,12,16,4,16.5,11,TEAM-13-1,acceptable,27.5
BAT-0004102,TMB-SKZ,2022-10-05T18:00:00,2022-10-12T00:00:00,fixed_acoustic_station,34.5,8,10,10,5.2,8,TEAM-13-1,acceptable,36.4
BAT-0004103,TMB-SKZ,2022-11-05T18:00:00,2022-11-12T00:00:00,acoustic_transect,27.5,9,12,6,10.6,8,TEAM-13-1,acceptable,51.2
BAT-0004104,TMB-SKZ,2022-12-05T18:00:00,2022-12-12T00:00:00,fixed_acoustic_station,25.6,11,19,10,15.6,16,TEAM-13-1,high,44.5
BAT-0004105,TMB-SKZ,2023-01-05T18:00:00,2023-01-12T00:00:00,acoustic_transect,24.0,11,20,6,13.3,16,TEAM-13-1,high,50.4
BAT-0004106,TMB-SKZ,2023-02-05T18:00:00,2023-02-12T00:00:00,acoustic_and_visual,32.8,16,17,6,17.0,12,TEAM-13-1,acceptable,62.0
BAT-0004107,TMB-SKZ,2023-03-05T18:00:00,2023-03-12T00:00:00,acoustic_transect,36.4,8,21,8,8.2,9,TEAM-13-1,acceptable,40.6
BAT-0004108,TMB-SKZ,2023-04-05T18:00:00,2023-04-12T00:00:00,acoustic_and_visual,21.2,7,14,7,9.5,13,TEAM-13-1,acceptable,45.9
BAT-0004109,TMB-SKZ,2023-05-05T18:00:00,2023-05-12T00:00:00,fixed_acoustic_station,36.3,21,19,15,21.8,11,TEAM-13-1,acceptable,32.9
BAT-0004110,TMB-SKZ,2023-06-05T18:00:00,2023-06-12T00:00:00,acoustic_transect,32.0,14,17,12,15.4,11,TEAM-13-1,acceptable,32.5
BAT-0004111,TMB-SKZ,2023-07-05T18:00:00,2023-07-12T00:00:00,fixed_acoustic_station,30.2,11,18,8,12.5,10,TEAM-13-1,high,32.7
BAT-0004112,TMB-SKZ,2023-08-05T18:00:00,2023-08-12T00:00:00,acoustic_and_visual,37.1,17,19,16,24.6,12,TEAM-13-1,acceptable,22.0
BAT-0004113,TMB-SKZ,2023-09-05T18:00:00,2023-09-12T00:00:00,acoustic_and_visual,33.1,9,23,9,9.1,10,TEAM-13-1,high,28.6
BAT-0004114,TMB-SKZ,2023-10-05T18:00:00,2023-10-12T00:00:00,fixed_acoustic_station,36.0,13,22,11,14.6,8,TEAM-13-1,high,20.1
BAT-0004115,TMB-SKZ,2023-11-05T18:00:00,2023-11-12T00:00:00,fixed_acoustic_station,27.7,16,18,7,18.4,14,TEAM-13-1,acceptable,54.0
BAT-0004116,TMB-SKZ,2023-12-05T18:00:00,2023-12-12T00:00:00,acoustic_transect,27.4,15,17,9,15.2,21,TEAM-13-1,high,53.5
BAT-0004117,TMB-SKZ,2024-01-05T18:00:00,2024-01-12T00:00:00,acoustic_and_visual,27.1,14,15,4,15.5,12,TEAM-13-1,acceptable,51.1
BAT-0004118,TMB-SKZ,2024-02-05T18:00:00,2024-02-12T00:00:00,acoustic_transect,26.3,17,16,14,20.9,10,TEAM-13-1,high,59.6
BAT-0004119,TMB-SKZ,2024-03-05T18:00:00,2024-03-12T00:00:00,acoustic_and_visual,28.5,10,21,10,10.7,11,TEAM-13-1,acceptable,45.3
BAT-0004120,TMB-SKZ,2024-04-05T18:00:00,2024-04-12T00:00:00,acoustic_and_visual,33.6,26,32,13,30.2,11,TEAM-13-1,high,37.2
BAT-0004121,TMB-SKZ,2024-05-05T18:00:00,2024-05-12T00:00:00,acoustic_transect,34.6,20,25,12,18.9,4,TEAM-13-1,high,22.2
BAT-0004122,TMB-SKZ,2024-06-05T18:00:00,2024-06-12T00:00:00,acoustic_transect,37.7,28,28,14,25.6,11,TEAM-13-1,high,12.5
BAT-0004123,TMB-SKZ,2024-07-05T18:00:00,2024-07-12T00:00:00,acoustic_and_visual,32.2,15,18,12,16.9,14,TEAM-13-1,high,16.1
BAT-0004124,TMB-SKZ,2024-08-05T18:00:00,2024-08-12T00:00:00,acoustic_and_visual,34.4,6,26,8,9.9,12,TEAM-13-1,high,19.4
BAT-0004125,TMB-SKZ,2024-09-05T18:00:00,2024-09-12T00:00:00,acoustic_transect,33.9,14,20,7,14.9,14,TEAM-13-1,acceptable,30.5
BAT-0004126,TMB-SKZ,2024-10-05T18:00:00,2024-10-12T00:00:00,fixed_acoustic_station,28.5,9,23,10,8.1,14,TEAM-13-1,high,46.6
BAT-0004127,TMB-SKZ,2024-11-05T18:00:00,2024-11-12T00:00:00,fixed_acoustic_station,19.0,10,13,6,14.6,12,TEAM-13-1,limited,41.3
BAT-0004128,TMB-SKZ,2024-12-05T18:00:00,2024-12-12T00:00:00,fixed_acoustic_station,29.4,14,12,20,15.8,23,TEAM-13-1,high,46.4
BAT-0004129,TMB-SKZ,2025-01-05T18:00:00,2025-01-12T00:00:00,fixed_acoustic_station,35.4,12,20,13,14.0,8,TEAM-13-1,acceptable,54.2
BAT-0004130,TMB-SKZ,2025-02-05T18:00:00,2025-02-12T00:00:00,acoustic_and_visual,27.5,20,15,13,24.2,14,TEAM-13-1,acceptable,50.9
BAT-0004131,TMB-SKZ,2025-03-05T18:00:00,2025-03-12T00:00:00,acoustic_and_visual,34.3,9,22,10,8.2,11,TEAM-13-1,high,51.7
BAT-0004132,TMB-SKZ,2025-04-05T18:00:00,2025-04-12T00:00:00,acoustic_transect,29.4,4,16,7,2.4,12,TEAM-13-1,high,36.1
BAT-0004133,TMB-SKZ,2025-05-05T18:00:00,2025-05-12T00:00:00,acoustic_transect,31.5,10,19,10,12.3,10,TEAM-13-1,high,27.3
BAT-0004134,TMB-SKZ,2025-06-05T18:00:00,2025-06-12T00:00:00,acoustic_and_visual,35.1,17,38,17,15.7,6,TEAM-13-1,high,22.3
BAT-0004135,TMB-UVF,2019-01-05T18:00:00,2019-01-12T00:00:00,acoustic_transect,32.3,11,10,6,12.5,13,TEAM-13-2,acceptable,61.2
BAT-0004136,TMB-UVF,2019-02-05T18:00:00,2019-02-12T00:00:00,acoustic_and_visual,32.2,8,12,3,10.0,13,TEAM-13-2,acceptable,57.7
BAT-0004137,TMB-UVF,2019-03-05T18:00:00,2019-03-12T00:00:00,fixed_acoustic_station,31.1,12,13,10,15.7,10,TEAM-13-2,acceptable,25.5
BAT-0004138,TMB-UVF,2019-04-05T18:00:00,2019-04-12T00:00:00,fixed_acoustic_station,38.3,10,13,6,8.2,9,TEAM-13-2,high,17.6
BAT-0004139,TMB-UVF,2019-05-05T18:00:00,2019-05-12T00:00:00,acoustic_transect,35.4,9,13,4,6.4,10,TEAM-13-2,high,27.2
BAT-0004140,TMB-UVF,2019-06-05T18:00:00,2019-06-12T00:00:00,acoustic_transect,38.2,8,17,7,6.5,16,TEAM-13-2,high,26.6
BAT-0004141,TMB-UVF,2019-07-05T18:00:00,2019-07-12T00:00:00,acoustic_and_visual,30.1,11,7,4,9.0,9,TEAM-13-2,high,16.3
BAT-0004142,TMB-UVF,2019-08-05T18:00:00,2019-08-12T00:00:00,fixed_acoustic_station,28.3,6,18,9,8.6,10,TEAM-13-2,acceptable,18.6
BAT-0004143,TMB-UVF,2019-09-05T18:00:00,2019-09-12T00:00:00,acoustic_transect,36.3,12,22,7,11.3,10,TEAM-13-2,acceptable,16.2
BAT-0004144,TMB-UVF,2019-10-05T18:00:00,2019-10-12T00:00:00,acoustic_and_visual,33.5,15,12,7,17.9,10,TEAM-13-2,high,24.9
BAT-0004145,TMB-UVF,2019-11-05T18:00:00,2019-11-12T00:00:00,fixed_acoustic_station,36.6,10,19,4,11.8,2,TEAM-13-2,high,41.7
BAT-0004146,TMB-UVF,2019-12-05T18:00:00,2019-12-12T00:00:00,fixed_acoustic_station,24.0,6,14,5,7.0,12,TEAM-13-2,acceptable,56.8
BAT-0004147,TMB-UVF,2020-01-05T18:00:00,2020-01-12T00:00:00,acoustic_transect,29.0,11,10,5,13.8,8,TEAM-13-2,acceptable,51.0
BAT-0004148,TMB-UVF,2020-02-05T18:00:00,2020-02-12T00:00:00,acoustic_and_visual,25.1,9,6,4,11.2,11,TEAM-13-2,high,56.6
BAT-0004149,TMB-UVF,2020-03-05T18:00:00,2020-03-12T00:00:00,acoustic_transect,26.1,5,4,5,6.4,9,TEAM-13-2,acceptable,44.7
BAT-0004150,TMB-UVF,2020-04-05T18:00:00,2020-04-12T00:00:00,acoustic_transect,26.8,4,9,4,1.2,15,TEAM-13-2,acceptable,45.1
BAT-0004151,TMB-UVF,2020-05-05T18:00:00,2020-05-12T00:00:00,acoustic_and_visual,34.2,3,13,4,1.1,8,TEAM-13-2,high,19.8
BAT-0004152,TMB-UVF,2020-06-05T18:00:00,2020-06-12T00:00:00,fixed_acoustic_station,39.0,7,14,8,11.4,12,TEAM-13-2,high,17.5
BAT-0004153,TMB-UVF,2020-07-05T18:00:00,2020-07-12T00:00:00,fixed_acoustic_station,42.2,11,20,12,11.6,11,TEAM-13-2,high,9.1
BAT-0004154,TMB-UVF,2020-08-05T18:00:00,2020-08-12T00:00:00,fixed_acoustic_station,27.8,16,16,6,18.0,15,TEAM-13-2,acceptable,27.6
BAT-0004155,TMB-UVF,2020-09-05T18:00:00,2020-09-12T00:00:00,acoustic_and_visual,42.6,16,18,11,17.6,9,TEAM-13-2,acceptable,13.0
BAT-0004156,TMB-UVF,2020-10-05T18:00:00,2020-10-12T00:00:00,fixed_acoustic_station,29.3,8,21,8,10.0,18,TEAM-13-2,high,46.3
BAT-0004157,TMB-UVF,2020-11-05T18:00:00,2020-11-12T00:00:00,acoustic_transect,28.7,14,18,9,13.5,11,TEAM-13-2,high,21.8
BAT-0004158,TMB-UVF,2020-12-05T18:00:00,2020-12-12T00:00:00,acoustic_and_visual,24.7,2,7,5,0.1,12,TEAM-13-2,high,37.5
BAT-0004159,TMB-UVF,2021-01-05T18:00:00,2021-01-12T00:00:00,acoustic_transect,26.4,6,10,2,6.7,16,TEAM-13-2,acceptable,46.4
BAT-0004160,TMB-UVF,2021-02-05T18:00:00,2021-02-12T00:00:00,acoustic_and_visual,29.1,6,7,3,8.3,10,TEAM-13-2,acceptable,57.6
BAT-0004161,TMB-UVF,2021-03-05T18:00:00,2021-03-12T00:00:00,acoustic_transect,27.8,9,10,3,14.8,19,TEAM-13-2,high,37.1
BAT-0004162,TMB-UVF,2021-04-05T18:00:00,2021-04-12T00:00:00,acoustic_and_visual,33.3,2,4,9,0.6,17,TEAM-13-2,acceptable,37.0
BAT-0004163,TMB-UVF,2021-05-05T18:00:00,2021-05-12T00:00:00,fixed_acoustic_station,30.7,8,10,4,8.2,12,TEAM-13-2,high,32.8
BAT-0004164,TMB-UVF,2021-06-05T18:00:00,2021-06-12T00:00:00,acoustic_and_visual,37.0,4,9,3,5.4,10,TEAM-13-2,high,15.9
BAT-0004165,TMB-UVF,2021-07-05T18:00:00,2021-07-12T00:00:00,fixed_acoustic_station,37.2,13,8,5,16.5,12,TEAM-13-2,high,31.7
BAT-0004166,TMB-UVF,2021-08-05T18:00:00,2021-08-12T00:00:00,fixed_acoustic_station,36.9,10,17,5,10.5,12,TEAM-13-2,high,22.1
BAT-0004167,TMB-UVF,2021-09-05T18:00:00,2021-09-12T00:00:00,acoustic_and_visual,33.2,7,17,4,7.9,14,TEAM-13-2,acceptable,37.5
BAT-0004168,TMB-UVF,2021-10-05T18:00:00,2021-10-12T00:00:00,fixed_acoustic_station,26.6,8,14,5,10.1,8,TEAM-13-2,acceptable,27.3
BAT-0004169,TMB-UVF,2021-11-05T18:00:00,2021-11-12T00:00:00,acoustic_and_visual,29.2,11,14,10,14.2,12,TEAM-13-2,acceptable,38.3
BAT-0004170,TMB-UVF,2021-12-05T18:00:00,2021-12-12T00:00:00,acoustic_transect,31.7,7,6,9,6.6,9,TEAM-13-2,high,50.0
BAT-0004171,TMB-UVF,2022-01-05T18:00:00,2022-01-12T00:00:00,acoustic_and_visual,24.6,9,11,1,10.6,10,TEAM-13-2,acceptable,59.5
BAT-0004172,TMB-UVF,2022-02-05T18:00:00,2022-02-12T00:00:00,fixed_acoustic_station,22.7,6,11,5,6.3,14,TEAM-13-2,high,57.4
BAT-0004173,TMB-UVF,2022-03-05T18:00:00,2022-03-12T00:00:00,acoustic_and_visual,26.7,8,9,5,10.3,16,TEAM-13-2,acceptable,43.7
BAT-0004174,TMB-UVF,2022-04-05T18:00:00,2022-04-12T00:00:00,acoustic_transect,21.3,2,1,2,3.3,8,TEAM-13-2,limited,40.9
BAT-0004175,TMB-UVF,2022-05-05T18:00:00,2022-05-12T00:00:00,acoustic_and_visual,41.4,7,12,4,7.2,9,TEAM-13-2,high,5.2
BAT-0004176,TMB-UVF,2022-06-05T18:00:00,2022-06-12T00:00:00,fixed_acoustic_station,34.8,8,20,8,7.2,12,TEAM-13-2,high,24.1
BAT-0004177,TMB-UVF,2022-07-05T18:00:00,2022-07-12T00:00:00,acoustic_and_visual,28.4,1,11,4,0.0,13,TEAM-13-2,acceptable,28.2
BAT-0004178,TMB-UVF,2022-08-05T18:00:00,2022-08-12T00:00:00,fixed_acoustic_station,34.3,11,15,4,13.2,5,TEAM-13-2,high,27.4
BAT-0004179,TMB-UVF,2022-09-05T18:00:00,2022-09-12T00:00:00,acoustic_and_visual,26.9,19,20,6,25.7,13,TEAM-13-2,high,36.4
BAT-0004180,TMB-UVF,2022-10-05T18:00:00,2022-10-12T00:00:00,acoustic_and_visual,24.5,13,15,8,12.1,12,TEAM-13-2,acceptable,45.8
BAT-0004181,TMB-UVF,2022-11-05T18:00:00,2022-11-12T00:00:00,acoustic_transect,33.2,13,14,9,12.8,14,TEAM-13-2,acceptable,61.9
BAT-0004182,TMB-UVF,2022-12-05T18:00:00,2022-12-12T00:00:00,acoustic_transect,21.8,14,8,9,13.5,11,TEAM-13-2,acceptable,58.9
BAT-0004183,TMB-UVF,2023-01-05T18:00:00,2023-01-12T00:00:00,fixed_acoustic_station,28.6,6,9,6,7.1,7,TEAM-13-2,acceptable,45.2
BAT-0004184,TMB-UVF,2023-02-05T18:00:00,2023-02-12T00:00:00,acoustic_and_visual,23.3,5,7,5,5.7,12,TEAM-13-2,acceptable,57.7
BAT-0004185,TMB-UVF,2023-03-05T18:00:00,2023-03-12T00:00:00,acoustic_and_visual,23.3,4,8,4,6.1,6,TEAM-13-2,high,57.4
BAT-0004186,TMB-UVF,2023-04-05T18:00:00,2023-04-12T00:00:00,acoustic_and_visual,32.4,5,4,3,6.4,11,TEAM-13-2,acceptable,36.7
BAT-0004187,TMB-UVF,2023-05-05T18:00:00,2023-05-12T00:00:00,acoustic_and_visual,24.9,6,13,4,4.0,14,TEAM-13-2,high,30.8
BAT-0004188,TMB-UVF,2023-06-05T18:00:00,2023-06-12T00:00:00,acoustic_transect,35.0,6,10,7,8.2,7,TEAM-13-2,high,11.3
BAT-0004189,TMB-UVF,2023-07-05T18:00:00,2023-07-12T00:00:00,acoustic_transect,28.6,9,10,6,5.8,8,TEAM-13-2,acceptable,35.2
BAT-0004190,TMB-UVF,2023-08-05T18:00:00,2023-08-12T00:00:00,acoustic_transect,34.7,4,18,5,4.0,6,TEAM-13-2,high,5.8
BAT-0004191,TMB-UVF,2023-09-05T18:00:00,2023-09-12T00:00:00,fixed_acoustic_station,30.0,8,25,3,8.1,11,TEAM-13-2,high,40.0
BAT-0004192,TMB-UVF,2023-10-05T18:00:00,2023-10-12T00:00:00,fixed_acoustic_station,30.6,10,9,11,9.5,13,TEAM-13-2,acceptable,40.0
BAT-0004193,TMB-UVF,2023-11-05T18:00:00,2023-11-12T00:00:00,fixed_acoustic_station,26.9,11,15,7,10.3,14,TEAM-13-2,high,46.2
BAT-0004194,TMB-UVF,2023-12-05T18:00:00,2023-12-12T00:00:00,acoustic_and_visual,24.8,9,14,3,9.7,12,TEAM-13-2,high,54.7
BAT-0004195,TMB-UVF,2024-01-05T18:00:00,2024-01-12T00:00:00,acoustic_transect,32.0,12,7,4,11.1,6,TEAM-13-2,high,51.9
BAT-0004196,TMB-UVF,2024-02-05T18:00:00,2024-02-12T00:00:00,acoustic_transect,29.5,2,2,2,1.9,14,TEAM-13-2,acceptable,57.6
BAT-0004197,TMB-UVF,2024-03-05T18:00:00,2024-03-12T00:00:00,acoustic_and_visual,32.7,6,7,7,7.0,11,TEAM-13-2,high,39.7
BAT-0004198,TMB-UVF,2024-04-05T18:00:00,2024-04-12T00:00:00,acoustic_and_visual,35.9,11,15,4,11.1,12,TEAM-13-2,high,22.0
BAT-0004199,TMB-UVF,2024-05-05T18:00:00,2024-05-12T00:00:00,fixed_acoustic_station,29.6,5,5,6,4.5,11,TEAM-13-2,high,36.7
BAT-0004200,TMB-UVF,2024-06-05T18:00:00,2024-06-12T00:00:00,fixed_acoustic_station,31.8,4,8,7,5.9,6,TEAM-13-2,high,30.3
BAT-0004201,TMB-UVF,2024-07-05T18:00:00,2024-07-12T00:00:00,acoustic_and_visual,25.6,4,11,6,6.4,11,TEAM-13-2,high,27.6
BAT-0004202,TMB-UVF,2024-08-05T18:00:00,2024-08-12T00:00:00,acoustic_transect,39.9,14,22,10,15.3,11,TEAM-13-2,high,4.3
BAT-0004203,TMB-UVF,2024-09-05T18:00:00,2024-09-12T00:00:00,fixed_acoustic_station,29.2,16,27,11,13.6,14,TEAM-13-2,high,31.3
BAT-0004204,TMB-UVF,2024-10-05T18:00:00,2024-10-12T00:00:00,acoustic_and_visual,33.0,4,19,8,1.9,12,TEAM-13-2,acceptable,36.6
BAT-0004205,TMB-UVF,2024-11-05T18:00:00,2024-11-12T00:00:00,acoustic_transect,26.4,16,16,5,20.5,11,TEAM-13-2,acceptable,50.2
BAT-0004206,TMB-UVF,2024-12-05T18:00:00,2024-12-12T00:00:00,acoustic_and_visual,30.1,13,10,8,13.8,13,TEAM-13-2,acceptable,42.6
BAT-0004207,TMB-UVF,2025-01-05T18:00:00,2025-01-12T00:00:00,fixed_acoustic_station,32.4,9,9,4,15.3,11,TEAM-13-2,acceptable,55.3
BAT-0004208,TMB-UVF,2025-02-05T18:00:00,2025-02-12T00:00:00,fixed_acoustic_station,29.8,4,7,4,5.2,7,TEAM-13-2,high,54.9
BAT-0004209,TMB-UVF,2025-03-05T18:00:00,2025-03-12T00:00:00,acoustic_transect,30.5,8,6,5,9.0,11,TEAM-13-2,acceptable,32.5
BAT-0004210,TMB-UVF,2025-04-05T18:00:00,2025-04-12T00:00:00,acoustic_transect,31.3,5,12,0,3.9,10,TEAM-13-2,high,39.7
BAT-0004211,TMB-UVF,2025-05-05T18:00:00,2025-05-12T00:00:00,acoustic_transect,35.6,6,16,2,8.9,9,TEAM-13-2,high,15.5
BAT-0004212,TMB-UVF,2025-06-05T18:00:00,2025-06-12T00:00:00,acoustic_transect,34.8,13,12,2,11.9,8,TEAM-13-2,acceptable,22.6
BAT-0004213,TMB-HFR,2019-01-05T18:00:00,2019-01-12T00:00:00,acoustic_and_visual,22.8,5,6,6,8.0,12,TEAM-13-3,acceptable,79.4
BAT-0004214,TMB-HFR,2019-02-05T18:00:00,2019-02-12T00:00:00,acoustic_and_visual,23.0,15,12,9,17.2,8,TEAM-13-3,high,58.3
BAT-0004215,TMB-HFR,2019-03-05T18:00:00,2019-03-12T00:00:00,acoustic_and_visual,34.5,18,14,11,22.2,8,TEAM-13-3,high,39.8
BAT-0004216,TMB-HFR,2019-04-05T18:00:00,2019-04-12T00:00:00,fixed_acoustic_station,34.0,17,14,14,16.7,9,TEAM-13-3,high,15.0
BAT-0004217,TMB-HFR,2019-05-05T18:00:00,2019-05-12T00:00:00,acoustic_and_visual,29.2,10,13,4,10.1,12,TEAM-13-3,high,38.4
BAT-0004218,TMB-HFR,2019-06-05T18:00:00,2019-06-12T00:00:00,acoustic_transect,37.8,15,32,3,20.0,6,TEAM-13-3,high,14.8
BAT-0004219,TMB-HFR,2019-07-05T18:00:00,2019-07-12T00:00:00,acoustic_and_visual,25.0,6,18,4,3.3,9,TEAM-13-3,high,19.6
BAT-0004220,TMB-HFR,2019-08-05T18:00:00,2019-08-12T00:00:00,acoustic_transect,36.3,10,12,5,14.2,6,TEAM-13-3,high,19.6
BAT-0004221,TMB-HFR,2019-09-05T18:00:00,2019-09-12T00:00:00,acoustic_and_visual,37.2,13,18,5,15.9,7,TEAM-13-3,high,11.9
BAT-0004222,TMB-HFR,2019-10-05T18:00:00,2019-10-12T00:00:00,acoustic_and_visual,18.2,5,9,3,6.2,9,TEAM-13-3,acceptable,74.9
BAT-0004223,TMB-HFR,2019-11-05T18:00:00,2019-11-12T00:00:00,fixed_acoustic_station,22.4,5,5,5,8.6,9,TEAM-13-3,acceptable,100.0
BAT-0004224,TMB-HFR,2019-12-05T18:00:00,2019-12-12T00:00:00,fixed_acoustic_station,24.3,14,13,6,14.5,13,TEAM-13-3,high,83.7
BAT-0004225,TMB-HFR,2020-01-05T18:00:00,2020-01-12T00:00:00,fixed_acoustic_station,16.3,2,12,1,2.2,17,TEAM-13-3,acceptable,87.4
BAT-0004226,TMB-HFR,2020-02-05T18:00:00,2020-02-12T00:00:00,acoustic_and_visual,26.1,9,19,8,12.0,9,TEAM-13-3,acceptable,44.0
BAT-0004227,TMB-HFR,2020-03-05T18:00:00,2020-03-12T00:00:00,acoustic_and_visual,26.9,8,11,12,14.6,7,TEAM-13-3,high,30.8
BAT-0004228,TMB-HFR,2020-04-05T18:00:00,2020-04-12T00:00:00,acoustic_transect,31.4,10,12,10,10.4,9,TEAM-13-3,acceptable,36.1
BAT-0004229,TMB-HFR,2020-05-05T18:00:00,2020-05-12T00:00:00,acoustic_transect,34.4,10,18,7,13.2,5,TEAM-13-3,high,16.0
BAT-0004230,TMB-HFR,2020-06-05T18:00:00,2020-06-12T00:00:00,acoustic_transect,37.1,11,21,7,14.5,11,TEAM-13-3,high,16.8
BAT-0004231,TMB-HFR,2020-07-05T18:00:00,2020-07-12T00:00:00,acoustic_transect,40.5,17,14,10,23.2,6,TEAM-13-3,high,21.2
BAT-0004232,TMB-HFR,2020-08-05T18:00:00,2020-08-12T00:00:00,acoustic_transect,33.9,14,11,10,13.8,7,TEAM-13-3,high,21.3
BAT-0004233,TMB-HFR,2020-09-05T18:00:00,2020-09-12T00:00:00,fixed_acoustic_station,24.1,8,12,5,8.2,14,TEAM-13-3,high,33.1
BAT-0004234,TMB-HFR,2020-10-05T18:00:00,2020-10-12T00:00:00,acoustic_and_visual,27.1,13,7,8,16.9,10,TEAM-13-3,acceptable,71.6
BAT-0004235,TMB-HFR,2020-11-05T18:00:00,2020-11-12T00:00:00,acoustic_transect,20.3,6,9,4,4.9,19,TEAM-13-3,acceptable,88.0
BAT-0004236,TMB-HFR,2020-12-05T18:00:00,2020-12-12T00:00:00,fixed_acoustic_station,15.5,4,7,4,3.9,10,TEAM-13-3,acceptable,100.0
BAT-0004237,TMB-HFR,2021-01-05T18:00:00,2021-01-12T00:00:00,fixed_acoustic_station,13.5,9,5,4,11.1,12,TEAM-13-3,limited,93.5
BAT-0004238,TMB-HFR,2021-02-05T18:00:00,2021-02-12T00:00:00,fixed_acoustic_station,28.0,15,16,13,13.5,15,TEAM-13-3,high,56.7
BAT-0004239,TMB-HFR,2021-03-05T18:00:00,2021-03-12T00:00:00,fixed_acoustic_station,30.7,14,10,9,17.6,18,TEAM-13-3,acceptable,55.6
BAT-0004240,TMB-HFR,2021-04-05T18:00:00,2021-04-12T00:00:00,fixed_acoustic_station,28.3,11,19,10,13.3,13,TEAM-13-3,acceptable,48.5
BAT-0004241,TMB-HFR,2021-05-05T18:00:00,2021-05-12T00:00:00,acoustic_transect,30.1,17,21,19,17.5,10,TEAM-13-3,acceptable,37.8
BAT-0004242,TMB-HFR,2021-06-05T18:00:00,2021-06-12T00:00:00,fixed_acoustic_station,33.0,20,29,7,21.1,13,TEAM-13-3,acceptable,17.3
BAT-0004243,TMB-HFR,2021-07-05T18:00:00,2021-07-12T00:00:00,acoustic_and_visual,32.9,10,9,8,12.6,11,TEAM-13-3,high,26.2
BAT-0004244,TMB-HFR,2021-08-05T18:00:00,2021-08-12T00:00:00,acoustic_and_visual,31.8,9,27,5,11.0,13,TEAM-13-3,high,3.5
BAT-0004245,TMB-HFR,2021-09-05T18:00:00,2021-09-12T00:00:00,fixed_acoustic_station,38.2,18,15,7,17.3,12,TEAM-13-3,high,5.4
BAT-0004246,TMB-HFR,2021-10-05T18:00:00,2021-10-12T00:00:00,acoustic_and_visual,15.4,5,9,2,7.3,11,TEAM-13-3,acceptable,84.3
BAT-0004247,TMB-HFR,2021-11-05T18:00:00,2021-11-12T00:00:00,acoustic_transect,19.6,10,4,5,14.4,17,TEAM-13-3,acceptable,90.7
BAT-0004248,TMB-HFR,2021-12-05T18:00:00,2021-12-12T00:00:00,acoustic_transect,20.2,6,3,10,8.7,11,TEAM-13-3,acceptable,76.7
BAT-0004249,TMB-HFR,2022-01-05T18:00:00,2022-01-12T00:00:00,acoustic_and_visual,19.7,6,4,0,8.5,10,TEAM-13-3,acceptable,100.0
BAT-0004250,TMB-HFR,2022-02-05T18:00:00,2022-02-12T00:00:00,fixed_acoustic_station,28.1,12,14,4,14.1,12,TEAM-13-3,high,45.3
BAT-0004251,TMB-HFR,2022-03-05T18:00:00,2022-03-12T00:00:00,fixed_acoustic_station,26.8,8,11,9,9.1,16,TEAM-13-3,high,51.5
BAT-0004252,TMB-HFR,2022-04-05T18:00:00,2022-04-12T00:00:00,fixed_acoustic_station,29.9,6,27,8,4.6,6,TEAM-13-3,high,42.2
BAT-0004253,TMB-HFR,2022-05-05T18:00:00,2022-05-12T00:00:00,acoustic_transect,32.3,11,15,15,16.5,12,TEAM-13-3,acceptable,36.7
BAT-0004254,TMB-HFR,2022-06-05T18:00:00,2022-06-12T00:00:00,fixed_acoustic_station,29.4,7,12,9,5.8,9,TEAM-13-3,acceptable,14.8
BAT-0004255,TMB-HFR,2022-07-05T18:00:00,2022-07-12T00:00:00,acoustic_transect,37.4,16,24,5,18.6,8,TEAM-13-3,high,5.3
BAT-0004256,TMB-HFR,2022-08-05T18:00:00,2022-08-12T00:00:00,fixed_acoustic_station,39.5,11,13,12,14.0,7,TEAM-13-3,high,14.5
BAT-0004257,TMB-HFR,2022-09-05T18:00:00,2022-09-12T00:00:00,acoustic_and_visual,28.4,7,11,7,8.1,3,TEAM-13-3,high,28.0
BAT-0004258,TMB-HFR,2022-10-05T18:00:00,2022-10-12T00:00:00,acoustic_transect,21.8,4,7,8,4.9,9,TEAM-13-3,acceptable,73.6
BAT-0004259,TMB-HFR,2022-11-05T18:00:00,2022-11-12T00:00:00,acoustic_and_visual,14.7,8,8,8,11.2,11,TEAM-13-3,acceptable,75.0
BAT-0004260,TMB-HFR,2022-12-05T18:00:00,2022-12-12T00:00:00,acoustic_and_visual,19.8,2,9,5,1.8,11,TEAM-13-3,acceptable,80.7
BAT-0004261,TMB-HFR,2023-01-05T18:00:00,2023-01-12T00:00:00,acoustic_and_visual,14.2,6,1,5,8.3,8,TEAM-13-3,acceptable,96.7
BAT-0004262,TMB-HFR,2023-02-05T18:00:00,2023-02-12T00:00:00,fixed_acoustic_station,29.7,12,6,10,8.9,14,TEAM-13-3,acceptable,39.9
BAT-0004263,TMB-HFR,2023-03-05T18:00:00,2023-03-12T00:00:00,acoustic_and_visual,22.1,2,8,12,3.3,11,TEAM-13-3,acceptable,53.5
BAT-0004264,TMB-HFR,2023-04-05T18:00:00,2023-04-12T00:00:00,acoustic_and_visual,32.9,6,16,11,6.9,15,TEAM-13-3,acceptable,26.0
BAT-0004265,TMB-HFR,2023-05-05T18:00:00,2023-05-12T00:00:00,acoustic_transect,33.1,10,21,10,10.6,4,TEAM-13-3,high,18.6
BAT-0004266,TMB-HFR,2023-06-05T18:00:00,2023-06-12T00:00:00,fixed_acoustic_station,31.9,7,18,8,9.6,7,TEAM-13-3,acceptable,22.6
BAT-0004267,TMB-HFR,2023-07-05T18:00:00,2023-07-12T00:00:00,fixed_acoustic_station,33.0,9,16,4,8.4,10,TEAM-13-3,acceptable,18.9
BAT-0004268,TMB-HFR,2023-08-05T18:00:00,2023-08-12T00:00:00,acoustic_transect,34.2,10,16,9,12.5,8,TEAM-13-3,high,24.8
BAT-0004269,TMB-HFR,2023-09-05T18:00:00,2023-09-12T00:00:00,acoustic_transect,31.3,7,23,6,7.2,18,TEAM-13-3,high,21.6
BAT-0004270,TMB-HFR,2023-10-05T18:00:00,2023-10-12T00:00:00,acoustic_and_visual,17.3,3,9,0,3.1,13,TEAM-13-3,acceptable,81.1
BAT-0004271,TMB-HFR,2023-11-05T18:00:00,2023-11-12T00:00:00,fixed_acoustic_station,17.6,3,9,2,3.2,6,TEAM-13-3,acceptable,82.5
BAT-0004272,TMB-HFR,2023-12-05T18:00:00,2023-12-12T00:00:00,acoustic_and_visual,20.3,12,9,5,14.1,11,TEAM-13-3,acceptable,83.9
BAT-0004273,TMB-HFR,2024-01-05T18:00:00,2024-01-12T00:00:00,acoustic_and_visual,15.0,6,7,3,8.6,18,TEAM-13-3,acceptable,100.0
BAT-0004274,TMB-HFR,2024-02-05T18:00:00,2024-02-12T00:00:00,fixed_acoustic_station,33.3,14,23,6,15.8,8,TEAM-13-3,high,34.8
BAT-0004275,TMB-HFR,2024-03-05T18:00:00,2024-03-12T00:00:00,fixed_acoustic_station,29.7,9,12,5,9.3,7,TEAM-13-3,high,48.9
BAT-0004276,TMB-HFR,2024-04-05T18:00:00,2024-04-12T00:00:00,acoustic_transect,31.4,7,9,6,7.8,4,TEAM-13-3,high,36.8
BAT-0004277,TMB-HFR,2024-05-05T18:00:00,2024-05-12T00:00:00,fixed_acoustic_station,29.3,14,18,9,16.8,7,TEAM-13-3,high,45.6
BAT-0004278,TMB-HFR,2024-06-05T18:00:00,2024-06-12T00:00:00,acoustic_and_visual,30.8,13,8,10,13.6,9,TEAM-13-3,limited,18.0
BAT-0004279,TMB-HFR,2024-07-05T18:00:00,2024-07-12T00:00:00,acoustic_transect,39.3,19,19,15,21.4,11,TEAM-13-3,high,14.2
BAT-0004280,TMB-HFR,2024-08-05T18:00:00,2024-08-12T00:00:00,fixed_acoustic_station,38.4,6,10,12,6.8,7,TEAM-13-3,acceptable,9.5
BAT-0004281,TMB-HFR,2024-09-05T18:00:00,2024-09-12T00:00:00,fixed_acoustic_station,33.8,9,13,7,10.6,7,TEAM-13-3,high,30.9
BAT-0004282,TMB-HFR,2024-10-05T18:00:00,2024-10-12T00:00:00,fixed_acoustic_station,20.6,4,8,4,9.3,9,TEAM-13-3,acceptable,79.7
BAT-0004283,TMB-HFR,2024-11-05T18:00:00,2024-11-12T00:00:00,fixed_acoustic_station,22.5,7,6,6,6.0,6,TEAM-13-3,high,81.0
BAT-0004284,TMB-HFR,2024-12-05T18:00:00,2024-12-12T00:00:00,acoustic_and_visual,17.5,4,4,3,4.8,2,TEAM-13-3,acceptable,86.3
BAT-0004285,TMB-HFR,2025-01-05T18:00:00,2025-01-12T00:00:00,acoustic_and_visual,19.4,7,8,4,7.2,7,TEAM-13-3,high,86.5
BAT-0004286,TMB-HFR,2025-02-05T18:00:00,2025-02-12T00:00:00,acoustic_and_visual,27.4,15,16,10,19.9,10,TEAM-13-3,acceptable,60.0
BAT-0004287,TMB-HFR,2025-03-05T18:00:00,2025-03-12T00:00:00,acoustic_and_visual,22.5,9,12,7,9.8,9,TEAM-13-3,acceptable,51.7
BAT-0004288,TMB-HFR,2025-04-05T18:00:00,2025-04-12T00:00:00,fixed_acoustic_station,34.1,17,26,11,20.8,6,TEAM-13-3,high,20.2
BAT-0004289,TMB-HFR,2025-05-05T18:00:00,2025-05-12T00:00:00,acoustic_transect,30.0,19,12,11,27.5,10,TEAM-13-3,acceptable,34.5
BAT-0004290,TMB-HFR,2025-06-05T18:00:00,2025-06-12T00:00:00,acoustic_transect,30.8,10,19,3,9.3,11,TEAM-13-3,high,25.9
BAT-0004291,TMB-GZX,2019-01-05T18:00:00,2019-01-12T00:00:00,fixed_acoustic_station,31.2,18,21,8,22.1,12,TEAM-13-4,high,52.4
BAT-0004292,TMB-GZX,2019-02-05T18:00:00,2019-02-12T00:00:00,acoustic_and_visual,23.8,6,18,9,5.7,10,TEAM-13-4,high,65.0
BAT-0004293,TMB-GZX,2019-03-05T18:00:00,2019-03-12T00:00:00,acoustic_transect,24.2,10,23,6,10.1,19,TEAM-13-4,high,63.3
BAT-0004294,TMB-GZX,2019-04-05T18:00:00,2019-04-12T00:00:00,acoustic_and_visual,31.1,16,20,12,19.1,12,TEAM-13-4,acceptable,41.4
BAT-0004295,TMB-GZX,2019-05-05T18:00:00,2019-05-12T00:00:00,acoustic_and_visual,32.9,15,16,14,20.7,13,TEAM-13-4,acceptable,21.0
BAT-0004296,TMB-GZX,2019-06-05T18:00:00,2019-06-12T00:00:00,fixed_acoustic_station,37.8,16,29,18,16.7,14,TEAM-13-4,high,15.4
BAT-0004297,TMB-GZX,2019-07-05T18:00:00,2019-07-12T00:00:00,acoustic_transect,35.0,10,23,9,10.5,11,TEAM-13-4,high,19.5
BAT-0004298,TMB-GZX,2019-08-05T18:00:00,2019-08-12T00:00:00,acoustic_transect,37.9,13,15,11,15.6,5,TEAM-13-4,high,18.2
BAT-0004299,TMB-GZX,2019-09-05T18:00:00,2019-09-12T00:00:00,acoustic_transect,30.6,12,11,13,11.9,13,TEAM-13-4,acceptable,47.4
BAT-0004300,TMB-GZX,2019-10-05T18:00:00,2019-10-12T00:00:00,fixed_acoustic_station,32.4,6,14,9,5.9,12,TEAM-13-4,high,38.3
BAT-0004301,TMB-GZX,2019-11-05T18:00:00,2019-11-12T00:00:00,acoustic_and_visual,21.8,12,16,8,15.1,9,TEAM-13-4,high,66.6
BAT-0004302,TMB-GZX,2019-12-05T18:00:00,2019-12-12T00:00:00,acoustic_and_visual,34.1,10,17,12,11.9,16,TEAM-13-4,high,40.1
BAT-0004303,TMB-GZX,2020-01-05T18:00:00,2020-01-12T00:00:00,fixed_acoustic_station,24.9,11,9,3,13.9,4,TEAM-13-4,acceptable,60.1
BAT-0004304,TMB-GZX,2020-02-05T18:00:00,2020-02-12T00:00:00,acoustic_and_visual,32.6,15,24,8,17.3,8,TEAM-13-4,high,44.0
BAT-0004305,TMB-GZX,2020-03-05T18:00:00,2020-03-12T00:00:00,acoustic_transect,28.9,16,15,9,17.9,15,TEAM-13-4,acceptable,45.1
BAT-0004306,TMB-GZX,2020-04-05T18:00:00,2020-04-12T00:00:00,acoustic_transect,34.5,20,33,10,23.9,16,TEAM-13-4,high,34.1
BAT-0004307,TMB-GZX,2020-05-05T18:00:00,2020-05-12T00:00:00,acoustic_and_visual,31.0,14,20,11,18.0,9,TEAM-13-4,acceptable,29.8
BAT-0004308,TMB-GZX,2020-06-05T18:00:00,2020-06-12T00:00:00,acoustic_transect,33.8,13,24,10,17.0,7,TEAM-13-4,acceptable,12.0
BAT-0004309,TMB-GZX,2020-07-05T18:00:00,2020-07-12T00:00:00,fixed_acoustic_station,31.3,14,22,6,15.9,12,TEAM-13-4,high,16.9
BAT-0004310,TMB-GZX,2020-08-05T18:00:00,2020-08-12T00:00:00,fixed_acoustic_station,26.5,9,20,8,8.4,11,TEAM-13-4,high,42.7
BAT-0004311,TMB-GZX,2020-09-05T18:00:00,2020-09-12T00:00:00,fixed_acoustic_station,39.1,16,23,14,19.5,16,TEAM-13-4,high,32.2
BAT-0004312,TMB-GZX,2020-10-05T18:00:00,2020-10-12T00:00:00,acoustic_transect,34.6,13,22,13,9.5,13,TEAM-13-4,acceptable,36.9
BAT-0004313,TMB-GZX,2020-11-05T18:00:00,2020-11-12T00:00:00,acoustic_transect,24.3,8,14,3,11.5,9,TEAM-13-4,acceptable,68.9
BAT-0004314,TMB-GZX,2020-12-05T18:00:00,2020-12-12T00:00:00,acoustic_and_visual,26.0,14,20,9,16.1,12,TEAM-13-4,high,53.1
BAT-0004315,TMB-GZX,2021-01-05T18:00:00,2021-01-12T00:00:00,fixed_acoustic_station,17.6,5,9,0,8.4,8,TEAM-13-4,acceptable,77.2
BAT-0004316,TMB-GZX,2021-02-05T18:00:00,2021-02-12T00:00:00,acoustic_and_visual,32.3,21,20,16,23.6,7,TEAM-13-4,high,57.2
BAT-0004317,TMB-GZX,2021-03-05T18:00:00,2021-03-12T00:00:00,fixed_acoustic_station,23.2,7,9,4,9.7,5,TEAM-13-4,high,52.5
BAT-0004318,TMB-GZX,2021-04-05T18:00:00,2021-04-12T00:00:00,acoustic_transect,28.2,7,9,7,10.6,12,TEAM-13-4,acceptable,61.8
BAT-0004319,TMB-GZX,2021-05-05T18:00:00,2021-05-12T00:00:00,acoustic_and_visual,33.7,9,28,12,9.2,10,TEAM-13-4,acceptable,29.9
BAT-0004320,TMB-GZX,2021-06-05T18:00:00,2021-06-12T00:00:00,acoustic_and_visual,31.9,27,31,10,32.7,12,TEAM-13-4,high,32.3
BAT-0004321,TMB-GZX,2021-07-05T18:00:00,2021-07-12T00:00:00,acoustic_and_visual,33.8,9,15,15,5.8,6,TEAM-13-4,acceptable,21.9
BAT-0004322,TMB-GZX,2021-08-05T18:00:00,2021-08-12T00:00:00,acoustic_and_visual,30.3,12,23,9,12.4,10,TEAM-13-4,high,12.1
BAT-0004323,TMB-GZX,2021-09-05T18:00:00,2021-09-12T00:00:00,acoustic_transect,36.9,14,24,13,18.1,15,TEAM-13-4,acceptable,9.8
BAT-0004324,TMB-GZX,2021-10-05T18:00:00,2021-10-12T00:00:00,fixed_acoustic_station,30.0,7,9,8,8.8,10,TEAM-13-4,acceptable,52.1
BAT-0004325,TMB-GZX,2021-11-05T18:00:00,2021-11-12T00:00:00,acoustic_and_visual,33.3,13,11,14,17.9,11,TEAM-13-4,acceptable,61.8
BAT-0004326,TMB-GZX,2021-12-05T18:00:00,2021-12-12T00:00:00,acoustic_and_visual,24.5,11,8,5,9.0,5,TEAM-13-4,acceptable,63.1
BAT-0004327,TMB-GZX,2022-01-05T18:00:00,2022-01-12T00:00:00,acoustic_transect,23.2,11,11,8,13.5,12,TEAM-13-4,acceptable,47.8
BAT-0004328,TMB-GZX,2022-02-05T18:00:00,2022-02-12T00:00:00,acoustic_transect,28.0,20,16,19,28.1,13,TEAM-13-4,high,66.7
BAT-0004329,TMB-GZX,2022-03-05T18:00:00,2022-03-12T00:00:00,fixed_acoustic_station,16.0,6,19,4,11.3,13,TEAM-13-4,acceptable,67.6
BAT-0004330,TMB-GZX,2022-04-05T18:00:00,2022-04-12T00:00:00,acoustic_and_visual,29.8,11,22,5,15.2,9,TEAM-13-4,high,53.2
BAT-0004331,TMB-GZX,2022-05-05T18:00:00,2022-05-12T00:00:00,fixed_acoustic_station,30.4,14,26,7,14.3,8,TEAM-13-4,high,31.8
BAT-0004332,TMB-GZX,2022-06-05T18:00:00,2022-06-12T00:00:00,acoustic_transect,37.5,27,36,22,30.1,15,TEAM-13-4,high,28.8
BAT-0004333,TMB-GZX,2022-07-05T18:00:00,2022-07-12T00:00:00,acoustic_and_visual,32.4,13,29,9,15.4,13,TEAM-13-4,high,15.8
BAT-0004334,TMB-GZX,2022-08-05T18:00:00,2022-08-12T00:00:00,fixed_acoustic_station,30.7,18,28,18,17.1,8,TEAM-13-4,high,25.3
BAT-0004335,TMB-GZX,2022-09-05T18:00:00,2022-09-12T00:00:00,fixed_acoustic_station,28.7,15,19,5,18.1,8,TEAM-13-4,acceptable,40.1
BAT-0004336,TMB-GZX,2022-10-05T18:00:00,2022-10-12T00:00:00,fixed_acoustic_station,33.9,10,18,10,14.6,15,TEAM-13-4,high,32.3
BAT-0004337,TMB-GZX,2022-11-05T18:00:00,2022-11-12T00:00:00,acoustic_and_visual,30.2,13,26,10,16.0,10,TEAM-13-4,acceptable,46.8
BAT-0004338,TMB-GZX,2022-12-05T18:00:00,2022-12-12T00:00:00,acoustic_transect,25.4,12,14,10,14.2,12,TEAM-13-4,acceptable,62.3
BAT-0004339,TMB-GZX,2023-01-05T18:00:00,2023-01-12T00:00:00,acoustic_transect,27.6,11,28,8,14.0,12,TEAM-13-4,high,45.8
BAT-0004340,TMB-GZX,2023-02-05T18:00:00,2023-02-12T00:00:00,acoustic_and_visual,32.6,11,25,10,14.9,16,TEAM-13-4,acceptable,47.5
BAT-0004341,TMB-GZX,2023-03-05T18:00:00,2023-03-12T00:00:00,acoustic_transect,29.1,9,13,10,10.7,8,TEAM-13-4,acceptable,44.3
BAT-0004342,TMB-GZX,2023-04-05T18:00:00,2023-04-12T00:00:00,fixed_acoustic_station,32.2,14,23,13,17.2,9,TEAM-13-4,high,34.8
BAT-0004343,TMB-GZX,2023-05-05T18:00:00,2023-05-12T00:00:00,acoustic_transect,27.2,6,11,7,8.3,12,TEAM-13-4,acceptable,48.9
BAT-0004344,TMB-GZX,2023-06-05T18:00:00,2023-06-12T00:00:00,acoustic_transect,34.2,19,23,8,20.9,10,TEAM-13-4,high,25.2
BAT-0004345,TMB-GZX,2023-07-05T18:00:00,2023-07-12T00:00:00,acoustic_and_visual,31.9,10,22,10,12.0,7,TEAM-13-4,high,20.6
BAT-0004346,TMB-GZX,2023-08-05T18:00:00,2023-08-12T00:00:00,acoustic_and_visual,38.6,19,19,12,26.5,10,TEAM-13-4,high,12.5
BAT-0004347,TMB-GZX,2023-09-05T18:00:00,2023-09-12T00:00:00,acoustic_transect,35.1,18,12,6,20.2,15,TEAM-13-4,acceptable,22.8
BAT-0004348,TMB-GZX,2023-10-05T18:00:00,2023-10-12T00:00:00,fixed_acoustic_station,30.6,14,19,15,13.2,14,TEAM-13-4,high,42.4
BAT-0004349,TMB-GZX,2023-11-05T18:00:00,2023-11-12T00:00:00,acoustic_transect,19.3,6,20,3,9.0,15,TEAM-13-4,high,51.2
BAT-0004350,TMB-GZX,2023-12-05T18:00:00,2023-12-12T00:00:00,acoustic_and_visual,33.3,15,19,10,17.7,13,TEAM-13-4,acceptable,63.6
BAT-0004351,TMB-GZX,2024-01-05T18:00:00,2024-01-12T00:00:00,acoustic_and_visual,29.9,10,20,13,11.8,11,TEAM-13-4,acceptable,56.2
BAT-0004352,TMB-GZX,2024-02-05T18:00:00,2024-02-12T00:00:00,acoustic_and_visual,25.2,9,22,4,9.5,18,TEAM-13-4,high,53.0
BAT-0004353,TMB-GZX,2024-03-05T18:00:00,2024-03-12T00:00:00,fixed_acoustic_station,25.5,6,16,12,4.4,13,TEAM-13-4,high,38.5
BAT-0004354,TMB-GZX,2024-04-05T18:00:00,2024-04-12T00:00:00,fixed_acoustic_station,29.1,14,25,18,18.8,15,TEAM-13-4,acceptable,53.3
BAT-0004355,TMB-GZX,2024-05-05T18:00:00,2024-05-12T00:00:00,fixed_acoustic_station,28.1,13,18,13,15.2,5,TEAM-13-4,high,42.8
BAT-0004356,TMB-GZX,2024-06-05T18:00:00,2024-06-12T00:00:00,fixed_acoustic_station,32.0,6,19,15,3.7,13,TEAM-13-4,acceptable,26.3
BAT-0004357,TMB-GZX,2024-07-05T18:00:00,2024-07-12T00:00:00,acoustic_and_visual,36.3,16,31,5,21.6,9,TEAM-13-4,high,11.0
BAT-0004358,TMB-GZX,2024-08-05T18:00:00,2024-08-12T00:00:00,acoustic_transect,33.2,18,25,9,27.0,8,TEAM-13-4,high,19.4
BAT-0004359,TMB-GZX,2024-09-05T18:00:00,2024-09-12T00:00:00,acoustic_transect,32.6,17,32,12,16.7,11,TEAM-13-4,high,27.5
BAT-0004360,TMB-GZX,2024-10-05T18:00:00,2024-10-12T00:00:00,acoustic_and_visual,26.0,11,16,5,12.3,15,TEAM-13-4,high,46.6
BAT-0004361,TMB-GZX,2024-11-05T18:00:00,2024-11-12T00:00:00,acoustic_transect,26.7,10,20,3,9.5,13,TEAM-13-4,high,46.8
BAT-0004362,TMB-GZX,2024-12-05T18:00:00,2024-12-12T00:00:00,acoustic_and_visual,32.0,13,17,8,13.0,11,TEAM-13-4,high,41.0
BAT-0004363,TMB-GZX,2025-01-05T18:00:00,2025-01-12T00:00:00,acoustic_and_visual,23.3,8,8,10,7.1,14,TEAM-13-4,acceptable,64.5
BAT-0004364,TMB-GZX,2025-02-05T18:00:00,2025-02-12T00:00:00,acoustic_transect,25.6,12,16,6,11.6,10,TEAM-13-4,high,59.1
BAT-0004365,TMB-GZX,2025-03-05T18:00:00,2025-03-12T00:00:00,fixed_acoustic_station,29.2,9,16,14,10.2,13,TEAM-13-4,high,39.7
BAT-0004366,TMB-GZX,2025-04-05T18:00:00,2025-04-12T00:00:00,fixed_acoustic_station,33.6,21,29,14,26.6,13,TEAM-13-4,acceptable,44.2
BAT-0004367,TMB-GZX,2025-05-05T18:00:00,2025-05-12T00:00:00,fixed_acoustic_station,32.8,18,27,8,20.7,12,TEAM-13-4,high,22.7
BAT-0004368,TMB-GZX,2025-06-05T18:00:00,2025-06-12T00:00:00,fixed_acoustic_station,37.9,24,27,11,28.8,16,TEAM-13-4,acceptable,12.9
BAT-0004369,TMB-AYQ,2019-01-05T18:00:00,2019-01-12T00:00:00,acoustic_and_visual,26.3,14,16,5,13.5,12,TEAM-13-5,acceptable,48.5
BAT-0004370,TMB-AYQ,2019-02-05T18:00:00,2019-02-12T00:00:00,acoustic_and_visual,29.1,12,11,3,11.5,15,TEAM-13-5,high,41.1
BAT-0004371,TMB-AYQ,2019-03-05T18:00:00,2019-03-12T00:00:00,acoustic_and_visual,29.2,16,29,9,18.3,17,TEAM-13-5,high,47.2
BAT-0004372,TMB-AYQ,2019-04-05T18:00:00,2019-04-12T00:00:00,acoustic_and_visual,28.4,16,25,13,19.4,10,TEAM-13-5,acceptable,35.5
BAT-0004373,TMB-AYQ,2019-05-05T18:00:00,2019-05-12T00:00:00,fixed_acoustic_station,32.9,14,21,8,16.3,12,TEAM-13-5,acceptable,32.1
BAT-0004374,TMB-AYQ,2019-06-05T18:00:00,2019-06-12T00:00:00,acoustic_transect,33.7,14,16,4,18.8,9,TEAM-13-5,high,30.4
BAT-0004375,TMB-AYQ,2019-07-05T18:00:00,2019-07-12T00:00:00,acoustic_transect,37.0,20,26,9,25.6,7,TEAM-13-5,acceptable,25.0
BAT-0004376,TMB-AYQ,2019-08-05T18:00:00,2019-08-12T00:00:00,acoustic_and_visual,41.1,16,29,13,18.2,12,TEAM-13-5,high,3.9
BAT-0004377,TMB-AYQ,2019-09-05T18:00:00,2019-09-12T00:00:00,fixed_acoustic_station,33.8,19,21,7,23.2,17,TEAM-13-5,acceptable,27.3
BAT-0004378,TMB-AYQ,2019-10-05T18:00:00,2019-10-12T00:00:00,fixed_acoustic_station,27.8,6,15,9,9.8,16,TEAM-13-5,acceptable,45.4
BAT-0004379,TMB-AYQ,2019-11-05T18:00:00,2019-11-12T00:00:00,acoustic_transect,27.5,17,23,3,22.3,11,TEAM-13-5,high,25.4
BAT-0004380,TMB-AYQ,2019-12-05T18:00:00,2019-12-12T00:00:00,acoustic_and_visual,26.4,10,10,9,11.0,17,TEAM-13-5,acceptable,52.6
BAT-0004381,TMB-AYQ,2020-01-05T18:00:00,2020-01-12T00:00:00,fixed_acoustic_station,23.4,14,29,7,17.6,9,TEAM-13-5,acceptable,62.7
BAT-0004382,TMB-AYQ,2020-02-05T18:00:00,2020-02-12T00:00:00,acoustic_transect,28.9,13,23,8,13.5,18,TEAM-13-5,acceptable,40.7
BAT-0004383,TMB-AYQ,2020-03-05T18:00:00,2020-03-12T00:00:00,acoustic_transect,29.4,12,37,12,11.7,11,TEAM-13-5,high,42.2
BAT-0004384,TMB-AYQ,2020-04-05T18:00:00,2020-04-12T00:00:00,acoustic_transect,25.0,8,7,6,12.2,13,TEAM-13-5,acceptable,40.1
BAT-0004385,TMB-AYQ,2020-05-05T18:00:00,2020-05-12T00:00:00,acoustic_and_visual,28.4,17,28,9,15.4,8,TEAM-13-5,high,31.9
BAT-0004386,TMB-AYQ,2020-06-05T18:00:00,2020-06-12T00:00:00,acoustic_transect,36.7,18,31,8,17.8,11,TEAM-13-5,high,13.4
BAT-0004387,TMB-AYQ,2020-07-05T18:00:00,2020-07-12T00:00:00,acoustic_and_visual,42.9,8,30,14,8.0,9,TEAM-13-5,high,6.0
BAT-0004388,TMB-AYQ,2020-08-05T18:00:00,2020-08-12T00:00:00,fixed_acoustic_station,32.7,15,20,7,20.1,9,TEAM-13-5,acceptable,20.1
BAT-0004389,TMB-AYQ,2020-09-05T18:00:00,2020-09-12T00:00:00,acoustic_transect,23.5,14,27,9,14.0,11,TEAM-13-5,high,41.7
BAT-0004390,TMB-AYQ,2020-10-05T18:00:00,2020-10-12T00:00:00,acoustic_and_visual,32.5,12,23,9,13.3,9,TEAM-13-5,high,39.4
BAT-0004391,TMB-AYQ,2020-11-05T18:00:00,2020-11-12T00:00:00,fixed_acoustic_station,24.5,14,13,11,15.1,15,TEAM-13-5,acceptable,54.5
BAT-0004392,TMB-AYQ,2020-12-05T18:00:00,2020-12-12T00:00:00,acoustic_transect,28.1,10,13,8,8.9,11,TEAM-13-5,acceptable,33.0
BAT-0004393,TMB-AYQ,2021-01-05T18:00:00,2021-01-12T00:00:00,fixed_acoustic_station,26.7,11,14,7,10.2,15,TEAM-13-5,acceptable,58.6
BAT-0004394,TMB-AYQ,2021-02-05T18:00:00,2021-02-12T00:00:00,fixed_acoustic_station,32.9,11,15,9,10.4,11,TEAM-13-5,high,49.0
BAT-0004395,TMB-AYQ,2021-03-05T18:00:00,2021-03-12T00:00:00,acoustic_and_visual,21.2,11,14,6,14.2,10,TEAM-13-5,high,48.4
BAT-0004396,TMB-AYQ,2021-04-05T18:00:00,2021-04-12T00:00:00,acoustic_and_visual,30.0,22,13,20,23.6,9,TEAM-13-5,acceptable,45.8
BAT-0004397,TMB-AYQ,2021-05-05T18:00:00,2021-05-12T00:00:00,fixed_acoustic_station,28.8,16,20,7,17.1,12,TEAM-13-5,high,17.9
BAT-0004398,TMB-AYQ,2021-06-05T18:00:00,2021-06-12T00:00:00,acoustic_transect,40.9,17,23,4,21.0,6,TEAM-13-5,high,16.6
BAT-0004399,TMB-AYQ,2021-07-05T18:00:00,2021-07-12T00:00:00,acoustic_and_visual,32.0,19,21,8,23.6,4,TEAM-13-5,acceptable,26.3
BAT-0004400,TMB-AYQ,2021-08-05T18:00:00,2021-08-12T00:00:00,acoustic_and_visual,32.2,11,26,10,16.3,10,TEAM-13-5,high,13.7
BAT-0004401,TMB-AYQ,2021-09-05T18:00:00,2021-09-12T00:00:00,fixed_acoustic_station,27.5,11,16,10,14.6,18,TEAM-13-5,acceptable,16.5
BAT-0004402,TMB-AYQ,2021-10-05T18:00:00,2021-10-12T00:00:00,acoustic_transect,27.4,13,15,7,12.6,13,TEAM-13-5,acceptable,46.2
BAT-0004403,TMB-AYQ,2021-11-05T18:00:00,2021-11-12T00:00:00,acoustic_transect,35.3,7,17,10,8.5,12,TEAM-13-5,high,25.6
BAT-0004404,TMB-AYQ,2021-12-05T18:00:00,2021-12-12T00:00:00,acoustic_transect,29.0,14,23,8,14.9,13,TEAM-13-5,high,46.9
BAT-0004405,TMB-AYQ,2022-01-05T18:00:00,2022-01-12T00:00:00,fixed_acoustic_station,28.6,12,17,8,14.4,16,TEAM-13-5,acceptable,41.5
BAT-0004406,TMB-AYQ,2022-02-05T18:00:00,2022-02-12T00:00:00,acoustic_and_visual,26.9,17,16,4,20.7,16,TEAM-13-5,acceptable,48.8
BAT-0004407,TMB-AYQ,2022-03-05T18:00:00,2022-03-12T00:00:00,acoustic_and_visual,32.3,18,38,18,16.5,14,TEAM-13-5,high,37.5
BAT-0004408,TMB-AYQ,2022-04-05T18:00:00,2022-04-12T00:00:00,fixed_acoustic_station,29.3,17,19,16,25.5,14,TEAM-13-5,high,37.8
BAT-0004409,TMB-AYQ,2022-05-05T18:00:00,2022-05-12T00:00:00,acoustic_transect,33.3,15,23,10,20.5,10,TEAM-13-5,high,36.0
BAT-0004410,TMB-AYQ,2022-06-05T18:00:00,2022-06-12T00:00:00,acoustic_and_visual,35.8,14,20,11,14.7,12,TEAM-13-5,acceptable,20.9
BAT-0004411,TMB-AYQ,2022-07-05T18:00:00,2022-07-12T00:00:00,acoustic_transect,38.0,21,21,13,24.2,11,TEAM-13-5,high,28.5
BAT-0004412,TMB-AYQ,2022-08-05T18:00:00,2022-08-12T00:00:00,fixed_acoustic_station,28.3,14,22,11,13.6,15,TEAM-13-5,acceptable,18.5
BAT-0004413,TMB-AYQ,2022-09-05T18:00:00,2022-09-12T00:00:00,acoustic_transect,42.7,21,25,3,19.8,19,TEAM-13-5,acceptable,20.0
BAT-0004414,TMB-AYQ,2022-10-05T18:00:00,2022-10-12T00:00:00,acoustic_and_visual,21.3,8,10,1,10.4,6,TEAM-13-5,acceptable,64.5
BAT-0004415,TMB-AYQ,2022-11-05T18:00:00,2022-11-12T00:00:00,fixed_acoustic_station,28.6,8,15,9,6.3,15,TEAM-13-5,high,51.2
BAT-0004416,TMB-AYQ,2022-12-05T18:00:00,2022-12-12T00:00:00,acoustic_and_visual,27.8,21,23,11,21.3,16,TEAM-13-5,acceptable,53.3
BAT-0004417,TMB-AYQ,2023-01-05T18:00:00,2023-01-12T00:00:00,acoustic_and_visual,17.9,6,15,7,9.1,13,TEAM-13-5,high,54.4
BAT-0004418,TMB-AYQ,2023-02-05T18:00:00,2023-02-12T00:00:00,acoustic_transect,27.3,5,12,10,4.8,6,TEAM-13-5,acceptable,51.3
BAT-0004419,TMB-AYQ,2023-03-05T18:00:00,2023-03-12T00:00:00,acoustic_and_visual,26.3,10,18,4,13.6,10,TEAM-13-5,acceptable,58.0
BAT-0004420,TMB-AYQ,2023-04-05T18:00:00,2023-04-12T00:00:00,fixed_acoustic_station,37.4,14,9,9,14.3,6,TEAM-13-5,high,26.4
BAT-0004421,TMB-AYQ,2023-05-05T18:00:00,2023-05-12T00:00:00,fixed_acoustic_station,31.6,14,17,7,18.3,13,TEAM-13-5,acceptable,32.7
BAT-0004422,TMB-AYQ,2023-06-05T18:00:00,2023-06-12T00:00:00,acoustic_transect,34.1,13,27,8,11.8,12,TEAM-13-5,high,14.9
BAT-0004423,TMB-AYQ,2023-07-05T18:00:00,2023-07-12T00:00:00,fixed_acoustic_station,29.2,12,24,2,12.2,8,TEAM-13-5,high,19.0
BAT-0004424,TMB-AYQ,2023-08-05T18:00:00,2023-08-12T00:00:00,acoustic_and_visual,37.5,16,20,9,18.3,10,TEAM-13-5,high,22.6
BAT-0004425,TMB-AYQ,2023-09-05T18:00:00,2023-09-12T00:00:00,acoustic_and_visual,30.5,15,24,10,14.6,14,TEAM-13-5,high,39.2
BAT-0004426,TMB-AYQ,2023-10-05T18:00:00,2023-10-12T00:00:00,acoustic_and_visual,37.1,16,25,10,18.2,10,TEAM-13-5,high,25.3
BAT-0004427,TMB-AYQ,2023-11-05T18:00:00,2023-11-12T00:00:00,acoustic_transect,26.0,15,13,4,16.7,15,TEAM-13-5,acceptable,61.7
BAT-0004428,TMB-AYQ,2023-12-05T18:00:00,2023-12-12T00:00:00,acoustic_and_visual,27.5,20,15,6,24.3,17,TEAM-13-5,acceptable,47.2
BAT-0004429,TMB-AYQ,2024-01-05T18:00:00,2024-01-12T00:00:00,fixed_acoustic_station,24.8,7,33,10,10.1,8,TEAM-13-5,high,52.0
BAT-0004430,TMB-AYQ,2024-02-05T18:00:00,2024-02-12T00:00:00,fixed_acoustic_station,25.4,4,14,7,7.8,8,TEAM-13-5,high,55.8
BAT-0004431,TMB-AYQ,2024-03-05T18:00:00,2024-03-12T00:00:00,fixed_acoustic_station,22.0,6,14,5,8.9,10,TEAM-13-5,high,47.0
BAT-0004432,TMB-AYQ,2024-04-05T18:00:00,2024-04-12T00:00:00,fixed_acoustic_station,32.1,14,28,20,13.2,10,TEAM-13-5,acceptable,41.7
BAT-0004433,TMB-AYQ,2024-05-05T18:00:00,2024-05-12T00:00:00,acoustic_and_visual,35.9,22,35,11,33.5,15,TEAM-13-5,high,26.8
BAT-0004434,TMB-AYQ,2024-06-05T18:00:00,2024-06-12T00:00:00,acoustic_transect,24.5,6,8,8,8.5,12,TEAM-13-5,limited,27.3
BAT-0004435,TMB-AYQ,2024-07-05T18:00:00,2024-07-12T00:00:00,fixed_acoustic_station,38.3,19,25,7,27.9,13,TEAM-13-5,high,0.0
BAT-0004436,TMB-AYQ,2024-08-05T18:00:00,2024-08-12T00:00:00,fixed_acoustic_station,29.5,15,16,9,19.9,10,TEAM-13-5,acceptable,29.5
BAT-0004437,TMB-AYQ,2024-09-05T18:00:00,2024-09-12T00:00:00,acoustic_transect,40.5,14,24,14,17.5,19,TEAM-13-5,high,12.9
BAT-0004438,TMB-AYQ,2024-10-05T18:00:00,2024-10-12T00:00:00,fixed_acoustic_station,20.2,13,12,9,18.2,14,TEAM-13-5,acceptable,41.6
BAT-0004439,TMB-AYQ,2024-11-05T18:00:00,2024-11-12T00:00:00,fixed_acoustic_station,26.2,9,24,11,11.5,19,TEAM-13-5,high,52.8
BAT-0004440,TMB-AYQ,2024-12-05T18:00:00,2024-12-12T00:00:00,acoustic_transect,27.1,12,11,6,13.2,21,TEAM-13-5,acceptable,50.9
BAT-0004441,TMB-AYQ,2025-01-05T18:00:00,2025-01-12T00:00:00,fixed_acoustic_station,21.5,6,18,4,7.0,11,TEAM-13-5,acceptable,54.0
BAT-0004442,TMB-AYQ,2025-02-05T18:00:00,2025-02-12T00:00:00,fixed_acoustic_station,27.9,19,33,10,19.8,16,TEAM-13-5,high,35.2
BAT-0004443,TMB-AYQ,2025-03-05T18:00:00,2025-03-12T00:00:00,acoustic_and_visual,28.2,11,22,11,12.8,4,TEAM-13-5,high,39.2
BAT-0004444,TMB-AYQ,2025-04-05T18:00:00,2025-04-12T00:00:00,acoustic_and_visual,30.2,11,22,8,15.6,15,TEAM-13-5,high,38.1
BAT-0004445,TMB-AYQ,2025-05-05T18:00:00,2025-05-12T00:00:00,fixed_acoustic_station,36.7,8,25,4,11.6,10,TEAM-13-5,high,23.2
BAT-0004446,TMB-AYQ,2025-06-05T18:00:00,2025-06-12T00:00:00,acoustic_transect,29.5,13,22,8,15.1,10,TEAM-13-5,high,17.1
BAT-0004447,TMB-HQL,2019-01-05T18:00:00,2019-01-12T00:00:00,fixed_acoustic_station,27.9,8,15,12,9.5,15,TEAM-13-1,acceptable,61.5
BAT-0004448,TMB-HQL,2019-02-05T18:00:00,2019-02-12T00:00:00,acoustic_and_visual,26.2,21,11,10,19.8,9,TEAM-13-1,high,67.4
BAT-0004449,TMB-HQL,2019-03-05T18:00:00,2019-03-12T00:00:00,acoustic_and_visual,26.6,21,22,13,20.8,13,TEAM-13-1,high,69.2
BAT-0004450,TMB-HQL,2019-04-05T18:00:00,2019-04-12T00:00:00,fixed_acoustic_station,27.0,20,34,11,18.1,17,TEAM-13-1,acceptable,47.8
BAT-0004451,TMB-HQL,2019-05-05T18:00:00,2019-05-12T00:00:00,acoustic_and_visual,27.3,9,19,16,11.3,15,TEAM-13-1,acceptable,38.3
BAT-0004452,TMB-HQL,2019-06-05T18:00:00,2019-06-12T00:00:00,acoustic_and_visual,36.4,43,52,22,49.4,12,TEAM-13-1,high,15.8
BAT-0004453,TMB-HQL,2019-07-05T18:00:00,2019-07-12T00:00:00,fixed_acoustic_station,33.0,14,19,12,14.2,9,TEAM-13-1,high,24.3
BAT-0004454,TMB-HQL,2019-08-05T18:00:00,2019-08-12T00:00:00,fixed_acoustic_station,27.3,10,11,7,13.9,8,TEAM-13-1,acceptable,26.0
BAT-0004455,TMB-HQL,2019-09-05T18:00:00,2019-09-12T00:00:00,acoustic_transect,28.9,18,22,12,24.6,8,TEAM-13-1,high,27.6
BAT-0004456,TMB-HQL,2019-10-05T18:00:00,2019-10-12T00:00:00,acoustic_transect,27.6,11,12,6,12.6,15,TEAM-13-1,high,40.8
BAT-0004457,TMB-HQL,2019-11-05T18:00:00,2019-11-12T00:00:00,fixed_acoustic_station,32.1,22,22,12,21.6,7,TEAM-13-1,acceptable,44.5
BAT-0004458,TMB-HQL,2019-12-05T18:00:00,2019-12-12T00:00:00,acoustic_and_visual,29.8,13,22,10,10.6,7,TEAM-13-1,high,50.8
BAT-0004459,TMB-HQL,2020-01-05T18:00:00,2020-01-12T00:00:00,fixed_acoustic_station,24.8,15,21,14,22.1,14,TEAM-13-1,acceptable,61.4
BAT-0004460,TMB-HQL,2020-02-05T18:00:00,2020-02-12T00:00:00,acoustic_transect,26.6,20,29,14,22.3,11,TEAM-13-1,high,59.3
BAT-0004461,TMB-HQL,2020-03-05T18:00:00,2020-03-12T00:00:00,fixed_acoustic_station,29.4,8,21,15,11.0,5,TEAM-13-1,acceptable,52.4
BAT-0004462,TMB-HQL,2020-04-05T18:00:00,2020-04-12T00:00:00,fixed_acoustic_station,33.9,25,28,21,26.1,4,TEAM-13-1,high,32.3
BAT-0004463,TMB-HQL,2020-05-05T18:00:00,2020-05-12T00:00:00,fixed_acoustic_station,32.1,29,43,23,27.4,11,TEAM-13-1,high,26.1
BAT-0004464,TMB-HQL,2020-06-05T18:00:00,2020-06-12T00:00:00,acoustic_transect,26.0,16,20,10,20.1,11,TEAM-13-1,high,38.0
BAT-0004465,TMB-HQL,2020-07-05T18:00:00,2020-07-12T00:00:00,fixed_acoustic_station,25.6,12,37,12,14.9,15,TEAM-13-1,acceptable,9.2
BAT-0004466,TMB-HQL,2020-08-05T18:00:00,2020-08-12T00:00:00,acoustic_transect,36.7,12,26,9,14.0,14,TEAM-13-1,high,14.1
BAT-0004467,TMB-HQL,2020-09-05T18:00:00,2020-09-12T00:00:00,acoustic_transect,33.0,14,37,10,15.1,13,TEAM-13-1,high,39.5
BAT-0004468,TMB-HQL,2020-10-05T18:00:00,2020-10-12T00:00:00,acoustic_transect,35.3,17,11,9,19.6,12,TEAM-13-1,acceptable,38.8
BAT-0004469,TMB-HQL,2020-11-05T18:00:00,2020-11-12T00:00:00,acoustic_and_visual,21.6,10,12,2,11.9,9,TEAM-13-1,acceptable,61.0
BAT-0004470,TMB-HQL,2020-12-05T18:00:00,2020-12-12T00:00:00,acoustic_and_visual,23.8,16,21,11,17.4,9,TEAM-13-1,high,57.3
BAT-0004471,TMB-HQL,2021-01-05T18:00:00,2021-01-12T00:00:00,fixed_acoustic_station,26.5,13,13,11,11.9,10,TEAM-13-1,acceptable,73.7
BAT-0004472,TMB-HQL,2021-02-05T18:00:00,2021-02-12T00:00:00,fixed_acoustic_station,25.0,15,24,10,19.1,15,TEAM-13-1,high,57.7
BAT-0004473,TMB-HQL,2021-03-05T18:00:00,2021-03-12T00:00:00,acoustic_and_visual,27.8,24,28,13,29.6,6,TEAM-13-1,acceptable,53.7
BAT-0004474,TMB-HQL,2021-04-05T18:00:00,2021-04-12T00:00:00,acoustic_and_visual,30.8,21,51,19,22.2,16,TEAM-13-1,high,43.6
BAT-0004475,TMB-HQL,2021-05-05T18:00:00,2021-05-12T00:00:00,acoustic_transect,37.3,30,40,22,34.4,19,TEAM-13-1,high,33.9
BAT-0004476,TMB-HQL,2021-06-05T18:00:00,2021-06-12T00:00:00,acoustic_and_visual,27.1,15,34,17,15.5,14,TEAM-13-1,acceptable,36.2
BAT-0004477,TMB-HQL,2021-07-05T18:00:00,2021-07-12T00:00:00,fixed_acoustic_station,33.3,19,36,12,21.7,12,TEAM-13-1,high,14.4
BAT-0004478,TMB-HQL,2021-08-05T18:00:00,2021-08-12T00:00:00,acoustic_transect,29.4,16,28,7,17.5,13,TEAM-13-1,high,36.3
BAT-0004479,TMB-HQL,2021-09-05T18:00:00,2021-09-12T00:00:00,acoustic_transect,32.1,14,23,9,17.4,10,TEAM-13-1,high,33.6
BAT-0004480,TMB-HQL,2021-10-05T18:00:00,2021-10-12T00:00:00,fixed_acoustic_station,32.6,12,15,6,17.7,13,TEAM-13-1,acceptable,40.9
BAT-0004481,TMB-HQL,2021-11-05T18:00:00,2021-11-12T00:00:00,fixed_acoustic_station,31.0,13,22,8,18.2,8,TEAM-13-1,high,44.6
BAT-0004482,TMB-HQL,2021-12-05T18:00:00,2021-12-12T00:00:00,acoustic_and_visual,26.2,12,11,11,15.8,6,TEAM-13-1,acceptable,65.2
BAT-0004483,TMB-HQL,2022-01-05T18:00:00,2022-01-12T00:00:00,acoustic_and_visual,23.4,11,15,12,12.3,10,TEAM-13-1,acceptable,61.2
BAT-0004484,TMB-HQL,2022-02-05T18:00:00,2022-02-12T00:00:00,fixed_acoustic_station,30.8,14,19,9,15.9,11,TEAM-13-1,acceptable,63.3
BAT-0004485,TMB-HQL,2022-03-05T18:00:00,2022-03-12T00:00:00,acoustic_and_visual,21.2,11,17,9,13.3,13,TEAM-13-1,acceptable,58.4
BAT-0004486,TMB-HQL,2022-04-05T18:00:00,2022-04-12T00:00:00,acoustic_and_visual,27.5,26,28,9,27.9,10,TEAM-13-1,acceptable,52.0
BAT-0004487,TMB-HQL,2022-05-05T18:00:00,2022-05-12T00:00:00,acoustic_and_visual,31.2,22,27,17,14.9,9,TEAM-13-1,acceptable,45.5
BAT-0004488,TMB-HQL,2022-06-05T18:00:00,2022-06-12T00:00:00,acoustic_transect,37.6,24,43,16,27.4,14,TEAM-13-1,acceptable,11.1
BAT-0004489,TMB-HQL,2022-07-05T18:00:00,2022-07-12T00:00:00,acoustic_transect,38.8,28,34,19,38.9,8,TEAM-13-1,acceptable,25.4
BAT-0004490,TMB-HQL,2022-08-05T18:00:00,2022-08-12T00:00:00,fixed_acoustic_station,30.2,11,9,14,9.0,10,TEAM-13-1,limited,23.6
BAT-0004491,TMB-HQL,2022-09-05T18:00:00,2022-09-12T00:00:00,acoustic_transect,24.7,4,14,4,5.8,18,TEAM-13-1,acceptable,44.1
BAT-0004492,TMB-HQL,2022-10-05T18:00:00,2022-10-12T00:00:00,acoustic_and_visual,33.5,13,9,6,13.2,5,TEAM-13-1,acceptable,36.2
BAT-0004493,TMB-HQL,2022-11-05T18:00:00,2022-11-12T00:00:00,acoustic_and_visual,33.0,27,27,15,36.5,12,TEAM-13-1,high,44.5
BAT-0004494,TMB-HQL,2022-12-05T18:00:00,2022-12-12T00:00:00,fixed_acoustic_station,25.3,9,24,8,9.6,13,TEAM-13-1,high,62.2
BAT-0004495,TMB-HQL,2023-01-05T18:00:00,2023-01-12T00:00:00,acoustic_and_visual,17.8,15,15,6,15.6,17,TEAM-13-1,acceptable,76.1
BAT-0004496,TMB-HQL,2023-02-05T18:00:00,2023-02-12T00:00:00,fixed_acoustic_station,19.0,17,10,8,16.8,9,TEAM-13-1,acceptable,76.3
BAT-0004497,TMB-HQL,2023-03-05T18:00:00,2023-03-12T00:00:00,acoustic_transect,28.5,16,27,10,17.8,10,TEAM-13-1,high,45.7
BAT-0004498,TMB-HQL,2023-04-05T18:00:00,2023-04-12T00:00:00,fixed_acoustic_station,31.1,19,41,12,27.9,12,TEAM-13-1,acceptable,41.3
BAT-0004499,TMB-HQL,2023-05-05T18:00:00,2023-05-12T00:00:00,acoustic_transect,30.7,27,34,17,30.6,10,TEAM-13-1,acceptable,34.8
BAT-0004500,TMB-HQL,2023-06-05T18:00:00,2023-06-12T00:00:00,acoustic_and_visual,32.6,25,23,17,28.0,7,TEAM-13-1,high,32.2
BAT-0004501,TMB-HQL,2023-07-05T18:00:00,2023-07-12T00:00:00,acoustic_transect,39.8,22,43,18,21.5,14,TEAM-13-1,high,7.1
BAT-0004502,TMB-HQL,2023-08-05T18:00:00,2023-08-12T00:00:00,acoustic_transect,31.6,8,20,10,7.9,14,TEAM-13-1,acceptable,29.2
BAT-0004503,TMB-HQL,2023-09-05T18:00:00,2023-09-12T00:00:00,fixed_acoustic_station,20.8,13,10,3,15.9,10,TEAM-13-1,acceptable,29.1
BAT-0004504,TMB-HQL,2023-10-05T18:00:00,2023-10-12T00:00:00,acoustic_transect,30.4,13,13,10,14.2,11,TEAM-13-1,high,46.5
BAT-0004505,TMB-HQL,2023-11-05T18:00:00,2023-11-12T00:00:00,acoustic_and_visual,26.5,12,30,10,13.5,14,TEAM-13-1,high,45.8
BAT-0004506,TMB-HQL,2023-12-05T18:00:00,2023-12-12T00:00:00,fixed_acoustic_station,17.4,12,21,10,13.6,7,TEAM-13-1,acceptable,78.7
BAT-0004507,TMB-HQL,2024-01-05T18:00:00,2024-01-12T00:00:00,acoustic_and_visual,21.7,5,7,3,5.9,14,TEAM-13-1,acceptable,74.0
BAT-0004508,TMB-HQL,2024-02-05T18:00:00,2024-02-12T00:00:00,acoustic_and_visual,26.8,24,27,17,27.0,11,TEAM-13-1,acceptable,50.5
BAT-0004509,TMB-HQL,2024-03-05T18:00:00,2024-03-12T00:00:00,acoustic_and_visual,26.3,23,25,10,27.1,11,TEAM-13-1,high,45.6
BAT-0004510,TMB-HQL,2024-04-05T18:00:00,2024-04-12T00:00:00,acoustic_and_visual,28.2,18,32,21,20.7,14,TEAM-13-1,high,47.8
BAT-0004511,TMB-HQL,2024-05-05T18:00:00,2024-05-12T00:00:00,fixed_acoustic_station,41.1,31,36,19,29.8,15,TEAM-13-1,acceptable,20.6
BAT-0004512,TMB-HQL,2024-06-05T18:00:00,2024-06-12T00:00:00,acoustic_and_visual,27.1,12,32,17,13.4,15,TEAM-13-1,acceptable,26.6
BAT-0004513,TMB-HQL,2024-07-05T18:00:00,2024-07-12T00:00:00,acoustic_transect,36.0,15,28,16,15.5,8,TEAM-13-1,high,18.6
BAT-0004514,TMB-HQL,2024-08-05T18:00:00,2024-08-12T00:00:00,acoustic_and_visual,29.6,10,14,6,12.7,16,TEAM-13-1,acceptable,41.9
BAT-0004515,TMB-HQL,2024-09-05T18:00:00,2024-09-12T00:00:00,acoustic_and_visual,29.8,13,12,10,14.9,13,TEAM-13-1,acceptable,46.1
BAT-0004516,TMB-HQL,2024-10-05T18:00:00,2024-10-12T00:00:00,acoustic_and_visual,21.6,8,16,8,10.8,20,TEAM-13-1,acceptable,46.0
BAT-0004517,TMB-HQL,2024-11-05T18:00:00,2024-11-12T00:00:00,acoustic_transect,32.2,17,22,13,25.1,11,TEAM-13-1,acceptable,45.8
BAT-0004518,TMB-HQL,2024-12-05T18:00:00,2024-12-12T00:00:00,acoustic_transect,30.2,20,16,14,19.9,9,TEAM-13-1,acceptable,47.3
BAT-0004519,TMB-HQL,2025-01-05T18:00:00,2025-01-12T00:00:00,acoustic_transect,26.4,14,20,4,18.7,11,TEAM-13-1,acceptable,67.5
BAT-0004520,TMB-HQL,2025-02-05T18:00:00,2025-02-12T00:00:00,fixed_acoustic_station,29.1,16,24,12,17.0,17,TEAM-13-1,high,57.3
BAT-0004521,TMB-HQL,2025-03-05T18:00:00,2025-03-12T00:00:00,fixed_acoustic_station,27.6,25,23,18,24.8,12,TEAM-13-1,acceptable,49.1
BAT-0004522,TMB-HQL,2025-04-05T18:00:00,2025-04-12T00:00:00,acoustic_and_visual,28.6,27,30,14,30.9,11,TEAM-13-1,high,46.7
BAT-0004523,TMB-HQL,2025-05-05T18:00:00,2025-05-12T00:00:00,acoustic_transect,30.8,22,24,19,23.1,13,TEAM-13-1,acceptable,31.4
BAT-0004524,TMB-HQL,2025-06-05T18:00:00,2025-06-12T00:00:00,fixed_acoustic_station,19.5,17,18,8,19.8,9,TEAM-13-1,limited,27.0
BAT-0004525,TMB-XTD,2019-01-05T18:00:00,2019-01-12T00:00:00,fixed_acoustic_station,28.2,16,19,8,21.0,13,TEAM-13-2,acceptable,57.5
BAT-0004526,TMB-XTD,2019-02-05T18:00:00,2019-02-12T00:00:00,fixed_acoustic_station,26.4,3,17,8,1.1,19,TEAM-13-2,high,39.5
BAT-0004527,TMB-XTD,2019-03-05T18:00:00,2019-03-12T00:00:00,acoustic_transect,24.8,17,14,11,21.1,12,TEAM-13-2,high,44.6
BAT-0004528,TMB-XTD,2019-04-05T18:00:00,2019-04-12T00:00:00,acoustic_transect,32.3,14,14,5,15.0,9,TEAM-13-2,high,56.6
BAT-0004529,TMB-XTD,2019-05-05T18:00:00,2019-05-12T00:00:00,acoustic_transect,30.5,17,15,10,18.9,10,TEAM-13-2,acceptable,39.3
BAT-0004530,TMB-XTD,2019-06-05T18:00:00,2019-06-12T00:00:00,fixed_acoustic_station,42.0,21,19,19,20.4,14,TEAM-13-2,high,16.6
BAT-0004531,TMB-XTD,2019-07-05T18:00:00,2019-07-12T00:00:00,acoustic_transect,40.2,11,24,10,9.5,9,TEAM-13-2,high,14.0
BAT-0004532,TMB-XTD,2019-08-05T18:00:00,2019-08-12T00:00:00,acoustic_and_visual,38.4,20,32,13,23.0,10,TEAM-13-2,high,19.0
BAT-0004533,TMB-XTD,2019-09-05T18:00:00,2019-09-12T00:00:00,acoustic_and_visual,18.7,10,8,7,11.7,11,TEAM-13-2,limited,29.8
BAT-0004534,TMB-XTD,2019-10-05T18:00:00,2019-10-12T00:00:00,acoustic_transect,31.5,11,22,12,12.6,10,TEAM-13-2,acceptable,32.2
BAT-0004535,TMB-XTD,2019-11-05T18:00:00,2019-11-12T00:00:00,acoustic_transect,26.7,21,23,14,16.0,11,TEAM-13-2,acceptable,44.2
BAT-0004536,TMB-XTD,2019-12-05T18:00:00,2019-12-12T00:00:00,fixed_acoustic_station,29.1,10,14,7,9.6,9,TEAM-13-2,acceptable,42.7
BAT-0004537,TMB-XTD,2020-01-05T18:00:00,2020-01-12T00:00:00,acoustic_and_visual,19.4,7,10,4,6.6,10,TEAM-13-2,acceptable,73.3
BAT-0004538,TMB-XTD,2020-02-05T18:00:00,2020-02-12T00:00:00,acoustic_and_visual,28.1,10,11,8,10.2,14,TEAM-13-2,high,44.7
BAT-0004539,TMB-XTD,2020-03-05T18:00:00,2020-03-12T00:00:00,acoustic_and_visual,25.9,8,14,7,8.4,9,TEAM-13-2,limited,47.6
BAT-0004540,TMB-XTD,2020-04-05T18:00:00,2020-04-12T00:00:00,acoustic_transect,26.1,16,20,11,18.9,12,TEAM-13-2,acceptable,51.7
BAT-0004541,TMB-XTD,2020-05-05T18:00:00,2020-05-12T00:00:00,acoustic_and_visual,23.7,9,16,4,10.0,11,TEAM-13-2,limited,23.9
BAT-0004542,TMB-XTD,2020-06-05T18:00:00,2020-06-12T00:00:00,acoustic_and_visual,32.3,22,23,11,16.8,7,TEAM-13-2,high,33.1
BAT-0004543,TMB-XTD,2020-07-05T18:00:00,2020-07-12T00:00:00,acoustic_transect,31.0,15,36,13,17.0,14,TEAM-13-2,high,28.2
BAT-0004544,TMB-XTD,2020-08-05T18:00:00,2020-08-12T00:00:00,acoustic_transect,34.5,13,34,18,16.5,8,TEAM-13-2,acceptable,2.1
BAT-0004545,TMB-XTD,2020-09-05T18:00:00,2020-09-12T00:00:00,acoustic_and_visual,32.0,9,14,8,9.8,16,TEAM-13-2,acceptable,34.3
BAT-0004546,TMB-XTD,2020-10-05T18:00:00,2020-10-12T00:00:00,acoustic_transect,32.7,17,31,7,16.1,5,TEAM-13-2,high,38.9
BAT-0004547,TMB-XTD,2020-11-05T18:00:00,2020-11-12T00:00:00,acoustic_transect,26.7,13,23,10,14.4,12,TEAM-13-2,high,47.5
BAT-0004548,TMB-XTD,2020-12-05T18:00:00,2020-12-12T00:00:00,acoustic_transect,24.4,9,8,3,10.9,14,TEAM-13-2,acceptable,59.3
BAT-0004549,TMB-XTD,2021-01-05T18:00:00,2021-01-12T00:00:00,acoustic_and_visual,26.2,10,10,6,11.5,14,TEAM-13-2,high,49.4
BAT-0004550,TMB-XTD,2021-02-05T18:00:00,2021-02-12T00:00:00,acoustic_transect,24.3,12,14,12,10.1,10,TEAM-13-2,acceptable,58.7
BAT-0004551,TMB-XTD,2021-03-05T18:00:00,2021-03-12T00:00:00,acoustic_and_visual,27.2,16,18,6,15.3,10,TEAM-13-2,high,46.4
BAT-0004552,TMB-XTD,2021-04-05T18:00:00,2021-04-12T00:00:00,acoustic_transect,26.9,7,15,7,5.8,8,TEAM-13-2,high,52.6
BAT-0004553,TMB-XTD,2021-05-05T18:00:00,2021-05-12T00:00:00,acoustic_and_visual,30.5,12,29,11,14.7,13,TEAM-13-2,high,30.3
BAT-0004554,TMB-XTD,2021-06-05T18:00:00,2021-06-12T00:00:00,acoustic_transect,32.5,14,22,9,14.9,10,TEAM-13-2,high,28.2
BAT-0004555,TMB-XTD,2021-07-05T18:00:00,2021-07-12T00:00:00,acoustic_and_visual,30.9,11,19,5,13.1,9,TEAM-13-2,high,33.6
BAT-0004556,TMB-XTD,2021-08-05T18:00:00,2021-08-12T00:00:00,acoustic_and_visual,35.4,13,24,10,13.1,9,TEAM-13-2,acceptable,22.0
BAT-0004557,TMB-XTD,2021-09-05T18:00:00,2021-09-12T00:00:00,acoustic_transect,42.2,15,16,10,15.2,11,TEAM-13-2,acceptable,10.7
BAT-0004558,TMB-XTD,2021-10-05T18:00:00,2021-10-12T00:00:00,acoustic_transect,30.9,19,20,8,20.1,7,TEAM-13-2,acceptable,42.1
BAT-0004559,TMB-XTD,2021-11-05T18:00:00,2021-11-12T00:00:00,acoustic_and_visual,31.2,9,21,12,13.0,11,TEAM-13-2,high,39.9
BAT-0004560,TMB-XTD,2021-12-05T18:00:00,2021-12-12T00:00:00,fixed_acoustic_station,25.5,9,22,4,8.2,9,TEAM-13-2,acceptable,53.1
BAT-0004561,TMB-XTD,2022-01-05T18:00:00,2022-01-12T00:00:00,acoustic_and_visual,27.9,9,18,7,12.3,12,TEAM-13-2,high,54.4
BAT-0004562,TMB-XTD,2022-02-05T18:00:00,2022-02-12T00:00:00,acoustic_and_visual,21.0,9,16,7,10.9,11,TEAM-13-2,acceptable,53.7
BAT-0004563,TMB-XTD,2022-03-05T18:00:00,2022-03-12T00:00:00,acoustic_and_visual,34.2,20,19,13,22.9,12,TEAM-13-2,high,50.6
BAT-0004564,TMB-XTD,2022-04-05T18:00:00,2022-04-12T00:00:00,acoustic_transect,29.3,12,27,10,14.6,14,TEAM-13-2,high,23.8
BAT-0004565,TMB-XTD,2022-05-05T18:00:00,2022-05-12T00:00:00,acoustic_and_visual,29.2,7,15,9,6.9,14,TEAM-13-2,high,32.0
BAT-0004566,TMB-XTD,2022-06-05T18:00:00,2022-06-12T00:00:00,fixed_acoustic_station,20.8,9,31,7,10.2,11,TEAM-13-2,high,27.2
BAT-0004567,TMB-XTD,2022-07-05T18:00:00,2022-07-12T00:00:00,acoustic_and_visual,37.0,9,26,9,11.0,9,TEAM-13-2,high,27.8
BAT-0004568,TMB-XTD,2022-08-05T18:00:00,2022-08-12T00:00:00,acoustic_transect,30.5,20,14,4,25.5,11,TEAM-13-2,high,37.2
BAT-0004569,TMB-XTD,2022-09-05T18:00:00,2022-09-12T00:00:00,acoustic_transect,29.4,12,23,9,11.5,12,TEAM-13-2,high,25.5
BAT-0004570,TMB-XTD,2022-10-05T18:00:00,2022-10-12T00:00:00,fixed_acoustic_station,30.3,18,19,16,19.9,9,TEAM-13-2,acceptable,52.7
BAT-0004571,TMB-XTD,2022-11-05T18:00:00,2022-11-12T00:00:00,fixed_acoustic_station,31.3,7,24,7,7.9,14,TEAM-13-2,acceptable,31.6
BAT-0004572,TMB-XTD,2022-12-05T18:00:00,2022-12-12T00:00:00,fixed_acoustic_station,24.7,12,10,9,8.9,3,TEAM-13-2,high,65.4
BAT-0004573,TMB-XTD,2023-01-05T18:00:00,2023-01-12T00:00:00,acoustic_and_visual,26.9,18,23,8,22.1,6,TEAM-13-2,acceptable,50.5
BAT-0004574,TMB-XTD,2023-02-05T18:00:00,2023-02-12T00:00:00,fixed_acoustic_station,22.6,20,17,5,20.6,11,TEAM-13-2,high,59.7
BAT-0004575,TMB-XTD,2023-03-05T18:00:00,2023-03-12T00:00:00,acoustic_and_visual,24.3,9,21,11,9.8,11,TEAM-13-2,high,59.3
BAT-0004576,TMB-XTD,2023-04-05T18:00:00,2023-04-12T00:00:00,acoustic_and_visual,16.5,12,16,10,12.0,10,TEAM-13-2,limited,33.4
BAT-0004577,TMB-XTD,2023-05-05T18:00:00,2023-05-12T00:00:00,acoustic_and_visual,39.8,13,16,10,14.5,8,TEAM-13-2,high,16.2
BAT-0004578,TMB-XTD,2023-06-05T18:00:00,2023-06-12T00:00:00,acoustic_transect,34.1,13,15,9,14.4,11,TEAM-13-2,acceptable,36.2
BAT-0004579,TMB-XTD,2023-07-05T18:00:00,2023-07-12T00:00:00,acoustic_transect,37.6,14,16,12,18.7,10,TEAM-13-2,high,23.2
BAT-0004580,TMB-XTD,2023-08-05T18:00:00,2023-08-12T00:00:00,fixed_acoustic_station,29.7,20,17,9,23.1,8,TEAM-13-2,acceptable,30.6
BAT-0004581,TMB-XTD,2023-09-05T18:00:00,2023-09-12T00:00:00,fixed_acoustic_station,32.7,13,15,14,13.6,17,TEAM-13-2,acceptable,35.2
BAT-0004582,TMB-XTD,2023-10-05T18:00:00,2023-10-12T00:00:00,acoustic_and_visual,35.6,11,18,5,16.2,15,TEAM-13-2,acceptable,49.1
BAT-0004583,TMB-XTD,2023-11-05T18:00:00,2023-11-12T00:00:00,acoustic_transect,24.4,14,11,4,15.3,7,TEAM-13-2,acceptable,60.7
BAT-0004584,TMB-XTD,2023-12-05T18:00:00,2023-12-12T00:00:00,acoustic_and_visual,26.3,8,9,10,7.5,14,TEAM-13-2,high,63.0
BAT-0004585,TMB-XTD,2024-01-05T18:00:00,2024-01-12T00:00:00,acoustic_transect,37.1,24,17,11,26.6,16,TEAM-13-2,acceptable,48.6
BAT-0004586,TMB-XTD,2024-02-05T18:00:00,2024-02-12T00:00:00,fixed_acoustic_station,26.3,12,14,9,13.9,12,TEAM-13-2,acceptable,45.9
BAT-0004587,TMB-XTD,2024-03-05T18:00:00,2024-03-12T00:00:00,fixed_acoustic_station,29.5,10,17,11,10.9,19,TEAM-13-2,high,32.6
BAT-0004588,TMB-XTD,2024-04-05T18:00:00,2024-04-12T00:00:00,acoustic_and_visual,29.6,8,16,8,9.4,12,TEAM-13-2,high,45.8
BAT-0004589,TMB-XTD,2024-05-05T18:00:00,2024-05-12T00:00:00,acoustic_and_visual,36.3,17,18,11,18.6,17,TEAM-13-2,high,17.2
BAT-0004590,TMB-XTD,2024-06-05T18:00:00,2024-06-12T00:00:00,acoustic_transect,31.6,10,9,10,9.1,14,TEAM-13-2,high,32.5
BAT-0004591,TMB-XTD,2024-07-05T18:00:00,2024-07-12T00:00:00,acoustic_and_visual,33.0,22,19,8,20.4,13,TEAM-13-2,high,23.8
BAT-0004592,TMB-XTD,2024-08-05T18:00:00,2024-08-12T00:00:00,acoustic_and_visual,39.9,16,17,14,17.1,16,TEAM-13-2,acceptable,20.4
BAT-0004593,TMB-XTD,2024-09-05T18:00:00,2024-09-12T00:00:00,acoustic_and_visual,32.6,13,14,10,12.8,8,TEAM-13-2,high,27.9
BAT-0004594,TMB-XTD,2024-10-05T18:00:00,2024-10-12T00:00:00,fixed_acoustic_station,35.4,13,13,15,12.5,9,TEAM-13-2,acceptable,35.2
BAT-0004595,TMB-XTD,2024-11-05T18:00:00,2024-11-12T00:00:00,acoustic_and_visual,27.9,17,18,12,14.0,11,TEAM-13-2,high,54.4
BAT-0004596,TMB-XTD,2024-12-05T18:00:00,2024-12-12T00:00:00,fixed_acoustic_station,29.3,11,19,6,10.9,12,TEAM-13-2,acceptable,54.6
BAT-0004597,TMB-XTD,2025-01-05T18:00:00,2025-01-12T00:00:00,acoustic_and_visual,30.6,15,29,6,16.4,8,TEAM-13-2,high,53.8
BAT-0004598,TMB-XTD,2025-02-05T18:00:00,2025-02-12T00:00:00,fixed_acoustic_station,27.9,16,17,13,17.5,11,TEAM-13-2,high,59.2
BAT-0004599,TMB-XTD,2025-03-05T18:00:00,2025-03-12T00:00:00,acoustic_transect,24.0,9,7,5,10.0,11,TEAM-13-2,acceptable,52.9
BAT-0004600,TMB-XTD,2025-04-05T18:00:00,2025-04-12T00:00:00,acoustic_and_visual,33.0,14,20,13,12.7,13,TEAM-13-2,high,43.2
BAT-0004601,TMB-XTD,2025-05-05T18:00:00,2025-05-12T00:00:00,acoustic_and_visual,35.5,13,17,11,15.5,6,TEAM-13-2,acceptable,34.6
BAT-0004602,TMB-XTD,2025-06-05T18:00:00,2025-06-12T00:00:00,acoustic_and_visual,35.8,14,18,11,16.7,6,TEAM-13-2,acceptable,27.2
BAT-0004603,TMB-WST,2019-01-05T18:00:00,2019-01-12T00:00:00,acoustic_and_visual,28.5,10,11,8,7.3,7,TEAM-13-3,acceptable,63.3
BAT-0004604,TMB-WST,2019-02-05T18:00:00,2019-02-12T00:00:00,acoustic_and_visual,18.1,5,17,10,1.4,12,TEAM-13-3,acceptable,63.9
BAT-0004605,TMB-WST,2019-03-05T18:00:00,2019-03-12T00:00:00,acoustic_transect,16.1,5,10,9,2.4,11,TEAM-13-3,limited,22.4
BAT-0004606,TMB-WST,2019-04-05T18:00:00,2019-04-12T00:00:00,acoustic_transect,35.5,13,20,12,14.1,8,TEAM-13-3,acceptable,35.1
BAT-0004607,TMB-WST,2019-05-05T18:00:00,2019-05-12T00:00:00,acoustic_transect,35.6,23,42,16,24.1,10,TEAM-13-3,high,10.8
BAT-0004608,TMB-WST,2019-06-05T18:00:00,2019-06-12T00:00:00,fixed_acoustic_station,30.7,14,28,9,13.5,7,TEAM-13-3,high,19.5
BAT-0004609,TMB-WST,2019-07-05T18:00:00,2019-07-12T00:00:00,acoustic_transect,38.1,12,19,14,9.8,10,TEAM-13-3,high,22.6
BAT-0004610,TMB-WST,2019-08-05T18:00:00,2019-08-12T00:00:00,acoustic_and_visual,35.3,16,27,13,13.9,13,TEAM-13-3,high,40.2
BAT-0004611,TMB-WST,2019-09-05T18:00:00,2019-09-12T00:00:00,acoustic_and_visual,39.0,7,26,8,6.7,10,TEAM-13-3,high,6.3
BAT-0004612,TMB-WST,2019-10-05T18:00:00,2019-10-12T00:00:00,acoustic_and_visual,29.7,12,23,9,14.1,10,TEAM-13-3,high,31.8
BAT-0004613,TMB-WST,2019-11-05T18:00:00,2019-11-12T00:00:00,fixed_acoustic_station,33.4,18,27,10,20.3,18,TEAM-13-3,high,32.2
BAT-0004614,TMB-WST,2019-12-05T18:00:00,2019-12-12T00:00:00,acoustic_transect,25.5,9,10,4,5.9,5,TEAM-13-3,acceptable,62.3
BAT-0004615,TMB-WST,2020-01-05T18:00:00,2020-01-12T00:00:00,acoustic_and_visual,24.3,13,17,7,15.2,14,TEAM-13-3,high,45.5
BAT-0004616,TMB-WST,2020-02-05T18:00:00,2020-02-12T00:00:00,acoustic_and_visual,29.5,16,5,10,15.8,10,TEAM-13-3,acceptable,56.3
BAT-0004617,TMB-WST,2020-03-05T18:00:00,2020-03-12T00:00:00,fixed_acoustic_station,24.9,10,15,9,10.1,9,TEAM-13-3,high,55.3
BAT-0004618,TMB-WST,2020-04-05T18:00:00,2020-04-12T00:00:00,acoustic_and_visual,32.6,10,14,3,11.7,11,TEAM-13-3,high,35.3
BAT-0004619,TMB-WST,2020-05-05T18:00:00,2020-05-12T00:00:00,acoustic_and_visual,32.2,11,18,11,13.6,14,TEAM-13-3,high,26.1
BAT-0004620,TMB-WST,2020-06-05T18:00:00,2020-06-12T00:00:00,acoustic_and_visual,39.1,22,25,7,24.3,14,TEAM-13-3,high,31.3
BAT-0004621,TMB-WST,2020-07-05T18:00:00,2020-07-12T00:00:00,acoustic_and_visual,28.6,14,16,10,16.2,11,TEAM-13-3,acceptable,33.9
BAT-0004622,TMB-WST,2020-08-05T18:00:00,2020-08-12T00:00:00,acoustic_transect,37.8,20,22,13,21.4,10,TEAM-13-3,high,10.2
BAT-0004623,TMB-WST,2020-09-05T18:00:00,2020-09-12T00:00:00,acoustic_transect,38.9,19,22,14,20.3,6,TEAM-13-3,acceptable,22.9
BAT-0004624,TMB-WST,2020-10-05T18:00:00,2020-10-12T00:00:00,fixed_acoustic_station,43.4,17,22,14,20.2,4,TEAM-13-3,high,25.1
BAT-0004625,TMB-WST,2020-11-05T18:00:00,2020-11-12T00:00:00,acoustic_transect,24.0,11,9,8,13.6,11,TEAM-13-3,acceptable,60.0
BAT-0004626,TMB-WST,2020-12-05T18:00:00,2020-12-12T00:00:00,acoustic_and_visual,25.0,12,13,8,9.5,12,TEAM-13-3,acceptable,70.1
BAT-0004627,TMB-WST,2021-01-05T18:00:00,2021-01-12T00:00:00,acoustic_and_visual,21.1,16,15,6,18.4,18,TEAM-13-3,acceptable,66.5
BAT-0004628,TMB-WST,2021-02-05T18:00:00,2021-02-12T00:00:00,acoustic_transect,27.7,13,18,8,18.4,11,TEAM-13-3,acceptable,52.9
BAT-0004629,TMB-WST,2021-03-05T18:00:00,2021-03-12T00:00:00,acoustic_and_visual,29.0,19,22,9,23.7,11,TEAM-13-3,high,45.2
BAT-0004630,TMB-WST,2021-04-05T18:00:00,2021-04-12T00:00:00,acoustic_and_visual,26.2,19,12,12,27.1,11,TEAM-13-3,acceptable,40.8
BAT-0004631,TMB-WST,2021-05-05T18:00:00,2021-05-12T00:00:00,acoustic_transect,29.6,9,28,14,6.9,13,TEAM-13-3,high,36.1
BAT-0004632,TMB-WST,2021-06-05T18:00:00,2021-06-12T00:00:00,acoustic_transect,28.8,6,21,8,9.7,9,TEAM-13-3,high,19.4
BAT-0004633,TMB-WST,2021-07-05T18:00:00,2021-07-12T00:00:00,acoustic_and_visual,34.2,16,29,14,19.0,14,TEAM-13-3,high,17.4
BAT-0004634,TMB-WST,2021-08-05T18:00:00,2021-08-12T00:00:00,acoustic_and_visual,28.7,9,19,7,10.5,4,TEAM-13-3,high,32.6
BAT-0004635,TMB-WST,2021-09-05T18:00:00,2021-09-12T00:00:00,fixed_acoustic_station,33.0,20,20,10,19.5,8,TEAM-13-3,acceptable,31.0
BAT-0004636,TMB-WST,2021-10-05T18:00:00,2021-10-12T00:00:00,fixed_acoustic_station,25.0,7,18,9,9.0,21,TEAM-13-3,acceptable,28.4
BAT-0004637,TMB-WST,2021-11-05T18:00:00,2021-11-12T00:00:00,acoustic_and_visual,22.1,13,16,5,12.9,15,TEAM-13-3,high,55.1
BAT-0004638,TMB-WST,2021-12-05T18:00:00,2021-12-12T00:00:00,acoustic_and_visual,26.3,12,16,2,14.7,13,TEAM-13-3,acceptable,50.8
BAT-0004639,TMB-WST,2022-01-05T18:00:00,2022-01-12T00:00:00,acoustic_and_visual,21.8,7,13,7,7.8,9,TEAM-13-3,acceptable,61.8
BAT-0004640,TMB-WST,2022-02-05T18:00:00,2022-02-12T00:00:00,acoustic_and_visual,29.5,17,22,12,16.5,10,TEAM-13-3,high,59.5
BAT-0004641,TMB-WST,2022-03-05T18:00:00,2022-03-12T00:00:00,acoustic_and_visual,27.1,7,13,13,7.8,10,TEAM-13-3,acceptable,56.2
BAT-0004642,TMB-WST,2022-04-05T18:00:00,2022-04-12T00:00:00,acoustic_and_visual,36.3,25,22,10,25.1,10,TEAM-13-3,acceptable,33.7
BAT-0004643,TMB-WST,2022-05-05T18:00:00,2022-05-12T00:00:00,acoustic_transect,30.4,9,26,6,11.3,10,TEAM-13-3,high,24.5
BAT-0004644,TMB-WST,2022-06-05T18:00:00,2022-06-12T00:00:00,fixed_acoustic_station,36.1,17,26,4,16.9,10,TEAM-13-3,high,26.5
BAT-0004645,TMB-WST,2022-07-05T18:00:00,2022-07-12T00:00:00,fixed_acoustic_station,39.0,24,18,21,27.4,10,TEAM-13-3,high,29.0
BAT-0004646,TMB-WST,2022-08-05T18:00:00,2022-08-12T00:00:00,fixed_acoustic_station,29.1,21,24,8,23.9,14,TEAM-13-3,high,34.8
BAT-0004647,TMB-WST,2022-09-05T18:00:00,2022-09-12T00:00:00,acoustic_transect,30.8,13,19,6,15.4,9,TEAM-13-3,high,33.1
BAT-0004648,TMB-WST,2022-10-05T18:00:00,2022-10-12T00:00:00,acoustic_transect,31.8,22,26,14,31.3,8,TEAM-13-3,high,48.3
BAT-0004649,TMB-WST,2022-11-05T18:00:00,2022-11-12T00:00:00,acoustic_and_visual,21.6,20,16,12,23.8,13,TEAM-13-3,acceptable,32.7
BAT-0004650,TMB-WST,2022-12-05T18:00:00,2022-12-12T00:00:00,fixed_acoustic_station,29.9,18,12,11,14.5,6,TEAM-13-3,high,41.1
BAT-0004651,TMB-WST,2023-01-05T18:00:00,2023-01-12T00:00:00,fixed_acoustic_station,23.7,12,19,5,15.9,12,TEAM-13-3,acceptable,64.9
BAT-0004652,TMB-WST,2023-02-05T18:00:00,2023-02-12T00:00:00,acoustic_and_visual,33.1,13,19,11,15.3,5,TEAM-13-3,high,46.1
BAT-0004653,TMB-WST,2023-03-05T18:00:00,2023-03-12T00:00:00,acoustic_transect,31.7,10,26,10,10.3,11,TEAM-13-3,acceptable,49.0
BAT-0004654,TMB-WST,2023-04-05T18:00:00,2023-04-12T00:00:00,acoustic_transect,29.3,13,27,19,17.1,11,TEAM-13-3,high,45.0
BAT-0004655,TMB-WST,2023-05-05T18:00:00,2023-05-12T00:00:00,acoustic_and_visual,31.4,16,24,7,16.5,10,TEAM-13-3,high,26.7
BAT-0004656,TMB-WST,2023-06-05T18:00:00,2023-06-12T00:00:00,fixed_acoustic_station,34.2,18,20,11,16.9,4,TEAM-13-3,acceptable,9.6
BAT-0004657,TMB-WST,2023-07-05T18:00:00,2023-07-12T00:00:00,acoustic_transect,37.7,8,23,11,7.7,14,TEAM-13-3,high,25.5
BAT-0004658,TMB-WST,2023-08-05T18:00:00,2023-08-12T00:00:00,acoustic_and_visual,45.0,31,34,10,36.0,7,TEAM-13-3,high,10.3
BAT-0004659,TMB-WST,2023-09-05T18:00:00,2023-09-12T00:00:00,acoustic_transect,24.8,7,14,2,7.2,9,TEAM-13-3,acceptable,45.4
BAT-0004660,TMB-WST,2023-10-05T18:00:00,2023-10-12T00:00:00,acoustic_transect,35.8,12,13,15,12.3,13,TEAM-13-3,acceptable,42.4
BAT-0004661,TMB-WST,2023-11-05T18:00:00,2023-11-12T00:00:00,fixed_acoustic_station,29.8,15,12,11,15.5,8,TEAM-13-3,acceptable,41.3
BAT-0004662,TMB-WST,2023-12-05T18:00:00,2023-12-12T00:00:00,acoustic_and_visual,23.9,12,15,6,13.1,6,TEAM-13-3,acceptable,57.7
BAT-0004663,TMB-WST,2024-01-05T18:00:00,2024-01-12T00:00:00,fixed_acoustic_station,26.1,10,19,14,10.0,10,TEAM-13-3,acceptable,51.6
BAT-0004664,TMB-WST,2024-02-05T18:00:00,2024-02-12T00:00:00,acoustic_and_visual,32.4,3,18,5,2.4,9,TEAM-13-3,acceptable,28.9
BAT-0004665,TMB-WST,2024-03-05T18:00:00,2024-03-12T00:00:00,acoustic_transect,28.3,13,22,10,15.7,6,TEAM-13-3,high,45.6
BAT-0004666,TMB-WST,2024-04-05T18:00:00,2024-04-12T00:00:00,acoustic_transect,24.7,10,11,5,9.3,9,TEAM-13-3,acceptable,54.7
BAT-0004667,TMB-WST,2024-05-05T18:00:00,2024-05-12T00:00:00,fixed_acoustic_station,30.2,23,26,16,25.0,12,TEAM-13-3,acceptable,33.8
BAT-0004668,TMB-WST,2024-06-05T18:00:00,2024-06-12T00:00:00,acoustic_transect,33.9,9,17,12,10.9,13,TEAM-13-3,acceptable,21.6
BAT-0004669,TMB-WST,2024-07-05T18:00:00,2024-07-12T00:00:00,acoustic_transect,36.1,11,26,13,12.0,8,TEAM-13-3,high,18.5
BAT-0004670,TMB-WST,2024-08-05T18:00:00,2024-08-12T00:00:00,fixed_acoustic_station,35.2,17,21,15,24.9,8,TEAM-13-3,high,16.9
BAT-0004671,TMB-WST,2024-09-05T18:00:00,2024-09-12T00:00:00,acoustic_transect,32.6,9,25,13,9.1,8,TEAM-13-3,high,37.1
BAT-0004672,TMB-WST,2024-10-05T18:00:00,2024-10-12T00:00:00,acoustic_and_visual,36.6,8,22,15,10.0,11,TEAM-13-3,high,19.1
BAT-0004673,TMB-WST,2024-11-05T18:00:00,2024-11-12T00:00:00,acoustic_transect,31.3,19,12,9,17.1,9,TEAM-13-3,acceptable,41.1
BAT-0004674,TMB-WST,2024-12-05T18:00:00,2024-12-12T00:00:00,acoustic_and_visual,30.2,18,14,6,19.8,9,TEAM-13-3,high,57.2
BAT-0004675,TMB-WST,2025-01-05T18:00:00,2025-01-12T00:00:00,fixed_acoustic_station,30.9,11,28,13,12.0,8,TEAM-13-3,high,41.5
BAT-0004676,TMB-WST,2025-02-05T18:00:00,2025-02-12T00:00:00,fixed_acoustic_station,27.4,10,23,11,11.8,8,TEAM-13-3,acceptable,54.2
BAT-0004677,TMB-WST,2025-03-05T18:00:00,2025-03-12T00:00:00,acoustic_transect,27.3,12,18,8,11.3,9,TEAM-13-3,high,43.7
BAT-0004678,TMB-WST,2025-04-05T18:00:00,2025-04-12T00:00:00,fixed_acoustic_station,30.3,14,24,13,15.0,12,TEAM-13-3,acceptable,43.8
BAT-0004679,TMB-WST,2025-05-05T18:00:00,2025-05-12T00:00:00,acoustic_transect,38.2,14,14,9,17.0,14,TEAM-13-3,high,15.4
BAT-0004680,TMB-WST,2025-06-05T18:00:00,2025-06-12T00:00:00,acoustic_and_visual,34.7,14,25,22,15.0,8,TEAM-13-3,high,21.7
BAT-0004681,TMB-SXP,2019-01-05T18:00:00,2019-01-12T00:00:00,acoustic_and_visual,20.6,10,16,8,12.7,16,TEAM-13-4,acceptable,63.4
BAT-0004682,TMB-SXP,2019-02-05T18:00:00,2019-02-12T00:00:00,acoustic_transect,24.9,10,10,11,8.9,9,TEAM-13-4,acceptable,56.3
BAT-0004683,TMB-SXP,2019-03-05T18:00:00,2019-03-12T00:00:00,acoustic_transect,33.4,19,17,17,22.3,6,TEAM-13-4,high,26.9
BAT-0004684,TMB-SXP,2019-04-05T18:00:00,2019-04-12T00:00:00,acoustic_and_visual,31.2,13,22,5,14.6,12,TEAM-13-4,acceptable,40.3
BAT-0004685,TMB-SXP,2019-05-05T18:00:00,2019-05-12T00:00:00,acoustic_and_visual,31.8,22,23,7,24.8,13,TEAM-13-4,high,27.3
BAT-0004686,TMB-SXP,2019-06-05T18:00:00,2019-06-12T00:00:00,fixed_acoustic_station,36.2,19,38,13,25.7,11,TEAM-13-4,high,19.3
BAT-0004687,TMB-SXP,2019-07-05T18:00:00,2019-07-12T00:00:00,acoustic_transect,37.0,16,25,16,16.1,7,TEAM-13-4,high,22.4
BAT-0004688,TMB-SXP,2019-08-05T18:00:00,2019-08-12T00:00:00,acoustic_transect,34.9,15,21,11,16.4,5,TEAM-13-4,high,28.3
BAT-0004689,TMB-SXP,2019-09-05T18:00:00,2019-09-12T00:00:00,acoustic_and_visual,34.4,14,21,6,13.8,10,TEAM-13-4,high,26.7
BAT-0004690,TMB-SXP,2019-10-05T18:00:00,2019-10-12T00:00:00,acoustic_and_visual,29.7,11,16,19,12.2,10,TEAM-13-4,acceptable,33.8
BAT-0004691,TMB-SXP,2019-11-05T18:00:00,2019-11-12T00:00:00,acoustic_transect,28.9,12,15,4,15.6,19,TEAM-13-4,acceptable,40.4
BAT-0004692,TMB-SXP,2019-12-05T18:00:00,2019-12-12T00:00:00,acoustic_and_visual,25.7,8,29,7,6.3,10,TEAM-13-4,high,39.4
BAT-0004693,TMB-SXP,2020-01-05T18:00:00,2020-01-12T00:00:00,acoustic_transect,28.6,10,26,13,11.2,11,TEAM-13-4,high,49.3
BAT-0004694,TMB-SXP,2020-02-05T18:00:00,2020-02-12T00:00:00,acoustic_transect,23.4,20,15,7,23.1,14,TEAM-13-4,acceptable,63.2
BAT-0004695,TMB-SXP,2020-03-05T18:00:00,2020-03-12T00:00:00,fixed_acoustic_station,28.4,9,19,9,9.3,16,TEAM-13-4,high,36.5
BAT-0004696,TMB-SXP,2020-04-05T18:00:00,2020-04-12T00:00:00,fixed_acoustic_station,28.3,15,19,6,15.6,9,TEAM-13-4,high,31.6
BAT-0004697,TMB-SXP,2020-05-05T18:00:00,2020-05-12T00:00:00,fixed_acoustic_station,33.6,14,24,18,14.4,12,TEAM-13-4,high,36.8
BAT-0004698,TMB-SXP,2020-06-05T18:00:00,2020-06-12T00:00:00,fixed_acoustic_station,32.2,12,22,17,15.8,7,TEAM-13-4,high,23.2
BAT-0004699,TMB-SXP,2020-07-05T18:00:00,2020-07-12T00:00:00,acoustic_and_visual,40.3,17,19,14,18.6,6,TEAM-13-4,acceptable,26.9
BAT-0004700,TMB-SXP,2020-08-05T18:00:00,2020-08-12T00:00:00,acoustic_transect,38.5,13,22,3,14.8,10,TEAM-13-4,high,26.7
BAT-0004701,TMB-SXP,2020-09-05T18:00:00,2020-09-12T00:00:00,acoustic_and_visual,32.2,14,31,12,19.0,6,TEAM-13-4,high,20.1
BAT-0004702,TMB-SXP,2020-10-05T18:00:00,2020-10-12T00:00:00,acoustic_and_visual,37.6,9,15,9,11.1,13,TEAM-13-4,acceptable,25.1
BAT-0004703,TMB-SXP,2020-11-05T18:00:00,2020-11-12T00:00:00,acoustic_transect,35.2,18,17,13,17.6,7,TEAM-13-4,acceptable,35.4
BAT-0004704,TMB-SXP,2020-12-05T18:00:00,2020-12-12T00:00:00,acoustic_transect,26.9,12,23,6,14.4,8,TEAM-13-4,high,51.6
BAT-0004705,TMB-SXP,2021-01-05T18:00:00,2021-01-12T00:00:00,fixed_acoustic_station,31.4,13,17,12,9.2,7,TEAM-13-4,high,48.7
BAT-0004706,TMB-SXP,2021-02-05T18:00:00,2021-02-12T00:00:00,fixed_acoustic_station,31.1,15,18,5,13.5,13,TEAM-13-4,high,54.0
BAT-0004707,TMB-SXP,2021-03-05T18:00:00,2021-03-12T00:00:00,acoustic_transect,29.3,9,23,19,9.4,10,TEAM-13-4,high,43.3
BAT-0004708,TMB-SXP,2021-04-05T18:00:00,2021-04-12T00:00:00,acoustic_transect,39.0,21,41,16,27.5,12,TEAM-13-4,high,18.4
BAT-0004709,TMB-SXP,2021-05-05T18:00:00,2021-05-12T00:00:00,acoustic_and_visual,39.0,25,42,21,22.2,17,TEAM-13-4,high,12.6
BAT-0004710,TMB-SXP,2021-06-05T18:00:00,2021-06-12T00:00:00,acoustic_and_visual,36.6,17,32,7,21.1,8,TEAM-13-4,high,9.3
BAT-0004711,TMB-SXP,2021-07-05T18:00:00,2021-07-12T00:00:00,acoustic_and_visual,37.3,14,23,8,18.2,10,TEAM-13-4,high,23.2
BAT-0004712,TMB-SXP,2021-08-05T18:00:00,2021-08-12T00:00:00,fixed_acoustic_station,38.0,20,19,17,22.8,9,TEAM-13-4,high,13.2
BAT-0004713,TMB-SXP,2021-09-05T18:00:00,2021-09-12T00:00:00,acoustic_and_visual,33.2,15,26,13,17.9,7,TEAM-13-4,high,20.4
BAT-0004714,TMB-SXP,2021-10-05T18:00:00,2021-10-12T00:00:00,acoustic_and_visual,29.1,12,23,5,14.2,13,TEAM-13-4,high,36.7
BAT-0004715,TMB-SXP,2021-11-05T18:00:00,2021-11-12T00:00:00,acoustic_transect,23.3,8,13,9,11.3,12,TEAM-13-4,acceptable,39.8
BAT-0004716,TMB-SXP,2021-12-05T18:00:00,2021-12-12T00:00:00,fixed_acoustic_station,30.7,21,18,9,24.7,8,TEAM-13-4,acceptable,41.9
BAT-0004717,TMB-SXP,2022-01-05T18:00:00,2022-01-12T00:00:00,fixed_acoustic_station,27.3,24,13,8,30.3,13,TEAM-13-4,acceptable,47.2
BAT-0004718,TMB-SXP,2022-02-05T18:00:00,2022-02-12T00:00:00,fixed_acoustic_station,18.4,5,11,7,9.0,9,TEAM-13-4,acceptable,68.0
BAT-0004719,TMB-SXP,2022-03-05T18:00:00,2022-03-12T00:00:00,fixed_acoustic_station,34.1,17,25,12,21.0,14,TEAM-13-4,high,40.6
BAT-0004720,TMB-SXP,2022-04-05T18:00:00,2022-04-12T00:00:00,acoustic_and_visual,36.9,23,29,13,29.5,12,TEAM-13-4,high,12.6
BAT-0004721,TMB-SXP,2022-05-05T18:00:00,2022-05-12T00:00:00,acoustic_transect,38.0,13,22,13,13.1,11,TEAM-13-4,acceptable,26.7
BAT-0004722,TMB-SXP,2022-06-05T18:00:00,2022-06-12T00:00:00,acoustic_and_visual,31.9,12,31,16,10.6,11,TEAM-13-4,high,10.9
BAT-0004723,TMB-SXP,2022-07-05T18:00:00,2022-07-12T00:00:00,fixed_acoustic_station,36.7,18,21,15,13.6,8,TEAM-13-4,acceptable,25.5
BAT-0004724,TMB-SXP,2022-08-05T18:00:00,2022-08-12T00:00:00,acoustic_transect,31.0,9,23,10,11.2,3,TEAM-13-4,high,22.2
BAT-0004725,TMB-SXP,2022-09-05T18:00:00,2022-09-12T00:00:00,acoustic_and_visual,29.3,11,19,9,12.5,10,TEAM-13-4,high,32.6
BAT-0004726,TMB-SXP,2022-10-05T18:00:00,2022-10-12T00:00:00,fixed_acoustic_station,28.0,8,24,13,10.5,14,TEAM-13-4,acceptable,29.7
BAT-0004727,TMB-SXP,2022-11-05T18:00:00,2022-11-12T00:00:00,acoustic_and_visual,33.9,14,34,7,14.0,7,TEAM-13-4,high,29.3
BAT-0004728,TMB-SXP,2022-12-05T18:00:00,2022-12-12T00:00:00,acoustic_and_visual,34.0,8,17,7,8.0,2,TEAM-13-4,high,31.9
BAT-0004729,TMB-SXP,2023-01-05T18:00:00,2023-01-12T00:00:00,acoustic_and_visual,27.5,16,18,14,19.1,9,TEAM-13-4,acceptable,35.5
BAT-0004730,TMB-SXP,2023-02-05T18:00:00,2023-02-12T00:00:00,acoustic_and_visual,32.9,16,13,12,20.8,8,TEAM-13-4,acceptable,34.5
BAT-0004731,TMB-SXP,2023-03-05T18:00:00,2023-03-12T00:00:00,acoustic_transect,33.0,12,24,11,18.0,5,TEAM-13-4,high,38.4
BAT-0004732,TMB-SXP,2023-04-05T18:00:00,2023-04-12T00:00:00,fixed_acoustic_station,30.7,14,28,9,12.9,6,TEAM-13-4,acceptable,29.3
BAT-0004733,TMB-SXP,2023-05-05T18:00:00,2023-05-12T00:00:00,acoustic_transect,42.3,24,33,18,26.9,7,TEAM-13-4,high,22.9
BAT-0004734,TMB-SXP,2023-06-05T18:00:00,2023-06-12T00:00:00,acoustic_and_visual,31.2,14,25,5,14.7,12,TEAM-13-4,high,25.6
BAT-0004735,TMB-SXP,2023-07-05T18:00:00,2023-07-12T00:00:00,acoustic_and_visual,27.4,11,20,6,11.7,9,TEAM-13-4,acceptable,19.1
BAT-0004736,TMB-SXP,2023-08-05T18:00:00,2023-08-12T00:00:00,acoustic_and_visual,31.0,15,26,9,17.0,7,TEAM-13-4,high,47.1
BAT-0004737,TMB-SXP,2023-09-05T18:00:00,2023-09-12T00:00:00,fixed_acoustic_station,25.7,12,23,8,12.3,12,TEAM-13-4,acceptable,34.8
BAT-0004738,TMB-SXP,2023-10-05T18:00:00,2023-10-12T00:00:00,fixed_acoustic_station,34.3,14,19,9,14.8,9,TEAM-13-4,high,24.4
BAT-0004739,TMB-SXP,2023-11-05T18:00:00,2023-11-12T00:00:00,fixed_acoustic_station,30.5,21,15,10,22.8,14,TEAM-13-4,acceptable,36.6
BAT-0004740,TMB-SXP,2023-12-05T18:00:00,2023-12-12T00:00:00,acoustic_transect,32.3,24,25,10,29.4,18,TEAM-13-4,high,38.3
BAT-0004741,TMB-SXP,2024-01-05T18:00:00,2024-01-12T00:00:00,acoustic_transect,31.0,11,18,10,11.0,10,TEAM-13-4,acceptable,37.2
BAT-0004742,TMB-SXP,2024-02-05T18:00:00,2024-02-12T00:00:00,acoustic_and_visual,28.1,13,23,10,13.2,14,TEAM-13-4,acceptable,63.5
BAT-0004743,TMB-SXP,2024-03-05T18:00:00,2024-03-12T00:00:00,acoustic_transect,32.6,17,32,14,19.1,12,TEAM-13-4,high,37.4
BAT-0004744,TMB-SXP,2024-04-05T18:00:00,2024-04-12T00:00:00,acoustic_transect,24.9,10,14,11,11.2,12,TEAM-13-4,acceptable,44.1
BAT-0004745,TMB-SXP,2024-05-05T18:00:00,2024-05-12T00:00:00,fixed_acoustic_station,26.9,32,24,15,25.8,8,TEAM-13-4,acceptable,31.5
BAT-0004746,TMB-SXP,2024-06-05T18:00:00,2024-06-12T00:00:00,fixed_acoustic_station,29.4,16,27,9,15.2,15,TEAM-13-4,acceptable,44.0
BAT-0004747,TMB-SXP,2024-07-05T18:00:00,2024-07-12T00:00:00,acoustic_and_visual,29.4,9,16,11,10.1,8,TEAM-13-4,high,30.1
BAT-0004748,TMB-SXP,2024-08-05T18:00:00,2024-08-12T00:00:00,acoustic_transect,30.6,21,27,14,23.1,12,TEAM-13-4,high,16.9
BAT-0004749,TMB-SXP,2024-09-05T18:00:00,2024-09-12T00:00:00,acoustic_and_visual,32.8,8,18,11,12.0,9,TEAM-13-4,acceptable,25.7
BAT-0004750,TMB-SXP,2024-10-05T18:00:00,2024-10-12T00:00:00,fixed_acoustic_station,33.1,16,15,11,20.3,9,TEAM-13-4,acceptable,40.2
BAT-0004751,TMB-SXP,2024-11-05T18:00:00,2024-11-12T00:00:00,acoustic_and_visual,31.1,7,20,10,7.3,8,TEAM-13-4,high,25.5
BAT-0004752,TMB-SXP,2024-12-05T18:00:00,2024-12-12T00:00:00,acoustic_transect,28.7,16,18,11,19.7,9,TEAM-13-4,high,41.2
BAT-0004753,TMB-SXP,2025-01-05T18:00:00,2025-01-12T00:00:00,acoustic_transect,24.7,14,17,10,11.0,4,TEAM-13-4,high,57.5
BAT-0004754,TMB-SXP,2025-02-05T18:00:00,2025-02-12T00:00:00,acoustic_and_visual,35.2,12,19,11,14.2,4,TEAM-13-4,acceptable,46.5
BAT-0004755,TMB-SXP,2025-03-05T18:00:00,2025-03-12T00:00:00,acoustic_and_visual,24.0,14,15,11,13.3,5,TEAM-13-4,acceptable,29.5
BAT-0004756,TMB-SXP,2025-04-05T18:00:00,2025-04-12T00:00:00,fixed_acoustic_station,35.6,15,16,9,16.2,12,TEAM-13-4,high,37.2
BAT-0004757,TMB-SXP,2025-05-05T18:00:00,2025-05-12T00:00:00,fixed_acoustic_station,28.5,13,36,15,14.9,14,TEAM-13-4,high,30.4
BAT-0004758,TMB-SXP,2025-06-05T18:00:00,2025-06-12T00:00:00,fixed_acoustic_station,29.0,18,17,8,20.4,7,TEAM-13-4,acceptable,47.3
BAT-0004759,TMB-WQL,2019-01-05T18:00:00,2019-01-12T00:00:00,acoustic_and_visual,24.8,12,9,4,16.5,11,TEAM-13-5,high,52.1
BAT-0004760,TMB-WQL,2019-02-05T18:00:00,2019-02-12T00:00:00,fixed_acoustic_station,31.5,18,13,5,14.7,11,TEAM-13-5,acceptable,36.4
BAT-0004761,TMB-WQL,2019-03-05T18:00:00,2019-03-12T00:00:00,acoustic_and_visual,27.2,10,23,11,9.8,2,TEAM-13-5,high,36.9
BAT-0004762,TMB-WQL,2019-04-05T18:00:00,2019-04-12T00:00:00,acoustic_and_visual,32.3,12,15,13,16.9,16,TEAM-13-5,high,36.6
BAT-0004763,TMB-WQL,2019-05-05T18:00:00,2019-05-12T00:00:00,acoustic_and_visual,29.3,15,15,6,8.9,12,TEAM-13-5,high,37.3
BAT-0004764,TMB-WQL,2019-06-05T18:00:00,2019-06-12T00:00:00,acoustic_transect,29.0,14,35,12,14.9,9,TEAM-13-5,high,10.6
BAT-0004765,TMB-WQL,2019-07-05T18:00:00,2019-07-12T00:00:00,acoustic_and_visual,38.9,15,20,10,13.6,9,TEAM-13-5,high,22.6
BAT-0004766,TMB-WQL,2019-08-05T18:00:00,2019-08-12T00:00:00,acoustic_and_visual,34.9,13,11,7,14.6,11,TEAM-13-5,acceptable,8.2
BAT-0004767,TMB-WQL,2019-09-05T18:00:00,2019-09-12T00:00:00,fixed_acoustic_station,24.2,8,11,14,11.6,10,TEAM-13-5,limited,32.0
BAT-0004768,TMB-WQL,2019-10-05T18:00:00,2019-10-12T00:00:00,acoustic_transect,23.2,4,16,6,5.5,10,TEAM-13-5,acceptable,25.8
BAT-0004769,TMB-WQL,2019-11-05T18:00:00,2019-11-12T00:00:00,acoustic_transect,30.2,8,10,4,8.2,15,TEAM-13-5,acceptable,35.3
BAT-0004770,TMB-WQL,2019-12-05T18:00:00,2019-12-12T00:00:00,fixed_acoustic_station,25.3,8,20,6,8.7,15,TEAM-13-5,high,58.9
BAT-0004771,TMB-WQL,2020-01-05T18:00:00,2020-01-12T00:00:00,acoustic_transect,27.7,14,26,6,18.5,10,TEAM-13-5,high,48.6
BAT-0004772,TMB-WQL,2020-02-05T18:00:00,2020-02-12T00:00:00,fixed_acoustic_station,28.9,9,9,8,8.7,9,TEAM-13-5,acceptable,46.4
BAT-0004773,TMB-WQL,2020-03-05T18:00:00,2020-03-12T00:00:00,acoustic_and_visual,26.9,9,12,6,8.3,18,TEAM-13-5,acceptable,45.5
BAT-0004774,TMB-WQL,2020-04-05T18:00:00,2020-04-12T00:00:00,acoustic_and_visual,32.5,9,14,9,9.7,11,TEAM-13-5,high,33.4
BAT-0004775,TMB-WQL,2020-05-05T18:00:00,2020-05-12T00:00:00,fixed_acoustic_station,30.6,13,14,9,16.3,11,TEAM-13-5,high,28.7
BAT-0004776,TMB-WQL,2020-06-05T18:00:00,2020-06-12T00:00:00,fixed_acoustic_station,33.2,14,16,10,12.6,12,TEAM-13-5,high,25.0
BAT-0004777,TMB-WQL,2020-07-05T18:00:00,2020-07-12T00:00:00,acoustic_transect,40.3,20,17,9,28.0,7,TEAM-13-5,high,0.0
BAT-0004778,TMB-WQL,2020-08-05T18:00:00,2020-08-12T00:00:00,fixed_acoustic_station,34.7,14,14,11,15.4,11,TEAM-13-5,high,20.7
BAT-0004779,TMB-WQL,2020-09-05T18:00:00,2020-09-12T00:00:00,fixed_acoustic_station,30.2,8,22,8,10.7,8,TEAM-13-5,high,26.0
BAT-0004780,TMB-WQL,2020-10-05T18:00:00,2020-10-12T00:00:00,acoustic_and_visual,26.6,13,18,10,16.2,18,TEAM-13-5,high,39.1
BAT-0004781,TMB-WQL,2020-11-05T18:00:00,2020-11-12T00:00:00,fixed_acoustic_station,24.1,9,14,11,10.4,8,TEAM-13-5,acceptable,54.5
BAT-0004782,TMB-WQL,2020-12-05T18:00:00,2020-12-12T00:00:00,acoustic_and_visual,39.0,20,15,6,24.2,10,TEAM-13-5,acceptable,49.6
BAT-0004783,TMB-WQL,2021-01-05T18:00:00,2021-01-12T00:00:00,acoustic_transect,29.3,9,7,7,10.0,8,TEAM-13-5,acceptable,47.0
BAT-0004784,TMB-WQL,2021-02-05T18:00:00,2021-02-12T00:00:00,acoustic_transect,25.5,11,16,8,11.7,13,TEAM-13-5,acceptable,41.9
BAT-0004785,TMB-WQL,2021-03-05T18:00:00,2021-03-12T00:00:00,acoustic_and_visual,28.1,9,6,5,7.8,8,TEAM-13-5,acceptable,55.9
BAT-0004786,TMB-WQL,2021-04-05T18:00:00,2021-04-12T00:00:00,acoustic_and_visual,33.0,11,16,2,10.0,8,TEAM-13-5,acceptable,36.7
BAT-0004787,TMB-WQL,2021-05-05T18:00:00,2021-05-12T00:00:00,acoustic_and_visual,31.8,10,16,15,11.2,10,TEAM-13-5,high,15.8
BAT-0004788,TMB-WQL,2021-06-05T18:00:00,2021-06-12T00:00:00,fixed_acoustic_station,36.9,8,18,3,7.1,10,TEAM-13-5,high,2.8
BAT-0004789,TMB-WQL,2021-07-05T18:00:00,2021-07-12T00:00:00,acoustic_and_visual,32.7,10,15,7,12.6,16,TEAM-13-5,high,29.9
BAT-0004790,TMB-WQL,2021-08-05T18:00:00,2021-08-12T00:00:00,fixed_acoustic_station,35.9,12,18,7,11.7,12,TEAM-13-5,high,17.2
BAT-0004791,TMB-WQL,2021-09-05T18:00:00,2021-09-12T00:00:00,fixed_acoustic_station,40.1,24,19,17,26.8,15,TEAM-13-5,high,24.3
BAT-0004792,TMB-WQL,2021-10-05T18:00:00,2021-10-12T00:00:00,acoustic_transect,29.5,16,21,11,15.3,8,TEAM-13-5,high,40.4
BAT-0004793,TMB-WQL,2021-11-05T18:00:00,2021-11-12T00:00:00,acoustic_and_visual,33.1,15,28,8,15.1,11,TEAM-13-5,acceptable,38.3
BAT-0004794,TMB-WQL,2021-12-05T18:00:00,2021-12-12T00:00:00,acoustic_and_visual,27.4,13,33,10,17.2,10,TEAM-13-5,high,31.1
BAT-0004795,TMB-WQL,2022-01-05T18:00:00,2022-01-12T00:00:00,fixed_acoustic_station,24.6,12,16,9,12.2,11,TEAM-13-5,high,49.2
BAT-0004796,TMB-WQL,2022-02-05T18:00:00,2022-02-12T00:00:00,fixed_acoustic_station,25.9,6,12,6,5.6,11,TEAM-13-5,acceptable,44.0
BAT-0004797,TMB-WQL,2022-03-05T18:00:00,2022-03-12T00:00:00,fixed_acoustic_station,12.7,6,9,3,7.2,11,TEAM-13-5,acceptable,52.5
BAT-0004798,TMB-WQL,2022-04-05T18:00:00,2022-04-12T00:00:00,acoustic_transect,31.5,12,19,9,15.4,13,TEAM-13-5,high,30.4
BAT-0004799,TMB-WQL,2022-05-05T18:00:00,2022-05-12T00:00:00,acoustic_and_visual,29.1,9,9,10,9.8,11,TEAM-13-5,acceptable,34.8
BAT-0004800,TMB-WQL,2022-06-05T18:00:00,2022-06-12T00:00:00,fixed_acoustic_station,37.3,22,29,12,25.7,13,TEAM-13-5,high,26.1
BAT-0004801,TMB-WQL,2022-07-05T18:00:00,2022-07-12T00:00:00,fixed_acoustic_station,30.3,14,15,7,16.3,10,TEAM-13-5,high,40.1
BAT-0004802,TMB-WQL,2022-08-05T18:00:00,2022-08-12T00:00:00,fixed_acoustic_station,37.5,17,29,8,17.2,10,TEAM-13-5,high,23.3
BAT-0004803,TMB-WQL,2022-09-05T18:00:00,2022-09-12T00:00:00,acoustic_transect,37.1,11,24,14,13.5,14,TEAM-13-5,high,18.1
BAT-0004804,TMB-WQL,2022-10-05T18:00:00,2022-10-12T00:00:00,acoustic_transect,29.9,15,20,13,14.3,8,TEAM-13-5,high,29.9
BAT-0004805,TMB-WQL,2022-11-05T18:00:00,2022-11-12T00:00:00,acoustic_transect,35.2,21,27,7,21.5,11,TEAM-13-5,high,25.8
BAT-0004806,TMB-WQL,2022-12-05T18:00:00,2022-12-12T00:00:00,acoustic_transect,24.7,7,12,10,6.9,5,TEAM-13-5,high,51.6
BAT-0004807,TMB-WQL,2023-01-05T18:00:00,2023-01-12T00:00:00,fixed_acoustic_station,25.6,15,3,10,17.4,14,TEAM-13-5,acceptable,61.8
BAT-0004808,TMB-WQL,2023-02-05T18:00:00,2023-02-12T00:00:00,acoustic_and_visual,26.7,14,22,10,14.7,16,TEAM-13-5,high,38.0
BAT-0004809,TMB-WQL,2023-03-05T18:00:00,2023-03-12T00:00:00,fixed_acoustic_station,33.6,10,8,13,10.5,17,TEAM-13-5,acceptable,25.7
BAT-0004810,TMB-WQL,2023-04-05T18:00:00,2023-04-12T00:00:00,acoustic_transect,33.9,12,18,11,12.6,13,TEAM-13-5,high,32.4
BAT-0004811,TMB-WQL,2023-05-05T18:00:00,2023-05-12T00:00:00,fixed_acoustic_station,34.5,9,31,7,12.6,12,TEAM-13-5,high,37.0
BAT-0004812,TMB-WQL,2023-06-05T18:00:00,2023-06-12T00:00:00,fixed_acoustic_station,35.7,11,22,10,11.1,9,TEAM-13-5,acceptable,0.0
BAT-0004813,TMB-WQL,2023-07-05T18:00:00,2023-07-12T00:00:00,acoustic_and_visual,34.2,14,26,7,19.4,12,TEAM-13-5,acceptable,22.3
BAT-0004814,TMB-WQL,2023-08-05T18:00:00,2023-08-12T00:00:00,acoustic_and_visual,38.4,19,27,13,17.4,6,TEAM-13-5,acceptable,13.7
BAT-0004815,TMB-WQL,2023-09-05T18:00:00,2023-09-12T00:00:00,acoustic_transect,39.0,14,24,12,15.3,12,TEAM-13-5,high,28.2
BAT-0004816,TMB-WQL,2023-10-05T18:00:00,2023-10-12T00:00:00,acoustic_and_visual,28.3,14,23,6,15.0,6,TEAM-13-5,high,29.6
BAT-0004817,TMB-WQL,2023-11-05T18:00:00,2023-11-12T00:00:00,acoustic_and_visual,33.1,13,15,10,14.9,6,TEAM-13-5,high,46.5
BAT-0004818,TMB-WQL,2023-12-05T18:00:00,2023-12-12T00:00:00,fixed_acoustic_station,25.3,10,14,10,11.4,10,TEAM-13-5,acceptable,57.7
BAT-0004819,TMB-WQL,2024-01-05T18:00:00,2024-01-12T00:00:00,acoustic_and_visual,25.6,7,24,11,5.6,12,TEAM-13-5,acceptable,44.6
BAT-0004820,TMB-WQL,2024-02-05T18:00:00,2024-02-12T00:00:00,fixed_acoustic_station,31.1,22,16,13,26.6,2,TEAM-13-5,acceptable,40.7
BAT-0004821,TMB-WQL,2024-03-05T18:00:00,2024-03-12T00:00:00,acoustic_and_visual,30.4,10,18,3,11.6,9,TEAM-13-5,high,18.5
BAT-0004822,TMB-WQL,2024-04-05T18:00:00,2024-04-12T00:00:00,acoustic_transect,29.3,7,10,7,3.9,18,TEAM-13-5,high,33.5
BAT-0004823,TMB-WQL,2024-05-05T18:00:00,2024-05-12T00:00:00,acoustic_transect,33.8,19,20,10,19.3,13,TEAM-13-5,high,20.1
BAT-0004824,TMB-WQL,2024-06-05T18:00:00,2024-06-12T00:00:00,acoustic_and_visual,16.3,5,10,2,4.6,8,TEAM-13-5,limited,31.0
BAT-0004825,TMB-WQL,2024-07-05T18:00:00,2024-07-12T00:00:00,acoustic_transect,38.4,8,22,9,8.1,11,TEAM-13-5,high,20.3
BAT-0004826,TMB-WQL,2024-08-05T18:00:00,2024-08-12T00:00:00,acoustic_and_visual,37.8,18,26,10,21.9,13,TEAM-13-5,acceptable,19.5
BAT-0004827,TMB-WQL,2024-09-05T18:00:00,2024-09-12T00:00:00,acoustic_and_visual,35.0,12,18,12,14.1,12,TEAM-13-5,acceptable,32.4
BAT-0004828,TMB-WQL,2024-10-05T18:00:00,2024-10-12T00:00:00,acoustic_transect,26.1,17,25,6,15.6,6,TEAM-13-5,high,42.0
BAT-0004829,TMB-WQL,2024-11-05T18:00:00,2024-11-12T00:00:00,fixed_acoustic_station,32.6,13,16,10,15.6,7,TEAM-13-5,acceptable,31.8
BAT-0004830,TMB-WQL,2024-12-05T18:00:00,2024-12-12T00:00:00,acoustic_and_visual,36.1,21,27,14,22.1,12,TEAM-13-5,acceptable,32.1
BAT-0004831,TMB-WQL,2025-01-05T18:00:00,2025-01-12T00:00:00,acoustic_and_visual,32.2,9,12,6,11.5,10,TEAM-13-5,high,56.3
BAT-0004832,TMB-WQL,2025-02-05T18:00:00,2025-02-12T00:00:00,acoustic_and_visual,34.5,11,21,6,12.2,8,TEAM-13-5,high,34.9
BAT-0004833,TMB-WQL,2025-03-05T18:00:00,2025-03-12T00:00:00,acoustic_transect,24.2,8,11,4,7.1,4,TEAM-13-5,high,47.1
BAT-0004834,TMB-WQL,2025-04-05T18:00:00,2025-04-12T00:00:00,acoustic_and_visual,30.3,5,15,5,6.4,2,TEAM-13-5,high,31.8
BAT-0004835,TMB-WQL,2025-05-05T18:00:00,2025-05-12T00:00:00,acoustic_and_visual,34.9,6,9,5,3.3,10,TEAM-13-5,high,38.0
BAT-0004836,TMB-WQL,2025-06-05T18:00:00,2025-06-12T00:00:00,acoustic_and_visual,40.0,9,18,8,7.4,10,TEAM-13-5,high,8.0
BAT-0004837,TMB-QCB,2019-01-05T18:00:00,2019-01-12T00:00:00,acoustic_transect,28.0,14,24,6,16.1,15,TEAM-13-1,acceptable,44.8
BAT-0004838,TMB-QCB,2019-02-05T18:00:00,2019-02-12T00:00:00,acoustic_and_visual,28.4,11,24,7,8.7,10,TEAM-13-1,high,49.6
BAT-0004839,TMB-QCB,2019-03-05T18:00:00,2019-03-12T00:00:00,fixed_acoustic_station,25.3,18,12,7,18.9,14,TEAM-13-1,acceptable,55.0
BAT-0004840,TMB-QCB,2019-04-05T18:00:00,2019-04-12T00:00:00,acoustic_and_visual,31.0,11,13,12,15.5,14,TEAM-13-1,acceptable,38.9
BAT-0004841,TMB-QCB,2019-05-05T18:00:00,2019-05-12T00:00:00,fixed_acoustic_station,38.4,6,10,6,7.4,15,TEAM-13-1,acceptable,28.3
BAT-0004842,TMB-QCB,2019-06-05T18:00:00,2019-06-12T00:00:00,acoustic_and_visual,39.4,13,16,6,17.0,17,TEAM-13-1,acceptable,7.1
BAT-0004843,TMB-QCB,2019-07-05T18:00:00,2019-07-12T00:00:00,acoustic_and_visual,37.5,5,14,9,5.0,17,TEAM-13-1,high,31.7
BAT-0004844,TMB-QCB,2019-08-05T18:00:00,2019-08-12T00:00:00,acoustic_and_visual,36.9,5,10,5,4.3,10,TEAM-13-1,acceptable,21.7
BAT-0004845,TMB-QCB,2019-09-05T18:00:00,2019-09-12T00:00:00,acoustic_transect,33.8,10,11,6,12.5,6,TEAM-13-1,high,19.0
BAT-0004846,TMB-QCB,2019-10-05T18:00:00,2019-10-12T00:00:00,acoustic_transect,16.6,6,11,4,8.2,8,TEAM-13-1,acceptable,26.1
BAT-0004847,TMB-QCB,2019-11-05T18:00:00,2019-11-12T00:00:00,acoustic_and_visual,32.0,10,17,7,9.9,13,TEAM-13-1,high,55.8
BAT-0004848,TMB-QCB,2019-12-05T18:00:00,2019-12-12T00:00:00,acoustic_and_visual,29.3,9,19,7,9.0,17,TEAM-13-1,high,41.1
BAT-0004849,TMB-QCB,2020-01-05T18:00:00,2020-01-12T00:00:00,fixed_acoustic_station,29.2,18,13,8,18.1,19,TEAM-13-1,acceptable,52.4
BAT-0004850,TMB-QCB,2020-02-05T18:00:00,2020-02-12T00:00:00,acoustic_transect,23.0,16,17,7,16.4,9,TEAM-13-1,high,72.5
BAT-0004851,TMB-QCB,2020-03-05T18:00:00,2020-03-12T00:00:00,acoustic_transect,34.0,16,24,14,14.6,14,TEAM-13-1,high,28.9
BAT-0004852,TMB-QCB,2020-04-05T18:00:00,2020-04-12T00:00:00,acoustic_and_visual,33.8,14,27,13,17.3,12,TEAM-13-1,high,41.2
BAT-0004853,TMB-QCB,2020-05-05T18:00:00,2020-05-12T00:00:00,acoustic_and_visual,34.3,10,19,7,10.9,8,TEAM-13-1,high,23.3
BAT-0004854,TMB-QCB,2020-06-05T18:00:00,2020-06-12T00:00:00,fixed_acoustic_station,31.5,16,12,18,16.8,16,TEAM-13-1,high,32.3
BAT-0004855,TMB-QCB,2020-07-05T18:00:00,2020-07-12T00:00:00,acoustic_and_visual,36.2,10,9,9,10.3,20,TEAM-13-1,high,15.9
BAT-0004856,TMB-QCB,2020-08-05T18:00:00,2020-08-12T00:00:00,acoustic_and_visual,35.7,7,11,7,8.4,18,TEAM-13-1,acceptable,10.9
BAT-0004857,TMB-QCB,2020-09-05T18:00:00,2020-09-12T00:00:00,acoustic_and_visual,31.4,1,9,9,0.0,10,TEAM-13-1,high,27.8
BAT-0004858,TMB-QCB,2020-10-05T18:00:00,2020-10-12T00:00:00,fixed_acoustic_station,34.1,6,11,9,5.8,11,TEAM-13-1,high,33.2
BAT-0004859,TMB-QCB,2020-11-05T18:00:00,2020-11-12T00:00:00,acoustic_transect,27.2,8,8,11,10.2,17,TEAM-13-1,high,63.3
BAT-0004860,TMB-QCB,2020-12-05T18:00:00,2020-12-12T00:00:00,acoustic_and_visual,22.4,7,13,5,6.8,9,TEAM-13-1,high,56.6
BAT-0004861,TMB-QCB,2021-01-05T18:00:00,2021-01-12T00:00:00,acoustic_and_visual,23.8,7,17,5,8.5,11,TEAM-13-1,acceptable,58.7
BAT-0004862,TMB-QCB,2021-02-05T18:00:00,2021-02-12T00:00:00,acoustic_transect,28.5,15,19,11,14.3,15,TEAM-13-1,high,58.9
BAT-0004863,TMB-QCB,2021-03-05T18:00:00,2021-03-12T00:00:00,acoustic_transect,31.8,10,35,8,14.8,14,TEAM-13-1,high,30.5
BAT-0004864,TMB-QCB,2021-04-05T18:00:00,2021-04-12T00:00:00,acoustic_and_visual,21.4,13,24,11,14.5,9,TEAM-13-1,acceptable,54.6
BAT-0004865,TMB-QCB,2021-05-05T18:00:00,2021-05-12T00:00:00,acoustic_and_visual,24.7,8,20,4,9.0,13,TEAM-13-1,high,42.6
BAT-0004866,TMB-QCB,2021-06-05T18:00:00,2021-06-12T00:00:00,fixed_acoustic_station,34.5,17,11,7,17.7,16,TEAM-13-1,acceptable,22.8
BAT-0004867,TMB-QCB,2021-07-05T18:00:00,2021-07-12T00:00:00,acoustic_transect,34.3,7,14,7,8.2,14,TEAM-13-1,high,19.5
BAT-0004868,TMB-QCB,2021-08-05T18:00:00,2021-08-12T00:00:00,fixed_acoustic_station,36.2,4,13,6,4.6,14,TEAM-13-1,high,27.5
BAT-0004869,TMB-QCB,2021-09-05T18:00:00,2021-09-12T00:00:00,acoustic_transect,39.4,17,20,11,19.9,11,TEAM-13-1,high,16.4
BAT-0004870,TMB-QCB,2021-10-05T18:00:00,2021-10-12T00:00:00,fixed_acoustic_station,29.5,7,5,3,7.9,5,TEAM-13-1,high,37.8
BAT-0004871,TMB-QCB,2021-11-05T18:00:00,2021-11-12T00:00:00,fixed_acoustic_station,27.3,4,13,11,6.2,8,TEAM-13-1,high,43.6
BAT-0004872,TMB-QCB,2021-12-05T18:00:00,2021-12-12T00:00:00,acoustic_and_visual,24.3,3,7,4,5.0,17,TEAM-13-1,acceptable,53.0
BAT-0004873,TMB-QCB,2022-01-05T18:00:00,2022-01-12T00:00:00,acoustic_and_visual,23.5,3,6,3,3.5,10,TEAM-13-1,acceptable,65.0
BAT-0004874,TMB-QCB,2022-02-05T18:00:00,2022-02-12T00:00:00,acoustic_transect,25.4,13,28,5,13.4,15,TEAM-13-1,acceptable,42.3
BAT-0004875,TMB-QCB,2022-03-05T18:00:00,2022-03-12T00:00:00,fixed_acoustic_station,33.1,15,24,13,18.9,12,TEAM-13-1,high,44.0
BAT-0004876,TMB-QCB,2022-04-05T18:00:00,2022-04-12T00:00:00,acoustic_and_visual,28.4,10,24,12,11.3,8,TEAM-13-1,acceptable,41.3
BAT-0004877,TMB-QCB,2022-05-05T18:00:00,2022-05-12T00:00:00,acoustic_and_visual,40.5,16,18,7,18.5,6,TEAM-13-1,acceptable,19.0
BAT-0004878,TMB-QCB,2022-06-05T18:00:00,2022-06-12T00:00:00,fixed_acoustic_station,34.7,9,17,8,6.8,7,TEAM-13-1,high,17.5
BAT-0004879,TMB-QCB,2022-07-05T18:00:00,2022-07-12T00:00:00,acoustic_and_visual,27.2,11,13,7,9.7,11,TEAM-13-1,high,22.8
BAT-0004880,TMB-QCB,2022-08-05T18:00:00,2022-08-12T00:00:00,acoustic_transect,37.4,5,15,4,5.0,9,TEAM-13-1,high,14.8
BAT-0004881,TMB-QCB,2022-09-05T18:00:00,2022-09-12T00:00:00,acoustic_transect,32.2,12,18,6,15.3,17,TEAM-13-1,acceptable,31.3
BAT-0004882,TMB-QCB,2022-10-05T18:00:00,2022-10-12T00:00:00,acoustic_transect,35.6,8,12,6,8.4,9,TEAM-13-1,high,27.7
BAT-0004883,TMB-QCB,2022-11-05T18:00:00,2022-11-12T00:00:00,acoustic_and_visual,30.2,7,16,10,4.1,7,TEAM-13-1,high,38.3
BAT-0004884,TMB-QCB,2022-12-05T18:00:00,2022-12-12T00:00:00,acoustic_and_visual,31.1,6,20,8,5.2,14,TEAM-13-1,high,22.5
BAT-0004885,TMB-QCB,2023-01-05T18:00:00,2023-01-12T00:00:00,acoustic_and_visual,27.1,8,21,7,9.1,14,TEAM-13-1,high,50.1
BAT-0004886,TMB-QCB,2023-02-05T18:00:00,2023-02-12T00:00:00,fixed_acoustic_station,38.9,12,10,15,11.1,4,TEAM-13-1,acceptable,30.7
BAT-0004887,TMB-QCB,2023-03-05T18:00:00,2023-03-12T00:00:00,acoustic_and_visual,32.6,17,18,7,22.4,10,TEAM-13-1,acceptable,35.4
BAT-0004888,TMB-QCB,2023-04-05T18:00:00,2023-04-12T00:00:00,fixed_acoustic_station,28.2,23,16,12,25.9,17,TEAM-13-1,acceptable,40.7
BAT-0004889,TMB-QCB,2023-05-05T18:00:00,2023-05-12T00:00:00,fixed_acoustic_station,40.6,18,23,8,17.5,14,TEAM-13-1,high,6.7
BAT-0004890,TMB-QCB,2023-06-05T18:00:00,2023-06-12T00:00:00,acoustic_transect,31.0,18,8,11,19.5,8,TEAM-13-1,high,34.3
BAT-0004891,TMB-QCB,2023-07-05T18:00:00,2023-07-12T00:00:00,fixed_acoustic_station,38.8,13,13,12,12.0,9,TEAM-13-1,acceptable,13.0
BAT-0004892,TMB-QCB,2023-08-05T18:00:00,2023-08-12T00:00:00,fixed_acoustic_station,28.7,6,18,4,10.2,6,TEAM-13-1,high,26.3
BAT-0004893,TMB-QCB,2023-09-05T18:00:00,2023-09-12T00:00:00,acoustic_transect,36.7,15,18,11,20.5,11,TEAM-13-1,acceptable,27.3
BAT-0004894,TMB-QCB,2023-10-05T18:00:00,2023-10-12T00:00:00,acoustic_and_visual,32.5,8,8,4,10.4,13,TEAM-13-1,high,38.0
BAT-0004895,TMB-QCB,2023-11-05T18:00:00,2023-11-12T00:00:00,acoustic_transect,36.4,14,9,12,16.1,13,TEAM-13-1,high,31.2
BAT-0004896,TMB-QCB,2023-12-05T18:00:00,2023-12-12T00:00:00,acoustic_and_visual,23.8,9,14,9,6.5,11,TEAM-13-1,acceptable,52.9
BAT-0004897,TMB-QCB,2024-01-05T18:00:00,2024-01-12T00:00:00,fixed_acoustic_station,22.7,10,5,6,16.2,21,TEAM-13-1,acceptable,45.5
BAT-0004898,TMB-QCB,2024-02-05T18:00:00,2024-02-12T00:00:00,fixed_acoustic_station,28.7,20,16,13,21.9,13,TEAM-13-1,high,66.4
BAT-0004899,TMB-QCB,2024-03-05T18:00:00,2024-03-12T00:00:00,acoustic_transect,33.4,30,17,11,33.8,22,TEAM-13-1,high,38.5
BAT-0004900,TMB-QCB,2024-04-05T18:00:00,2024-04-12T00:00:00,acoustic_transect,37.7,31,19,10,31.5,14,TEAM-13-1,acceptable,37.8
BAT-0004901,TMB-QCB,2024-05-05T18:00:00,2024-05-12T00:00:00,acoustic_transect,37.4,14,22,7,17.7,15,TEAM-13-1,acceptable,30.4
BAT-0004902,TMB-QCB,2024-06-05T18:00:00,2024-06-12T00:00:00,acoustic_transect,19.1,7,8,6,6.9,14,TEAM-13-1,limited,38.5
BAT-0004903,TMB-QCB,2024-07-05T18:00:00,2024-07-12T00:00:00,acoustic_and_visual,27.5,5,14,2,6.8,8,TEAM-13-1,high,20.5
BAT-0004904,TMB-QCB,2024-08-05T18:00:00,2024-08-12T00:00:00,acoustic_and_visual,36.9,8,7,6,11.8,15,TEAM-13-1,acceptable,26.6
BAT-0004905,TMB-QCB,2024-09-05T18:00:00,2024-09-12T00:00:00,acoustic_and_visual,32.1,11,14,8,7.0,13,TEAM-13-1,high,30.2
BAT-0004906,TMB-QCB,2024-10-05T18:00:00,2024-10-12T00:00:00,acoustic_transect,28.8,9,7,5,12.4,13,TEAM-13-1,limited,24.5
BAT-0004907,TMB-QCB,2024-11-05T18:00:00,2024-11-12T00:00:00,acoustic_and_visual,27.1,11,12,6,9.9,10,TEAM-13-1,high,57.4
BAT-0004908,TMB-QCB,2024-12-05T18:00:00,2024-12-12T00:00:00,acoustic_transect,23.1,6,14,9,8.0,10,TEAM-13-1,acceptable,49.3
BAT-0004909,TMB-QCB,2025-01-05T18:00:00,2025-01-12T00:00:00,fixed_acoustic_station,23.1,11,17,14,12.2,8,TEAM-13-1,high,56.2
BAT-0004910,TMB-QCB,2025-02-05T18:00:00,2025-02-12T00:00:00,acoustic_and_visual,27.7,12,9,3,13.2,12,TEAM-13-1,acceptable,44.6
BAT-0004911,TMB-QCB,2025-03-05T18:00:00,2025-03-12T00:00:00,acoustic_and_visual,28.8,17,16,10,21.8,18,TEAM-13-1,acceptable,41.2
BAT-0004912,TMB-QCB,2025-04-05T18:00:00,2025-04-12T00:00:00,acoustic_and_visual,31.8,16,29,18,10.8,19,TEAM-13-1,acceptable,33.6
BAT-0004913,TMB-QCB,2025-05-05T18:00:00,2025-05-12T00:00:00,acoustic_and_visual,33.2,8,14,1,8.8,12,TEAM-13-1,high,26.6
BAT-0004914,TMB-QCB,2025-06-05T18:00:00,2025-06-12T00:00:00,fixed_acoustic_station,34.6,8,24,9,7.3,13,TEAM-13-1,high,18.3
BAT-0004915,TMB-DLQ,2019-01-05T18:00:00,2019-01-12T00:00:00,acoustic_and_visual,33.8,17,14,5,20.0,5,TEAM-13-2,acceptable,40.8
BAT-0004916,TMB-DLQ,2019-02-05T18:00:00,2019-02-12T00:00:00,acoustic_and_visual,27.1,7,13,7,9.4,14,TEAM-13-2,high,48.3
BAT-0004917,TMB-DLQ,2019-03-05T18:00:00,2019-03-12T00:00:00,fixed_acoustic_station,25.3,5,3,2,5.7,13,TEAM-13-2,acceptable,50.0
BAT-0004918,TMB-DLQ,2019-04-05T18:00:00,2019-04-12T00:00:00,acoustic_and_visual,33.8,13,9,8,18.7,8,TEAM-13-2,high,34.6
BAT-0004919,TMB-DLQ,2019-05-05T18:00:00,2019-05-12T00:00:00,acoustic_and_visual,26.2,7,7,3,12.3,10,TEAM-13-2,acceptable,53.8
BAT-0004920,TMB-DLQ,2019-06-05T18:00:00,2019-06-12T00:00:00,acoustic_and_visual,32.9,5,8,1,5.0,11,TEAM-13-2,high,19.5
BAT-0004921,TMB-DLQ,2019-07-05T18:00:00,2019-07-12T00:00:00,fixed_acoustic_station,32.2,3,19,3,7.7,8,TEAM-13-2,high,21.8
BAT-0004922,TMB-DLQ,2019-08-05T18:00:00,2019-08-12T00:00:00,acoustic_and_visual,32.9,6,20,9,8.0,7,TEAM-13-2,high,20.2
BAT-0004923,TMB-DLQ,2019-09-05T18:00:00,2019-09-12T00:00:00,acoustic_transect,35.5,14,17,6,15.7,11,TEAM-13-2,high,9.2
BAT-0004924,TMB-DLQ,2019-10-05T18:00:00,2019-10-12T00:00:00,fixed_acoustic_station,33.1,8,15,8,8.4,10,TEAM-13-2,high,25.2
BAT-0004925,TMB-DLQ,2019-11-05T18:00:00,2019-11-12T00:00:00,acoustic_and_visual,27.6,2,14,5,2.2,9,TEAM-13-2,high,47.5
BAT-0004926,TMB-DLQ,2019-12-05T18:00:00,2019-12-12T00:00:00,acoustic_transect,22.0,6,8,1,5.6,11,TEAM-13-2,acceptable,49.4
BAT-0004927,TMB-DLQ,2020-01-05T18:00:00,2020-01-12T00:00:00,fixed_acoustic_station,24.7,2,6,3,0.8,13,TEAM-13-2,acceptable,48.1
BAT-0004928,TMB-DLQ,2020-02-05T18:00:00,2020-02-12T00:00:00,acoustic_transect,31.2,3,12,7,5.5,9,TEAM-13-2,high,40.6
BAT-0004929,TMB-DLQ,2020-03-05T18:00:00,2020-03-12T00:00:00,acoustic_and_visual,39.5,8,11,11,9.8,6,TEAM-13-2,high,28.2
BAT-0004930,TMB-DLQ,2020-04-05T18:00:00,2020-04-12T00:00:00,fixed_acoustic_station,31.8,6,7,7,4.1,7,TEAM-13-2,high,22.8
BAT-0004931,TMB-DLQ,2020-05-05T18:00:00,2020-05-12T00:00:00,acoustic_and_visual,37.9,11,11,9,10.9,6,TEAM-13-2,high,31.7
BAT-0004932,TMB-DLQ,2020-06-05T18:00:00,2020-06-12T00:00:00,fixed_acoustic_station,37.1,11,16,2,10.4,5,TEAM-13-2,high,18.1
BAT-0004933,TMB-DLQ,2020-07-05T18:00:00,2020-07-12T00:00:00,acoustic_transect,42.2,5,10,4,7.5,13,TEAM-13-2,high,21.8
BAT-0004934,TMB-DLQ,2020-08-05T18:00:00,2020-08-12T00:00:00,fixed_acoustic_station,28.9,6,5,2,2.5,7,TEAM-13-2,high,26.4
BAT-0004935,TMB-DLQ,2020-09-05T18:00:00,2020-09-12T00:00:00,fixed_acoustic_station,31.5,6,3,5,6.2,6,TEAM-13-2,acceptable,39.9
BAT-0004936,TMB-DLQ,2020-10-05T18:00:00,2020-10-12T00:00:00,fixed_acoustic_station,31.5,7,8,7,8.2,5,TEAM-13-2,acceptable,28.4
BAT-0004937,TMB-DLQ,2020-11-05T18:00:00,2020-11-12T00:00:00,acoustic_transect,17.4,3,9,3,3.0,16,TEAM-13-2,acceptable,68.5
BAT-0004938,TMB-DLQ,2020-12-05T18:00:00,2020-12-12T00:00:00,acoustic_transect,29.4,10,7,4,7.9,11,TEAM-13-2,acceptable,52.7
BAT-0004939,TMB-DLQ,2021-01-05T18:00:00,2021-01-12T00:00:00,acoustic_and_visual,22.9,8,12,1,6.4,9,TEAM-13-2,acceptable,68.2
BAT-0004940,TMB-DLQ,2021-02-05T18:00:00,2021-02-12T00:00:00,fixed_acoustic_station,23.1,10,6,2,10.2,10,TEAM-13-2,high,49.9
BAT-0004941,TMB-DLQ,2021-03-05T18:00:00,2021-03-12T00:00:00,acoustic_transect,26.4,5,12,7,8.7,10,TEAM-13-2,high,27.9
BAT-0004942,TMB-DLQ,2021-04-05T18:00:00,2021-04-12T00:00:00,acoustic_transect,27.2,7,14,4,8.0,17,TEAM-13-2,high,42.7
BAT-0004943,TMB-DLQ,2021-05-05T18:00:00,2021-05-12T00:00:00,fixed_acoustic_station,28.0,7,9,2,9.2,11,TEAM-13-2,acceptable,26.0
BAT-0004944,TMB-DLQ,2021-06-05T18:00:00,2021-06-12T00:00:00,acoustic_and_visual,35.2,8,6,6,8.7,10,TEAM-13-2,high,18.3
BAT-0004945,TMB-DLQ,2021-07-05T18:00:00,2021-07-12T00:00:00,acoustic_and_visual,33.5,17,16,7,23.5,10,TEAM-13-2,high,25.6
BAT-0004946,TMB-DLQ,2021-08-05T18:00:00,2021-08-12T00:00:00,acoustic_and_visual,35.8,6,12,8,7.8,7,TEAM-13-2,acceptable,9.8
BAT-0004947,TMB-DLQ,2021-09-05T18:00:00,2021-09-12T00:00:00,acoustic_and_visual,38.3,12,19,7,13.4,15,TEAM-13-2,high,10.4
BAT-0004948,TMB-DLQ,2021-10-05T18:00:00,2021-10-12T00:00:00,acoustic_transect,31.4,6,11,9,8.0,11,TEAM-13-2,acceptable,33.6
BAT-0004949,TMB-DLQ,2021-11-05T18:00:00,2021-11-12T00:00:00,acoustic_and_visual,35.0,6,7,3,7.9,11,TEAM-13-2,high,49.8
BAT-0004950,TMB-DLQ,2021-12-05T18:00:00,2021-12-12T00:00:00,acoustic_transect,28.1,8,7,5,8.6,13,TEAM-13-2,acceptable,39.0
BAT-0004951,TMB-DLQ,2022-01-05T18:00:00,2022-01-12T00:00:00,fixed_acoustic_station,17.6,5,7,3,3.0,5,TEAM-13-2,acceptable,56.7
BAT-0004952,TMB-DLQ,2022-02-05T18:00:00,2022-02-12T00:00:00,acoustic_and_visual,24.0,7,4,6,9.3,12,TEAM-13-2,acceptable,58.1
BAT-0004953,TMB-DLQ,2022-03-05T18:00:00,2022-03-12T00:00:00,acoustic_transect,29.0,10,7,4,11.4,12,TEAM-13-2,acceptable,61.7
BAT-0004954,TMB-DLQ,2022-04-05T18:00:00,2022-04-12T00:00:00,acoustic_transect,28.6,4,6,2,4.0,9,TEAM-13-2,acceptable,23.3
BAT-0004955,TMB-DLQ,2022-05-05T18:00:00,2022-05-12T00:00:00,acoustic_and_visual,32.8,9,15,7,8.1,12,TEAM-13-2,high,21.8
BAT-0004956,TMB-DLQ,2022-06-05T18:00:00,2022-06-12T00:00:00,acoustic_transect,35.0,9,6,9,11.5,5,TEAM-13-2,acceptable,38.0
BAT-0004957,TMB-DLQ,2022-07-05T18:00:00,2022-07-12T00:00:00,acoustic_and_visual,36.1,9,7,7,10.7,11,TEAM-13-2,acceptable,21.2
BAT-0004958,TMB-DLQ,2022-08-05T18:00:00,2022-08-12T00:00:00,acoustic_and_visual,33.2,6,12,10,7.2,6,TEAM-13-2,high,36.0
BAT-0004959,TMB-DLQ,2022-09-05T18:00:00,2022-09-12T00:00:00,acoustic_and_visual,35.3,8,11,6,5.1,9,TEAM-13-2,high,29.2
BAT-0004960,TMB-DLQ,2022-10-05T18:00:00,2022-10-12T00:00:00,acoustic_and_visual,30.2,12,12,7,14.1,13,TEAM-13-2,high,37.6
BAT-0004961,TMB-DLQ,2022-11-05T18:00:00,2022-11-12T00:00:00,acoustic_transect,28.6,8,17,8,9.9,6,TEAM-13-2,high,50.7
BAT-0004962,TMB-DLQ,2022-12-05T18:00:00,2022-12-12T00:00:00,acoustic_transect,32.0,12,12,8,13.9,10,TEAM-13-2,high,41.0
BAT-0004963,TMB-DLQ,2023-01-05T18:00:00,2023-01-12T00:00:00,fixed_acoustic_station,24.8,2,2,3,4.6,10,TEAM-13-2,high,57.7
BAT-0004964,TMB-DLQ,2023-02-05T18:00:00,2023-02-12T00:00:00,acoustic_transect,30.2,4,4,2,2.8,11,TEAM-13-2,acceptable,58.9
BAT-0004965,TMB-DLQ,2023-03-05T18:00:00,2023-03-12T00:00:00,acoustic_and_visual,30.0,2,8,5,4.2,7,TEAM-13-2,acceptable,46.1
BAT-0004966,TMB-DLQ,2023-04-05T18:00:00,2023-04-12T00:00:00,acoustic_and_visual,24.4,11,3,4,14.8,15,TEAM-13-2,acceptable,40.9
BAT-0004967,TMB-DLQ,2023-05-05T18:00:00,2023-05-12T00:00:00,acoustic_transect,32.3,3,7,2,0.0,11,TEAM-13-2,acceptable,28.0
BAT-0004968,TMB-DLQ,2023-06-05T18:00:00,2023-06-12T00:00:00,acoustic_and_visual,28.8,5,7,3,10.4,4,TEAM-13-2,high,32.3
BAT-0004969,TMB-DLQ,2023-07-05T18:00:00,2023-07-12T00:00:00,fixed_acoustic_station,32.1,11,10,7,10.2,3,TEAM-13-2,high,26.1
BAT-0004970,TMB-DLQ,2023-08-05T18:00:00,2023-08-12T00:00:00,acoustic_and_visual,38.6,10,7,6,11.1,7,TEAM-13-2,high,19.3
BAT-0004971,TMB-DLQ,2023-09-05T18:00:00,2023-09-12T00:00:00,fixed_acoustic_station,32.3,8,10,9,8.6,12,TEAM-13-2,acceptable,36.2
BAT-0004972,TMB-DLQ,2023-10-05T18:00:00,2023-10-12T00:00:00,acoustic_transect,26.3,5,11,4,4.0,13,TEAM-13-2,high,46.9
BAT-0004973,TMB-DLQ,2023-11-05T18:00:00,2023-11-12T00:00:00,fixed_acoustic_station,32.1,10,28,8,9.8,17,TEAM-13-2,high,32.2
BAT-0004974,TMB-DLQ,2023-12-05T18:00:00,2023-12-12T00:00:00,acoustic_and_visual,20.7,5,2,3,2.8,11,TEAM-13-2,acceptable,64.0
BAT-0004975,TMB-DLQ,2024-01-05T18:00:00,2024-01-12T00:00:00,acoustic_transect,30.2,3,16,3,2.9,7,TEAM-13-2,high,49.4
BAT-0004976,TMB-DLQ,2024-02-05T18:00:00,2024-02-12T00:00:00,fixed_acoustic_station,24.7,6,6,3,5.7,15,TEAM-13-2,acceptable,58.1
BAT-0004977,TMB-DLQ,2024-03-05T18:00:00,2024-03-12T00:00:00,fixed_acoustic_station,31.4,8,8,2,9.5,17,TEAM-13-2,acceptable,49.1
BAT-0004978,TMB-DLQ,2024-04-05T18:00:00,2024-04-12T00:00:00,fixed_acoustic_station,34.3,3,11,6,3.9,5,TEAM-13-2,high,32.9
BAT-0004979,TMB-DLQ,2024-05-05T18:00:00,2024-05-12T00:00:00,acoustic_transect,29.8,9,13,9,6.8,10,TEAM-13-2,acceptable,26.5
BAT-0004980,TMB-DLQ,2024-06-05T18:00:00,2024-06-12T00:00:00,acoustic_transect,37.1,7,18,2,9.9,11,TEAM-13-2,high,25.6
BAT-0004981,TMB-DLQ,2024-07-05T18:00:00,2024-07-12T00:00:00,fixed_acoustic_station,28.6,9,7,6,11.1,13,TEAM-13-2,high,43.5
BAT-0004982,TMB-DLQ,2024-08-05T18:00:00,2024-08-12T00:00:00,acoustic_transect,32.8,7,12,9,5.3,5,TEAM-13-2,high,31.8
BAT-0004983,TMB-DLQ,2024-09-05T18:00:00,2024-09-12T00:00:00,fixed_acoustic_station,31.2,4,14,5,5.5,11,TEAM-13-2,high,28.5
BAT-0004984,TMB-DLQ,2024-10-05T18:00:00,2024-10-12T00:00:00,fixed_acoustic_station,24.9,4,12,3,1.6,8,TEAM-13-2,acceptable,49.9
BAT-0004985,TMB-DLQ,2024-11-05T18:00:00,2024-11-12T00:00:00,fixed_acoustic_station,30.2,9,9,2,12.1,5,TEAM-13-2,acceptable,42.0
BAT-0004986,TMB-DLQ,2024-12-05T18:00:00,2024-12-12T00:00:00,fixed_acoustic_station,22.5,5,7,5,8.9,8,TEAM-13-2,acceptable,49.3
BAT-0004987,TMB-DLQ,2025-01-05T18:00:00,2025-01-12T00:00:00,acoustic_transect,25.4,3,4,2,3.5,15,TEAM-13-2,high,48.1
BAT-0004988,TMB-DLQ,2025-02-05T18:00:00,2025-02-12T00:00:00,fixed_acoustic_station,28.2,9,5,2,8.6,9,TEAM-13-2,acceptable,46.2
BAT-0004989,TMB-DLQ,2025-03-05T18:00:00,2025-03-12T00:00:00,acoustic_transect,26.4,6,4,3,6.0,8,TEAM-13-2,high,48.3
BAT-0004990,TMB-DLQ,2025-04-05T18:00:00,2025-04-12T00:00:00,fixed_acoustic_station,35.5,4,4,6,8.4,16,TEAM-13-2,acceptable,37.8
BAT-0004991,TMB-DLQ,2025-05-05T18:00:00,2025-05-12T00:00:00,acoustic_and_visual,32.6,12,6,5,13.7,15,TEAM-13-2,high,48.7
BAT-0004992,TMB-DLQ,2025-06-05T18:00:00,2025-06-12T00:00:00,acoustic_and_visual,28.9,5,9,2,5.6,7,TEAM-13-2,high,24.9
