site_code,reporting_month,mean_temperature_c,rainfall_mm,mean_humidity_pct,vegetation_cover_pct,habitat_disturbance_index,pesticide_index,land_use_category,weather_exception_code,data_completeness_pct
AVL-ABG,2019-01-01,27.28,118.9,69.2,61.1,21.1,39.0,mixed_forest,NONE,96.2
AVL-ABG,2019-02-01,28.78,91.4,67.7,54.9,16.8,42.1,mixed_forest,NONE,95.3
AVL-ABG,2019-03-01,28.7,62.6,73.7,59.2,13.9,37.4,mixed_forest,NONE,90.4
AVL-ABG,2019-04-01,28.64,70.2,68.5,61.8,11.1,32.9,mixed_forest,NONE,99.1
AVL-ABG,2019-05-01,28.66,96.6,71.3,61.6,23.6,38.8,mixed_forest,NONE,100.0
AVL-ABG,2019-06-01,28.62,156.7,73.7,65.7,12.9,29.5,mixed_forest,NONE,95.8
AVL-ABG,2019-07-01,26.41,208.7,81.4,71.0,3.3,39.1,mixed_forest,NONE,96.7
AVL-ABG,2019-08-01,25.73,279.4,86.1,73.4,11.8,36.7,mixed_forest,NONE,93.9
AVL-ABG,2019-09-01,26.59,269.5,85.9,79.0,18.1,44.1,mixed_forest,HEAVY_RAIN,97.3
AVL-ABG,2019-10-01,25.68,299.7,78.3,67.8,6.7,36.7,mixed_forest,NONE,96.5
AVL-ABG,2019-11-01,26.08,246.2,77.8,71.8,14.2,47.3,mixed_forest,NONE,95.3
AVL-ABG,2019-12-01,25.55,150.8,80.6,67.8,13.8,40.6,mixed_forest,NONE,97.2
AVL-ABG,2020-01-01,26.58,133.8,71.3,55.4,15.8,37.2,mixed_forest,NONE,91.6
AVL-ABG,2020-02-01,28.38,95.2,65.9,60.5,12.8,39.1,mixed_forest,NONE,91.0
AVL-ABG,2020-03-01,29.08,68.0,63.3,56.7,18.6,26.9,mixed_forest,NONE,95.2
AVL-ABG,2020-04-01,29.6,24.8,66.6,63.0,4.4,33.8,mixed_forest,DRY_SPELL,100.0
AVL-ABG,2020-05-01,28.56,131.7,69.5,61.4,14.7,45.9,mixed_forest,NONE,96.5
AVL-ABG,2020-06-01,27.05,158.5,70.9,62.1,11.4,36.9,mixed_forest,NONE,95.4
AVL-ABG,2020-07-01,28.31,190.5,83.7,72.1,14.7,45.0,mixed_forest,NONE,94.3
AVL-ABG,2020-08-01,26.18,291.4,81.5,74.0,19.2,26.5,mixed_forest,NONE,96.3
AVL-ABG,2020-09-01,24.63,262.1,77.4,67.6,18.4,33.3,mixed_forest,NONE,95.7
AVL-ABG,2020-10-01,24.8,253.6,81.0,77.1,10.9,33.4,mixed_forest,NONE,94.8
AVL-ABG,2020-11-01,26.25,178.3,78.6,69.2,11.3,40.8,mixed_forest,NONE,95.5
AVL-ABG,2020-12-01,26.82,171.9,76.1,66.5,17.9,31.3,mixed_forest,NONE,99.6
AVL-ABG,2021-01-01,27.23,106.2,68.1,67.1,21.6,33.4,mixed_forest,NONE,91.2
AVL-ABG,2021-02-01,28.74,56.0,70.5,56.1,7.5,31.8,mixed_forest,NONE,95.9
AVL-ABG,2021-03-01,28.2,65.4,65.8,56.4,18.3,26.3,mixed_forest,NONE,93.6
AVL-ABG,2021-04-01,29.35,77.8,64.9,53.8,12.0,38.0,mixed_forest,NONE,100.0
AVL-ABG,2021-05-01,28.43,121.2,69.9,67.5,17.6,20.6,mixed_forest,NONE,95.3
AVL-ABG,2021-06-01,27.82,143.8,78.5,69.7,17.7,38.5,mixed_forest,NONE,98.9
AVL-ABG,2021-07-01,27.67,205.1,79.7,69.2,15.0,36.0,mixed_forest,NONE,93.4
AVL-ABG,2021-08-01,25.84,232.0,79.8,70.4,12.4,29.9,mixed_forest,NONE,100.0
AVL-ABG,2021-09-01,26.06,293.3,80.3,68.9,10.6,35.2,mixed_forest,NONE,95.7
AVL-ABG,2021-10-01,25.55,270.2,84.5,80.3,6.3,41.3,mixed_forest,NONE,89.1
AVL-ABG,2021-11-01,25.68,224.6,82.3,68.2,12.4,35.7,mixed_forest,NONE,93.1
AVL-ABG,2021-12-01,25.63,153.2,76.5,69.8,16.6,28.4,mixed_forest,NONE,96.0
AVL-ABG,2022-01-01,27.17,108.0,74.7,60.4,10.0,31.1,mixed_forest,NONE,94.7
AVL-ABG,2022-02-01,27.83,27.0,67.3,60.1,13.7,32.5,mixed_forest,DRY_SPELL,96.0
AVL-ABG,2022-03-01,27.92,102.5,65.2,60.0,15.5,27.7,mixed_forest,NONE,94.3
AVL-ABG,2022-04-01,29.31,91.9,66.4,54.0,0.8,36.0,mixed_forest,NONE,98.3
AVL-ABG,2022-05-01,27.95,120.3,64.6,61.4,0.0,36.3,mixed_forest,NONE,95.6
AVL-ABG,2022-06-01,27.96,116.9,73.4,63.0,24.0,39.6,mixed_forest,NONE,98.5
AVL-ABG,2022-07-01,27.21,208.0,84.8,69.7,8.9,41.2,mixed_forest,NONE,94.6
AVL-ABG,2022-08-01,26.29,287.0,80.7,74.6,19.0,42.1,mixed_forest,NONE,96.5
AVL-ABG,2022-09-01,25.7,239.3,76.8,73.5,19.8,36.0,mixed_forest,NONE,97.5
AVL-ABG,2022-10-01,25.79,218.3,84.7,72.1,19.1,33.9,mixed_forest,NONE,100.0
AVL-ABG,2022-11-01,26.07,239.2,79.4,77.1,10.7,29.1,mixed_forest,NONE,100.0
AVL-ABG,2022-12-01,26.32,127.1,75.6,73.1,14.3,39.1,mixed_forest,NONE,96.8
AVL-ABG,2023-01-01,26.76,125.9,70.7,62.6,15.3,28.0,mixed_forest,NONE,95.8
AVL-ABG,2023-02-01,27.81,111.6,63.3,59.3,17.7,33.9,mixed_forest,NONE,97.8
AVL-ABG,2023-03-01,29.13,83.3,69.7,59.4,9.4,24.4,mixed_forest,NONE,93.6
AVL-ABG,2023-04-01,28.96,90.1,67.6,51.7,6.3,48.7,mixed_forest,NONE,97.6
AVL-ABG,2023-05-01,28.6,99.6,72.0,60.9,14.9,27.3,mixed_forest,NONE,93.8
AVL-ABG,2023-06-01,26.94,124.0,74.7,68.2,28.8,33.9,mixed_forest,NONE,94.7
AVL-ABG,2023-07-01,27.32,231.5,76.9,67.3,11.8,33.4,mixed_forest,NONE,94.0
AVL-ABG,2023-08-01,26.03,312.7,86.3,65.1,13.4,37.5,mixed_forest,NONE,94.0
AVL-ABG,2023-09-01,25.94,263.3,83.2,73.3,16.8,37.4,mixed_forest,NONE,97.0
AVL-ABG,2023-10-01,24.65,232.4,87.8,76.3,7.3,32.9,mixed_forest,NONE,93.3
AVL-ABG,2023-11-01,25.28,249.4,75.5,58.3,8.5,37.2,mixed_forest,NONE,100.0
AVL-ABG,2023-12-01,25.93,177.6,71.2,71.6,13.5,24.8,mixed_forest,NONE,96.9
AVL-ABG,2024-01-01,28.02,89.2,73.3,63.7,0.0,23.9,mixed_forest,NONE,96.2
AVL-ABG,2024-02-01,27.61,73.4,65.3,56.0,22.0,30.2,mixed_forest,NONE,95.1
AVL-ABG,2024-03-01,29.68,40.3,67.5,55.9,20.9,27.1,mixed_forest,NONE,100.0
AVL-ABG,2024-04-01,28.5,58.5,65.1,55.2,13.1,37.7,mixed_forest,NONE,100.0
AVL-ABG,2024-05-01,29.42,111.3,66.4,66.8,4.6,28.9,mixed_forest,NONE,95.0
AVL-ABG,2024-06-01,28.36,193.4,74.1,67.0,7.0,25.6,mixed_forest,NONE,100.0
AVL-ABG,2024-07-01,27.13,226.5,83.8,74.7,7.3,37.4,mixed_forest,NONE,93.6
AVL-ABG,2024-08-01,26.46,302.2,80.8,73.6,16.1,37.6,mixed_forest,HEAVY_RAIN,97.1
AVL-ABG,2024-09-01,25.54,247.2,84.4,72.8,0.4,42.4,mixed_forest,NONE,99.9
AVL-ABG,2024-10-01,25.14,230.2,86.5,76.2,11.1,35.1,mixed_forest,NONE,100.0
AVL-ABG,2024-11-01,24.78,219.0,79.9,70.3,18.2,37.9,mixed_forest,NONE,100.0
AVL-ABG,2024-12-01,26.6,174.7,77.6,70.3,9.2,13.6,mixed_forest,NONE,94.8
AVL-ABG,2025-01-01,27.88,138.8,71.3,60.1,11.9,39.2,mixed_forest,NONE,93.8
AVL-ABG,2025-02-01,28.59,97.0,69.6,57.5,17.8,32.3,mixed_forest,NONE,93.5
AVL-ABG,2025-03-01,28.89,16.6,60.7,58.4,12.8,37.3,mixed_forest,DRY_SPELL,97.6
AVL-ABG,2025-04-01,27.98,87.1,68.9,60.0,9.0,34.0,mixed_forest,NONE,98.5
AVL-ABG,2025-05-01,28.72,106.5,67.6,65.4,12.2,40.5,mixed_forest,NONE,94.7
AVL-ABG,2025-06-01,28.14,185.6,76.4,61.5,15.9,30.3,mixed_forest,NONE,98.8
AVL-ARU,2019-01-01,25.41,92.2,74.1,51.0,42.2,21.4,research_site,NONE,96.7
AVL-ARU,2019-02-01,26.46,101.3,71.3,49.2,41.6,49.7,research_site,NONE,99.1
AVL-ARU,2019-03-01,27.32,40.4,69.9,41.9,58.7,47.2,research_site,NONE,100.0
AVL-ARU,2019-04-01,28.03,106.2,70.7,40.1,53.1,50.4,research_site,NONE,93.7
AVL-ARU,2019-05-01,27.58,95.1,72.1,46.2,45.3,11.0,research_site,NONE,96.5
AVL-ARU,2019-06-01,27.55,145.4,71.9,55.2,49.2,7.4,research_site,NONE,95.9
AVL-ARU,2019-07-01,26.95,183.0,84.6,55.2,61.1,20.8,research_site,NONE,98.4
AVL-ARU,2019-08-01,25.6,212.3,81.6,59.9,58.0,50.1,research_site,NONE,97.5
AVL-ARU,2019-09-01,24.95,228.1,84.1,58.4,47.8,49.7,research_site,NONE,96.7
AVL-ARU,2019-10-01,24.19,217.7,86.2,51.8,56.1,60.3,research_site,NONE,99.9
AVL-ARU,2019-11-01,24.08,204.0,82.3,61.6,49.3,6.2,research_site,NONE,99.9
AVL-ARU,2019-12-01,25.64,159.8,82.0,47.1,45.6,21.4,research_site,NONE,95.1
AVL-ARU,2020-01-01,26.3,110.6,68.0,48.1,50.1,11.7,research_site,NONE,88.1
AVL-ARU,2020-02-01,26.21,102.4,70.7,50.0,49.2,46.6,research_site,NONE,96.9
AVL-ARU,2020-03-01,28.59,68.2,67.4,44.9,45.4,58.7,research_site,NONE,94.2
AVL-ARU,2020-04-01,28.64,48.6,71.5,44.2,54.9,44.0,research_site,NONE,96.4
AVL-ARU,2020-05-01,26.98,151.7,71.8,51.4,48.6,18.2,research_site,NONE,98.6
AVL-ARU,2020-06-01,26.88,150.7,73.2,54.0,51.7,9.0,research_site,NONE,96.3
AVL-ARU,2020-07-01,25.51,181.0,82.8,58.3,44.3,21.5,research_site,NONE,96.1
AVL-ARU,2020-08-01,24.96,193.3,81.2,51.2,40.5,44.3,research_site,NONE,97.4
AVL-ARU,2020-09-01,24.57,214.1,84.7,57.1,50.0,49.6,research_site,NONE,97.4
AVL-ARU,2020-10-01,24.31,216.6,85.5,55.5,53.7,53.0,research_site,NONE,95.7
AVL-ARU,2020-11-01,24.83,193.0,84.1,46.8,48.4,16.6,research_site,NONE,99.7
AVL-ARU,2020-12-01,24.8,138.9,76.8,50.1,53.2,16.5,research_site,NONE,88.0
AVL-ARU,2021-01-01,26.03,85.2,72.2,51.0,48.5,19.4,research_site,NONE,98.2
AVL-ARU,2021-02-01,27.05,71.6,68.3,48.1,51.6,62.2,research_site,NONE,96.4
AVL-ARU,2021-03-01,27.96,82.2,67.4,43.8,54.9,42.3,research_site,NONE,97.8
AVL-ARU,2021-04-01,28.8,53.8,65.3,48.0,37.2,38.4,research_site,NONE,93.6
AVL-ARU,2021-05-01,27.4,72.0,76.2,46.4,45.7,14.2,research_site,NONE,94.7
AVL-ARU,2021-06-01,27.17,167.8,75.5,53.8,43.0,20.5,research_site,NONE,96.4
AVL-ARU,2021-07-01,25.8,163.9,79.2,60.5,55.5,14.4,research_site,NONE,93.6
AVL-ARU,2021-08-01,25.83,227.5,82.4,59.5,48.2,47.4,research_site,NONE,97.7
AVL-ARU,2021-09-01,24.82,229.6,87.5,55.4,56.5,37.4,research_site,NONE,93.0
AVL-ARU,2021-10-01,23.98,206.5,86.6,56.4,45.6,47.2,research_site,NONE,93.5
AVL-ARU,2021-11-01,24.63,185.3,81.0,51.6,63.6,15.2,research_site,NONE,98.2
AVL-ARU,2021-12-01,24.83,157.6,79.1,51.6,42.5,19.9,research_site,NONE,94.1
AVL-ARU,2022-01-01,26.34,82.5,81.8,46.4,41.2,2.9,research_site,NONE,100.0
AVL-ARU,2022-02-01,26.94,90.1,69.4,45.0,66.9,36.8,research_site,NONE,96.2
AVL-ARU,2022-03-01,27.31,65.9,73.5,42.8,57.7,44.3,research_site,NONE,97.2
AVL-ARU,2022-04-01,27.74,70.1,64.7,38.0,60.6,59.1,research_site,NONE,98.5
AVL-ARU,2022-05-01,27.49,119.1,75.3,40.0,57.8,0.0,research_site,NONE,94.0
AVL-ARU,2022-06-01,26.64,164.5,77.8,42.6,51.5,12.5,research_site,NONE,94.1
AVL-ARU,2022-07-01,26.65,155.6,81.8,55.6,37.4,8.8,research_site,NONE,93.5
AVL-ARU,2022-08-01,25.84,258.2,86.1,54.0,48.1,44.0,research_site,NONE,96.8
AVL-ARU,2022-09-01,24.18,241.5,83.4,51.2,42.0,40.1,research_site,NONE,95.2
AVL-ARU,2022-10-01,25.01,212.9,81.0,49.9,48.8,39.3,research_site,NONE,96.9
AVL-ARU,2022-11-01,24.42,183.0,81.8,55.9,40.1,2.5,research_site,NONE,96.4
AVL-ARU,2022-12-01,24.89,169.0,76.9,50.7,51.2,17.6,research_site,NONE,97.3
AVL-ARU,2023-01-01,25.85,143.3,73.0,54.9,50.7,26.2,research_site,NONE,97.6
AVL-ARU,2023-02-01,27.87,37.6,76.7,43.3,47.0,44.7,research_site,NONE,95.1
AVL-ARU,2023-03-01,28.58,70.4,69.3,50.9,54.9,34.6,research_site,NONE,90.9
AVL-ARU,2023-04-01,27.46,73.6,66.9,43.3,47.0,44.2,research_site,NONE,96.5
AVL-ARU,2023-05-01,28.02,111.1,74.8,46.5,40.0,18.7,research_site,NONE,99.3
AVL-ARU,2023-06-01,27.66,120.1,79.5,51.0,40.9,24.1,research_site,NONE,97.7
AVL-ARU,2023-07-01,25.75,155.6,86.1,56.9,49.9,11.6,research_site,NONE,95.3
AVL-ARU,2023-08-01,25.16,243.4,84.7,55.3,57.1,46.9,research_site,NONE,94.7
AVL-ARU,2023-09-01,24.6,224.3,86.0,61.4,46.4,44.0,research_site,NONE,89.8
AVL-ARU,2023-10-01,24.0,228.7,87.5,60.7,58.8,61.6,research_site,NONE,97.9
AVL-ARU,2023-11-01,24.82,191.6,82.7,54.8,48.3,9.5,research_site,NONE,100.0
AVL-ARU,2023-12-01,24.19,124.7,81.3,51.5,49.4,10.5,research_site,NONE,90.2
AVL-ARU,2024-01-01,25.82,58.1,72.9,48.6,48.9,28.8,research_site,NONE,95.0
AVL-ARU,2024-02-01,26.32,109.2,72.7,35.1,53.4,50.8,research_site,NONE,90.7
AVL-ARU,2024-03-01,27.24,100.9,68.6,40.3,44.4,68.4,research_site,NONE,99.6
AVL-ARU,2024-04-01,28.22,91.4,70.5,43.2,45.6,44.6,research_site,NONE,98.1
AVL-ARU,2024-05-01,28.21,80.8,71.4,51.1,54.5,23.6,research_site,NONE,96.3
AVL-ARU,2024-06-01,26.05,89.6,71.2,53.0,64.6,18.1,research_site,NONE,96.5
AVL-ARU,2024-07-01,26.32,176.3,83.7,54.6,44.8,17.2,research_site,NONE,92.2
AVL-ARU,2024-08-01,26.0,227.2,82.0,59.7,47.0,54.5,research_site,NONE,97.2
AVL-ARU,2024-09-01,24.73,227.8,91.8,60.1,52.9,40.9,research_site,NONE,93.2
AVL-ARU,2024-10-01,23.91,213.1,85.6,62.4,45.1,48.7,research_site,NONE,96.6
AVL-ARU,2024-11-01,25.14,193.3,92.1,59.7,55.2,5.2,research_site,NONE,96.6
AVL-ARU,2024-12-01,25.89,152.5,79.3,48.7,43.5,22.4,research_site,NONE,93.8
AVL-ARU,2025-01-01,26.42,118.1,74.2,41.6,56.6,11.4,research_site,NONE,95.4
AVL-ARU,2025-02-01,26.17,74.5,68.8,46.9,53.0,55.0,research_site,NONE,97.1
AVL-ARU,2025-03-01,27.52,67.8,65.2,41.2,48.8,46.9,research_site,NONE,93.1
AVL-ARU,2025-04-01,28.02,60.0,71.5,48.0,52.3,44.7,research_site,NONE,98.8
AVL-ARU,2025-05-01,29.11,111.1,72.9,48.3,49.1,7.0,research_site,NONE,87.9
AVL-ARU,2025-06-01,26.56,202.9,76.4,50.0,50.5,20.8,research_site,NONE,99.1
AVL-BVM,2019-01-01,27.06,99.6,74.8,66.2,13.6,11.3,research_site,NONE,93.9
AVL-BVM,2019-02-01,27.51,99.9,73.6,61.9,16.7,10.2,research_site,NONE,93.9
AVL-BVM,2019-03-01,28.49,43.3,67.7,53.7,26.8,19.4,research_site,NONE,98.5
AVL-BVM,2019-04-01,28.08,89.8,67.4,65.6,21.7,5.9,research_site,NONE,96.6
AVL-BVM,2019-05-01,28.44,75.5,72.6,65.9,16.1,19.4,research_site,NONE,100.0
AVL-BVM,2019-06-01,27.82,153.6,80.0,65.8,22.9,0.0,research_site,NONE,99.2
AVL-BVM,2019-07-01,26.6,219.5,79.0,61.4,17.4,7.1,research_site,NONE,96.7
AVL-BVM,2019-08-01,25.96,219.9,81.1,73.0,37.1,14.4,research_site,NONE,96.4
AVL-BVM,2019-09-01,25.67,280.1,85.9,78.1,21.8,10.1,research_site,NONE,96.2
AVL-BVM,2019-10-01,24.5,249.9,81.4,68.7,23.4,10.3,research_site,NONE,98.8
AVL-BVM,2019-11-01,25.33,217.6,81.3,75.0,18.0,14.8,research_site,NONE,93.8
AVL-BVM,2019-12-01,27.39,153.6,76.1,63.5,17.8,9.6,research_site,NONE,97.2
AVL-BVM,2020-01-01,26.9,156.9,74.6,68.4,22.6,15.9,research_site,NONE,96.7
AVL-BVM,2020-02-01,27.65,61.7,73.1,62.3,17.6,14.8,research_site,NONE,89.5
AVL-BVM,2020-03-01,28.39,54.4,66.8,67.3,20.3,1.9,research_site,NONE,94.0
AVL-BVM,2020-04-01,28.28,28.2,72.0,61.0,17.5,0.0,research_site,DRY_SPELL,93.5
AVL-BVM,2020-05-01,28.86,121.0,74.0,73.5,19.4,2.3,research_site,NONE,99.0
AVL-BVM,2020-06-01,27.85,158.8,76.0,64.4,10.7,13.2,research_site,NONE,91.6
AVL-BVM,2020-07-01,26.17,211.8,82.6,78.0,25.1,8.2,research_site,NONE,92.6
AVL-BVM,2020-08-01,26.37,243.5,82.9,78.3,9.8,7.2,research_site,NONE,100.0
AVL-BVM,2020-09-01,26.13,225.4,86.3,72.6,17.4,18.2,research_site,NONE,92.7
AVL-BVM,2020-10-01,25.72,256.5,82.5,74.2,22.3,11.2,research_site,NONE,95.1
AVL-BVM,2020-11-01,25.8,205.4,77.6,73.5,16.1,5.3,research_site,NONE,94.2
AVL-BVM,2020-12-01,26.12,151.9,82.8,71.0,30.8,5.2,research_site,NONE,95.1
AVL-BVM,2021-01-01,26.79,123.9,73.5,68.4,21.5,0.0,research_site,NONE,99.9
AVL-BVM,2021-02-01,27.41,83.2,73.2,66.0,15.3,4.6,research_site,NONE,100.0
AVL-BVM,2021-03-01,29.39,90.0,69.6,60.4,20.5,14.1,research_site,NONE,96.4
AVL-BVM,2021-04-01,29.55,79.4,69.0,61.1,17.5,13.7,research_site,NONE,93.0
AVL-BVM,2021-05-01,28.72,99.3,68.2,65.6,18.3,11.1,research_site,NONE,97.3
AVL-BVM,2021-06-01,27.63,201.5,78.1,66.6,11.4,24.7,research_site,NONE,92.1
AVL-BVM,2021-07-01,26.79,209.7,79.5,69.8,24.6,11.2,research_site,NONE,98.2
AVL-BVM,2021-08-01,26.3,184.7,84.6,73.9,18.7,19.5,research_site,NONE,95.6
AVL-BVM,2021-09-01,25.59,239.1,89.7,76.1,18.4,10.2,research_site,NONE,95.0
AVL-BVM,2021-10-01,25.7,216.6,77.8,75.9,24.2,14.2,research_site,NONE,90.9
AVL-BVM,2021-11-01,25.24,196.3,80.1,76.4,23.2,2.6,research_site,NONE,98.3
AVL-BVM,2021-12-01,26.91,143.7,72.3,70.2,18.9,6.9,research_site,NONE,96.7
AVL-BVM,2022-01-01,27.56,103.7,74.3,66.8,26.2,21.3,research_site,NONE,91.4
AVL-BVM,2022-02-01,27.63,82.5,70.0,62.1,9.0,4.3,research_site,NONE,93.9
AVL-BVM,2022-03-01,29.76,67.1,66.2,67.8,33.9,10.0,research_site,NONE,98.1
AVL-BVM,2022-04-01,28.72,34.2,68.4,63.2,15.7,14.4,research_site,DRY_SPELL,96.5
AVL-BVM,2022-05-01,27.75,159.1,71.9,68.8,21.4,4.1,research_site,NONE,95.0
AVL-BVM,2022-06-01,27.48,132.0,77.7,68.2,11.8,9.9,research_site,NONE,94.3
AVL-BVM,2022-07-01,26.93,228.3,79.2,68.3,18.1,6.6,research_site,NONE,100.0
AVL-BVM,2022-08-01,26.64,243.0,84.0,68.8,28.4,24.0,research_site,NONE,98.8
AVL-BVM,2022-09-01,25.9,255.1,83.3,82.5,18.2,11.0,research_site,NONE,91.7
AVL-BVM,2022-10-01,25.53,232.3,82.9,79.8,10.7,0.0,research_site,NONE,94.5
AVL-BVM,2022-11-01,24.62,205.4,81.8,58.7,29.0,5.5,research_site,NONE,91.9
AVL-BVM,2022-12-01,25.74,202.5,77.9,65.9,7.8,17.0,research_site,NONE,97.7
AVL-BVM,2023-01-01,26.88,90.7,75.3,62.2,22.7,1.6,research_site,NONE,96.8
AVL-BVM,2023-02-01,27.45,82.5,72.1,62.7,24.9,17.0,research_site,NONE,90.3
AVL-BVM,2023-03-01,28.09,49.2,68.1,59.9,8.2,16.7,research_site,NONE,94.1
AVL-BVM,2023-04-01,29.11,50.0,73.7,59.4,20.8,11.6,research_site,NONE,97.1
AVL-BVM,2023-05-01,28.84,140.7,71.5,63.4,22.6,4.3,research_site,NONE,97.8
AVL-BVM,2023-06-01,28.49,118.8,78.4,64.3,18.6,11.0,research_site,NONE,91.5
AVL-BVM,2023-07-01,27.19,198.4,82.5,76.5,17.0,11.9,research_site,NONE,100.0
AVL-BVM,2023-08-01,26.09,250.3,87.4,77.2,28.9,0.0,research_site,NONE,95.1
AVL-BVM,2023-09-01,25.48,272.4,90.7,80.5,18.8,4.6,research_site,NONE,91.6
AVL-BVM,2023-10-01,25.56,191.8,89.3,77.4,23.5,18.2,research_site,NONE,94.8
AVL-BVM,2023-11-01,25.52,249.9,83.5,77.8,15.0,7.2,research_site,NONE,96.3
AVL-BVM,2023-12-01,25.95,162.5,75.1,64.1,20.2,18.6,research_site,NONE,100.0
AVL-BVM,2024-01-01,27.73,150.0,74.1,65.6,17.7,9.6,research_site,NONE,92.1
AVL-BVM,2024-02-01,27.76,81.9,71.4,52.8,24.8,4.4,research_site,NONE,93.4
AVL-BVM,2024-03-01,27.98,25.6,73.0,64.3,29.3,6.8,research_site,DRY_SPELL,100.0
AVL-BVM,2024-04-01,29.05,86.5,74.2,64.0,19.2,4.9,research_site,NONE,99.3
AVL-BVM,2024-05-01,28.6,109.2,77.3,66.7,20.4,10.1,research_site,NONE,97.1
AVL-BVM,2024-06-01,27.7,150.5,78.2,71.2,23.5,3.5,research_site,NONE,96.6
AVL-BVM,2024-07-01,27.08,241.7,85.6,71.2,18.4,1.4,research_site,NONE,92.0
AVL-BVM,2024-08-01,25.5,283.9,84.0,71.0,18.1,0.0,research_site,NONE,95.5
AVL-BVM,2024-09-01,26.04,227.4,80.6,76.9,27.9,1.3,research_site,NONE,98.5
AVL-BVM,2024-10-01,25.08,247.3,84.6,74.0,18.8,7.6,research_site,NONE,96.6
AVL-BVM,2024-11-01,26.35,224.0,83.8,70.2,11.2,0.0,research_site,NONE,99.4
AVL-BVM,2024-12-01,25.95,137.0,75.7,71.3,20.0,5.0,research_site,NONE,95.9
AVL-BVM,2025-01-01,27.28,118.5,66.9,58.0,24.7,13.5,research_site,NONE,93.7
AVL-BVM,2025-02-01,28.08,108.5,74.3,60.5,10.5,7.8,research_site,NONE,97.7
AVL-BVM,2025-03-01,27.95,55.7,64.0,62.3,39.2,8.7,research_site,NONE,94.9
AVL-BVM,2025-04-01,29.41,72.3,68.8,56.0,13.2,13.6,research_site,NONE,93.9
AVL-BVM,2025-05-01,29.22,102.7,71.7,60.5,22.3,12.9,research_site,NONE,100.0
AVL-BVM,2025-06-01,28.53,148.0,74.9,66.1,26.3,0.7,research_site,NONE,99.3
AVL-BWK,2019-01-01,25.88,120.2,72.5,65.1,36.4,0.0,mixed_forest,NONE,94.4
AVL-BWK,2019-02-01,27.24,67.9,69.1,62.9,18.6,2.8,mixed_forest,NONE,99.2
AVL-BWK,2019-03-01,27.26,72.6,70.8,54.7,27.1,10.8,mixed_forest,NONE,93.4
AVL-BWK,2019-04-01,26.33,49.1,64.4,62.7,32.8,13.4,mixed_forest,NONE,93.8
AVL-BWK,2019-05-01,28.22,119.4,74.4,66.0,27.5,16.6,mixed_forest,NONE,97.8
AVL-BWK,2019-06-01,26.46,136.7,76.0,64.6,31.8,11.3,mixed_forest,NONE,98.1
AVL-BWK,2019-07-01,25.57,158.3,82.3,70.7,22.7,11.5,mixed_forest,NONE,93.2
AVL-BWK,2019-08-01,24.82,210.2,82.6,71.9,21.7,23.8,mixed_forest,NONE,95.8
AVL-BWK,2019-09-01,24.0,175.7,88.7,76.6,26.7,19.1,mixed_forest,NONE,97.2
AVL-BWK,2019-10-01,24.34,205.9,82.1,72.2,18.8,12.7,mixed_forest,NONE,93.9
AVL-BWK,2019-11-01,25.37,164.8,80.5,70.9,25.8,10.3,mixed_forest,NONE,100.0
AVL-BWK,2019-12-01,24.57,106.4,77.1,70.1,24.8,5.1,mixed_forest,NONE,93.5
AVL-BWK,2020-01-01,26.36,92.1,82.0,66.7,17.0,18.4,mixed_forest,NONE,99.4
AVL-BWK,2020-02-01,27.04,77.5,70.6,62.1,24.9,15.1,mixed_forest,NONE,99.8
AVL-BWK,2020-03-01,27.45,22.1,68.6,61.7,27.1,12.5,mixed_forest,DRY_SPELL,94.2
AVL-BWK,2020-04-01,27.34,88.7,70.7,59.4,23.2,3.5,mixed_forest,NONE,96.6
AVL-BWK,2020-05-01,26.97,108.3,70.3,67.5,20.5,12.7,mixed_forest,NONE,100.0
AVL-BWK,2020-06-01,27.27,125.0,77.9,66.7,20.0,13.3,mixed_forest,NONE,92.7
AVL-BWK,2020-07-01,26.24,146.9,81.1,77.1,15.0,17.1,mixed_forest,NONE,95.8
AVL-BWK,2020-08-01,25.84,203.6,82.4,77.2,16.0,11.2,mixed_forest,NONE,96.2
AVL-BWK,2020-09-01,24.6,189.1,82.5,76.7,3.0,0.0,mixed_forest,NONE,92.1
AVL-BWK,2020-10-01,23.86,253.0,83.0,61.0,23.7,12.6,mixed_forest,NONE,89.4
AVL-BWK,2020-11-01,23.97,180.4,82.0,77.9,23.7,5.9,mixed_forest,NONE,100.0
AVL-BWK,2020-12-01,26.54,96.7,77.1,64.2,29.9,13.0,mixed_forest,NONE,97.1
AVL-BWK,2021-01-01,26.17,123.9,72.8,65.8,20.0,10.2,mixed_forest,NONE,97.8
AVL-BWK,2021-02-01,26.98,62.5,70.1,58.0,26.9,13.5,mixed_forest,NONE,90.9
AVL-BWK,2021-03-01,28.16,49.3,71.8,56.6,19.4,8.2,mixed_forest,NONE,92.6
AVL-BWK,2021-04-01,26.75,59.7,70.9,58.9,22.4,19.9,mixed_forest,NONE,94.9
AVL-BWK,2021-05-01,27.41,75.3,77.5,68.4,27.5,7.1,mixed_forest,NONE,93.1
AVL-BWK,2021-06-01,26.82,104.5,79.4,60.0,25.4,19.7,mixed_forest,NONE,94.7
AVL-BWK,2021-07-01,26.56,155.9,85.4,67.9,13.7,18.0,mixed_forest,NONE,95.8
AVL-BWK,2021-08-01,24.65,205.3,79.2,75.6,35.2,15.2,mixed_forest,NONE,96.8
AVL-BWK,2021-09-01,24.07,211.1,86.2,73.7,26.3,8.2,mixed_forest,NONE,98.1
AVL-BWK,2021-10-01,24.36,169.4,90.5,74.1,18.5,12.2,mixed_forest,NONE,97.5
AVL-BWK,2021-11-01,25.32,192.1,83.1,72.3,15.3,5.2,mixed_forest,NONE,98.5
AVL-BWK,2021-12-01,25.38,123.7,81.6,69.3,25.2,19.8,mixed_forest,NONE,95.3
AVL-BWK,2022-01-01,25.75,54.6,75.8,67.0,27.2,0.0,mixed_forest,NONE,99.5
AVL-BWK,2022-02-01,28.44,81.8,65.1,67.1,27.2,12.6,mixed_forest,NONE,100.0
AVL-BWK,2022-03-01,27.6,99.9,71.0,58.6,35.7,13.2,mixed_forest,NONE,91.5
AVL-BWK,2022-04-01,27.94,94.3,74.5,56.1,23.1,20.3,mixed_forest,NONE,94.4
AVL-BWK,2022-05-01,27.19,82.3,74.8,64.2,27.3,0.3,mixed_forest,NONE,96.1
AVL-BWK,2022-06-01,26.45,132.6,77.4,65.8,24.9,12.4,mixed_forest,NONE,94.5
AVL-BWK,2022-07-01,26.2,181.3,86.4,71.9,27.2,17.9,mixed_forest,NONE,96.4
AVL-BWK,2022-08-01,24.79,138.4,85.0,70.9,28.6,2.0,mixed_forest,NONE,100.0
AVL-BWK,2022-09-01,24.01,186.6,87.8,71.6,20.0,16.3,mixed_forest,NONE,96.0
AVL-BWK,2022-10-01,24.23,197.1,88.1,74.6,25.9,0.0,mixed_forest,NONE,99.5
AVL-BWK,2022-11-01,24.16,125.0,78.8,66.5,30.4,17.9,mixed_forest,NONE,98.3
AVL-BWK,2022-12-01,25.07,143.1,83.0,67.1,24.9,16.2,mixed_forest,NONE,93.0
AVL-BWK,2023-01-01,25.76,96.0,82.6,66.5,23.8,10.8,mixed_forest,NONE,93.9
AVL-BWK,2023-02-01,26.45,78.1,72.8,67.0,30.4,11.8,mixed_forest,NONE,97.4
AVL-BWK,2023-03-01,28.15,45.3,69.8,64.1,36.4,5.9,mixed_forest,NONE,95.7
AVL-BWK,2023-04-01,28.6,61.3,69.9,59.1,30.5,8.2,mixed_forest,NONE,94.8
AVL-BWK,2023-05-01,27.2,83.7,72.4,65.3,27.9,6.4,mixed_forest,NONE,99.4
AVL-BWK,2023-06-01,27.63,136.0,74.4,65.2,23.0,15.3,mixed_forest,NONE,95.0
AVL-BWK,2023-07-01,26.01,154.6,83.9,73.0,22.1,12.4,mixed_forest,NONE,98.6
AVL-BWK,2023-08-01,25.26,201.4,82.0,74.6,30.1,5.2,mixed_forest,NONE,96.7
AVL-BWK,2023-09-01,24.89,245.4,86.3,77.0,24.6,9.9,mixed_forest,NONE,92.7
AVL-BWK,2023-10-01,23.51,221.2,87.2,70.0,22.6,0.0,mixed_forest,NONE,93.3
AVL-BWK,2023-11-01,25.7,176.7,81.2,73.6,29.7,10.5,mixed_forest,NONE,100.0
AVL-BWK,2023-12-01,24.86,175.4,83.8,74.5,21.2,13.7,mixed_forest,NONE,93.8
AVL-BWK,2024-01-01,26.01,83.2,71.9,57.9,23.4,4.8,mixed_forest,NONE,92.0
AVL-BWK,2024-02-01,27.3,92.4,71.6,57.8,29.4,17.5,mixed_forest,NONE,98.6
AVL-BWK,2024-03-01,27.23,55.7,69.7,54.1,29.2,18.6,mixed_forest,NONE,94.2
AVL-BWK,2024-04-01,27.83,109.2,71.7,58.0,23.9,2.1,mixed_forest,NONE,94.1
AVL-BWK,2024-05-01,27.69,81.5,68.2,57.4,33.1,13.9,mixed_forest,NONE,98.4
AVL-BWK,2024-06-01,27.34,141.8,78.8,63.5,28.6,0.0,mixed_forest,NONE,92.4
AVL-BWK,2024-07-01,25.83,173.0,77.0,69.9,27.1,4.8,mixed_forest,NONE,97.0
AVL-BWK,2024-08-01,25.49,218.5,86.0,74.8,20.0,10.7,mixed_forest,NONE,98.4
AVL-BWK,2024-09-01,24.32,198.2,90.0,82.1,25.3,16.6,mixed_forest,NONE,94.8
AVL-BWK,2024-10-01,24.03,190.3,85.5,77.8,32.3,7.4,mixed_forest,NONE,98.3
AVL-BWK,2024-11-01,25.32,202.1,89.1,66.0,22.3,17.5,mixed_forest,NONE,93.5
AVL-BWK,2024-12-01,25.46,98.8,81.7,71.2,21.5,10.9,mixed_forest,NONE,96.9
AVL-BWK,2025-01-01,26.03,170.4,80.3,67.9,13.2,3.3,mixed_forest,NONE,93.9
AVL-BWK,2025-02-01,27.04,62.7,68.2,53.9,23.3,14.6,mixed_forest,NONE,92.7
AVL-BWK,2025-03-01,27.88,82.9,69.9,62.3,14.7,0.0,mixed_forest,NONE,100.0
AVL-BWK,2025-04-01,28.59,35.0,70.1,59.0,26.6,7.7,mixed_forest,DRY_SPELL,93.4
AVL-BWK,2025-05-01,28.01,97.0,75.8,61.9,28.5,2.0,mixed_forest,NONE,88.8
AVL-BWK,2025-06-01,27.56,125.3,74.9,74.5,16.9,7.7,mixed_forest,NONE,100.0
AVL-DER,2019-01-01,26.55,84.2,68.0,66.0,5.7,10.5,mixed_forest,NONE,95.9
AVL-DER,2019-02-01,27.73,60.8,71.5,61.2,20.0,13.3,mixed_forest,NONE,100.0
AVL-DER,2019-03-01,29.04,45.6,66.3,67.2,14.7,6.9,mixed_forest,NONE,90.2
AVL-DER,2019-04-01,28.27,108.9,70.5,59.8,12.5,10.6,mixed_forest,NONE,95.2
AVL-DER,2019-05-01,28.83,31.0,72.7,64.7,9.9,9.3,mixed_forest,DRY_SPELL,96.3
AVL-DER,2019-06-01,28.4,125.0,77.7,69.7,9.3,24.1,mixed_forest,NONE,94.2
AVL-DER,2019-07-01,26.58,211.5,83.1,83.6,18.5,7.4,mixed_forest,NONE,99.0
AVL-DER,2019-08-01,25.88,199.1,77.7,83.1,5.3,12.0,mixed_forest,NONE,99.9
AVL-DER,2019-09-01,24.74,253.1,87.2,85.6,0.9,17.0,mixed_forest,NONE,99.0
AVL-DER,2019-10-01,24.74,217.3,81.8,69.3,15.8,11.2,mixed_forest,NONE,94.2
AVL-DER,2019-11-01,25.87,166.0,79.3,81.1,13.1,6.1,mixed_forest,NONE,98.6
AVL-DER,2019-12-01,26.37,141.5,78.2,68.3,11.6,20.4,mixed_forest,NONE,93.2
AVL-DER,2020-01-01,26.84,73.5,70.2,70.9,10.9,16.4,mixed_forest,NONE,96.1
AVL-DER,2020-02-01,27.47,82.9,68.0,64.4,5.9,10.9,mixed_forest,NONE,94.2
AVL-DER,2020-03-01,28.1,64.6,66.9,69.5,0.0,14.1,mixed_forest,NONE,100.0
AVL-DER,2020-04-01,28.57,39.2,68.1,69.3,6.4,22.6,mixed_forest,NONE,93.0
AVL-DER,2020-05-01,29.18,80.0,72.9,71.3,1.5,4.2,mixed_forest,NONE,93.0
AVL-DER,2020-06-01,28.19,143.6,74.4,70.4,10.1,12.7,mixed_forest,NONE,98.7
AVL-DER,2020-07-01,26.92,224.7,81.5,76.1,17.3,20.3,mixed_forest,NONE,97.6
AVL-DER,2020-08-01,26.58,198.9,84.8,77.8,7.4,21.0,mixed_forest,NONE,95.2
AVL-DER,2020-09-01,24.62,237.6,84.6,78.3,13.6,10.2,mixed_forest,NONE,97.9
AVL-DER,2020-10-01,25.37,268.9,82.4,75.0,2.7,10.5,mixed_forest,HEAVY_RAIN,99.9
AVL-DER,2020-11-01,26.65,195.7,79.2,70.2,8.5,15.7,mixed_forest,NONE,97.6
AVL-DER,2020-12-01,27.25,131.8,77.6,71.4,11.6,16.0,mixed_forest,NONE,100.0
AVL-DER,2021-01-01,26.67,84.9,65.9,72.5,5.8,18.8,mixed_forest,NONE,97.0
AVL-DER,2021-02-01,28.43,59.8,70.4,59.5,19.2,11.4,mixed_forest,NONE,93.6
AVL-DER,2021-03-01,28.46,82.9,63.2,59.0,4.9,10.5,mixed_forest,NONE,93.8
AVL-DER,2021-04-01,28.77,82.3,64.4,61.3,12.1,17.7,mixed_forest,NONE,100.0
AVL-DER,2021-05-01,28.31,114.4,73.3,71.0,14.8,19.3,mixed_forest,NONE,94.4
AVL-DER,2021-06-01,27.68,147.8,73.8,73.1,16.6,12.6,mixed_forest,NONE,92.6
AVL-DER,2021-07-01,25.72,162.5,80.8,71.0,0.0,21.0,mixed_forest,NONE,93.7
AVL-DER,2021-08-01,25.98,246.9,77.9,67.1,15.8,12.3,mixed_forest,NONE,94.4
AVL-DER,2021-09-01,26.04,248.3,85.2,78.9,4.2,11.1,mixed_forest,NONE,93.0
AVL-DER,2021-10-01,24.75,224.8,87.1,77.0,8.5,11.8,mixed_forest,NONE,88.0
AVL-DER,2021-11-01,26.3,215.9,75.3,70.9,9.7,13.1,mixed_forest,NONE,91.6
AVL-DER,2021-12-01,26.78,162.6,74.5,61.5,9.6,13.2,mixed_forest,NONE,97.3
AVL-DER,2022-01-01,26.55,85.3,71.1,67.8,11.0,20.7,mixed_forest,NONE,93.4
AVL-DER,2022-02-01,27.7,71.3,67.9,65.4,7.1,15.0,mixed_forest,NONE,96.9
AVL-DER,2022-03-01,28.75,77.2,64.9,60.1,9.1,30.9,mixed_forest,NONE,94.4
AVL-DER,2022-04-01,28.55,86.1,65.1,58.0,2.1,27.9,mixed_forest,NONE,97.8
AVL-DER,2022-05-01,28.46,74.1,66.1,75.3,5.6,24.2,mixed_forest,NONE,100.0
AVL-DER,2022-06-01,27.76,164.1,76.0,69.4,14.4,25.8,mixed_forest,NONE,99.6
AVL-DER,2022-07-01,27.71,174.9,84.6,71.8,13.8,0.0,mixed_forest,NONE,90.6
AVL-DER,2022-08-01,26.08,260.4,82.2,75.8,10.9,4.0,mixed_forest,NONE,99.5
AVL-DER,2022-09-01,26.09,152.6,81.5,77.6,0.0,15.6,mixed_forest,NONE,93.3
AVL-DER,2022-10-01,24.29,188.9,85.1,72.2,5.6,10.7,mixed_forest,NONE,95.3
AVL-DER,2022-11-01,24.67,186.1,81.0,66.3,12.1,5.8,mixed_forest,NONE,98.2
AVL-DER,2022-12-01,25.11,155.8,79.5,64.7,4.2,8.8,mixed_forest,NONE,96.7
AVL-DER,2023-01-01,27.19,135.1,74.8,66.9,13.5,3.0,mixed_forest,NONE,98.1
AVL-DER,2023-02-01,28.49,78.1,70.0,67.4,0.0,10.0,mixed_forest,NONE,97.0
AVL-DER,2023-03-01,29.0,38.0,66.1,66.4,5.9,14.0,mixed_forest,NONE,91.0
AVL-DER,2023-04-01,28.5,76.5,68.2,69.7,11.5,17.4,mixed_forest,NONE,96.3
AVL-DER,2023-05-01,29.71,105.3,73.7,64.5,6.8,12.3,mixed_forest,NONE,99.2
AVL-DER,2023-06-01,27.29,142.3,75.6,71.2,11.1,1.6,mixed_forest,NONE,100.0
AVL-DER,2023-07-01,27.24,224.2,79.2,78.5,15.0,13.9,mixed_forest,NONE,93.2
AVL-DER,2023-08-01,24.99,239.9,84.7,77.0,5.2,2.1,mixed_forest,NONE,92.3
AVL-DER,2023-09-01,25.16,225.6,82.4,77.5,15.6,25.7,mixed_forest,NONE,98.7
AVL-DER,2023-10-01,25.61,230.1,81.3,67.3,7.2,11.2,mixed_forest,NONE,98.3
AVL-DER,2023-11-01,25.45,184.7,81.0,74.9,0.9,12.2,mixed_forest,NONE,98.6
AVL-DER,2023-12-01,25.81,128.7,79.3,65.9,14.8,8.85,mixed_forest,NONE,94.0
AVL-DER,2024-01-01,27.81,125.6,76.3,66.4,12.9,5.5,mixed_forest,NONE,90.6
AVL-DER,2024-02-01,28.06,41.8,67.0,62.3,9.3,14.5,mixed_forest,NONE,100.0
AVL-DER,2024-03-01,29.19,92.9,65.7,65.3,12.1,23.3,mixed_forest,NONE,96.0
AVL-DER,2024-04-01,29.88,70.8,69.9,58.4,6.9,10.3,mixed_forest,NONE,92.7
AVL-DER,2024-05-01,29.21,126.8,68.6,68.1,25.9,15.6,mixed_forest,NONE,98.6
AVL-DER,2024-06-01,28.61,183.2,70.4,69.9,2.0,7.6,mixed_forest,NONE,98.1
AVL-DER,2024-07-01,27.75,225.8,79.5,76.0,19.8,20.5,mixed_forest,NONE,97.6
AVL-DER,2024-08-01,26.39,245.7,76.1,76.2,6.6,13.3,mixed_forest,NONE,94.8
AVL-DER,2024-09-01,25.62,249.5,87.0,78.3,9.7,13.9,mixed_forest,NONE,96.1
AVL-DER,2024-10-01,25.59,243.9,79.8,71.5,6.9,18.8,mixed_forest,NONE,100.0
AVL-DER,2024-11-01,26.14,208.8,78.9,61.4,15.1,17.1,mixed_forest,NONE,94.7
AVL-DER,2024-12-01,26.36,175.7,75.4,73.7,1.8,20.0,mixed_forest,NONE,96.4
AVL-DER,2025-01-01,28.32,100.0,75.9,69.5,7.6,19.1,mixed_forest,NONE,96.5
AVL-DER,2025-02-01,27.64,80.9,72.3,61.2,4.1,13.9,mixed_forest,NONE,97.9
AVL-DER,2025-03-01,28.1,102.1,60.0,64.0,6.3,11.0,mixed_forest,NONE,97.5
AVL-DER,2025-04-01,28.72,75.8,68.2,69.2,14.2,11.7,mixed_forest,NONE,98.9
AVL-DER,2025-05-01,28.75,128.2,74.1,67.0,4.1,9.3,mixed_forest,NONE,96.2
AVL-DER,2025-06-01,28.08,133.1,81.3,68.6,13.8,8.4,mixed_forest,NONE,97.7
AVL-ECJ,2019-01-01,27.24,82.9,76.4,70.9,36.1,40.5,durian_orchard,NONE,100.0
AVL-ECJ,2019-02-01,27.85,93.8,65.6,62.1,34.9,41.6,durian_orchard,NONE,95.5
AVL-ECJ,2019-03-01,27.32,69.6,67.4,62.5,25.1,43.1,durian_orchard,NONE,96.9
AVL-ECJ,2019-04-01,28.13,77.0,69.4,72.2,38.4,37.6,durian_orchard,NONE,96.6
AVL-ECJ,2019-05-01,28.49,110.0,71.9,60.6,27.4,47.2,durian_orchard,NONE,97.6
AVL-ECJ,2019-06-01,28.23,184.0,72.1,72.2,38.2,36.8,durian_orchard,NONE,93.4
AVL-ECJ,2019-07-01,27.02,200.0,75.7,76.4,42.0,47.4,durian_orchard,NONE,92.6
AVL-ECJ,2019-08-01,26.18,220.8,81.9,80.0,30.0,53.8,durian_orchard,NONE,100.0
AVL-ECJ,2019-09-01,25.37,213.3,83.6,85.0,32.6,39.2,durian_orchard,NONE,91.6
AVL-ECJ,2019-10-01,25.0,232.5,82.0,72.1,30.0,49.6,durian_orchard,NONE,98.5
AVL-ECJ,2019-11-01,25.36,210.5,78.1,72.9,22.3,37.9,durian_orchard,NONE,93.8
AVL-ECJ,2019-12-01,26.2,164.7,79.8,71.1,42.7,40.7,durian_orchard,NONE,95.8
AVL-ECJ,2020-01-01,25.84,92.3,73.0,61.8,37.0,33.5,durian_orchard,NONE,98.4
AVL-ECJ,2020-02-01,27.79,57.1,71.7,67.7,28.7,41.7,durian_orchard,NONE,95.1
AVL-ECJ,2020-03-01,27.27,70.8,72.6,62.6,25.5,40.2,durian_orchard,NONE,96.0
AVL-ECJ,2020-04-01,28.17,106.5,68.4,72.4,30.2,48.3,durian_orchard,NONE,93.4
AVL-ECJ,2020-05-01,27.7,70.5,71.9,69.4,40.6,40.6,durian_orchard,NONE,95.2
AVL-ECJ,2020-06-01,27.06,122.0,72.7,75.7,29.2,41.8,durian_orchard,NONE,98.3
AVL-ECJ,2020-07-01,27.34,219.2,81.7,74.2,22.6,51.5,durian_orchard,NONE,97.3
AVL-ECJ,2020-08-01,26.2,224.3,84.2,80.2,32.3,42.1,durian_orchard,NONE,95.0
AVL-ECJ,2020-09-01,25.05,279.4,89.4,76.6,38.7,39.7,durian_orchard,NONE,88.7
AVL-ECJ,2020-10-01,25.23,200.3,83.5,76.2,28.3,43.3,durian_orchard,NONE,94.7
AVL-ECJ,2020-11-01,25.46,202.7,82.3,76.2,24.7,45.4,durian_orchard,NONE,97.4
AVL-ECJ,2020-12-01,26.87,216.8,76.9,75.8,32.0,38.1,durian_orchard,NONE,99.7
AVL-ECJ,2021-01-01,27.28,133.3,72.5,65.6,34.2,46.4,durian_orchard,NONE,99.6
AVL-ECJ,2021-02-01,27.62,107.8,69.8,65.2,32.1,36.4,durian_orchard,NONE,96.9
AVL-ECJ,2021-03-01,27.96,83.8,64.4,64.7,27.7,54.7,durian_orchard,NONE,94.0
AVL-ECJ,2021-04-01,27.94,76.9,65.1,70.1,24.1,42.9,durian_orchard,NONE,91.2
AVL-ECJ,2021-05-01,28.75,107.5,68.1,67.0,30.1,44.2,durian_orchard,NONE,97.1
AVL-ECJ,2021-06-01,26.91,170.3,75.5,74.7,33.4,40.1,durian_orchard,NONE,91.1
AVL-ECJ,2021-07-01,26.5,214.6,81.4,71.2,43.5,37.2,durian_orchard,NONE,98.3
AVL-ECJ,2021-08-01,26.13,230.8,81.8,74.5,32.7,37.9,durian_orchard,NONE,96.1
AVL-ECJ,2021-09-01,24.9,247.7,86.9,87.6,34.5,37.0,durian_orchard,NONE,92.9
AVL-ECJ,2021-10-01,24.72,208.2,78.4,77.8,27.5,50.2,durian_orchard,NONE,89.3
AVL-ECJ,2021-11-01,25.08,254.9,84.6,72.4,34.4,29.3,durian_orchard,NONE,97.2
AVL-ECJ,2021-12-01,25.87,125.9,77.3,72.7,35.3,34.7,durian_orchard,NONE,95.8
AVL-ECJ,2022-01-01,26.73,85.9,70.6,66.6,33.8,49.9,durian_orchard,NONE,99.4
AVL-ECJ,2022-02-01,27.53,57.5,67.9,70.4,30.7,58.1,durian_orchard,NONE,95.6
AVL-ECJ,2022-03-01,28.46,41.2,66.7,71.5,35.0,40.1,durian_orchard,NONE,92.0
AVL-ECJ,2022-04-01,28.15,100.0,72.6,67.9,25.6,46.0,durian_orchard,NONE,100.0
AVL-ECJ,2022-05-01,27.59,83.9,73.7,66.7,35.4,37.2,durian_orchard,NONE,96.0
AVL-ECJ,2022-06-01,26.68,148.6,76.5,71.0,26.0,35.5,durian_orchard,NONE,92.6
AVL-ECJ,2022-07-01,26.42,217.2,75.8,76.1,42.7,47.5,durian_orchard,NONE,92.8
AVL-ECJ,2022-08-01,26.29,272.4,87.3,75.1,39.8,40.3,durian_orchard,NONE,97.8
AVL-ECJ,2022-09-01,24.98,275.2,82.5,77.6,29.0,36.8,durian_orchard,HEAVY_RAIN,95.9
AVL-ECJ,2022-10-01,24.03,212.9,85.0,78.8,36.2,30.2,durian_orchard,NONE,95.0
AVL-ECJ,2022-11-01,25.1,213.1,79.6,75.1,26.8,41.5,durian_orchard,NONE,97.8
AVL-ECJ,2022-12-01,26.15,139.4,79.7,65.8,20.8,37.3,durian_orchard,NONE,94.1
AVL-ECJ,2023-01-01,26.77,116.7,69.8,69.8,34.1,36.9,durian_orchard,NONE,97.7
AVL-ECJ,2023-02-01,27.37,77.2,68.8,64.5,25.5,61.4,durian_orchard,NONE,95.1
AVL-ECJ,2023-03-01,26.99,79.9,73.9,63.6,26.8,50.2,durian_orchard,NONE,97.8
AVL-ECJ,2023-04-01,29.01,58.4,75.2,69.9,34.2,37.5,durian_orchard,NONE,94.7
AVL-ECJ,2023-05-01,28.17,152.0,70.5,71.0,30.2,31.7,durian_orchard,NONE,97.8
AVL-ECJ,2023-06-01,28.54,168.2,77.2,64.8,38.3,25.6,durian_orchard,NONE,95.7
AVL-ECJ,2023-07-01,26.83,193.8,78.1,75.8,40.0,43.9,durian_orchard,NONE,96.7
AVL-ECJ,2023-08-01,25.14,201.0,89.6,76.0,26.8,40.6,durian_orchard,NONE,96.8
AVL-ECJ,2023-09-01,25.28,280.0,81.5,74.6,34.8,40.9,durian_orchard,NONE,94.7
AVL-ECJ,2023-10-01,24.54,280.4,84.0,75.8,33.6,38.7,durian_orchard,NONE,95.3
AVL-ECJ,2023-11-01,24.55,213.0,83.5,70.1,25.6,30.5,durian_orchard,NONE,100.0
AVL-ECJ,2023-12-01,26.16,134.2,75.9,66.7,40.8,41.2,durian_orchard,NONE,100.0
AVL-ECJ,2024-01-01,25.72,117.5,70.6,68.9,38.8,33.1,durian_orchard,NONE,96.8
AVL-ECJ,2024-02-01,27.73,35.8,68.5,61.0,34.3,42.8,durian_orchard,NONE,95.7
AVL-ECJ,2024-03-01,28.2,69.9,62.4,68.1,34.6,39.2,durian_orchard,NONE,94.1
AVL-ECJ,2024-04-01,28.26,48.2,70.6,60.8,39.0,34.4,durian_orchard,NONE,95.4
AVL-ECJ,2024-05-01,27.97,177.5,75.9,69.4,41.9,45.0,durian_orchard,NONE,97.8
AVL-ECJ,2024-06-01,27.28,170.9,70.5,71.5,31.1,33.2,durian_orchard,NONE,92.5
AVL-ECJ,2024-07-01,27.44,182.3,80.4,71.8,30.4,29.2,durian_orchard,NONE,97.4
AVL-ECJ,2024-08-01,25.9,222.0,80.3,82.5,29.2,42.0,durian_orchard,NONE,96.1
AVL-ECJ,2024-09-01,25.45,247.7,90.3,81.5,31.7,41.8,durian_orchard,NONE,95.0
AVL-ECJ,2024-10-01,25.65,233.5,86.2,77.2,41.2,39.6,durian_orchard,NONE,93.5
AVL-ECJ,2024-11-01,24.57,202.4,84.7,69.5,41.7,31.6,durian_orchard,NONE,100.0
AVL-ECJ,2024-12-01,26.03,121.6,73.9,66.8,18.6,54.1,durian_orchard,NONE,92.6
AVL-ECJ,2025-01-01,27.1,121.8,70.8,73.3,25.1,45.2,durian_orchard,NONE,93.3
AVL-ECJ,2025-02-01,27.25,47.0,73.3,71.9,18.4,29.2,durian_orchard,NONE,100.0
AVL-ECJ,2025-03-01,28.87,63.7,67.8,69.2,39.3,44.0,durian_orchard,NONE,93.8
AVL-ECJ,2025-04-01,29.36,81.4,65.8,61.9,38.6,40.0,durian_orchard,NONE,92.2
AVL-ECJ,2025-05-01,28.1,67.8,75.5,71.5,46.6,38.4,durian_orchard,NONE,96.7
AVL-ECJ,2025-06-01,29.0,135.8,77.4,72.1,36.5,53.1,durian_orchard,NONE,98.3
AVL-FNM,2019-01-01,27.1,147.6,71.3,54.7,10.6,15.2,research_site,NONE,94.0
AVL-FNM,2019-02-01,28.2,73.3,69.3,48.3,38.9,5.9,research_site,NONE,97.4
AVL-FNM,2019-03-01,28.44,96.7,68.0,44.3,27.4,9.2,research_site,NONE,96.9
AVL-FNM,2019-04-01,29.17,96.5,72.2,35.7,32.4,9.1,research_site,NONE,92.6
AVL-FNM,2019-05-01,28.72,120.1,76.8,48.4,18.2,18.4,research_site,NONE,95.6
AVL-FNM,2019-06-01,27.4,96.4,77.4,54.3,16.4,21.7,research_site,NONE,99.3
AVL-FNM,2019-07-01,27.15,221.8,80.7,56.7,22.8,22.3,research_site,NONE,95.0
AVL-FNM,2019-08-01,26.07,262.2,80.2,56.7,25.3,19.2,research_site,NONE,94.2
AVL-FNM,2019-09-01,25.83,284.7,85.1,59.4,18.1,23.4,research_site,NONE,96.3
AVL-FNM,2019-10-01,26.02,253.8,85.0,66.3,21.0,14.1,research_site,NONE,96.9
AVL-FNM,2019-11-01,26.36,199.6,83.1,59.0,16.4,19.2,research_site,NONE,91.8
AVL-FNM,2019-12-01,26.71,188.0,75.7,49.8,39.7,0.0,research_site,NONE,93.4
AVL-FNM,2020-01-01,26.96,153.6,76.5,52.2,32.6,11.3,research_site,NONE,97.9
AVL-FNM,2020-02-01,28.22,80.5,67.0,46.5,28.9,12.6,research_site,NONE,98.8
AVL-FNM,2020-03-01,28.72,67.1,68.6,48.3,18.3,15.2,research_site,NONE,98.2
AVL-FNM,2020-04-01,28.65,135.1,67.8,47.0,25.1,10.3,research_site,NONE,98.1
AVL-FNM,2020-05-01,29.03,99.5,72.7,46.5,22.8,22.8,research_site,NONE,96.8
AVL-FNM,2020-06-01,29.77,171.0,74.5,58.9,11.7,18.8,research_site,NONE,97.2
AVL-FNM,2020-07-01,28.09,205.8,80.5,52.4,23.4,20.6,research_site,NONE,99.4
AVL-FNM,2020-08-01,27.32,271.9,82.8,63.6,22.4,13.7,research_site,NONE,95.7
AVL-FNM,2020-09-01,25.69,268.9,86.2,61.1,8.1,14.1,research_site,NONE,94.7
AVL-FNM,2020-10-01,25.56,269.9,83.0,63.6,24.1,5.2,research_site,NONE,100.0
AVL-FNM,2020-11-01,26.02,217.0,80.3,50.1,22.3,9.8,research_site,NONE,91.6
AVL-FNM,2020-12-01,26.02,138.9,72.8,58.8,10.4,28.4,research_site,NONE,96.8
AVL-FNM,2021-01-01,26.48,123.3,70.6,44.8,26.7,15.4,research_site,NONE,98.7
AVL-FNM,2021-02-01,28.3,83.2,67.0,48.8,23.9,12.6,research_site,NONE,95.8
AVL-FNM,2021-03-01,29.28,124.0,65.5,44.3,15.8,20.9,research_site,NONE,98.3
AVL-FNM,2021-04-01,29.63,76.3,69.8,38.5,9.5,14.8,research_site,NONE,97.6
AVL-FNM,2021-05-01,29.24,70.2,73.7,43.3,18.2,11.1,research_site,NONE,94.1
AVL-FNM,2021-06-01,28.53,163.4,80.9,48.4,19.1,23.7,research_site,NONE,97.3
AVL-FNM,2021-07-01,27.23,224.1,79.4,59.9,21.2,15.4,research_site,NONE,98.4
AVL-FNM,2021-08-01,26.06,258.6,83.7,68.2,19.5,19.2,research_site,NONE,97.4
AVL-FNM,2021-09-01,26.06,312.2,89.6,63.0,25.2,18.4,research_site,NONE,100.0
AVL-FNM,2021-10-01,27.14,247.5,90.3,60.4,14.0,0.0,research_site,NONE,98.0
AVL-FNM,2021-11-01,26.29,291.6,82.6,63.0,29.0,15.4,research_site,NONE,92.9
AVL-FNM,2021-12-01,25.2,164.9,74.4,62.6,15.8,7.8,research_site,NONE,87.8
AVL-FNM,2022-01-01,27.52,92.2,73.7,52.7,29.8,9.7,research_site,NONE,96.8
AVL-FNM,2022-02-01,28.71,57.9,67.9,44.0,29.1,8.2,research_site,NONE,86.3
AVL-FNM,2022-03-01,28.89,62.4,70.0,55.0,32.2,29.6,research_site,NONE,99.0
AVL-FNM,2022-04-01,29.3,109.1,67.4,46.6,21.8,13.5,research_site,NONE,96.7
AVL-FNM,2022-05-01,29.23,118.2,74.4,48.1,31.1,13.8,research_site,NONE,95.2
AVL-FNM,2022-06-01,28.75,151.5,77.6,48.6,17.4,13.3,research_site,NONE,93.4
AVL-FNM,2022-07-01,27.79,195.0,82.1,57.9,24.7,9.4,research_site,NONE,96.6
AVL-FNM,2022-08-01,26.96,276.5,82.7,58.9,25.2,0.0,research_site,HEAVY_RAIN,91.5
AVL-FNM,2022-09-01,26.74,243.3,83.6,60.7,25.8,17.3,research_site,NONE,99.3
AVL-FNM,2022-10-01,24.76,256.9,82.1,62.1,20.7,15.4,research_site,NONE,99.3
AVL-FNM,2022-11-01,26.77,214.9,79.7,61.7,15.0,11.3,research_site,NONE,97.1
AVL-FNM,2022-12-01,26.91,153.1,75.9,60.7,14.6,11.8,research_site,NONE,98.8
AVL-FNM,2023-01-01,27.44,118.2,74.3,51.2,24.1,10.4,research_site,NONE,98.1
AVL-FNM,2023-02-01,28.14,75.9,66.0,48.6,17.6,11.4,research_site,NONE,97.7
AVL-FNM,2023-03-01,29.36,55.7,68.2,53.3,22.9,10.7,research_site,NONE,100.0
AVL-FNM,2023-04-01,29.25,36.8,71.2,51.4,24.0,22.1,research_site,NONE,92.3
AVL-FNM,2023-05-01,29.21,129.1,68.8,52.0,18.0,8.3,research_site,NONE,96.3
AVL-FNM,2023-06-01,27.59,163.6,75.0,56.2,21.3,11.1,research_site,NONE,99.5
AVL-FNM,2023-07-01,27.58,238.1,78.8,54.1,22.0,3.4,research_site,NONE,97.0
AVL-FNM,2023-08-01,27.16,257.3,79.8,61.2,9.2,12.6,research_site,NONE,99.0
AVL-FNM,2023-09-01,25.55,243.5,84.4,63.6,27.0,15.9,research_site,NONE,93.1
AVL-FNM,2023-10-01,26.36,227.6,81.2,55.7,17.0,6.2,research_site,NONE,98.3
AVL-FNM,2023-11-01,26.47,252.5,80.8,59.6,16.7,19.7,research_site,NONE,94.3
AVL-FNM,2023-12-01,26.59,207.1,77.3,48.2,17.4,8.7,research_site,NONE,99.0
AVL-FNM,2024-01-01,27.78,96.8,78.4,44.4,26.0,20.5,research_site,NONE,99.0
AVL-FNM,2024-02-01,28.83,97.3,67.0,45.3,13.4,10.4,research_site,NONE,97.0
AVL-FNM,2024-03-01,28.93,80.6,68.9,42.5,23.6,2.7,research_site,NONE,98.2
AVL-FNM,2024-04-01,29.5,85.0,68.9,51.0,18.3,25.9,research_site,NONE,100.0
AVL-FNM,2024-05-01,29.45,89.9,72.4,49.8,27.0,11.1,research_site,NONE,94.3
AVL-FNM,2024-06-01,28.36,149.1,73.7,54.5,17.2,12.5,research_site,NONE,96.5
AVL-FNM,2024-07-01,27.81,217.2,79.9,56.2,23.4,17.9,research_site,NONE,94.1
AVL-FNM,2024-08-01,26.47,268.4,83.4,63.5,5.1,14.3,research_site,NONE,96.6
AVL-FNM,2024-09-01,26.37,225.6,87.1,63.4,31.0,12.9,research_site,NONE,94.6
AVL-FNM,2024-10-01,26.0,248.5,83.0,66.4,22.9,15.9,research_site,NONE,98.5
AVL-FNM,2024-11-01,26.48,182.0,81.4,60.2,24.8,4.1,research_site,NONE,100.0
AVL-FNM,2024-12-01,27.63,200.9,73.3,54.0,23.6,17.3,research_site,NONE,100.0
AVL-FNM,2025-01-01,28.36,98.2,72.8,55.0,20.0,8.9,research_site,NONE,99.0
AVL-FNM,2025-02-01,28.22,120.9,66.7,50.4,10.3,21.8,research_site,NONE,92.7
AVL-FNM,2025-03-01,28.6,29.0,65.0,52.0,15.9,27.0,research_site,DRY_SPELL,97.8
AVL-FNM,2025-04-01,29.52,110.2,68.6,46.2,21.9,11.5,research_site,NONE,95.3
AVL-FNM,2025-05-01,29.57,77.9,69.2,50.5,24.9,1.8,research_site,NONE,99.6
AVL-FNM,2025-06-01,28.15,158.5,76.4,48.6,23.9,22.8,research_site,NONE,99.3
AVL-FNQ,2019-01-01,26.03,111.3,77.0,43.7,54.8,56.5,mixed_agriculture,HEAVY_RAIN,93.9
AVL-FNQ,2019-02-01,26.44,101.5,67.3,45.9,33.2,41.7,mixed_agriculture,NONE,93.9
AVL-FNQ,2019-03-01,27.41,97.1,62.5,41.9,40.8,52.0,mixed_agriculture,NONE,92.2
AVL-FNQ,2019-04-01,27.28,91.0,62.9,42.0,33.0,61.3,mixed_agriculture,NONE,100.0
AVL-FNQ,2019-05-01,27.43,145.0,71.1,39.1,42.8,51.5,mixed_agriculture,NONE,93.3
AVL-FNQ,2019-06-01,26.43,198.0,74.6,43.7,41.4,50.6,mixed_agriculture,NONE,100.0
AVL-FNQ,2019-07-01,26.02,247.4,82.9,61.9,33.5,41.4,mixed_agriculture,NONE,97.3
AVL-FNQ,2019-08-01,25.14,229.8,84.4,50.2,52.1,51.9,mixed_agriculture,NONE,97.2
AVL-FNQ,2019-09-01,24.84,219.3,81.8,56.2,44.7,70.6,mixed_agriculture,NONE,97.6
AVL-FNQ,2019-10-01,25.16,241.5,83.8,50.2,41.3,58.4,mixed_agriculture,HEAVY_RAIN,94.8
AVL-FNQ,2019-11-01,25.09,162.5,78.0,48.2,30.1,61.6,mixed_agriculture,HEAVY_RAIN,98.0
AVL-FNQ,2019-12-01,25.67,115.7,77.0,37.6,38.8,47.0,mixed_agriculture,NONE,94.8
AVL-FNQ,2020-01-01,26.21,138.1,69.3,47.7,43.4,54.7,mixed_agriculture,NONE,92.5
AVL-FNQ,2020-02-01,27.67,77.0,67.9,40.2,49.3,43.8,mixed_agriculture,NONE,97.6
AVL-FNQ,2020-03-01,26.56,117.6,70.0,40.0,51.0,63.8,mixed_agriculture,NONE,98.1
AVL-FNQ,2020-04-01,28.54,84.3,62.3,41.1,52.3,54.7,mixed_agriculture,NONE,94.2
AVL-FNQ,2020-05-01,28.3,140.8,65.7,43.0,38.5,46.6,mixed_agriculture,NONE,97.8
AVL-FNQ,2020-06-01,27.63,170.6,75.3,44.8,31.5,50.6,mixed_agriculture,NONE,92.8
AVL-FNQ,2020-07-01,26.51,209.8,85.6,42.3,25.1,39.7,mixed_agriculture,NONE,92.6
AVL-FNQ,2020-08-01,25.43,241.2,83.2,52.7,37.6,55.3,mixed_agriculture,NONE,97.8
AVL-FNQ,2020-09-01,26.49,270.0,78.3,52.3,40.5,44.0,mixed_agriculture,NONE,93.0
AVL-FNQ,2020-10-01,25.18,219.3,88.4,53.5,36.8,45.9,mixed_agriculture,HEAVY_RAIN,96.0
AVL-FNQ,2020-11-01,24.69,190.4,75.9,53.5,42.6,46.9,mixed_agriculture,HEAVY_RAIN,91.7
AVL-FNQ,2020-12-01,25.2,163.6,78.8,47.8,38.5,44.3,mixed_agriculture,HEAVY_RAIN,94.5
AVL-FNQ,2021-01-01,26.61,81.1,74.1,40.4,40.6,57.8,mixed_agriculture,HEAVY_RAIN,97.3
AVL-FNQ,2021-02-01,27.54,121.5,67.2,45.5,32.5,61.5,mixed_agriculture,NONE,92.9
AVL-FNQ,2021-03-01,27.39,55.2,60.5,36.7,42.4,57.7,mixed_agriculture,NONE,95.0
AVL-FNQ,2021-04-01,28.24,70.9,69.2,39.8,41.0,55.0,mixed_agriculture,NONE,100.0
AVL-FNQ,2021-05-01,27.16,138.0,75.0,41.6,42.2,68.2,mixed_agriculture,NONE,98.6
AVL-FNQ,2021-06-01,27.28,146.7,74.1,44.6,52.3,68.0,mixed_agriculture,NONE,96.9
AVL-FNQ,2021-07-01,25.89,253.3,84.2,50.2,30.2,57.8,mixed_agriculture,NONE,96.1
AVL-FNQ,2021-08-01,25.79,306.8,80.9,51.0,46.1,37.8,mixed_agriculture,NONE,96.8
AVL-FNQ,2021-09-01,26.17,309.7,82.4,59.1,41.5,46.2,mixed_agriculture,NONE,94.5
AVL-FNQ,2021-10-01,25.3,296.2,78.7,56.7,45.4,51.9,mixed_agriculture,HEAVY_RAIN,96.0
AVL-FNQ,2021-11-01,25.64,245.4,76.9,50.7,55.8,41.9,mixed_agriculture,HEAVY_RAIN,98.6
AVL-FNQ,2021-12-01,26.18,129.6,76.7,50.6,31.2,48.1,mixed_agriculture,NONE,100.0
AVL-FNQ,2022-01-01,25.92,98.8,68.7,40.6,41.2,42.2,mixed_agriculture,NONE,94.9
AVL-FNQ,2022-02-01,28.2,85.4,67.8,43.1,57.2,56.1,mixed_agriculture,NONE,98.9
AVL-FNQ,2022-03-01,27.13,83.4,65.3,40.0,52.0,55.0,mixed_agriculture,NONE,95.4
AVL-FNQ,2022-04-01,28.14,151.3,65.3,42.0,44.9,58.7,mixed_agriculture,NONE,99.3
AVL-FNQ,2022-05-01,27.7,66.1,70.6,44.0,37.3,51.8,mixed_agriculture,NONE,100.0
AVL-FNQ,2022-06-01,27.83,187.6,70.4,45.9,41.2,52.7,mixed_agriculture,NONE,95.3
AVL-FNQ,2022-07-01,26.63,151.8,79.3,51.7,50.3,51.0,mixed_agriculture,NONE,93.9
AVL-FNQ,2022-08-01,26.37,283.7,84.1,53.5,35.9,55.1,mixed_agriculture,NONE,98.7
AVL-FNQ,2022-09-01,25.02,305.7,85.6,50.3,36.3,63.2,mixed_agriculture,NONE,96.7
AVL-FNQ,2022-10-01,24.88,253.6,80.0,54.4,37.1,51.7,mixed_agriculture,HEAVY_RAIN,99.6
AVL-FNQ,2022-11-01,25.4,199.1,83.1,45.0,44.0,62.3,mixed_agriculture,HEAVY_RAIN,93.8
AVL-FNQ,2022-12-01,26.08,174.0,74.8,47.9,41.7,53.7,mixed_agriculture,HEAVY_RAIN,96.9
AVL-FNQ,2023-01-01,26.85,101.4,61.7,41.7,48.8,42.6,mixed_agriculture,NONE,100.0
AVL-FNQ,2023-02-01,27.75,91.7,65.4,39.2,41.6,45.4,mixed_agriculture,NONE,94.7
AVL-FNQ,2023-03-01,28.44,61.8,69.5,44.6,36.5,32.5,mixed_agriculture,NONE,94.7
AVL-FNQ,2023-04-01,28.48,103.9,64.2,38.3,44.8,47.3,mixed_agriculture,NONE,100.0
AVL-FNQ,2023-05-01,27.82,84.4,74.2,40.2,37.9,40.2,mixed_agriculture,NONE,94.6
AVL-FNQ,2023-06-01,28.6,148.5,77.9,41.7,44.6,38.8,mixed_agriculture,NONE,90.8
AVL-FNQ,2023-07-01,26.22,224.9,82.9,52.4,40.5,56.9,mixed_agriculture,NONE,92.6
AVL-FNQ,2023-08-01,26.13,252.1,80.1,54.0,38.4,57.3,mixed_agriculture,NONE,95.5
AVL-FNQ,2023-09-01,25.77,273.1,82.3,57.9,35.8,56.9,mixed_agriculture,NONE,96.2
AVL-FNQ,2023-10-01,25.73,258.8,83.9,54.0,56.0,51.4,mixed_agriculture,HEAVY_RAIN,100.0
AVL-FNQ,2023-11-01,25.98,216.0,80.3,44.9,38.8,65.1,mixed_agriculture,HEAVY_RAIN,92.8
AVL-FNQ,2023-12-01,25.06,172.1,74.7,46.9,40.5,60.5,mixed_agriculture,HEAVY_RAIN,93.7
AVL-FNQ,2024-01-01,26.62,185.7,71.0,44.6,36.4,46.9,mixed_agriculture,HEAVY_RAIN,97.9
AVL-FNQ,2024-02-01,27.42,109.6,68.8,36.8,48.5,58.5,mixed_agriculture,NONE,100.0
AVL-FNQ,2024-03-01,28.74,65.9,63.9,38.1,39.7,61.2,mixed_agriculture,NONE,98.9
AVL-FNQ,2024-04-01,27.97,70.0,71.9,40.6,48.0,46.3,mixed_agriculture,NONE,99.8
AVL-FNQ,2024-05-01,28.12,113.5,72.5,48.6,35.5,57.1,mixed_agriculture,NONE,94.8
AVL-FNQ,2024-06-01,27.65,150.1,75.3,45.5,45.7,57.6,mixed_agriculture,NONE,98.1
AVL-FNQ,2024-07-01,26.27,216.9,81.0,42.1,40.9,42.0,mixed_agriculture,NONE,99.1
AVL-FNQ,2024-08-01,26.2,254.1,86.1,50.5,56.4,50.6,mixed_agriculture,NONE,93.4
AVL-FNQ,2024-09-01,25.43,205.3,81.6,55.5,47.1,41.7,mixed_agriculture,NONE,89.5
AVL-FNQ,2024-10-01,24.69,283.3,84.8,52.5,41.1,56.0,mixed_agriculture,HEAVY_RAIN,94.7
AVL-FNQ,2024-11-01,25.63,251.9,80.6,46.0,48.2,48.0,mixed_agriculture,HEAVY_RAIN,99.3
AVL-FNQ,2024-12-01,25.81,170.8,76.4,43.4,51.5,64.1,mixed_agriculture,HEAVY_RAIN,95.0
AVL-FNQ,2025-01-01,26.49,66.4,76.6,44.8,42.4,69.8,mixed_agriculture,NONE,96.5
AVL-FNQ,2025-02-01,27.87,93.6,72.0,40.7,44.7,42.1,mixed_agriculture,NONE,96.7
AVL-FNQ,2025-03-01,27.57,35.0,65.1,40.1,30.1,46.9,mixed_agriculture,DRY_SPELL,94.0
AVL-FNQ,2025-04-01,29.61,107.3,68.8,38.2,37.8,51.0,mixed_agriculture,NONE,93.5
AVL-FNQ,2025-05-01,28.6,130.0,65.1,46.8,35.3,54.8,mixed_agriculture,NONE,100.0
AVL-FNQ,2025-06-01,27.79,154.6,72.7,42.7,37.2,42.9,mixed_agriculture,NONE,97.2
AVL-GRB,2019-01-01,27.75,91.6,74.8,20.4,67.7,42.9,mixed_agriculture,NONE,94.6
AVL-GRB,2019-02-01,27.63,45.2,61.3,28.4,71.1,54.8,mixed_agriculture,NONE,94.0
AVL-GRB,2019-03-01,27.54,121.3,67.0,27.75,72.5,45.8,mixed_agriculture,NONE,99.1
AVL-GRB,2019-04-01,29.08,76.4,69.7,27.1,62.6,59.9,mixed_agriculture,NONE,95.4
AVL-GRB,2019-05-01,28.59,62.0,73.2,33.0,69.4,54.5,mixed_agriculture,NONE,97.3
AVL-GRB,2019-06-01,27.8,165.8,71.9,38.4,61.9,47.3,mixed_agriculture,NONE,94.4
AVL-GRB,2019-07-01,27.19,192.8,79.4,37.8,72.0,53.9,mixed_agriculture,NONE,89.8
AVL-GRB,2019-08-01,26.2,267.7,83.1,36.6,63.4,49.6,mixed_agriculture,NONE,99.6
AVL-GRB,2019-09-01,25.83,292.9,80.1,38.1,66.2,52.2,mixed_agriculture,NONE,97.8
AVL-GRB,2019-10-01,24.46,272.8,85.8,36.7,78.5,41.9,mixed_agriculture,NONE,100.0
AVL-GRB,2019-11-01,25.25,229.0,85.6,33.8,70.3,40.7,mixed_agriculture,NONE,93.1
AVL-GRB,2019-12-01,26.93,184.8,78.4,30.6,72.6,52.7,mixed_agriculture,NONE,93.5
AVL-GRB,2020-01-01,27.31,117.2,76.2,32.9,59.9,49.2,mixed_agriculture,NONE,99.4
AVL-GRB,2020-02-01,27.17,98.7,68.9,30.3,71.9,46.4,mixed_agriculture,NONE,100.0
AVL-GRB,2020-03-01,27.09,38.8,71.5,26.3,75.5,46.6,mixed_agriculture,NONE,96.2
AVL-GRB,2020-04-01,28.33,110.5,68.9,24.7,59.9,30.9,mixed_agriculture,NONE,90.9
AVL-GRB,2020-05-01,28.29,159.2,75.3,36.0,69.4,36.2,mixed_agriculture,NONE,95.3
AVL-GRB,2020-06-01,28.55,151.2,78.6,39.7,63.9,38.8,mixed_agriculture,NONE,96.6
AVL-GRB,2020-07-01,26.72,206.4,81.9,33.3,66.6,41.4,mixed_agriculture,NONE,92.5
AVL-GRB,2020-08-01,25.77,269.9,81.1,45.1,64.5,37.7,mixed_agriculture,NONE,95.1
AVL-GRB,2020-09-01,25.05,276.7,83.3,36.4,67.7,57.3,mixed_agriculture,NONE,93.2
AVL-GRB,2020-10-01,24.56,227.4,83.9,47.2,57.6,57.5,mixed_agriculture,NONE,92.8
AVL-GRB,2020-11-01,24.63,228.8,80.8,37.7,67.4,45.2,mixed_agriculture,NONE,98.5
AVL-GRB,2020-12-01,25.85,183.5,81.0,32.3,59.7,50.8,mixed_agriculture,NONE,94.4
AVL-GRB,2021-01-01,27.34,117.6,72.6,29.6,68.5,47.4,mixed_agriculture,NONE,100.0
AVL-GRB,2021-02-01,27.86,116.4,69.0,26.4,64.9,48.7,mixed_agriculture,NONE,94.6
AVL-GRB,2021-03-01,28.79,84.3,68.6,28.0,74.0,53.0,mixed_agriculture,NONE,92.3
AVL-GRB,2021-04-01,28.15,79.5,68.0,22.4,67.6,44.1,mixed_agriculture,NONE,96.4
AVL-GRB,2021-05-01,27.76,118.5,72.7,36.0,67.1,44.8,mixed_agriculture,NONE,96.5
AVL-GRB,2021-06-01,28.1,173.6,71.8,31.1,70.6,54.7,mixed_agriculture,NONE,92.4
AVL-GRB,2021-07-01,26.79,250.7,82.1,37.6,72.8,48.3,mixed_agriculture,NONE,100.0
AVL-GRB,2021-08-01,25.67,236.6,84.8,39.3,61.9,53.9,mixed_agriculture,NONE,98.7
AVL-GRB,2021-09-01,25.18,366.5,84.8,38.0,65.5,54.1,mixed_agriculture,HEAVY_RAIN,94.3
AVL-GRB,2021-10-01,24.82,276.7,86.9,36.4,55.0,59.5,mixed_agriculture,NONE,99.3
AVL-GRB,2021-11-01,25.43,212.1,85.4,37.8,57.1,48.8,mixed_agriculture,NONE,94.0
AVL-GRB,2021-12-01,26.55,187.4,75.4,35.0,56.0,50.1,mixed_agriculture,NONE,97.5
AVL-GRB,2022-01-01,26.22,148.3,73.8,32.2,61.6,42.2,mixed_agriculture,NONE,94.8
AVL-GRB,2022-02-01,27.31,86.7,69.8,23.9,61.7,40.3,mixed_agriculture,NONE,93.8
AVL-GRB,2022-03-01,28.46,68.9,68.6,23.9,64.0,40.8,mixed_agriculture,NONE,92.1
AVL-GRB,2022-04-01,29.5,79.5,68.0,39.2,56.9,42.0,mixed_agriculture,NONE,97.3
AVL-GRB,2022-05-01,28.41,114.6,74.5,33.3,63.3,37.5,mixed_agriculture,NONE,94.6
AVL-GRB,2022-06-01,28.07,166.6,78.8,31.7,61.0,45.6,mixed_agriculture,NONE,97.4
AVL-GRB,2022-07-01,27.39,249.4,83.9,36.2,74.3,57.0,mixed_agriculture,NONE,92.8
AVL-GRB,2022-08-01,26.54,306.7,83.0,41.8,73.6,44.4,mixed_agriculture,NONE,95.4
AVL-GRB,2022-09-01,25.81,273.0,87.2,38.4,52.8,44.1,mixed_agriculture,NONE,100.0
AVL-GRB,2022-10-01,25.75,261.7,83.7,43.5,66.1,59.1,mixed_agriculture,NONE,92.4
AVL-GRB,2022-11-01,25.95,203.7,80.5,36.5,61.3,43.9,mixed_agriculture,NONE,93.6
AVL-GRB,2022-12-01,25.56,157.4,76.8,40.8,68.7,51.5,mixed_agriculture,NONE,98.1
AVL-GRB,2023-01-01,27.64,155.4,72.4,35.3,60.7,39.5,mixed_agriculture,NONE,97.1
AVL-GRB,2023-02-01,27.54,36.1,70.3,27.0,69.6,51.4,mixed_agriculture,NONE,94.0
AVL-GRB,2023-03-01,28.07,86.4,68.0,33.5,61.0,47.0,mixed_agriculture,NONE,92.5
AVL-GRB,2023-04-01,28.49,76.9,74.6,34.7,69.2,51.2,mixed_agriculture,NONE,94.8
AVL-GRB,2023-05-01,28.25,140.6,77.2,30.3,67.2,53.4,mixed_agriculture,NONE,98.3
AVL-GRB,2023-06-01,27.97,173.4,73.1,35.4,68.3,54.1,mixed_agriculture,NONE,97.0
AVL-GRB,2023-07-01,27.06,221.7,83.2,40.6,59.7,39.3,mixed_agriculture,NONE,94.9
AVL-GRB,2023-08-01,25.7,252.6,86.7,47.0,67.6,44.6,mixed_agriculture,NONE,94.6
AVL-GRB,2023-09-01,26.29,257.8,84.4,39.5,62.2,49.1,mixed_agriculture,NONE,96.7
AVL-GRB,2023-10-01,25.84,266.1,83.8,37.3,64.7,53.2,mixed_agriculture,NONE,99.9
AVL-GRB,2023-11-01,25.43,224.1,83.7,40.7,67.3,37.6,mixed_agriculture,NONE,97.6
AVL-GRB,2023-12-01,26.62,193.6,82.5,25.1,68.4,54.2,mixed_agriculture,NONE,95.4
AVL-GRB,2024-01-01,27.3,137.4,79.5,30.4,62.9,56.0,mixed_agriculture,NONE,97.0
AVL-GRB,2024-02-01,28.21,120.2,69.8,32.5,54.4,43.2,mixed_agriculture,NONE,92.8
AVL-GRB,2024-03-01,29.37,62.0,69.1,27.4,52.6,39.0,mixed_agriculture,NONE,100.0
AVL-GRB,2024-04-01,29.68,118.6,72.1,27.8,66.9,54.5,mixed_agriculture,NONE,91.4
AVL-GRB,2024-05-01,28.33,67.7,72.8,32.0,51.0,66.4,mixed_agriculture,NONE,99.3
AVL-GRB,2024-06-01,27.59,174.9,78.2,33.4,59.5,59.7,mixed_agriculture,NONE,99.8
AVL-GRB,2024-07-01,27.32,225.5,81.3,37.6,76.2,37.0,mixed_agriculture,NONE,97.5
AVL-GRB,2024-08-01,26.26,260.8,83.0,33.1,74.4,53.8,mixed_agriculture,NONE,95.1
AVL-GRB,2024-09-01,25.46,310.2,84.5,37.3,70.4,50.9,mixed_agriculture,NONE,91.2
AVL-GRB,2024-10-01,25.35,259.2,82.7,39.0,75.2,50.9,mixed_agriculture,NONE,95.8
AVL-GRB,2024-11-01,25.12,176.3,84.5,34.0,66.8,45.5,mixed_agriculture,NONE,97.0
AVL-GRB,2024-12-01,26.78,167.6,76.5,33.8,77.1,54.9,mixed_agriculture,NONE,95.9
AVL-GRB,2025-01-01,27.03,122.6,76.7,30.9,65.4,47.5,mixed_agriculture,NONE,97.0
AVL-GRB,2025-02-01,29.2,58.5,72.0,24.9,64.0,56.1,mixed_agriculture,NONE,88.2
AVL-GRB,2025-03-01,27.68,96.8,69.5,27.4,62.5,46.7,mixed_agriculture,NONE,92.7
AVL-GRB,2025-04-01,28.63,79.4,71.3,31.3,67.6,38.1,mixed_agriculture,NONE,97.0
AVL-GRB,2025-05-01,28.84,104.4,70.9,30.3,69.0,46.0,mixed_agriculture,NONE,94.8
AVL-GRB,2025-06-01,27.53,208.9,75.5,33.6,58.3,45.8,mixed_agriculture,NONE,95.4
AVL-HTY,2019-01-01,26.29,102.5,74.0,62.3,42.5,9.6,research_site,NONE,99.2
AVL-HTY,2019-02-01,27.69,53.3,70.0,56.7,32.0,12.1,research_site,NONE,94.3
AVL-HTY,2019-03-01,27.77,18.2,67.9,60.8,42.5,10.4,research_site,DRY_SPELL,96.2
AVL-HTY,2019-04-01,28.18,94.8,65.6,58.4,26.5,19.8,research_site,NONE,99.8
AVL-HTY,2019-05-01,28.73,122.7,66.9,60.9,36.8,7.8,research_site,NONE,95.4
AVL-HTY,2019-06-01,27.27,116.1,72.4,67.1,36.2,9.3,research_site,NONE,95.1
AVL-HTY,2019-07-01,27.41,166.6,76.7,70.2,37.7,7.1,research_site,NONE,93.3
AVL-HTY,2019-08-01,25.66,176.1,79.2,71.2,30.2,18.6,research_site,NONE,93.4
AVL-HTY,2019-09-01,25.75,181.6,82.3,73.6,32.2,14.3,research_site,NONE,92.3
AVL-HTY,2019-10-01,24.13,210.2,87.1,82.6,28.9,23.5,research_site,NONE,94.4
AVL-HTY,2019-11-01,24.75,172.4,78.2,74.6,35.0,12.6,research_site,NONE,100.0
AVL-HTY,2019-12-01,26.4,164.7,75.7,62.6,31.2,18.7,research_site,NONE,93.8
AVL-HTY,2020-01-01,26.05,77.0,71.4,59.2,35.5,9.5,research_site,NONE,100.0
AVL-HTY,2020-02-01,28.0,75.3,68.2,69.8,51.5,24.2,research_site,NONE,99.5
AVL-HTY,2020-03-01,27.87,54.3,66.8,54.4,36.7,17.9,research_site,NONE,96.1
AVL-HTY,2020-04-01,27.72,55.4,66.6,61.8,39.3,16.4,research_site,NONE,97.3
AVL-HTY,2020-05-01,27.44,156.8,68.3,57.8,23.4,16.4,research_site,NONE,92.2
AVL-HTY,2020-06-01,27.41,132.8,76.5,62.2,38.4,0.0,research_site,NONE,98.1
AVL-HTY,2020-07-01,26.84,194.8,82.5,73.5,25.7,13.5,research_site,NONE,96.7
AVL-HTY,2020-08-01,24.56,214.9,90.0,71.4,44.1,9.2,research_site,NONE,93.5
AVL-HTY,2020-09-01,24.39,243.2,85.3,70.7,22.0,21.7,research_site,NONE,97.0
AVL-HTY,2020-10-01,24.58,242.1,80.8,70.8,34.6,19.3,research_site,NONE,97.8
AVL-HTY,2020-11-01,25.44,213.0,81.2,68.1,28.2,11.3,research_site,NONE,96.2
AVL-HTY,2020-12-01,25.99,161.3,76.9,64.8,31.4,14.9,research_site,NONE,98.9
AVL-HTY,2021-01-01,26.81,127.0,75.8,62.2,25.7,29.6,research_site,NONE,94.3
AVL-HTY,2021-02-01,27.38,91.2,64.1,54.7,32.7,24.1,research_site,NONE,99.8
AVL-HTY,2021-03-01,27.75,8.4,63.1,57.2,38.1,24.6,research_site,DRY_SPELL,100.0
AVL-HTY,2021-04-01,27.73,78.5,70.4,61.2,29.9,3.4,research_site,NONE,94.7
AVL-HTY,2021-05-01,28.28,128.5,71.1,55.4,30.6,10.8,research_site,NONE,98.2
AVL-HTY,2021-06-01,28.2,178.3,75.5,67.3,26.2,9.9,research_site,NONE,95.2
AVL-HTY,2021-07-01,26.74,213.3,81.5,69.9,37.4,14.3,research_site,NONE,94.1
AVL-HTY,2021-08-01,25.86,173.2,85.2,72.6,35.1,19.9,research_site,NONE,98.5
AVL-HTY,2021-09-01,24.19,218.2,81.7,73.0,41.7,20.4,research_site,NONE,98.1
AVL-HTY,2021-10-01,24.32,245.8,85.4,68.7,22.9,1.6,research_site,NONE,100.0
AVL-HTY,2021-11-01,25.93,181.5,81.0,63.4,43.8,13.9,research_site,NONE,93.0
AVL-HTY,2021-12-01,25.4,129.7,78.3,67.5,34.8,12.4,research_site,NONE,97.9
AVL-HTY,2022-01-01,27.09,127.7,72.6,66.8,27.3,19.6,research_site,NONE,97.8
AVL-HTY,2022-02-01,27.98,51.2,71.5,62.4,28.7,15.4,research_site,NONE,100.0
AVL-HTY,2022-03-01,28.17,73.8,64.8,59.4,31.9,11.5,research_site,NONE,94.4
AVL-HTY,2022-04-01,28.17,45.4,65.1,62.7,30.4,28.5,research_site,NONE,93.2
AVL-HTY,2022-05-01,28.12,84.2,68.6,64.6,39.9,8.6,research_site,NONE,96.9
AVL-HTY,2022-06-01,27.11,183.2,78.0,72.1,32.5,13.7,research_site,NONE,93.9
AVL-HTY,2022-07-01,26.58,157.9,78.8,58.1,33.2,17.1,research_site,NONE,99.0
AVL-HTY,2022-08-01,25.34,231.3,79.9,73.5,32.7,10.0,research_site,NONE,94.5
AVL-HTY,2022-09-01,25.73,238.1,81.8,79.1,25.9,10.4,research_site,NONE,98.9
AVL-HTY,2022-10-01,24.95,165.3,79.6,67.4,27.9,14.0,research_site,NONE,95.4
AVL-HTY,2022-11-01,25.03,216.9,79.9,63.1,26.5,12.9,research_site,NONE,94.9
AVL-HTY,2022-12-01,27.3,162.1,71.5,69.7,34.7,23.2,research_site,NONE,95.7
AVL-HTY,2023-01-01,26.18,112.6,74.2,57.6,43.2,15.3,research_site,NONE,97.4
AVL-HTY,2023-02-01,27.46,80.0,66.2,61.5,25.9,18.1,research_site,NONE,94.7
AVL-HTY,2023-03-01,29.22,15.9,65.9,51.8,25.7,5.6,research_site,DRY_SPELL,97.4
AVL-HTY,2023-04-01,28.06,89.1,67.4,66.4,32.3,19.3,research_site,NONE,93.9
AVL-HTY,2023-05-01,28.64,130.1,69.9,67.1,40.4,13.0,research_site,NONE,93.8
AVL-HTY,2023-06-01,27.49,177.9,74.7,67.1,39.9,18.8,research_site,NONE,100.0
AVL-HTY,2023-07-01,26.31,178.9,78.6,71.3,36.8,13.1,research_site,NONE,96.1
AVL-HTY,2023-08-01,25.72,229.3,82.7,72.9,26.0,22.2,research_site,NONE,93.5
AVL-HTY,2023-09-01,25.78,239.3,82.3,70.6,33.0,21.3,research_site,NONE,93.4
AVL-HTY,2023-10-01,25.37,235.6,81.2,67.4,23.8,13.0,research_site,NONE,90.0
AVL-HTY,2023-11-01,25.75,172.7,85.7,65.3,41.4,11.3,research_site,NONE,94.4
AVL-HTY,2023-12-01,26.19,155.7,71.8,69.4,34.8,17.5,research_site,NONE,90.3
AVL-HTY,2024-01-01,26.64,84.3,72.9,61.9,31.4,8.9,research_site,NONE,99.2
AVL-HTY,2024-02-01,28.24,34.0,67.7,54.7,36.5,17.3,research_site,DRY_SPELL,94.1
AVL-HTY,2024-03-01,29.61,132.5,64.9,60.4,34.1,13.6,research_site,NONE,98.5
AVL-HTY,2024-04-01,29.2,63.4,69.7,57.7,44.3,19.4,research_site,NONE,96.1
AVL-HTY,2024-05-01,28.42,74.2,68.7,56.4,34.2,20.0,research_site,NONE,97.1
AVL-HTY,2024-06-01,27.63,157.9,70.5,66.8,38.4,7.0,research_site,NONE,99.2
AVL-HTY,2024-07-01,27.76,176.6,78.0,64.5,32.5,11.8,research_site,NONE,93.7
AVL-HTY,2024-08-01,25.93,191.6,83.3,76.8,32.2,23.4,research_site,NONE,94.4
AVL-HTY,2024-09-01,24.72,234.5,83.7,77.3,32.5,9.6,research_site,NONE,98.7
AVL-HTY,2024-10-01,25.77,267.9,84.6,71.3,39.5,17.9,research_site,NONE,94.6
AVL-HTY,2024-11-01,24.79,215.5,73.7,66.6,41.0,4.6,research_site,NONE,98.0
AVL-HTY,2024-12-01,25.55,140.3,72.1,60.1,27.6,18.6,research_site,NONE,91.7
AVL-HTY,2025-01-01,26.91,147.7,71.6,60.4,44.4,9.6,research_site,NONE,90.2
AVL-HTY,2025-02-01,26.9,71.5,72.5,58.9,40.9,14.7,research_site,NONE,93.2
AVL-HTY,2025-03-01,29.38,72.4,68.3,63.3,41.0,22.6,research_site,NONE,93.0
AVL-HTY,2025-04-01,28.37,84.3,66.8,52.1,24.5,22.6,research_site,NONE,93.6
AVL-HTY,2025-05-01,28.23,144.4,69.3,68.7,38.7,29.9,research_site,NONE,95.3
AVL-HTY,2025-06-01,27.78,129.5,72.0,65.5,37.0,0.0,research_site,NONE,97.9
AVL-HUA,2019-01-01,26.57,119.2,71.3,32.1,50.0,42.0,mixed_agriculture,NONE,98.2
AVL-HUA,2019-02-01,27.02,109.2,67.4,32.1,42.7,39.9,mixed_agriculture,NONE,90.6
AVL-HUA,2019-03-01,27.43,47.1,67.7,29.6,49.9,49.7,mixed_agriculture,NONE,94.7
AVL-HUA,2019-04-01,27.61,56.5,73.1,29.2,34.5,41.1,mixed_agriculture,NONE,94.5
AVL-HUA,2019-05-01,27.28,125.5,69.9,40.4,41.2,41.3,mixed_agriculture,NONE,92.8
AVL-HUA,2019-06-01,26.37,134.9,82.1,40.1,39.9,33.3,mixed_agriculture,NONE,92.0
AVL-HUA,2019-07-01,27.08,258.0,86.3,43.4,48.8,50.5,mixed_agriculture,NONE,94.4
AVL-HUA,2019-08-01,24.64,238.5,89.3,49.2,45.5,47.5,mixed_agriculture,NONE,93.5
AVL-HUA,2019-09-01,25.9,249.8,87.6,46.8,50.9,48.6,mixed_agriculture,NONE,97.2
AVL-HUA,2019-10-01,25.22,243.9,84.2,44.4,44.3,45.8,mixed_agriculture,NONE,94.5
AVL-HUA,2019-11-01,23.96,206.1,79.2,41.3,41.4,49.1,mixed_agriculture,NONE,94.9
AVL-HUA,2019-12-01,25.76,186.0,79.0,37.0,44.0,48.8,mixed_agriculture,NONE,92.1
AVL-HUA,2020-01-01,26.26,123.4,76.1,36.2,42.8,41.3,mixed_agriculture,NONE,93.9
AVL-HUA,2020-02-01,28.05,107.2,71.8,32.0,41.6,35.1,mixed_agriculture,NONE,94.2
AVL-HUA,2020-03-01,27.25,61.0,73.6,38.9,42.4,34.6,mixed_agriculture,NONE,98.7
AVL-HUA,2020-04-01,28.03,61.2,73.2,42.4,33.2,35.9,mixed_agriculture,NONE,95.8
AVL-HUA,2020-05-01,27.65,151.0,71.3,31.7,36.2,60.0,mixed_agriculture,NONE,100.0
AVL-HUA,2020-06-01,26.85,131.3,80.0,43.8,51.7,56.1,mixed_agriculture,NONE,95.7
AVL-HUA,2020-07-01,27.03,187.5,80.9,38.4,37.4,43.2,mixed_agriculture,NONE,94.6
AVL-HUA,2020-08-01,25.08,231.8,90.1,49.4,50.7,51.0,mixed_agriculture,NONE,98.7
AVL-HUA,2020-09-01,25.13,249.6,87.6,49.0,37.1,50.3,mixed_agriculture,NONE,93.9
AVL-HUA,2020-10-01,24.31,266.1,83.0,47.8,46.6,38.5,mixed_agriculture,NONE,93.6
AVL-HUA,2020-11-01,24.96,262.9,79.3,44.4,37.6,50.4,mixed_agriculture,NONE,88.7
AVL-HUA,2020-12-01,27.36,191.5,72.5,38.2,47.2,33.5,mixed_agriculture,NONE,93.8
AVL-HUA,2021-01-01,26.68,150.1,77.8,34.3,44.1,35.7,mixed_agriculture,NONE,96.2
AVL-HUA,2021-02-01,26.38,65.7,72.3,29.9,22.8,33.0,mixed_agriculture,NONE,95.9
AVL-HUA,2021-03-01,27.3,66.9,69.3,33.4,43.2,33.4,mixed_agriculture,NONE,96.3
AVL-HUA,2021-04-01,28.02,72.7,71.2,32.4,48.0,50.8,mixed_agriculture,NONE,88.8
AVL-HUA,2021-05-01,29.15,94.8,71.1,22.4,43.0,37.4,mixed_agriculture,NONE,92.1
AVL-HUA,2021-06-01,27.42,137.9,77.7,44.0,34.9,28.4,mixed_agriculture,NONE,95.5
AVL-HUA,2021-07-01,27.22,221.6,85.8,46.1,47.8,44.1,mixed_agriculture,NONE,98.3
AVL-HUA,2021-08-01,25.71,213.6,81.8,45.7,51.2,61.4,mixed_agriculture,NONE,95.7
AVL-HUA,2021-09-01,24.89,255.0,84.3,45.6,43.6,38.5,mixed_agriculture,NONE,99.5
AVL-HUA,2021-10-01,24.55,213.5,81.4,50.5,37.2,34.8,mixed_agriculture,NONE,93.5
AVL-HUA,2021-11-01,25.84,161.4,83.5,46.9,39.5,49.8,mixed_agriculture,NONE,94.8
AVL-HUA,2021-12-01,25.31,144.8,78.1,39.2,48.7,35.5,mixed_agriculture,NONE,96.9
AVL-HUA,2022-01-01,26.82,111.9,75.5,39.4,36.8,39.6,mixed_agriculture,NONE,94.4
AVL-HUA,2022-02-01,27.97,64.4,64.8,31.2,41.4,42.2,mixed_agriculture,NONE,93.8
AVL-HUA,2022-03-01,26.85,53.9,67.6,30.3,38.0,33.3,mixed_agriculture,NONE,96.1
AVL-HUA,2022-04-01,28.4,68.1,71.5,34.0,33.9,50.0,mixed_agriculture,NONE,100.0
AVL-HUA,2022-05-01,27.42,64.3,74.4,35.5,39.8,39.9,mixed_agriculture,NONE,97.9
AVL-HUA,2022-06-01,27.12,134.2,77.6,43.6,43.7,42.6,mixed_agriculture,NONE,93.8
AVL-HUA,2022-07-01,25.83,204.5,82.7,45.1,49.3,46.4,mixed_agriculture,NONE,96.7
AVL-HUA,2022-08-01,26.09,212.1,82.3,41.9,41.8,47.8,mixed_agriculture,HEAVY_RAIN,95.4
AVL-HUA,2022-09-01,24.68,217.2,92.2,50.2,41.9,42.2,mixed_agriculture,NONE,96.2
AVL-HUA,2022-10-01,24.31,225.7,82.5,41.0,44.2,44.0,mixed_agriculture,NONE,100.0
AVL-HUA,2022-11-01,24.31,181.8,86.7,40.8,40.2,40.9,mixed_agriculture,NONE,97.0
AVL-HUA,2022-12-01,26.21,153.0,77.5,32.4,46.9,46.0,mixed_agriculture,NONE,93.3
AVL-HUA,2023-01-01,26.34,99.8,71.4,32.6,45.2,28.4,mixed_agriculture,NONE,100.0
AVL-HUA,2023-02-01,28.5,57.9,73.1,30.8,46.2,39.4,mixed_agriculture,NONE,92.6
AVL-HUA,2023-03-01,28.74,65.3,65.8,35.5,42.0,38.3,mixed_agriculture,NONE,93.4
AVL-HUA,2023-04-01,27.68,93.7,69.8,30.1,41.8,48.4,mixed_agriculture,NONE,94.1
AVL-HUA,2023-05-01,28.35,92.8,70.3,35.0,42.5,32.9,mixed_agriculture,NONE,96.7
AVL-HUA,2023-06-01,26.97,149.4,76.4,43.6,43.6,43.0,mixed_agriculture,NONE,99.7
AVL-HUA,2023-07-01,26.08,179.1,79.6,48.3,35.2,38.2,mixed_agriculture,NONE,100.0
AVL-HUA,2023-08-01,25.4,217.3,85.7,49.6,41.3,56.2,mixed_agriculture,NONE,91.9
AVL-HUA,2023-09-01,25.0,247.3,86.5,52.4,37.8,45.6,mixed_agriculture,NONE,96.1
AVL-HUA,2023-10-01,24.6,258.3,87.0,45.2,47.5,39.7,mixed_agriculture,NONE,95.3
AVL-HUA,2023-11-01,24.37,193.3,83.5,43.3,46.2,53.6,mixed_agriculture,NONE,99.7
AVL-HUA,2023-12-01,24.89,136.7,80.3,40.8,48.2,48.9,mixed_agriculture,NONE,90.7
AVL-HUA,2024-01-01,25.67,100.3,79.3,30.6,36.3,51.1,mixed_agriculture,NONE,93.7
AVL-HUA,2024-02-01,27.47,34.0,71.3,35.9,41.0,52.7,mixed_agriculture,DRY_SPELL,95.7
AVL-HUA,2024-03-01,27.55,56.5,58.2,35.1,43.1,42.3,mixed_agriculture,NONE,98.4
AVL-HUA,2024-04-01,28.3,97.5,69.9,36.5,32.5,59.8,mixed_agriculture,NONE,92.6
AVL-HUA,2024-05-01,27.51,131.2,73.4,37.4,38.4,45.0,mixed_agriculture,NONE,100.0
AVL-HUA,2024-06-01,27.7,128.0,78.8,39.4,45.9,33.8,mixed_agriculture,NONE,95.2
AVL-HUA,2024-07-01,26.82,222.9,77.5,36.6,46.4,50.3,mixed_agriculture,NONE,96.8
AVL-HUA,2024-08-01,24.99,264.2,87.1,44.2,30.9,50.7,mixed_agriculture,NONE,96.6
AVL-HUA,2024-09-01,24.49,251.8,88.4,47.5,46.2,33.3,mixed_agriculture,NONE,100.0
AVL-HUA,2024-10-01,24.03,274.8,87.0,43.5,44.9,54.2,mixed_agriculture,NONE,96.3
AVL-HUA,2024-11-01,24.1,195.0,82.6,42.9,33.9,47.5,mixed_agriculture,NONE,100.0
AVL-HUA,2024-12-01,26.27,127.9,79.3,41.2,51.0,39.2,mixed_agriculture,NONE,93.1
AVL-HUA,2025-01-01,26.8,111.2,74.4,34.0,53.5,50.9,mixed_agriculture,NONE,100.0
AVL-HUA,2025-02-01,28.32,87.0,71.3,36.3,34.5,40.6,mixed_agriculture,NONE,95.5
AVL-HUA,2025-03-01,28.53,40.1,67.8,30.5,58.3,31.8,mixed_agriculture,NONE,94.0
AVL-HUA,2025-04-01,27.28,55.2,68.8,31.4,40.8,49.0,mixed_agriculture,NONE,99.9
AVL-HUA,2025-05-01,28.54,124.5,74.1,32.6,36.5,44.5,mixed_agriculture,NONE,95.3
AVL-HUA,2025-06-01,27.78,162.1,76.6,44.6,44.0,44.1,mixed_agriculture,NONE,88.6
AVL-KAR,2019-01-01,26.18,168.1,78.4,59.4,21.3,50.6,durian_orchard,NONE,97.0
AVL-KAR,2019-02-01,26.92,60.8,69.9,57.3,17.5,52.1,durian_orchard,NONE,96.8
AVL-KAR,2019-03-01,27.7,77.2,66.6,52.1,21.6,50.5,durian_orchard,NONE,96.6
AVL-KAR,2019-04-01,27.48,73.0,71.7,52.1,27.2,45.1,durian_orchard,NONE,98.8
AVL-KAR,2019-05-01,27.97,135.0,62.8,60.9,30.9,52.5,durian_orchard,NONE,91.5
AVL-KAR,2019-06-01,27.7,175.9,76.8,56.9,22.0,57.1,durian_orchard,NONE,97.3
AVL-KAR,2019-07-01,27.24,223.8,80.5,56.4,19.0,57.7,durian_orchard,NONE,92.7
AVL-KAR,2019-08-01,25.96,260.8,83.2,61.3,24.3,55.4,durian_orchard,NONE,98.8
AVL-KAR,2019-09-01,24.95,289.2,84.4,69.3,22.1,53.3,durian_orchard,NONE,93.8
AVL-KAR,2019-10-01,24.95,289.4,83.1,70.9,19.1,50.2,durian_orchard,NONE,94.1
AVL-KAR,2019-11-01,25.69,264.1,81.8,65.2,13.5,49.4,durian_orchard,NONE,98.1
AVL-KAR,2019-12-01,25.75,207.1,73.6,62.2,16.5,49.0,durian_orchard,NONE,95.9
AVL-KAR,2020-01-01,26.66,133.2,71.8,58.7,21.2,53.5,durian_orchard,NONE,93.5
AVL-KAR,2020-02-01,28.27,61.1,72.5,45.5,30.6,56.7,durian_orchard,NONE,97.1
AVL-KAR,2020-03-01,27.67,44.0,68.1,54.9,18.0,51.4,durian_orchard,NONE,96.4
AVL-KAR,2020-04-01,27.88,68.5,62.1,54.4,29.7,42.9,durian_orchard,NONE,91.3
AVL-KAR,2020-05-01,27.62,133.0,72.1,57.1,19.1,40.5,durian_orchard,NONE,96.2
AVL-KAR,2020-06-01,26.5,190.6,80.0,59.1,31.9,52.3,durian_orchard,NONE,100.0
AVL-KAR,2020-07-01,25.99,266.6,82.1,57.2,16.3,58.7,durian_orchard,NONE,92.8
AVL-KAR,2020-08-01,24.35,284.7,81.9,67.1,28.5,58.6,durian_orchard,NONE,100.0
AVL-KAR,2020-09-01,24.77,193.8,86.6,69.4,22.3,40.0,durian_orchard,NONE,96.2
AVL-KAR,2020-10-01,24.79,236.8,82.0,62.1,29.7,40.6,durian_orchard,NONE,96.6
AVL-KAR,2020-11-01,24.78,185.1,76.1,64.2,28.5,45.7,durian_orchard,NONE,93.9
AVL-KAR,2020-12-01,25.45,188.9,75.9,53.6,23.4,52.9,durian_orchard,NONE,95.3
AVL-KAR,2021-01-01,26.47,120.9,69.7,48.2,27.3,30.5,durian_orchard,NONE,91.6
AVL-KAR,2021-02-01,27.71,90.9,69.5,52.1,24.7,51.4,durian_orchard,NONE,95.6
AVL-KAR,2021-03-01,28.55,100.0,70.8,55.0,33.2,48.0,durian_orchard,NONE,99.6
AVL-KAR,2021-04-01,28.23,98.8,68.5,45.1,18.3,51.4,durian_orchard,NONE,96.0
AVL-KAR,2021-05-01,28.64,89.0,68.9,52.6,26.2,34.7,durian_orchard,NONE,95.6
AVL-KAR,2021-06-01,27.71,207.6,76.1,51.3,17.8,56.1,durian_orchard,NONE,93.5
AVL-KAR,2021-07-01,26.44,239.3,78.5,52.6,18.1,33.5,durian_orchard,NONE,92.7
AVL-KAR,2021-08-01,25.99,262.6,80.1,60.5,22.5,48.8,durian_orchard,NONE,98.6
AVL-KAR,2021-09-01,25.39,271.5,80.5,62.9,27.2,57.2,durian_orchard,NONE,98.4
AVL-KAR,2021-10-01,24.91,320.6,84.0,63.8,24.6,50.4,durian_orchard,NONE,96.9
AVL-KAR,2021-11-01,23.93,213.7,79.2,63.4,35.1,50.9,durian_orchard,NONE,98.9
AVL-KAR,2021-12-01,26.01,136.8,74.0,52.7,14.0,43.9,durian_orchard,NONE,96.1
AVL-KAR,2022-01-01,25.93,161.1,71.1,48.8,28.7,46.1,durian_orchard,NONE,98.0
AVL-KAR,2022-02-01,28.27,63.0,66.7,47.7,26.0,54.8,durian_orchard,NONE,89.6
AVL-KAR,2022-03-01,27.31,68.7,65.9,53.3,21.8,44.1,durian_orchard,NONE,95.1
AVL-KAR,2022-04-01,28.18,82.6,73.4,52.4,16.1,48.9,durian_orchard,NONE,100.0
AVL-KAR,2022-05-01,28.05,83.9,68.6,56.6,21.3,63.1,durian_orchard,NONE,99.1
AVL-KAR,2022-06-01,27.54,161.1,69.8,58.9,24.1,43.9,durian_orchard,NONE,95.7
AVL-KAR,2022-07-01,26.73,243.3,81.8,66.2,19.7,47.5,durian_orchard,NONE,94.3
AVL-KAR,2022-08-01,25.43,247.1,77.4,66.9,24.8,59.0,durian_orchard,NONE,94.1
AVL-KAR,2022-09-01,25.35,311.2,87.1,64.0,21.6,60.5,durian_orchard,NONE,100.0
AVL-KAR,2022-10-01,24.45,265.4,85.7,64.0,25.0,46.1,durian_orchard,NONE,96.8
AVL-KAR,2022-11-01,26.47,227.4,82.6,60.9,18.9,61.0,durian_orchard,NONE,95.7
AVL-KAR,2022-12-01,25.55,166.3,74.2,55.5,21.8,46.3,durian_orchard,NONE,96.0
AVL-KAR,2023-01-01,27.19,119.1,70.0,47.4,29.2,44.6,durian_orchard,NONE,96.5
AVL-KAR,2023-02-01,27.74,95.7,67.4,52.4,25.5,57.3,durian_orchard,NONE,98.8
AVL-KAR,2023-03-01,27.83,64.6,67.3,49.3,29.2,44.7,durian_orchard,NONE,90.9
AVL-KAR,2023-04-01,28.84,82.8,67.3,46.5,25.9,48.0,durian_orchard,NONE,93.0
AVL-KAR,2023-05-01,28.58,110.3,75.7,57.6,22.4,54.0,durian_orchard,NONE,88.8
AVL-KAR,2023-06-01,28.23,218.4,70.4,64.8,27.4,46.0,durian_orchard,NONE,91.4
AVL-KAR,2023-07-01,25.36,205.6,82.2,65.1,28.3,45.6,durian_orchard,NONE,94.8
AVL-KAR,2023-08-01,25.11,277.0,84.3,64.3,29.5,62.6,durian_orchard,NONE,98.2
AVL-KAR,2023-09-01,25.61,270.2,83.6,69.3,17.5,54.9,durian_orchard,NONE,95.8
AVL-KAR,2023-10-01,25.4,251.5,83.0,60.7,24.0,50.0,durian_orchard,NONE,95.3
AVL-KAR,2023-11-01,25.42,205.2,83.6,59.7,22.6,44.5,durian_orchard,NONE,94.4
AVL-KAR,2023-12-01,26.18,166.4,78.7,51.5,21.6,55.1,durian_orchard,NONE,96.4
AVL-KAR,2024-01-01,27.61,158.4,77.9,57.3,25.8,40.1,durian_orchard,NONE,95.3
AVL-KAR,2024-02-01,26.71,90.3,65.3,47.2,22.2,50.1,durian_orchard,NONE,95.1
AVL-KAR,2024-03-01,28.14,122.9,66.1,45.1,30.5,47.4,durian_orchard,NONE,97.7
AVL-KAR,2024-04-01,27.44,64.5,67.7,51.2,26.4,53.8,durian_orchard,NONE,93.3
AVL-KAR,2024-05-01,28.08,110.2,71.6,52.8,31.2,55.8,durian_orchard,NONE,90.0
AVL-KAR,2024-06-01,27.47,151.1,77.0,59.6,26.4,57.0,durian_orchard,NONE,96.0
AVL-KAR,2024-07-01,26.02,246.6,84.5,60.4,25.3,55.1,durian_orchard,NONE,95.5
AVL-KAR,2024-08-01,26.87,275.1,82.2,57.6,25.9,51.6,durian_orchard,NONE,100.0
AVL-KAR,2024-09-01,25.66,261.5,82.1,59.7,17.2,58.8,durian_orchard,NONE,94.7
AVL-KAR,2024-10-01,25.69,237.0,84.9,60.1,33.0,61.4,durian_orchard,NONE,95.1
AVL-KAR,2024-11-01,25.53,185.5,79.6,61.0,19.2,57.6,durian_orchard,NONE,92.7
AVL-KAR,2024-12-01,26.35,211.5,73.6,62.1,18.3,48.4,durian_orchard,NONE,95.4
AVL-KAR,2025-01-01,26.48,165.8,75.8,59.0,12.2,51.0,durian_orchard,NONE,95.9
AVL-KAR,2025-02-01,27.83,58.6,70.5,53.9,18.7,48.5,durian_orchard,NONE,93.8
AVL-KAR,2025-03-01,29.01,77.1,67.2,47.2,24.2,54.8,durian_orchard,NONE,100.0
AVL-KAR,2025-04-01,28.27,105.6,68.6,57.9,27.9,53.7,durian_orchard,NONE,94.3
AVL-KAR,2025-05-01,28.35,153.5,68.9,57.2,25.1,55.9,durian_orchard,NONE,97.1
AVL-KAR,2025-06-01,27.32,161.4,79.3,64.1,23.8,62.6,durian_orchard,NONE,96.1
AVL-MAR,2019-01-01,26.1,150.9,66.3,80.9,50.6,54.1,durian_orchard,NONE,100.0
AVL-MAR,2019-02-01,27.34,114.8,63.8,77.2,40.2,31.3,durian_orchard,NONE,95.5
AVL-MAR,2019-03-01,26.37,82.7,69.2,85.0,48.3,47.9,durian_orchard,NONE,100.0
AVL-MAR,2019-04-01,27.8,128.4,69.0,85.3,43.9,49.2,durian_orchard,NONE,97.2
AVL-MAR,2019-05-01,27.82,83.1,69.4,78.3,36.5,36.2,durian_orchard,NONE,97.5
AVL-MAR,2019-06-01,27.11,145.7,67.9,82.7,38.1,25.4,durian_orchard,NONE,95.7
AVL-MAR,2019-07-01,27.1,242.9,75.9,87.2,57.6,25.7,durian_orchard,NONE,100.0
AVL-MAR,2019-08-01,25.31,230.8,78.8,89.9,33.4,36.5,durian_orchard,NONE,100.0
AVL-MAR,2019-09-01,24.99,282.8,82.2,97.6,59.7,49.4,durian_orchard,NONE,94.1
AVL-MAR,2019-10-01,23.23,289.1,75.9,95.4,54.7,38.6,durian_orchard,HEAVY_RAIN,95.0
AVL-MAR,2019-11-01,24.96,198.7,77.0,79.6,43.6,31.5,durian_orchard,NONE,95.5
AVL-MAR,2019-12-01,24.68,219.5,72.8,76.4,46.6,44.5,durian_orchard,NONE,91.5
AVL-MAR,2020-01-01,26.08,100.2,73.4,79.5,49.7,32.5,durian_orchard,NONE,97.0
AVL-MAR,2020-02-01,28.12,70.2,62.5,72.9,38.9,32.5,durian_orchard,NONE,95.9
AVL-MAR,2020-03-01,26.83,26.8,69.1,75.9,55.0,43.0,durian_orchard,DRY_SPELL,98.4
AVL-MAR,2020-04-01,27.18,90.9,61.9,79.1,50.5,35.0,durian_orchard,NONE,98.7
AVL-MAR,2020-05-01,27.83,161.9,68.7,84.0,48.5,39.1,durian_orchard,NONE,91.1
AVL-MAR,2020-06-01,27.54,196.1,70.6,83.1,45.7,31.5,durian_orchard,NONE,94.2
AVL-MAR,2020-07-01,26.27,198.0,77.3,78.5,48.4,41.6,durian_orchard,NONE,91.7
AVL-MAR,2020-08-01,25.64,287.3,81.9,98.0,57.7,46.1,durian_orchard,NONE,100.0
AVL-MAR,2020-09-01,25.17,334.0,79.3,94.6,55.5,40.2,durian_orchard,NONE,99.9
AVL-MAR,2020-10-01,24.2,268.4,81.9,95.7,49.3,37.8,durian_orchard,NONE,92.7
AVL-MAR,2020-11-01,24.82,263.6,76.3,89.6,39.4,24.5,durian_orchard,NONE,89.9
AVL-MAR,2020-12-01,25.63,190.3,75.0,84.0,41.7,32.5,durian_orchard,NONE,97.9
AVL-MAR,2021-01-01,26.63,125.6,67.0,69.3,46.2,41.8,durian_orchard,NONE,100.0
AVL-MAR,2021-02-01,28.0,74.0,60.8,70.3,43.6,49.1,durian_orchard,NONE,95.7
AVL-MAR,2021-03-01,28.93,99.1,61.5,78.6,55.5,39.7,durian_orchard,NONE,97.4
AVL-MAR,2021-04-01,28.0,104.0,67.4,85.9,37.8,36.9,durian_orchard,NONE,94.2
AVL-MAR,2021-05-01,28.51,146.2,67.8,80.3,37.8,36.6,durian_orchard,NONE,97.4
AVL-MAR,2021-06-01,27.92,171.1,74.6,79.0,49.5,43.6,durian_orchard,NONE,96.2
AVL-MAR,2021-07-01,25.97,226.9,83.2,75.3,42.6,35.6,durian_orchard,NONE,92.6
AVL-MAR,2021-08-01,26.03,248.1,82.6,88.3,41.9,45.7,durian_orchard,NONE,97.6
AVL-MAR,2021-09-01,25.25,287.7,82.9,98.0,51.7,40.9,durian_orchard,NONE,99.5
AVL-MAR,2021-10-01,24.3,245.4,78.8,86.8,54.8,28.3,durian_orchard,NONE,95.0
AVL-MAR,2021-11-01,24.18,250.2,74.0,78.2,39.9,37.4,durian_orchard,NONE,98.6
AVL-MAR,2021-12-01,26.11,169.9,72.3,83.1,41.4,31.8,durian_orchard,NONE,100.0
AVL-MAR,2022-01-01,27.18,115.2,68.3,78.9,51.4,29.9,durian_orchard,NONE,99.9
AVL-MAR,2022-02-01,27.72,56.3,67.4,74.2,38.9,25.9,durian_orchard,NONE,98.6
AVL-MAR,2022-03-01,27.52,91.3,64.3,84.9,50.1,31.4,durian_orchard,NONE,99.3
AVL-MAR,2022-04-01,27.2,131.4,59.9,80.4,41.0,43.3,durian_orchard,NONE,90.4
AVL-MAR,2022-05-01,27.58,161.1,65.4,81.5,55.1,41.4,durian_orchard,NONE,96.8
AVL-MAR,2022-06-01,27.78,234.5,70.2,76.1,49.0,45.6,durian_orchard,NONE,97.5
AVL-MAR,2022-07-01,26.73,225.9,73.9,93.8,46.1,42.6,durian_orchard,NONE,97.0
AVL-MAR,2022-08-01,25.05,249.6,75.3,94.2,52.5,44.4,durian_orchard,NONE,94.2
AVL-MAR,2022-09-01,25.14,277.2,80.9,94.6,57.2,37.3,durian_orchard,NONE,99.8
AVL-MAR,2022-10-01,25.5,258.7,83.2,93.7,48.5,28.3,durian_orchard,NONE,95.8
AVL-MAR,2022-11-01,25.38,218.8,81.4,90.9,44.9,39.8,durian_orchard,NONE,100.0
AVL-MAR,2022-12-01,25.67,206.6,72.7,79.5,51.5,17.1,durian_orchard,NONE,94.3
AVL-MAR,2023-01-01,26.68,90.1,71.4,83.7,57.8,48.4,durian_orchard,NONE,100.0
AVL-MAR,2023-02-01,27.45,51.7,62.7,75.3,46.9,45.3,durian_orchard,NONE,100.0
AVL-MAR,2023-03-01,28.23,76.9,60.7,75.5,49.3,31.5,durian_orchard,NONE,98.0
AVL-MAR,2023-04-01,28.93,100.9,67.9,76.1,40.9,43.6,durian_orchard,NONE,97.4
AVL-MAR,2023-05-01,27.77,151.8,66.0,82.0,47.3,43.4,durian_orchard,NONE,100.0
AVL-MAR,2023-06-01,27.74,150.2,73.5,83.0,44.3,50.4,durian_orchard,NONE,92.1
AVL-MAR,2023-07-01,26.7,246.7,75.9,88.7,43.6,36.6,durian_orchard,NONE,100.0
AVL-MAR,2023-08-01,26.55,248.8,81.1,89.5,50.3,43.2,durian_orchard,NONE,96.7
AVL-MAR,2023-09-01,26.02,283.4,82.2,84.7,43.5,33.0,durian_orchard,NONE,90.2
AVL-MAR,2023-10-01,24.76,256.4,76.0,80.8,56.3,43.4,durian_orchard,NONE,98.6
AVL-MAR,2023-11-01,24.16,179.8,75.6,93.3,42.5,36.5,durian_orchard,NONE,92.5
AVL-MAR,2023-12-01,25.05,174.6,71.2,84.5,49.2,42.7,durian_orchard,NONE,99.8
AVL-MAR,2024-01-01,26.65,124.5,67.2,85.2,44.0,42.3,durian_orchard,NONE,98.9
AVL-MAR,2024-02-01,27.12,121.8,65.9,72.7,44.9,27.5,durian_orchard,NONE,97.7
AVL-MAR,2024-03-01,28.48,5.7,60.2,75.5,43.6,49.7,durian_orchard,DRY_SPELL,92.9
AVL-MAR,2024-04-01,27.88,82.1,63.6,79.8,48.9,43.3,durian_orchard,NONE,96.8
AVL-MAR,2024-05-01,27.33,115.4,71.2,73.5,46.0,38.8,durian_orchard,NONE,96.5
AVL-MAR,2024-06-01,27.09,166.3,71.4,83.4,45.6,30.3,durian_orchard,NONE,95.9
AVL-MAR,2024-07-01,26.7,218.1,81.6,89.2,44.8,43.5,durian_orchard,NONE,96.2
AVL-MAR,2024-08-01,25.69,261.1,79.9,89.0,45.7,23.9,durian_orchard,NONE,89.9
AVL-MAR,2024-09-01,25.11,277.2,83.0,90.5,42.8,38.8,durian_orchard,NONE,91.0
AVL-MAR,2024-10-01,24.4,227.4,80.5,84.1,47.2,39.7,durian_orchard,NONE,98.0
AVL-MAR,2024-11-01,25.61,204.5,71.6,87.5,48.6,35.1,durian_orchard,NONE,90.9
AVL-MAR,2024-12-01,26.65,189.5,70.3,86.1,43.7,37.5,durian_orchard,NONE,92.6
AVL-MAR,2025-01-01,26.93,120.3,68.0,77.8,42.8,37.1,durian_orchard,NONE,94.5
AVL-MAR,2025-02-01,28.17,69.1,66.8,78.3,53.4,44.1,durian_orchard,NONE,98.1
AVL-MAR,2025-03-01,28.0,53.2,63.5,83.0,37.5,30.7,durian_orchard,NONE,95.7
AVL-MAR,2025-04-01,27.7,65.3,64.2,80.2,38.5,43.8,durian_orchard,NONE,100.0
AVL-MAR,2025-05-01,28.59,159.8,66.8,86.5,43.7,34.1,durian_orchard,NONE,94.3
AVL-MAR,2025-06-01,27.59,184.9,74.2,87.9,44.0,43.5,durian_orchard,NONE,93.4
AVL-NFR,2019-01-01,26.02,115.2,63.7,47.8,47.9,35.2,mixed_agriculture,NONE,91.7
AVL-NFR,2019-02-01,26.74,88.3,62.2,43.2,54.9,42.3,mixed_agriculture,NONE,94.5
AVL-NFR,2019-03-01,27.04,67.0,67.9,47.4,52.8,37.8,mixed_agriculture,NONE,98.6
AVL-NFR,2019-04-01,27.3,56.2,63.4,42.4,51.4,22.8,mixed_agriculture,NONE,91.9
AVL-NFR,2019-05-01,26.23,106.2,66.8,47.2,50.4,41.9,mixed_agriculture,NONE,96.6
AVL-NFR,2019-06-01,26.31,168.8,73.0,47.8,49.4,40.8,mixed_agriculture,NONE,94.2
AVL-NFR,2019-07-01,25.24,218.0,74.6,56.6,46.0,47.4,mixed_agriculture,NONE,100.0
AVL-NFR,2019-08-01,24.77,226.9,77.1,57.6,50.9,41.8,mixed_agriculture,NONE,97.3
AVL-NFR,2019-09-01,23.91,256.0,74.0,58.0,47.6,55.8,mixed_agriculture,NONE,96.7
AVL-NFR,2019-10-01,23.32,315.9,75.9,55.8,55.0,52.5,mixed_agriculture,HEAVY_RAIN,95.3
AVL-NFR,2019-11-01,24.59,228.7,78.0,54.7,45.3,37.8,mixed_agriculture,NONE,98.2
AVL-NFR,2019-12-01,25.08,175.5,69.6,46.1,50.1,47.5,mixed_agriculture,NONE,95.3
AVL-NFR,2020-01-01,23.28,118.6,69.1,44.9,50.3,28.8,mixed_agriculture,NONE,94.8
AVL-NFR,2020-02-01,26.61,91.1,66.0,39.9,45.1,38.9,mixed_agriculture,NONE,98.9
AVL-NFR,2020-03-01,26.75,57.2,67.4,49.6,40.5,40.6,mixed_agriculture,NONE,95.4
AVL-NFR,2020-04-01,26.87,78.0,68.0,31.8,53.0,51.5,mixed_agriculture,NONE,95.6
AVL-NFR,2020-05-01,27.32,96.3,68.3,41.6,44.0,32.4,mixed_agriculture,NONE,93.6
AVL-NFR,2020-06-01,25.87,123.2,73.3,49.0,47.7,46.0,mixed_agriculture,NONE,91.4
AVL-NFR,2020-07-01,25.72,181.1,70.3,50.7,51.6,49.4,mixed_agriculture,NONE,96.3
AVL-NFR,2020-08-01,24.77,285.7,78.0,58.4,43.6,43.2,mixed_agriculture,NONE,99.2
AVL-NFR,2020-09-01,23.64,255.3,78.8,55.8,43.9,37.9,mixed_agriculture,NONE,100.0
AVL-NFR,2020-10-01,23.41,267.9,82.5,61.8,43.3,40.9,mixed_agriculture,NONE,98.2
AVL-NFR,2020-11-01,24.77,175.7,70.1,52.3,57.7,48.7,mixed_agriculture,NONE,93.2
AVL-NFR,2020-12-01,23.57,186.0,72.0,48.5,53.6,40.6,mixed_agriculture,NONE,90.5
AVL-NFR,2021-01-01,25.84,155.9,66.7,41.3,59.4,34.2,mixed_agriculture,NONE,97.9
AVL-NFR,2021-02-01,26.93,115.2,57.3,46.0,51.7,42.1,mixed_agriculture,NONE,98.5
AVL-NFR,2021-03-01,27.56,30.1,62.2,42.6,55.3,47.8,mixed_agriculture,DRY_SPELL,95.0
AVL-NFR,2021-04-01,27.7,125.6,60.6,44.1,54.5,30.7,mixed_agriculture,NONE,91.4
AVL-NFR,2021-05-01,26.75,146.0,69.2,42.1,43.9,37.9,mixed_agriculture,NONE,98.5
AVL-NFR,2021-06-01,26.29,135.9,71.3,50.4,51.3,27.3,mixed_agriculture,NONE,92.5
AVL-NFR,2021-07-01,24.91,171.1,76.0,51.4,56.9,30.8,mixed_agriculture,NONE,92.7
AVL-NFR,2021-08-01,24.85,218.1,77.0,58.4,43.3,45.6,mixed_agriculture,NONE,92.3
AVL-NFR,2021-09-01,23.56,233.5,82.8,52.7,41.3,42.1,mixed_agriculture,NONE,98.9
AVL-NFR,2021-10-01,23.86,294.7,77.6,53.6,52.1,31.5,mixed_agriculture,NONE,95.7
AVL-NFR,2021-11-01,24.13,182.6,75.8,52.6,45.8,41.8,mixed_agriculture,NONE,97.7
AVL-NFR,2021-12-01,24.85,158.0,63.8,52.8,50.9,32.3,mixed_agriculture,NONE,92.4
AVL-NFR,2022-01-01,25.29,117.0,64.6,45.2,52.7,47.6,mixed_agriculture,NONE,95.5
AVL-NFR,2022-02-01,26.52,62.5,61.4,43.1,42.3,38.5,mixed_agriculture,NONE,91.8
AVL-NFR,2022-03-01,27.17,83.5,60.4,41.1,46.2,49.5,mixed_agriculture,NONE,94.0
AVL-NFR,2022-04-01,26.66,70.8,64.2,44.7,55.5,39.7,mixed_agriculture,NONE,87.1
AVL-NFR,2022-05-01,28.37,129.7,64.5,44.5,54.8,41.1,mixed_agriculture,NONE,100.0
AVL-NFR,2022-06-01,26.1,167.7,71.4,39.0,52.5,23.8,mixed_agriculture,NONE,92.4
AVL-NFR,2022-07-01,25.78,151.5,73.8,58.3,51.3,43.6,mixed_agriculture,NONE,94.8
AVL-NFR,2022-08-01,25.34,269.6,78.4,58.4,49.2,32.0,mixed_agriculture,NONE,98.1
AVL-NFR,2022-09-01,24.04,219.4,77.7,54.0,48.3,36.6,mixed_agriculture,NONE,92.8
AVL-NFR,2022-10-01,23.53,235.3,76.0,56.1,49.6,31.5,mixed_agriculture,NONE,98.2
AVL-NFR,2022-11-01,23.38,198.3,75.4,59.1,50.7,39.0,mixed_agriculture,NONE,95.6
AVL-NFR,2022-12-01,23.95,201.9,73.3,53.6,49.1,39.5,mixed_agriculture,NONE,97.3
AVL-NFR,2023-01-01,25.03,92.7,67.6,49.9,50.8,42.7,mixed_agriculture,NONE,90.8
AVL-NFR,2023-02-01,26.18,79.1,64.1,41.0,37.7,36.6,mixed_agriculture,NONE,96.7
AVL-NFR,2023-03-01,27.14,81.9,63.4,41.3,50.5,38.3,mixed_agriculture,NONE,94.3
AVL-NFR,2023-04-01,28.01,67.1,61.8,45.5,39.0,42.2,mixed_agriculture,NONE,94.1
AVL-NFR,2023-05-01,26.91,75.7,65.6,50.4,53.1,45.4,mixed_agriculture,NONE,93.2
AVL-NFR,2023-06-01,27.38,130.8,69.2,48.6,56.7,40.9,mixed_agriculture,NONE,100.0
AVL-NFR,2023-07-01,25.28,226.3,76.2,55.7,55.3,43.2,mixed_agriculture,NONE,95.7
AVL-NFR,2023-08-01,24.3,223.8,81.0,57.2,44.6,46.2,mixed_agriculture,NONE,94.2
AVL-NFR,2023-09-01,23.68,304.7,77.4,53.3,50.4,43.8,mixed_agriculture,NONE,89.8
AVL-NFR,2023-10-01,23.27,227.4,80.2,56.8,54.7,42.8,mixed_agriculture,NONE,94.1
AVL-NFR,2023-11-01,23.68,213.2,72.9,57.4,61.9,44.7,mixed_agriculture,NONE,99.8
AVL-NFR,2023-12-01,24.85,142.5,69.7,47.3,53.1,40.8,mixed_agriculture,NONE,98.6
AVL-NFR,2024-01-01,25.86,137.1,67.2,52.5,48.7,35.4,mixed_agriculture,NONE,95.9
AVL-NFR,2024-02-01,26.23,94.5,61.1,45.4,49.1,40.1,mixed_agriculture,NONE,95.8
AVL-NFR,2024-03-01,27.35,42.7,61.0,43.1,53.7,41.7,mixed_agriculture,NONE,96.1
AVL-NFR,2024-04-01,26.45,46.1,65.4,41.2,48.0,42.7,mixed_agriculture,NONE,96.9
AVL-NFR,2024-05-01,25.91,158.0,65.5,47.8,50.7,44.1,mixed_agriculture,NONE,93.0
AVL-NFR,2024-06-01,26.52,210.1,69.0,46.4,43.0,25.6,mixed_agriculture,NONE,95.7
AVL-NFR,2024-07-01,26.25,172.4,74.1,56.9,40.4,38.2,mixed_agriculture,NONE,91.7
AVL-NFR,2024-08-01,24.58,230.3,74.6,58.0,30.3,30.2,mixed_agriculture,NONE,91.9
AVL-NFR,2024-09-01,23.82,236.3,76.3,54.5,55.7,47.5,mixed_agriculture,NONE,100.0
AVL-NFR,2024-10-01,23.99,179.8,77.8,52.4,38.2,43.3,mixed_agriculture,NONE,98.4
AVL-NFR,2024-11-01,23.89,206.5,71.7,49.8,41.5,35.3,mixed_agriculture,NONE,93.7
AVL-NFR,2024-12-01,24.38,153.8,68.6,45.7,49.8,45.6,mixed_agriculture,NONE,92.8
AVL-NFR,2025-01-01,25.73,123.0,66.4,55.3,55.4,52.0,mixed_agriculture,NONE,95.8
AVL-NFR,2025-02-01,27.37,57.0,60.6,44.3,50.2,39.8,mixed_agriculture,NONE,98.5
AVL-NFR,2025-03-01,27.52,96.8,65.0,42.3,51.0,37.2,mixed_agriculture,NONE,87.6
AVL-NFR,2025-04-01,27.64,85.3,65.4,40.4,42.3,48.9,mixed_agriculture,NONE,96.0
AVL-NFR,2025-05-01,27.12,155.0,67.8,44.9,56.0,38.3,mixed_agriculture,NONE,97.2
AVL-NFR,2025-06-01,26.45,139.1,68.7,49.0,53.4,34.2,mixed_agriculture,NONE,99.8
AVL-NMQ,2019-01-01,26.81,139.0,74.6,72.9,12.6,34.2,durian_orchard,NONE,100.0
AVL-NMQ,2019-02-01,27.44,76.6,72.1,59.3,19.7,34.9,durian_orchard,NONE,92.2
AVL-NMQ,2019-03-01,29.52,87.7,66.2,69.9,12.8,35.6,durian_orchard,NONE,99.3
AVL-NMQ,2019-04-01,28.15,67.7,70.9,56.3,11.0,38.2,durian_orchard,NONE,95.7
AVL-NMQ,2019-05-01,29.69,127.2,67.0,64.7,17.8,28.6,durian_orchard,NONE,98.0
AVL-NMQ,2019-06-01,28.18,163.2,73.7,64.7,21.4,24.2,durian_orchard,NONE,97.6
AVL-NMQ,2019-07-01,27.07,197.4,82.7,73.8,17.2,39.5,durian_orchard,NONE,93.0
AVL-NMQ,2019-08-01,26.83,237.4,78.3,71.6,17.8,38.6,durian_orchard,NONE,97.1
AVL-NMQ,2019-09-01,26.12,249.4,89.1,72.5,15.0,25.5,durian_orchard,NONE,98.2
AVL-NMQ,2019-10-01,25.8,221.6,84.0,75.5,18.8,33.7,durian_orchard,NONE,95.5
AVL-NMQ,2019-11-01,25.7,217.4,81.0,76.0,11.0,30.1,durian_orchard,NONE,97.2
AVL-NMQ,2019-12-01,27.06,128.1,72.9,75.8,19.1,32.9,durian_orchard,NONE,93.4
AVL-NMQ,2020-01-01,27.94,45.3,71.0,63.4,12.1,31.0,durian_orchard,NONE,93.0
AVL-NMQ,2020-02-01,28.58,130.7,69.2,58.0,22.6,34.3,durian_orchard,NONE,93.9
AVL-NMQ,2020-03-01,28.83,54.8,62.5,70.8,9.6,28.6,durian_orchard,NONE,99.2
AVL-NMQ,2020-04-01,29.63,83.6,65.0,61.4,21.5,33.6,durian_orchard,NONE,95.2
AVL-NMQ,2020-05-01,29.24,108.7,77.2,70.1,25.7,26.4,durian_orchard,NONE,95.3
AVL-NMQ,2020-06-01,28.97,163.0,77.2,74.8,21.2,24.9,durian_orchard,NONE,95.5
AVL-NMQ,2020-07-01,27.03,176.7,80.8,74.2,20.1,31.1,durian_orchard,NONE,98.9
AVL-NMQ,2020-08-01,27.11,200.2,85.0,71.7,7.7,26.0,durian_orchard,NONE,94.5
AVL-NMQ,2020-09-01,26.21,238.2,82.6,83.1,28.3,34.4,durian_orchard,NONE,93.9
AVL-NMQ,2020-10-01,24.58,241.7,84.1,68.6,9.5,28.0,durian_orchard,NONE,96.7
AVL-NMQ,2020-11-01,26.08,196.8,79.6,72.0,17.6,33.8,durian_orchard,NONE,88.0
AVL-NMQ,2020-12-01,26.45,163.0,75.5,65.6,28.1,20.0,durian_orchard,NONE,96.6
AVL-NMQ,2021-01-01,27.71,72.3,69.3,64.7,7.8,39.2,durian_orchard,NONE,97.5
AVL-NMQ,2021-02-01,27.83,72.3,70.7,64.9,15.3,26.9,durian_orchard,NONE,95.3
AVL-NMQ,2021-03-01,28.79,24.4,66.3,50.7,7.7,38.3,durian_orchard,DRY_SPELL,90.7
AVL-NMQ,2021-04-01,28.67,40.1,74.0,61.6,13.0,33.9,durian_orchard,NONE,95.9
AVL-NMQ,2021-05-01,28.7,99.7,76.3,69.9,20.2,36.6,durian_orchard,NONE,96.5
AVL-NMQ,2021-06-01,28.47,184.6,78.1,64.5,23.0,37.1,durian_orchard,NONE,100.0
AVL-NMQ,2021-07-01,27.85,170.7,78.6,72.3,18.6,33.4,durian_orchard,NONE,99.4
AVL-NMQ,2021-08-01,25.46,245.1,85.4,77.7,17.9,40.6,durian_orchard,NONE,97.6
AVL-NMQ,2021-09-01,25.7,278.0,84.3,80.3,9.4,25.1,durian_orchard,NONE,96.4
AVL-NMQ,2021-10-01,25.12,266.8,87.2,82.8,10.0,26.5,durian_orchard,NONE,98.4
AVL-NMQ,2021-11-01,26.61,182.7,77.3,68.5,12.2,31.9,durian_orchard,NONE,96.5
AVL-NMQ,2021-12-01,25.48,122.9,77.8,60.2,19.1,32.2,durian_orchard,NONE,95.6
AVL-NMQ,2022-01-01,27.59,118.8,72.9,69.4,16.1,27.9,durian_orchard,NONE,90.5
AVL-NMQ,2022-02-01,28.11,77.6,73.5,62.0,22.4,16.0,durian_orchard,NONE,96.2
AVL-NMQ,2022-03-01,29.14,18.2,63.8,67.2,13.8,45.2,durian_orchard,DRY_SPELL,94.3
AVL-NMQ,2022-04-01,29.03,91.8,76.5,62.3,20.7,39.1,durian_orchard,NONE,97.0
AVL-NMQ,2022-05-01,29.18,124.0,71.8,69.1,23.6,35.1,durian_orchard,NONE,100.0
AVL-NMQ,2022-06-01,28.64,149.1,75.0,69.8,20.7,30.7,durian_orchard,NONE,98.3
AVL-NMQ,2022-07-01,27.64,200.9,81.8,64.0,16.0,37.9,durian_orchard,NONE,98.4
AVL-NMQ,2022-08-01,26.57,225.3,81.6,72.9,17.9,34.5,durian_orchard,NONE,98.0
AVL-NMQ,2022-09-01,25.18,250.8,84.5,73.4,14.8,29.2,durian_orchard,NONE,93.2
AVL-NMQ,2022-10-01,27.16,226.3,87.2,70.7,10.1,41.0,durian_orchard,NONE,96.2
AVL-NMQ,2022-11-01,26.97,226.0,81.6,74.1,10.5,28.6,durian_orchard,NONE,97.4
AVL-NMQ,2022-12-01,27.21,176.5,79.7,69.7,8.3,40.6,durian_orchard,NONE,92.6
AVL-NMQ,2023-01-01,27.42,116.3,73.2,63.9,6.6,29.8,durian_orchard,NONE,95.5
AVL-NMQ,2023-02-01,28.6,33.2,68.2,64.3,13.1,26.1,durian_orchard,DRY_SPELL,95.3
AVL-NMQ,2023-03-01,28.72,92.1,67.9,64.6,19.0,30.9,durian_orchard,NONE,95.8
AVL-NMQ,2023-04-01,28.87,80.0,70.4,62.7,12.9,46.9,durian_orchard,NONE,94.0
AVL-NMQ,2023-05-01,29.14,76.3,70.4,65.9,20.9,37.4,durian_orchard,NONE,96.6
AVL-NMQ,2023-06-01,27.4,165.0,75.2,65.9,7.5,39.4,durian_orchard,NONE,98.8
AVL-NMQ,2023-07-01,27.06,217.6,81.7,71.0,24.6,27.2,durian_orchard,NONE,100.0
AVL-NMQ,2023-08-01,27.63,250.9,81.9,76.8,11.3,31.6,durian_orchard,NONE,95.9
AVL-NMQ,2023-09-01,26.52,234.5,90.2,76.5,16.5,34.5,durian_orchard,NONE,95.8
AVL-NMQ,2023-10-01,25.88,203.0,81.6,80.8,23.3,38.1,durian_orchard,NONE,100.0
AVL-NMQ,2023-11-01,25.48,241.4,80.2,75.1,22.8,24.6,durian_orchard,NONE,92.1
AVL-NMQ,2023-12-01,26.15,166.8,77.0,71.2,11.6,34.5,durian_orchard,NONE,95.6
AVL-NMQ,2024-01-01,28.13,63.8,77.9,67.2,20.8,46.3,durian_orchard,NONE,96.1
AVL-NMQ,2024-02-01,28.06,83.5,68.1,61.0,23.4,30.2,durian_orchard,NONE,96.0
AVL-NMQ,2024-03-01,29.7,61.9,71.5,61.0,16.6,33.0,durian_orchard,NONE,89.1
AVL-NMQ,2024-04-01,28.6,76.8,69.4,58.9,19.8,39.8,durian_orchard,NONE,100.0
AVL-NMQ,2024-05-01,28.98,113.0,74.0,66.5,23.7,22.4,durian_orchard,NONE,90.2
AVL-NMQ,2024-06-01,28.14,222.5,73.1,72.9,7.7,32.9,durian_orchard,NONE,98.5
AVL-NMQ,2024-07-01,28.77,260.3,81.3,71.5,22.1,29.2,durian_orchard,NONE,94.9
AVL-NMQ,2024-08-01,27.79,238.5,84.3,78.1,11.2,29.2,durian_orchard,NONE,88.8
AVL-NMQ,2024-09-01,25.18,285.9,86.2,72.8,30.6,18.1,durian_orchard,HEAVY_RAIN,96.9
AVL-NMQ,2024-10-01,25.51,231.2,85.7,65.5,28.9,38.5,durian_orchard,NONE,95.1
AVL-NMQ,2024-11-01,26.11,169.6,85.8,67.5,23.4,32.1,durian_orchard,NONE,88.7
AVL-NMQ,2024-12-01,26.36,165.9,72.6,67.6,18.7,37.1,durian_orchard,NONE,98.3
AVL-NMQ,2025-01-01,27.18,123.1,68.7,65.3,15.8,30.0,durian_orchard,NONE,95.5
AVL-NMQ,2025-02-01,28.26,38.9,72.8,66.0,23.2,22.2,durian_orchard,NONE,99.7
AVL-NMQ,2025-03-01,29.66,35.4,71.3,65.55,16.4,28.4,durian_orchard,NONE,98.3
AVL-NMQ,2025-04-01,29.77,90.7,72.0,65.1,19.2,22.4,durian_orchard,NONE,98.0
AVL-NMQ,2025-05-01,29.77,85.4,72.5,66.0,23.4,39.0,durian_orchard,NONE,98.3
AVL-NMQ,2025-06-01,29.34,181.5,73.3,70.2,11.4,29.1,durian_orchard,NONE,100.0
AVL-ORR,2019-01-01,27.46,108.0,66.9,70.3,32.8,26.2,research_site,NONE,95.6
AVL-ORR,2019-02-01,27.23,24.6,57.1,58.6,37.1,19.9,research_site,DRY_SPELL,94.5
AVL-ORR,2019-03-01,28.8,67.8,57.4,57.7,35.1,25.9,research_site,NONE,95.0
AVL-ORR,2019-04-01,30.03,110.3,64.9,56.9,35.8,32.1,research_site,NONE,97.3
AVL-ORR,2019-05-01,28.37,89.5,65.2,66.9,35.6,21.3,research_site,NONE,91.8
AVL-ORR,2019-06-01,28.55,121.7,64.7,60.1,23.0,38.5,research_site,NONE,96.7
AVL-ORR,2019-07-01,27.39,209.9,72.8,70.7,22.3,29.1,research_site,NONE,98.1
AVL-ORR,2019-08-01,27.31,216.9,70.8,73.8,33.4,25.9,research_site,NONE,97.9
AVL-ORR,2019-09-01,26.76,284.1,77.1,72.5,28.1,29.8,research_site,NONE,98.8
AVL-ORR,2019-10-01,25.87,251.4,76.3,76.8,31.7,21.4,research_site,NONE,95.8
AVL-ORR,2019-11-01,26.64,203.5,71.6,71.5,39.6,32.9,research_site,NONE,89.7
AVL-ORR,2019-12-01,25.92,171.6,68.5,63.7,35.1,29.2,research_site,NONE,98.4
AVL-ORR,2020-01-01,28.16,98.0,63.0,63.9,32.2,38.0,research_site,NONE,100.0
AVL-ORR,2020-02-01,27.44,71.8,60.6,66.8,25.2,33.5,research_site,NONE,100.0
AVL-ORR,2020-03-01,28.54,58.1,65.9,64.7,39.0,29.2,research_site,NONE,95.5
AVL-ORR,2020-04-01,29.08,91.6,62.1,55.0,29.2,38.9,research_site,NONE,91.8
AVL-ORR,2020-05-01,28.67,112.9,64.6,67.4,34.7,33.1,research_site,NONE,100.0
AVL-ORR,2020-06-01,28.53,154.4,65.7,69.1,31.8,19.2,research_site,NONE,98.6
AVL-ORR,2020-07-01,28.01,204.3,73.6,71.6,27.9,39.0,research_site,NONE,96.2
AVL-ORR,2020-08-01,26.18,236.1,73.6,74.5,34.8,31.5,research_site,NONE,93.3
AVL-ORR,2020-09-01,25.51,258.3,75.4,70.3,34.2,29.2,research_site,NONE,94.1
AVL-ORR,2020-10-01,25.58,234.3,69.6,77.1,49.4,19.2,research_site,NONE,93.5
AVL-ORR,2020-11-01,26.29,173.3,77.5,68.3,24.3,34.3,research_site,NONE,92.5
AVL-ORR,2020-12-01,26.25,176.6,65.3,65.8,39.7,14.4,research_site,NONE,94.6
AVL-ORR,2021-01-01,27.06,126.2,65.7,62.9,32.8,39.7,research_site,NONE,98.9
AVL-ORR,2021-02-01,29.06,90.3,60.1,62.0,38.5,30.5,research_site,NONE,99.0
AVL-ORR,2021-03-01,28.63,39.0,58.6,58.6,24.1,34.6,research_site,NONE,96.0
AVL-ORR,2021-04-01,28.81,95.9,59.9,61.1,42.9,36.3,research_site,NONE,96.4
AVL-ORR,2021-05-01,28.72,123.3,65.0,60.8,33.5,24.0,research_site,NONE,99.0
AVL-ORR,2021-06-01,28.82,185.0,70.1,63.7,27.7,40.0,research_site,NONE,94.2
AVL-ORR,2021-07-01,28.13,202.0,71.9,74.5,35.0,19.6,research_site,NONE,97.0
AVL-ORR,2021-08-01,26.06,251.5,73.4,75.1,40.4,34.0,research_site,NONE,95.4
AVL-ORR,2021-09-01,24.82,252.2,75.7,72.4,34.8,17.9,research_site,NONE,93.8
AVL-ORR,2021-10-01,25.22,259.2,77.4,78.2,40.3,24.3,research_site,NONE,94.8
AVL-ORR,2021-11-01,25.65,222.4,73.1,74.5,38.5,26.3,research_site,NONE,97.4
AVL-ORR,2021-12-01,27.48,87.0,68.8,62.1,41.3,40.3,research_site,NONE,97.5
AVL-ORR,2022-01-01,26.73,40.6,59.3,63.6,35.4,32.0,research_site,NONE,96.6
AVL-ORR,2022-02-01,28.16,40.5,60.9,66.1,45.7,24.3,research_site,NONE,98.9
AVL-ORR,2022-03-01,28.1,39.8,59.4,60.2,35.0,11.5,research_site,NONE,94.4
AVL-ORR,2022-04-01,29.71,62.5,63.5,66.3,32.8,31.4,research_site,NONE,88.4
AVL-ORR,2022-05-01,29.56,62.5,64.3,68.9,28.4,32.9,research_site,NONE,98.1
AVL-ORR,2022-06-01,27.78,168.3,66.1,71.2,37.3,30.2,research_site,NONE,98.3
AVL-ORR,2022-07-01,27.32,213.0,74.7,66.2,33.1,30.2,research_site,NONE,95.1
AVL-ORR,2022-08-01,26.4,263.5,71.3,78.8,37.5,31.6,research_site,NONE,99.0
AVL-ORR,2022-09-01,26.57,285.6,76.6,72.7,43.5,28.2,research_site,NONE,93.0
AVL-ORR,2022-10-01,25.25,260.2,79.3,76.3,30.8,12.9,research_site,NONE,97.1
AVL-ORR,2022-11-01,26.35,201.7,77.8,76.2,33.1,23.8,research_site,NONE,97.7
AVL-ORR,2022-12-01,26.38,158.0,67.4,69.4,45.6,14.1,research_site,NONE,96.4
AVL-ORR,2023-01-01,27.93,124.5,63.8,65.2,41.9,35.8,research_site,NONE,98.4
AVL-ORR,2023-02-01,28.38,135.3,60.2,57.2,48.8,19.9,research_site,NONE,96.6
AVL-ORR,2023-03-01,28.22,97.6,63.6,60.5,36.1,20.8,research_site,NONE,100.0
AVL-ORR,2023-04-01,29.25,47.0,59.3,65.1,43.2,30.4,research_site,NONE,97.1
AVL-ORR,2023-05-01,29.0,107.5,58.0,68.5,38.4,34.6,research_site,NONE,96.2
AVL-ORR,2023-06-01,27.96,117.8,73.9,60.8,32.6,30.0,research_site,NONE,96.3
AVL-ORR,2023-07-01,28.31,186.1,76.3,76.0,34.2,28.3,research_site,NONE,93.7
AVL-ORR,2023-08-01,27.12,248.3,79.4,72.3,45.0,26.8,research_site,NONE,98.3
AVL-ORR,2023-09-01,26.67,252.0,77.0,78.1,32.3,24.4,research_site,NONE,97.6
AVL-ORR,2023-10-01,26.68,231.1,75.0,68.9,34.3,25.9,research_site,NONE,95.2
AVL-ORR,2023-11-01,26.21,234.6,67.2,72.9,24.2,10.2,research_site,NONE,90.9
AVL-ORR,2023-12-01,27.37,138.2,69.2,64.1,29.1,24.7,research_site,NONE,95.6
AVL-ORR,2024-01-01,27.94,91.0,64.3,58.0,46.2,36.2,research_site,NONE,100.0
AVL-ORR,2024-02-01,29.46,60.9,65.5,58.4,29.0,33.0,research_site,NONE,96.0
AVL-ORR,2024-03-01,29.55,10.8,58.1,52.9,43.5,28.0,research_site,DRY_SPELL,93.9
AVL-ORR,2024-04-01,29.02,94.3,64.3,57.2,31.1,30.2,research_site,NONE,97.7
AVL-ORR,2024-05-01,28.88,110.3,62.5,66.6,30.0,26.1,research_site,NONE,92.6
AVL-ORR,2024-06-01,28.92,146.9,66.2,68.2,43.6,36.3,research_site,NONE,90.5
AVL-ORR,2024-07-01,27.44,164.3,70.2,72.4,24.2,26.4,research_site,NONE,96.6
AVL-ORR,2024-08-01,27.46,235.6,73.5,74.9,33.1,42.4,research_site,NONE,100.0
AVL-ORR,2024-09-01,26.22,280.0,83.2,74.6,39.8,25.1,research_site,NONE,92.1
AVL-ORR,2024-10-01,25.27,221.7,76.2,74.2,26.7,29.7,research_site,NONE,92.7
AVL-ORR,2024-11-01,26.63,246.9,75.4,71.3,38.4,35.5,research_site,NONE,95.0
AVL-ORR,2024-12-01,26.7,125.3,65.4,78.1,38.9,23.4,research_site,NONE,97.5
AVL-ORR,2025-01-01,27.58,141.9,59.3,61.5,43.1,28.5,research_site,NONE,94.3
AVL-ORR,2025-02-01,28.56,44.7,60.4,59.6,32.7,32.3,research_site,NONE,98.2
AVL-ORR,2025-03-01,30.12,54.0,62.8,61.8,35.8,31.6,research_site,NONE,99.1
AVL-ORR,2025-04-01,28.45,77.7,58.5,56.8,31.6,31.7,research_site,NONE,94.7
AVL-ORR,2025-05-01,28.93,91.1,69.5,55.7,37.0,34.4,research_site,NONE,100.0
AVL-ORR,2025-06-01,28.0,150.4,63.5,64.6,39.7,20.0,research_site,NONE,87.7
AVL-RBC,2019-01-01,26.3,110.7,71.8,51.5,4.0,39.2,durian_orchard,NONE,96.3
AVL-RBC,2019-02-01,27.14,74.7,67.6,49.1,14.1,37.8,durian_orchard,NONE,90.0
AVL-RBC,2019-03-01,28.59,13.7,65.0,52.0,6.9,41.0,durian_orchard,DRY_SPELL,94.2
AVL-RBC,2019-04-01,27.53,105.2,66.6,42.1,0.0,28.8,durian_orchard,NONE,91.9
AVL-RBC,2019-05-01,27.13,96.8,67.2,57.0,15.8,53.3,durian_orchard,NONE,99.5
AVL-RBC,2019-06-01,27.7,187.0,71.2,53.6,1.3,46.9,durian_orchard,NONE,99.1
AVL-RBC,2019-07-01,26.42,249.4,75.5,54.3,11.1,46.3,durian_orchard,NONE,99.1
AVL-RBC,2019-08-01,24.94,247.7,80.4,59.2,8.7,52.4,durian_orchard,NONE,96.8
AVL-RBC,2019-09-01,24.98,288.2,85.1,58.8,9.7,40.2,durian_orchard,NONE,100.0
AVL-RBC,2019-10-01,24.28,218.7,87.9,60.3,10.0,34.2,durian_orchard,NONE,91.9
AVL-RBC,2019-11-01,24.38,201.4,82.4,48.9,14.7,49.4,durian_orchard,NONE,96.7
AVL-RBC,2019-12-01,25.15,152.5,74.1,49.2,0.3,46.3,durian_orchard,NONE,90.8
AVL-RBC,2020-01-01,26.65,153.0,72.9,49.4,5.1,53.4,durian_orchard,NONE,94.1
AVL-RBC,2020-02-01,26.35,61.6,69.5,38.0,1.6,34.0,durian_orchard,NONE,96.4
AVL-RBC,2020-03-01,28.39,6.6,63.1,44.9,0.0,37.1,durian_orchard,DRY_SPELL,97.5
AVL-RBC,2020-04-01,27.87,48.9,66.9,42.9,0.0,42.2,durian_orchard,NONE,96.2
AVL-RBC,2020-05-01,26.99,103.1,61.3,46.3,9.6,43.6,durian_orchard,NONE,100.0
AVL-RBC,2020-06-01,26.62,122.7,72.9,58.1,7.0,46.1,durian_orchard,NONE,91.4
AVL-RBC,2020-07-01,26.2,194.4,82.1,61.3,10.4,45.8,durian_orchard,NONE,97.3
AVL-RBC,2020-08-01,25.79,276.6,85.7,62.8,6.5,45.5,durian_orchard,NONE,92.6
AVL-RBC,2020-09-01,24.26,235.1,86.8,54.3,7.9,42.7,durian_orchard,NONE,98.2
AVL-RBC,2020-10-01,23.61,223.8,86.5,54.7,10.0,44.4,durian_orchard,NONE,97.1
AVL-RBC,2020-11-01,24.89,197.5,76.9,54.9,11.8,39.4,durian_orchard,NONE,99.0
AVL-RBC,2020-12-01,24.61,120.7,74.7,46.7,7.8,43.7,durian_orchard,NONE,96.1
AVL-RBC,2021-01-01,25.51,112.0,69.8,42.0,12.6,34.5,durian_orchard,NONE,95.4
AVL-RBC,2021-02-01,26.69,5.0,67.5,45.7,11.1,44.4,durian_orchard,DRY_SPELL,95.0
AVL-RBC,2021-03-01,28.33,86.8,68.0,50.3,2.5,35.9,durian_orchard,NONE,93.3
AVL-RBC,2021-04-01,27.2,81.2,72.0,51.1,2.1,43.1,durian_orchard,NONE,97.9
AVL-RBC,2021-05-01,27.9,92.0,72.5,47.9,7.7,39.2,durian_orchard,NONE,100.0
AVL-RBC,2021-06-01,27.32,154.7,74.0,54.2,8.5,42.9,durian_orchard,NONE,97.2
AVL-RBC,2021-07-01,25.82,210.6,76.6,60.5,18.4,36.7,durian_orchard,NONE,95.4
AVL-RBC,2021-08-01,25.39,238.6,81.5,54.8,10.6,48.1,durian_orchard,NONE,90.0
AVL-RBC,2021-09-01,23.99,223.4,85.3,51.6,7.8,38.3,durian_orchard,NONE,97.6
AVL-RBC,2021-10-01,25.14,242.8,77.4,56.9,0.0,43.1,durian_orchard,NONE,96.9
AVL-RBC,2021-11-01,24.95,164.2,76.9,61.7,10.6,40.9,durian_orchard,NONE,96.2
AVL-RBC,2021-12-01,25.25,185.0,71.3,55.5,7.2,51.1,durian_orchard,NONE,96.0
AVL-RBC,2022-01-01,25.9,101.5,71.1,53.6,5.9,41.7,durian_orchard,NONE,94.2
AVL-RBC,2022-02-01,27.55,111.4,64.7,49.4,2.1,38.3,durian_orchard,NONE,96.0
AVL-RBC,2022-03-01,28.47,47.7,67.5,38.2,3.4,39.6,durian_orchard,NONE,96.9
AVL-RBC,2022-04-01,27.97,32.5,69.8,39.7,11.3,45.4,durian_orchard,DRY_SPELL,93.8
AVL-RBC,2022-05-01,28.33,157.2,65.4,52.2,7.3,47.8,durian_orchard,NONE,93.1
AVL-RBC,2022-06-01,26.7,158.0,74.9,47.9,0.0,41.5,durian_orchard,NONE,98.0
AVL-RBC,2022-07-01,26.62,171.4,76.8,57.0,12.9,42.3,durian_orchard,NONE,98.1
AVL-RBC,2022-08-01,25.03,263.9,84.0,58.7,5.5,24.3,durian_orchard,NONE,97.4
AVL-RBC,2022-09-01,23.98,274.6,85.5,63.1,0.0,42.0,durian_orchard,NONE,97.0
AVL-RBC,2022-10-01,25.21,210.6,87.8,57.5,12.4,46.2,durian_orchard,NONE,92.4
AVL-RBC,2022-11-01,24.22,219.9,77.7,51.2,5.0,45.2,durian_orchard,NONE,92.8
AVL-RBC,2022-12-01,25.04,149.1,77.3,49.2,15.7,25.2,durian_orchard,NONE,95.9
AVL-RBC,2023-01-01,26.54,113.1,72.9,43.5,18.5,46.5,durian_orchard,NONE,99.4
AVL-RBC,2023-02-01,27.11,87.5,65.5,45.4,0.7,41.4,durian_orchard,NONE,99.4
AVL-RBC,2023-03-01,27.78,47.4,68.5,45.0,10.0,44.8,durian_orchard,NONE,93.9
AVL-RBC,2023-04-01,27.49,37.0,69.9,43.0,13.0,41.6,durian_orchard,NONE,95.7
AVL-RBC,2023-05-01,27.95,60.2,73.5,42.3,15.6,45.1,durian_orchard,NONE,92.5
AVL-RBC,2023-06-01,26.37,124.1,67.7,49.3,11.7,52.6,durian_orchard,NONE,93.9
AVL-RBC,2023-07-01,26.38,155.5,80.6,56.6,0.5,31.9,durian_orchard,NONE,96.3
AVL-RBC,2023-08-01,25.06,236.1,83.3,62.9,7.4,43.5,durian_orchard,NONE,93.3
AVL-RBC,2023-09-01,25.69,268.5,76.1,60.6,7.7,36.0,durian_orchard,NONE,98.0
AVL-RBC,2023-10-01,23.67,270.6,83.4,61.0,0.0,46.3,durian_orchard,NONE,94.8
AVL-RBC,2023-11-01,25.41,247.1,77.7,53.3,13.7,45.3,durian_orchard,NONE,97.4
AVL-RBC,2023-12-01,24.76,162.0,76.1,54.6,15.3,33.8,durian_orchard,NONE,91.6
AVL-RBC,2024-01-01,25.73,95.1,72.7,43.5,17.8,35.2,durian_orchard,NONE,97.4
AVL-RBC,2024-02-01,27.35,53.3,73.0,42.3,7.4,45.4,durian_orchard,NONE,100.0
AVL-RBC,2024-03-01,27.36,32.8,66.6,48.4,9.3,41.6,durian_orchard,DRY_SPELL,96.5
AVL-RBC,2024-04-01,27.22,30.3,67.2,52.0,10.8,34.6,durian_orchard,DRY_SPELL,90.6
AVL-RBC,2024-05-01,27.83,80.3,74.7,52.6,9.3,30.3,durian_orchard,NONE,85.6
AVL-RBC,2024-06-01,26.78,191.6,73.5,48.0,1.8,35.1,durian_orchard,NONE,100.0
AVL-RBC,2024-07-01,26.67,195.9,84.9,59.1,13.9,38.8,durian_orchard,NONE,99.1
AVL-RBC,2024-08-01,25.43,244.8,85.1,55.6,8.9,42.2,durian_orchard,NONE,90.4
AVL-RBC,2024-09-01,24.42,264.9,88.2,60.7,7.8,45.1,durian_orchard,NONE,94.4
AVL-RBC,2024-10-01,24.73,267.5,81.6,51.4,8.1,52.9,durian_orchard,NONE,97.1
AVL-RBC,2024-11-01,25.17,199.7,78.0,57.8,12.5,39.4,durian_orchard,NONE,94.8
AVL-RBC,2024-12-01,25.23,164.5,76.7,57.8,4.6,34.3,durian_orchard,NONE,94.4
AVL-RBC,2025-01-01,25.95,73.4,70.2,44.3,6.7,41.4,durian_orchard,NONE,95.3
AVL-RBC,2025-02-01,26.81,54.6,71.7,48.4,15.9,39.6,durian_orchard,NONE,95.0
AVL-RBC,2025-03-01,27.71,56.8,71.8,40.9,9.2,48.9,durian_orchard,NONE,99.2
AVL-RBC,2025-04-01,28.44,86.7,68.3,47.5,11.3,44.4,durian_orchard,NONE,90.5
AVL-RBC,2025-05-01,27.8,91.6,74.0,47.1,5.0,42.4,durian_orchard,NONE,96.0
AVL-RBC,2025-06-01,28.01,138.1,72.2,51.7,0.0,40.8,durian_orchard,NONE,100.0
AVL-RNY,2019-01-01,25.35,86.8,69.6,55.6,44.6,6.5,research_site,NONE,94.7
AVL-RNY,2019-02-01,25.24,33.1,67.7,46.5,59.4,0.0,research_site,DRY_SPELL,100.0
AVL-RNY,2019-03-01,26.43,36.3,67.4,43.0,42.3,3.7,research_site,NONE,100.0
AVL-RNY,2019-04-01,27.73,48.4,63.8,47.2,40.5,9.5,research_site,NONE,100.0
AVL-RNY,2019-05-01,26.32,82.4,65.4,52.3,40.4,5.1,research_site,NONE,92.4
AVL-RNY,2019-06-01,26.58,147.6,66.4,49.7,33.4,11.6,research_site,NONE,94.5
AVL-RNY,2019-07-01,27.36,199.2,77.5,52.3,40.5,3.3,research_site,NONE,93.4
AVL-RNY,2019-08-01,23.87,149.2,78.3,54.7,57.4,6.5,research_site,NONE,94.0
AVL-RNY,2019-09-01,23.55,234.0,80.8,53.9,45.5,9.8,research_site,NONE,100.0
AVL-RNY,2019-10-01,24.04,157.6,79.6,61.5,37.1,0.0,research_site,NONE,100.0
AVL-RNY,2019-11-01,23.87,150.7,73.8,53.5,38.4,2.6,research_site,NONE,93.8
AVL-RNY,2019-12-01,24.23,177.9,71.3,50.0,47.9,8.0,research_site,NONE,95.8
AVL-RNY,2020-01-01,25.52,121.4,68.3,48.1,29.8,2.7,research_site,NONE,100.0
AVL-RNY,2020-02-01,26.81,56.8,65.4,53.4,42.8,0.0,research_site,NONE,95.4
AVL-RNY,2020-03-01,26.91,50.3,61.4,46.0,35.7,0.1,research_site,NONE,95.8
AVL-RNY,2020-04-01,27.43,82.4,60.1,41.0,41.6,8.8,research_site,NONE,95.1
AVL-RNY,2020-05-01,26.72,55.8,65.0,54.4,31.4,0.0,research_site,NONE,97.6
AVL-RNY,2020-06-01,25.29,97.5,73.5,50.0,38.8,12.5,research_site,NONE,92.7
AVL-RNY,2020-07-01,25.89,182.8,76.5,50.7,45.6,0.0,research_site,NONE,98.9
AVL-RNY,2020-08-01,24.41,200.5,81.5,52.6,37.1,1.0,research_site,NONE,98.0
AVL-RNY,2020-09-01,25.03,210.6,85.4,63.7,46.7,16.9,research_site,NONE,92.8
AVL-RNY,2020-10-01,23.98,182.1,81.5,58.8,44.0,0.0,research_site,NONE,97.9
AVL-RNY,2020-11-01,23.78,198.8,75.5,56.0,39.3,9.1,research_site,NONE,98.5
AVL-RNY,2020-12-01,24.03,178.5,70.8,53.8,36.5,0.1,research_site,NONE,99.3
AVL-RNY,2021-01-01,25.27,98.6,65.6,53.5,50.2,21.3,research_site,NONE,100.0
AVL-RNY,2021-02-01,27.58,85.8,65.4,45.1,25.6,13.4,research_site,NONE,91.3
AVL-RNY,2021-03-01,26.46,41.7,63.8,46.8,40.2,0.0,research_site,NONE,95.2
AVL-RNY,2021-04-01,27.8,56.3,66.1,46.6,29.9,7.1,research_site,NONE,99.8
AVL-RNY,2021-05-01,26.17,66.3,66.7,49.0,35.0,0.0,research_site,NONE,93.2
AVL-RNY,2021-06-01,26.27,150.6,74.0,48.6,42.9,0.0,research_site,NONE,96.3
AVL-RNY,2021-07-01,25.62,171.2,82.1,63.1,48.6,8.4,research_site,NONE,98.8
AVL-RNY,2021-08-01,24.51,165.7,78.6,62.1,27.8,7.9,research_site,NONE,92.7
AVL-RNY,2021-09-01,23.47,257.9,78.3,55.9,42.4,4.0,research_site,NONE,100.0
AVL-RNY,2021-10-01,23.32,276.2,83.5,59.3,42.7,0.0,research_site,NONE,93.2
AVL-RNY,2021-11-01,25.13,193.9,78.2,55.6,38.9,0.0,research_site,NONE,96.2
AVL-RNY,2021-12-01,24.68,121.4,71.3,54.1,42.3,7.1,research_site,NONE,99.9
AVL-RNY,2022-01-01,25.04,91.8,71.1,50.5,42.6,11.2,research_site,NONE,98.2
AVL-RNY,2022-02-01,26.74,33.2,66.7,43.9,38.4,0.0,research_site,DRY_SPELL,97.8
AVL-RNY,2022-03-01,27.37,25.6,58.0,40.0,43.9,7.2,research_site,DRY_SPELL,96.3
AVL-RNY,2022-04-01,27.17,51.6,60.2,47.4,39.7,0.0,research_site,NONE,94.0
AVL-RNY,2022-05-01,27.06,62.0,66.8,48.7,42.1,11.9,research_site,NONE,93.7
AVL-RNY,2022-06-01,26.44,135.7,74.7,46.1,38.9,0.0,research_site,NONE,94.2
AVL-RNY,2022-07-01,25.69,210.1,73.9,59.0,38.1,9.4,research_site,NONE,95.3
AVL-RNY,2022-08-01,24.6,249.1,77.5,62.7,43.8,12.0,research_site,NONE,92.0
AVL-RNY,2022-09-01,22.53,242.9,81.5,55.8,40.6,0.9,research_site,NONE,92.3
AVL-RNY,2022-10-01,23.62,179.5,78.2,57.8,39.8,7.9,research_site,NONE,95.8
AVL-RNY,2022-11-01,24.15,193.9,77.4,57.4,41.1,17.0,research_site,NONE,95.9
AVL-RNY,2022-12-01,25.19,119.7,67.6,57.3,30.1,11.3,research_site,NONE,99.8
AVL-RNY,2023-01-01,25.8,88.6,64.3,47.1,44.5,2.5,research_site,NONE,91.4
AVL-RNY,2023-02-01,26.25,58.0,61.6,49.9,41.6,0.0,research_site,NONE,99.0
AVL-RNY,2023-03-01,27.77,63.8,66.0,44.3,40.7,18.0,research_site,NONE,95.4
AVL-RNY,2023-04-01,27.2,54.1,65.9,39.9,40.2,8.1,research_site,NONE,94.4
AVL-RNY,2023-05-01,27.45,83.6,68.5,49.9,39.1,13.8,research_site,NONE,93.7
AVL-RNY,2023-06-01,26.55,141.1,71.8,50.5,46.7,3.8,research_site,NONE,96.2
AVL-RNY,2023-07-01,25.89,153.1,72.2,48.5,43.0,3.0,research_site,NONE,91.1
AVL-RNY,2023-08-01,24.62,209.8,81.8,58.6,37.2,0.0,research_site,NONE,96.7
AVL-RNY,2023-09-01,24.2,203.8,82.9,61.4,50.8,7.8,research_site,NONE,99.2
AVL-RNY,2023-10-01,24.24,202.5,77.7,54.9,49.5,3.7,research_site,NONE,94.6
AVL-RNY,2023-11-01,23.35,166.8,80.0,61.7,35.8,13.6,research_site,NONE,97.9
AVL-RNY,2023-12-01,24.48,156.2,71.4,55.0,42.0,0.0,research_site,NONE,100.0
AVL-RNY,2024-01-01,25.43,60.5,64.2,47.3,42.9,2.5,research_site,NONE,97.8
AVL-RNY,2024-02-01,26.07,107.0,65.1,53.7,47.1,2.7,research_site,NONE,94.9
AVL-RNY,2024-03-01,27.24,93.7,66.2,46.0,40.3,7.3,research_site,NONE,95.2
AVL-RNY,2024-04-01,26.51,63.8,68.4,45.0,45.6,7.6,research_site,NONE,97.1
AVL-RNY,2024-05-01,26.63,87.2,66.5,54.2,30.2,3.1,research_site,NONE,96.3
AVL-RNY,2024-06-01,27.43,157.9,73.7,47.5,41.2,3.2,research_site,NONE,92.8
AVL-RNY,2024-07-01,24.98,158.0,72.5,53.4,42.4,0.0,research_site,NONE,93.3
AVL-RNY,2024-08-01,25.01,182.2,78.5,53.7,35.3,0.2,research_site,NONE,90.0
AVL-RNY,2024-09-01,24.47,175.7,80.8,57.8,46.7,9.9,research_site,NONE,94.3
AVL-RNY,2024-10-01,23.99,163.0,84.0,49.9,41.4,0.0,research_site,NONE,93.2
AVL-RNY,2024-11-01,24.25,194.2,81.0,54.5,35.5,0.0,research_site,NONE,97.1
AVL-RNY,2024-12-01,25.05,159.5,73.5,55.7,44.0,0.0,research_site,NONE,92.9
AVL-RNY,2025-01-01,26.25,102.9,64.7,51.6,41.8,1.9,research_site,NONE,97.0
AVL-RNY,2025-02-01,27.33,80.4,63.8,46.4,42.1,13.4,research_site,NONE,94.5
AVL-RNY,2025-03-01,27.39,73.5,61.8,47.2,42.9,3.9,research_site,NONE,94.5
AVL-RNY,2025-04-01,27.83,87.3,63.9,40.8,50.2,0.0,research_site,NONE,95.3
AVL-RNY,2025-05-01,27.82,121.5,65.4,49.4,49.5,12.9,research_site,NONE,96.3
AVL-RNY,2025-06-01,26.78,161.9,73.7,60.6,37.2,0.0,research_site,NONE,96.3
AVL-SEY,2019-01-01,23.99,147.7,64.0,59.4,11.1,39.8,mixed_forest,NONE,100.0
AVL-SEY,2019-02-01,25.61,77.1,66.7,54.2,16.1,36.6,mixed_forest,NONE,96.5
AVL-SEY,2019-03-01,25.62,88.5,64.4,55.9,0.0,32.3,mixed_forest,NONE,90.9
AVL-SEY,2019-04-01,27.1,62.2,64.5,58.1,11.9,39.8,mixed_forest,NONE,99.6
AVL-SEY,2019-05-01,24.83,98.5,62.1,59.1,15.1,42.9,mixed_forest,NONE,99.2
AVL-SEY,2019-06-01,25.47,148.5,72.0,65.4,8.4,28.6,mixed_forest,NONE,96.7
AVL-SEY,2019-07-01,24.69,234.0,71.1,64.6,12.9,32.2,mixed_forest,NONE,96.6
AVL-SEY,2019-08-01,24.15,245.9,81.1,72.9,8.5,38.3,mixed_forest,NONE,94.7
AVL-SEY,2019-09-01,22.9,225.6,76.6,70.7,14.7,46.6,mixed_forest,NONE,94.7
AVL-SEY,2019-10-01,21.3,258.4,78.8,71.3,9.2,35.2,mixed_forest,NONE,90.9
AVL-SEY,2019-11-01,24.18,201.9,76.6,64.6,10.0,41.7,mixed_forest,NONE,97.2
AVL-SEY,2019-12-01,23.0,156.4,68.7,60.1,17.2,30.8,mixed_forest,NONE,96.7
AVL-SEY,2020-01-01,25.08,104.1,66.3,62.0,16.4,48.7,mixed_forest,NONE,93.5
AVL-SEY,2020-02-01,25.06,91.9,68.1,55.0,18.2,39.7,mixed_forest,NONE,96.6
AVL-SEY,2020-03-01,26.0,63.1,58.5,49.7,18.3,26.9,mixed_forest,NONE,99.1
AVL-SEY,2020-04-01,27.79,32.6,63.3,56.6,10.1,40.2,mixed_forest,DRY_SPELL,97.7
AVL-SEY,2020-05-01,26.44,116.8,60.0,55.8,10.5,29.0,mixed_forest,NONE,100.0
AVL-SEY,2020-06-01,24.66,139.4,65.7,60.4,10.4,38.0,mixed_forest,NONE,96.1
AVL-SEY,2020-07-01,24.96,180.5,74.5,56.0,13.3,34.8,mixed_forest,NONE,98.4
AVL-SEY,2020-08-01,23.96,227.2,82.2,61.65,6.5,38.7,mixed_forest,NONE,96.4
AVL-SEY,2020-09-01,23.89,269.2,79.2,67.3,15.7,37.8,mixed_forest,NONE,93.4
AVL-SEY,2020-10-01,23.46,265.0,81.4,63.8,17.0,31.3,mixed_forest,NONE,96.6
AVL-SEY,2020-11-01,23.25,185.8,72.5,72.2,0.0,37.5,mixed_forest,NONE,99.3
AVL-SEY,2020-12-01,24.08,151.1,72.9,60.0,8.0,48.1,mixed_forest,NONE,97.2
AVL-SEY,2021-01-01,25.53,118.2,71.7,65.0,15.8,33.3,mixed_forest,NONE,90.3
AVL-SEY,2021-02-01,25.24,8.7,57.0,52.4,2.2,29.1,mixed_forest,DRY_SPELL,93.0
AVL-SEY,2021-03-01,25.17,73.6,64.0,53.0,19.9,40.1,mixed_forest,NONE,94.0
AVL-SEY,2021-04-01,26.34,97.5,61.3,60.9,18.3,38.0,mixed_forest,NONE,94.5
AVL-SEY,2021-05-01,25.08,120.5,66.3,56.9,12.3,25.6,mixed_forest,NONE,96.9
AVL-SEY,2021-06-01,25.68,166.8,70.1,54.6,15.6,25.5,mixed_forest,NONE,98.2
AVL-SEY,2021-07-01,24.98,241.2,71.4,67.9,18.9,38.8,mixed_forest,NONE,100.0
AVL-SEY,2021-08-01,23.51,204.9,75.7,67.8,19.9,32.8,mixed_forest,NONE,95.4
AVL-SEY,2021-09-01,22.92,230.1,78.0,64.5,14.3,38.6,mixed_forest,NONE,98.8
AVL-SEY,2021-10-01,23.41,242.6,80.2,65.8,10.7,34.8,mixed_forest,NONE,93.1
AVL-SEY,2021-11-01,24.29,222.2,74.2,58.2,8.3,28.6,mixed_forest,NONE,98.1
AVL-SEY,2021-12-01,24.34,145.3,69.6,51.6,11.3,37.5,mixed_forest,NONE,95.6
AVL-SEY,2022-01-01,25.16,69.8,63.8,57.1,24.3,46.5,mixed_forest,NONE,98.6
AVL-SEY,2022-02-01,25.45,119.3,59.9,54.3,10.5,20.8,mixed_forest,NONE,96.5
AVL-SEY,2022-03-01,25.19,51.0,57.9,57.4,5.1,33.2,mixed_forest,NONE,94.2
AVL-SEY,2022-04-01,26.76,89.4,64.2,59.0,12.1,32.2,mixed_forest,NONE,100.0
AVL-SEY,2022-05-01,26.41,135.3,69.5,50.3,20.3,28.4,mixed_forest,NONE,94.9
AVL-SEY,2022-06-01,25.73,173.3,67.0,68.0,18.9,35.1,mixed_forest,NONE,98.0
AVL-SEY,2022-07-01,24.6,262.0,80.7,63.8,10.6,36.4,mixed_forest,NONE,93.2
AVL-SEY,2022-08-01,23.78,207.7,75.2,60.7,3.7,28.2,mixed_forest,NONE,92.0
AVL-SEY,2022-09-01,22.81,309.8,78.2,72.5,13.5,30.3,mixed_forest,NONE,97.9
AVL-SEY,2022-10-01,23.21,243.3,74.9,66.0,13.1,32.1,mixed_forest,NONE,100.0
AVL-SEY,2022-11-01,23.69,214.6,81.1,62.8,6.0,45.0,mixed_forest,NONE,97.0
AVL-SEY,2022-12-01,24.76,126.8,68.3,70.2,2.5,39.5,mixed_forest,NONE,92.4
AVL-SEY,2023-01-01,23.43,81.2,64.6,59.9,13.4,42.2,mixed_forest,NONE,94.5
AVL-SEY,2023-02-01,25.54,93.0,61.1,56.0,22.4,30.1,mixed_forest,NONE,95.0
AVL-SEY,2023-03-01,25.28,60.1,63.5,53.4,5.3,33.8,mixed_forest,NONE,98.3
AVL-SEY,2023-04-01,27.42,101.5,63.5,60.8,10.3,27.3,mixed_forest,NONE,90.7
AVL-SEY,2023-05-01,27.08,117.6,64.0,52.1,11.1,30.6,mixed_forest,NONE,94.5
AVL-SEY,2023-06-01,26.08,130.4,65.5,59.9,9.7,28.8,mixed_forest,NONE,98.5
AVL-SEY,2023-07-01,24.71,183.7,77.8,67.1,5.9,23.8,mixed_forest,NONE,95.1
AVL-SEY,2023-08-01,23.52,237.3,76.3,72.5,7.2,30.3,mixed_forest,NONE,95.8
AVL-SEY,2023-09-01,22.63,235.7,80.1,69.9,15.3,38.1,mixed_forest,NONE,96.0
AVL-SEY,2023-10-01,22.9,240.5,75.8,59.7,9.8,32.6,mixed_forest,NONE,94.1
AVL-SEY,2023-11-01,22.77,230.8,68.3,64.7,4.8,26.2,mixed_forest,NONE,98.5
AVL-SEY,2023-12-01,23.33,161.1,71.1,60.8,15.1,29.4,mixed_forest,NONE,96.7
AVL-SEY,2024-01-01,25.17,136.2,60.2,60.4,21.5,24.2,mixed_forest,NONE,99.9
AVL-SEY,2024-02-01,25.53,64.1,65.6,52.9,23.2,42.8,mixed_forest,NONE,100.0
AVL-SEY,2024-03-01,25.69,20.7,64.0,49.9,13.2,32.3,mixed_forest,DRY_SPELL,98.4
AVL-SEY,2024-04-01,26.1,37.4,63.4,50.4,7.8,35.8,mixed_forest,NONE,87.7
AVL-SEY,2024-05-01,26.41,68.0,60.7,63.3,6.6,30.6,mixed_forest,NONE,100.0
AVL-SEY,2024-06-01,25.33,200.8,64.5,57.6,6.6,30.1,mixed_forest,NONE,95.6
AVL-SEY,2024-07-01,25.22,219.4,74.0,66.6,17.5,40.5,mixed_forest,NONE,100.0
AVL-SEY,2024-08-01,24.15,262.5,76.3,63.6,9.3,29.8,mixed_forest,NONE,95.0
AVL-SEY,2024-09-01,23.36,253.1,78.1,72.4,10.2,33.0,mixed_forest,NONE,98.5
AVL-SEY,2024-10-01,23.17,286.8,79.1,73.3,16.2,48.2,mixed_forest,NONE,97.6
AVL-SEY,2024-11-01,23.47,196.6,76.0,68.0,14.4,24.0,mixed_forest,NONE,98.5
AVL-SEY,2024-12-01,23.75,167.6,68.8,60.2,12.3,51.8,mixed_forest,NONE,100.0
AVL-SEY,2025-01-01,24.64,126.1,65.2,64.9,11.8,38.6,mixed_forest,NONE,100.0
AVL-SEY,2025-02-01,25.78,45.4,65.6,55.4,3.8,38.5,mixed_forest,NONE,96.2
AVL-SEY,2025-03-01,26.75,64.7,61.8,48.3,5.9,36.5,mixed_forest,NONE,99.3
AVL-SEY,2025-04-01,26.71,107.2,65.3,52.6,20.2,36.6,mixed_forest,NONE,93.2
AVL-SEY,2025-05-01,27.11,121.6,64.7,58.7,14.6,37.7,mixed_forest,NONE,95.6
AVL-SEY,2025-06-01,26.39,161.1,68.8,61.2,19.7,29.9,mixed_forest,NONE,97.1
AVL-TRP,2019-01-01,26.32,150.4,73.4,32.4,66.6,13.2,mixed_agriculture,NONE,95.7
AVL-TRP,2019-02-01,27.19,122.2,62.4,27.7,72.6,31.3,mixed_agriculture,NONE,97.6
AVL-TRP,2019-03-01,28.25,85.1,71.0,26.3,64.3,23.9,mixed_agriculture,NONE,96.8
AVL-TRP,2019-04-01,27.5,116.9,69.5,23.7,65.9,16.0,mixed_agriculture,NONE,97.7
AVL-TRP,2019-05-01,27.88,140.8,69.3,31.1,62.8,17.9,mixed_agriculture,NONE,98.0
AVL-TRP,2019-06-01,27.0,192.1,78.0,39.6,64.9,20.3,mixed_agriculture,NONE,95.5
AVL-TRP,2019-07-01,25.52,272.1,82.7,39.2,64.4,9.8,mixed_agriculture,NONE,97.2
AVL-TRP,2019-08-01,25.84,290.1,85.8,49.2,58.3,22.5,mixed_agriculture,NONE,95.3
AVL-TRP,2019-09-01,24.37,342.9,85.1,38.9,68.0,16.3,mixed_agriculture,NONE,94.2
AVL-TRP,2019-10-01,24.08,293.8,85.4,43.4,62.5,15.2,mixed_agriculture,NONE,99.3
AVL-TRP,2019-11-01,24.53,291.4,82.6,35.5,65.8,6.4,mixed_agriculture,NONE,94.2
AVL-TRP,2019-12-01,24.8,198.2,80.9,38.5,66.4,24.1,mixed_agriculture,NONE,98.4
AVL-TRP,2020-01-01,26.53,164.1,75.3,27.4,73.9,22.9,mixed_agriculture,NONE,95.1
AVL-TRP,2020-02-01,27.31,97.5,71.7,28.4,66.5,9.3,mixed_agriculture,NONE,98.8
AVL-TRP,2020-03-01,27.83,91.2,69.0,30.7,63.5,16.9,mixed_agriculture,NONE,92.5
AVL-TRP,2020-04-01,27.75,102.3,72.0,29.2,75.2,37.4,mixed_agriculture,NONE,93.8
AVL-TRP,2020-05-01,27.97,147.5,73.7,38.8,56.2,22.1,mixed_agriculture,NONE,99.9
AVL-TRP,2020-06-01,27.52,230.5,74.3,30.6,59.3,22.8,mixed_agriculture,NONE,94.5
AVL-TRP,2020-07-01,26.66,292.2,80.8,41.5,60.3,25.6,mixed_agriculture,NONE,99.2
AVL-TRP,2020-08-01,24.84,290.3,85.7,42.0,70.6,25.9,mixed_agriculture,NONE,97.3
AVL-TRP,2020-09-01,24.3,292.1,84.8,40.4,74.1,18.5,mixed_agriculture,NONE,97.6
AVL-TRP,2020-10-01,24.45,298.8,84.4,47.3,72.6,24.3,mixed_agriculture,NONE,96.6
AVL-TRP,2020-11-01,24.08,276.4,86.6,32.9,70.3,19.0,mixed_agriculture,NONE,96.4
AVL-TRP,2020-12-01,25.7,224.3,73.8,33.3,60.9,27.0,mixed_agriculture,NONE,96.8
AVL-TRP,2021-01-01,26.79,174.8,73.2,29.4,67.0,19.9,mixed_agriculture,NONE,93.9
AVL-TRP,2021-02-01,27.38,84.4,68.2,36.1,69.9,17.3,mixed_agriculture,NONE,98.5
AVL-TRP,2021-03-01,27.28,59.7,72.0,32.0,53.6,14.9,mixed_agriculture,NONE,90.3
AVL-TRP,2021-04-01,27.6,118.9,69.8,29.7,68.8,18.9,mixed_agriculture,NONE,99.1
AVL-TRP,2021-05-01,27.82,171.8,66.9,32.3,61.8,18.0,mixed_agriculture,NONE,94.9
AVL-TRP,2021-06-01,26.4,196.8,77.4,43.1,55.8,15.7,mixed_agriculture,NONE,94.5
AVL-TRP,2021-07-01,26.47,255.3,80.6,39.9,66.0,22.2,mixed_agriculture,NONE,98.7
AVL-TRP,2021-08-01,25.53,301.7,82.6,41.7,66.8,19.2,mixed_agriculture,NONE,95.2
AVL-TRP,2021-09-01,24.43,338.9,92.3,38.4,67.0,33.5,mixed_agriculture,NONE,95.4
AVL-TRP,2021-10-01,24.3,307.6,82.7,40.5,67.2,21.5,mixed_agriculture,NONE,92.7
AVL-TRP,2021-11-01,24.73,203.2,83.3,40.2,61.1,19.7,mixed_agriculture,NONE,93.8
AVL-TRP,2021-12-01,25.42,196.7,73.1,37.1,64.4,18.5,mixed_agriculture,NONE,99.7
AVL-TRP,2022-01-01,26.19,122.7,71.7,34.9,60.8,16.1,mixed_agriculture,NONE,97.3
AVL-TRP,2022-02-01,27.23,91.4,70.5,28.1,55.5,19.8,mixed_agriculture,NONE,100.0
AVL-TRP,2022-03-01,28.83,85.6,66.1,33.6,62.9,22.9,mixed_agriculture,NONE,94.6
AVL-TRP,2022-04-01,28.65,83.5,70.3,40.4,61.5,30.5,mixed_agriculture,NONE,98.1
AVL-TRP,2022-05-01,28.61,112.7,69.9,39.3,65.2,14.8,mixed_agriculture,NONE,93.9
AVL-TRP,2022-06-01,25.94,189.3,80.3,36.0,56.7,17.1,mixed_agriculture,NONE,100.0
AVL-TRP,2022-07-01,25.82,311.4,77.7,38.5,56.6,20.5,mixed_agriculture,NONE,100.0
AVL-TRP,2022-08-01,26.29,327.4,87.7,43.5,64.7,24.9,mixed_agriculture,NONE,92.9
AVL-TRP,2022-09-01,24.57,269.1,80.7,45.1,69.7,27.1,mixed_agriculture,NONE,100.0
AVL-TRP,2022-10-01,24.67,290.7,87.4,35.4,74.0,12.8,mixed_agriculture,NONE,98.2
AVL-TRP,2022-11-01,24.44,279.6,81.9,43.6,64.5,23.0,mixed_agriculture,NONE,97.1
AVL-TRP,2022-12-01,26.07,183.8,76.4,41.1,61.1,25.5,mixed_agriculture,NONE,95.5
AVL-TRP,2023-01-01,27.05,107.6,68.8,28.1,58.5,23.9,mixed_agriculture,NONE,97.4
AVL-TRP,2023-02-01,25.93,120.3,71.0,31.4,76.0,9.6,mixed_agriculture,NONE,100.0
AVL-TRP,2023-03-01,27.13,97.0,71.8,31.3,58.4,10.7,mixed_agriculture,NONE,96.8
AVL-TRP,2023-04-01,28.27,60.9,66.5,25.7,65.1,29.0,mixed_agriculture,NONE,93.2
AVL-TRP,2023-05-01,28.65,118.7,69.3,30.6,53.8,10.6,mixed_agriculture,NONE,97.2
AVL-TRP,2023-06-01,26.32,175.6,77.1,34.7,48.2,17.5,mixed_agriculture,NONE,92.5
AVL-TRP,2023-07-01,27.13,316.2,86.1,40.3,62.0,23.6,mixed_agriculture,NONE,97.3
AVL-TRP,2023-08-01,26.17,309.0,90.0,40.6,43.8,11.6,mixed_agriculture,NONE,100.0
AVL-TRP,2023-09-01,25.61,317.0,85.7,47.0,69.0,31.2,mixed_agriculture,NONE,92.8
AVL-TRP,2023-10-01,25.35,261.9,85.8,46.6,65.8,20.8,mixed_agriculture,NONE,95.5
AVL-TRP,2023-11-01,24.56,239.0,81.4,41.5,72.8,21.6,mixed_agriculture,NONE,99.2
AVL-TRP,2023-12-01,24.84,247.6,78.1,38.6,73.7,13.1,mixed_agriculture,NONE,94.6
AVL-TRP,2024-01-01,25.66,207.3,69.2,32.4,59.4,37.5,mixed_agriculture,NONE,92.3
AVL-TRP,2024-02-01,28.15,85.2,67.6,24.6,64.0,24.5,mixed_agriculture,NONE,96.8
AVL-TRP,2024-03-01,26.61,77.3,71.5,16.9,67.9,26.8,mixed_agriculture,NONE,100.0
AVL-TRP,2024-04-01,27.53,133.8,67.0,39.1,70.8,17.3,mixed_agriculture,NONE,97.7
AVL-TRP,2024-05-01,27.65,131.2,76.9,29.6,64.9,36.4,mixed_agriculture,NONE,91.4
AVL-TRP,2024-06-01,26.63,251.7,74.0,38.3,62.7,20.0,mixed_agriculture,NONE,94.3
AVL-TRP,2024-07-01,26.32,250.9,84.4,43.5,56.0,16.6,mixed_agriculture,NONE,94.2
AVL-TRP,2024-08-01,26.35,307.6,84.5,44.3,73.7,14.3,mixed_agriculture,NONE,100.0
AVL-TRP,2024-09-01,25.33,319.5,89.3,43.8,72.3,15.9,mixed_agriculture,NONE,97.2
AVL-TRP,2024-10-01,23.99,286.3,85.8,35.8,65.2,18.4,mixed_agriculture,NONE,97.4
AVL-TRP,2024-11-01,24.7,269.0,85.6,37.7,65.6,16.0,mixed_agriculture,NONE,96.4
AVL-TRP,2024-12-01,25.66,196.1,80.5,37.9,64.6,22.0,mixed_agriculture,NONE,93.6
AVL-TRP,2025-01-01,26.23,115.5,77.8,31.0,70.4,17.3,mixed_agriculture,NONE,93.9
AVL-TRP,2025-02-01,27.83,76.9,69.3,24.9,64.6,17.8,mixed_agriculture,NONE,100.0
AVL-TRP,2025-03-01,28.03,84.2,68.5,26.9,65.8,29.9,mixed_agriculture,NONE,96.5
AVL-TRP,2025-04-01,28.09,53.8,68.4,27.0,66.7,9.7,mixed_agriculture,NONE,92.1
AVL-TRP,2025-05-01,29.18,155.8,68.6,27.2,50.1,20.7,mixed_agriculture,NONE,94.6
AVL-TRP,2025-06-01,26.98,209.9,85.3,36.3,74.7,13.8,mixed_agriculture,NONE,94.9
AVL-VEL,2019-01-01,26.28,69.6,75.6,63.4,26.3,28.0,durian_orchard,NONE,94.8
AVL-VEL,2019-02-01,27.42,28.4,72.5,59.5,24.7,25.4,durian_orchard,DRY_SPELL,97.2
AVL-VEL,2019-03-01,28.75,79.8,62.7,58.1,33.5,35.5,durian_orchard,NONE,96.9
AVL-VEL,2019-04-01,28.11,108.2,66.0,61.4,18.8,26.7,durian_orchard,NONE,100.0
AVL-VEL,2019-05-01,28.85,89.0,68.3,64.3,29.1,35.5,durian_orchard,NONE,96.4
AVL-VEL,2019-06-01,28.16,126.0,72.6,66.3,24.7,41.3,durian_orchard,NONE,99.7
AVL-VEL,2019-07-01,27.32,160.6,77.4,67.6,26.8,18.7,durian_orchard,NONE,96.9
AVL-VEL,2019-08-01,25.96,199.4,81.7,70.7,29.4,25.8,durian_orchard,NONE,94.2
AVL-VEL,2019-09-01,25.0,267.2,82.3,70.3,24.9,22.2,durian_orchard,NONE,95.3
AVL-VEL,2019-10-01,25.24,178.4,85.6,76.7,24.7,31.2,durian_orchard,NONE,91.0
AVL-VEL,2019-11-01,25.3,173.2,77.5,68.2,15.0,30.0,durian_orchard,NONE,96.6
AVL-VEL,2019-12-01,25.91,171.4,76.6,65.6,15.2,22.3,durian_orchard,NONE,99.7
AVL-VEL,2020-01-01,26.79,49.7,68.6,52.9,31.9,29.3,durian_orchard,NONE,96.0
AVL-VEL,2020-02-01,28.22,105.6,70.6,60.0,30.0,28.6,durian_orchard,NONE,92.9
AVL-VEL,2020-03-01,27.67,49.0,60.9,55.2,21.9,25.3,durian_orchard,NONE,92.2
AVL-VEL,2020-04-01,29.52,92.3,71.1,56.1,18.4,34.6,durian_orchard,NONE,95.3
AVL-VEL,2020-05-01,28.74,96.7,72.4,61.3,23.7,19.2,durian_orchard,NONE,95.7
AVL-VEL,2020-06-01,27.86,131.3,78.5,58.9,22.1,21.9,durian_orchard,NONE,97.9
AVL-VEL,2020-07-01,27.2,181.4,80.3,69.4,23.4,23.1,durian_orchard,NONE,96.3
AVL-VEL,2020-08-01,26.22,213.4,83.5,75.5,11.4,21.0,durian_orchard,NONE,96.8
AVL-VEL,2020-09-01,25.42,251.3,82.8,72.2,21.2,24.1,durian_orchard,NONE,100.0
AVL-VEL,2020-10-01,25.46,229.1,86.7,67.1,24.1,26.7,durian_orchard,NONE,96.9
AVL-VEL,2020-11-01,25.36,196.2,76.5,69.4,28.5,27.8,durian_orchard,NONE,95.4
AVL-VEL,2020-12-01,26.11,185.9,68.6,63.6,30.4,26.3,durian_orchard,NONE,100.0
AVL-VEL,2021-01-01,26.8,112.3,69.2,62.9,22.3,29.3,durian_orchard,NONE,98.6
AVL-VEL,2021-02-01,27.8,64.6,66.8,54.2,34.6,20.3,durian_orchard,NONE,90.2
AVL-VEL,2021-03-01,28.94,99.4,71.3,58.0,16.9,16.7,durian_orchard,NONE,98.8
AVL-VEL,2021-04-01,28.81,87.2,71.8,54.1,27.7,19.6,durian_orchard,NONE,93.6
AVL-VEL,2021-05-01,28.83,153.1,68.4,56.6,19.0,25.2,durian_orchard,NONE,97.7
AVL-VEL,2021-06-01,27.75,141.8,73.8,63.2,28.5,33.3,durian_orchard,NONE,93.9
AVL-VEL,2021-07-01,27.8,223.8,79.4,69.3,15.9,26.3,durian_orchard,NONE,94.0
AVL-VEL,2021-08-01,27.51,213.2,85.7,69.4,26.2,24.8,durian_orchard,NONE,94.9
AVL-VEL,2021-09-01,25.92,247.6,84.1,73.4,34.4,40.9,durian_orchard,NONE,95.8
AVL-VEL,2021-10-01,25.68,175.5,83.3,72.5,24.8,34.9,durian_orchard,NONE,99.7
AVL-VEL,2021-11-01,25.72,194.5,77.2,62.2,16.0,22.4,durian_orchard,NONE,94.8
AVL-VEL,2021-12-01,25.92,190.7,78.5,64.7,36.7,26.8,durian_orchard,NONE,96.9
AVL-VEL,2022-01-01,27.01,122.5,64.6,58.0,23.7,36.2,durian_orchard,NONE,92.0
AVL-VEL,2022-02-01,29.14,68.1,68.3,57.3,23.2,29.8,durian_orchard,NONE,98.4
AVL-VEL,2022-03-01,28.88,64.4,70.1,57.3,33.5,26.9,durian_orchard,NONE,92.7
AVL-VEL,2022-04-01,28.69,51.3,67.8,63.1,20.6,34.7,durian_orchard,NONE,94.9
AVL-VEL,2022-05-01,27.97,83.9,71.0,63.4,27.0,20.8,durian_orchard,NONE,97.2
AVL-VEL,2022-06-01,28.19,114.6,75.7,74.3,27.9,28.3,durian_orchard,NONE,97.2
AVL-VEL,2022-07-01,27.47,188.1,79.5,60.8,30.3,27.9,durian_orchard,NONE,94.7
AVL-VEL,2022-08-01,26.79,213.6,78.0,63.0,33.4,21.5,durian_orchard,NONE,99.5
AVL-VEL,2022-09-01,25.65,261.5,85.6,72.3,20.5,27.8,durian_orchard,NONE,94.1
AVL-VEL,2022-10-01,26.81,226.3,86.8,68.7,18.4,30.5,durian_orchard,NONE,93.5
AVL-VEL,2022-11-01,25.38,157.3,86.0,68.3,33.8,19.3,durian_orchard,NONE,99.9
AVL-VEL,2022-12-01,25.44,163.3,81.0,66.8,25.7,28.2,durian_orchard,NONE,91.3
AVL-VEL,2023-01-01,26.7,105.1,69.2,60.9,32.3,25.9,durian_orchard,NONE,98.0
AVL-VEL,2023-02-01,27.75,25.6,69.4,58.3,32.8,11.6,durian_orchard,DRY_SPELL,99.4
AVL-VEL,2023-03-01,28.71,61.7,64.7,62.9,21.1,35.5,durian_orchard,NONE,89.0
AVL-VEL,2023-04-01,28.88,91.6,70.6,60.2,18.0,6.5,durian_orchard,NONE,96.9
AVL-VEL,2023-05-01,28.46,134.7,72.2,62.9,34.4,20.7,durian_orchard,NONE,96.2
AVL-VEL,2023-06-01,27.92,137.1,78.1,63.5,23.2,33.1,durian_orchard,NONE,98.1
AVL-VEL,2023-07-01,26.1,215.1,74.3,74.4,33.5,17.1,durian_orchard,NONE,98.8
AVL-VEL,2023-08-01,25.71,194.8,82.8,74.7,22.5,8.3,durian_orchard,NONE,92.2
AVL-VEL,2023-09-01,25.98,226.3,81.9,72.8,33.9,22.6,durian_orchard,NONE,98.1
AVL-VEL,2023-10-01,24.43,211.8,77.0,66.5,23.0,22.7,durian_orchard,NONE,92.2
AVL-VEL,2023-11-01,25.55,177.7,82.3,68.2,33.7,42.8,durian_orchard,NONE,99.1
AVL-VEL,2023-12-01,26.49,162.7,78.4,61.5,30.2,29.8,durian_orchard,NONE,94.6
AVL-VEL,2024-01-01,27.75,135.2,73.1,56.4,32.8,36.5,durian_orchard,NONE,100.0
AVL-VEL,2024-02-01,27.57,77.6,66.4,55.7,33.3,27.7,durian_orchard,NONE,97.3
AVL-VEL,2024-03-01,28.35,40.5,69.7,56.3,22.5,26.8,durian_orchard,NONE,94.2
AVL-VEL,2024-04-01,29.35,54.9,68.1,57.3,23.3,13.8,durian_orchard,NONE,100.0
AVL-VEL,2024-05-01,28.68,103.2,67.5,67.4,26.7,31.9,durian_orchard,NONE,97.9
AVL-VEL,2024-06-01,27.65,164.9,79.1,59.5,30.7,28.8,durian_orchard,NONE,100.0
AVL-VEL,2024-07-01,27.51,189.4,79.4,66.7,18.4,27.0,durian_orchard,NONE,92.9
AVL-VEL,2024-08-01,26.98,217.7,83.3,72.6,25.4,16.6,durian_orchard,NONE,100.0
AVL-VEL,2024-09-01,25.29,264.2,88.0,68.9,19.9,22.3,durian_orchard,NONE,97.7
AVL-VEL,2024-10-01,25.27,235.2,83.7,77.1,16.8,47.1,durian_orchard,NONE,93.9
AVL-VEL,2024-11-01,25.7,171.3,81.6,71.1,21.0,29.9,durian_orchard,NONE,97.8
AVL-VEL,2024-12-01,26.63,121.6,74.6,73.8,26.7,25.6,durian_orchard,NONE,93.7
AVL-VEL,2025-01-01,26.89,101.4,72.4,73.4,20.8,28.6,durian_orchard,NONE,95.0
AVL-VEL,2025-02-01,27.86,60.5,72.4,57.9,25.8,19.3,durian_orchard,NONE,100.0
AVL-VEL,2025-03-01,28.69,62.8,65.7,63.6,24.4,30.5,durian_orchard,NONE,98.1
AVL-VEL,2025-04-01,29.57,54.5,60.8,55.6,25.5,46.6,durian_orchard,NONE,95.6
AVL-VEL,2025-05-01,29.35,83.7,73.1,64.5,23.3,27.9,durian_orchard,NONE,97.2
AVL-VEL,2025-06-01,28.81,174.5,73.9,64.5,21.2,33.1,durian_orchard,NONE,96.8
AVL-YAU,2019-01-01,26.59,132.7,66.5,65.6,8.5,33.5,durian_orchard,NONE,99.0
AVL-YAU,2019-02-01,27.13,115.0,70.0,65.4,14.2,46.8,durian_orchard,NONE,95.4
AVL-YAU,2019-03-01,26.95,40.1,56.7,56.6,4.9,42.8,durian_orchard,NONE,96.3
AVL-YAU,2019-04-01,27.93,100.0,64.4,65.0,16.9,37.4,durian_orchard,NONE,91.5
AVL-YAU,2019-05-01,26.55,91.3,73.9,61.0,11.6,60.6,durian_orchard,NONE,95.0
AVL-YAU,2019-06-01,27.29,153.4,72.3,69.5,20.3,43.2,durian_orchard,NONE,97.0
AVL-YAU,2019-07-01,26.53,236.4,81.3,77.1,10.2,49.5,durian_orchard,NONE,97.0
AVL-YAU,2019-08-01,24.94,276.5,83.1,65.0,23.4,40.4,durian_orchard,NONE,90.9
AVL-YAU,2019-09-01,24.0,314.3,82.6,71.5,0.0,58.9,durian_orchard,NONE,95.7
AVL-YAU,2019-10-01,24.66,299.6,80.2,70.1,7.3,45.0,durian_orchard,NONE,92.0
AVL-YAU,2019-11-01,24.86,238.0,82.8,72.3,18.8,38.3,durian_orchard,NONE,96.5
AVL-YAU,2019-12-01,25.59,203.6,79.3,74.3,5.1,45.9,durian_orchard,NONE,99.0
AVL-YAU,2020-01-01,26.63,125.4,67.4,68.3,5.8,41.0,durian_orchard,NONE,93.0
AVL-YAU,2020-02-01,26.28,114.3,66.6,62.5,11.9,41.9,durian_orchard,NONE,92.3
AVL-YAU,2020-03-01,27.53,106.0,65.3,53.7,25.1,40.1,durian_orchard,NONE,93.1
AVL-YAU,2020-04-01,28.02,68.1,71.1,59.4,21.5,47.3,durian_orchard,NONE,94.5
AVL-YAU,2020-05-01,28.74,111.7,69.9,66.4,5.7,47.0,durian_orchard,NONE,97.7
AVL-YAU,2020-06-01,27.73,204.3,74.1,63.6,7.6,45.9,durian_orchard,NONE,95.4
AVL-YAU,2020-07-01,25.77,268.0,82.9,71.5,13.2,40.5,durian_orchard,NONE,93.9
AVL-YAU,2020-08-01,25.67,311.0,82.7,68.5,19.7,50.9,durian_orchard,NONE,96.9
AVL-YAU,2020-09-01,23.29,271.8,85.0,71.6,10.0,51.6,durian_orchard,NONE,95.5
AVL-YAU,2020-10-01,24.61,279.7,80.1,70.3,18.7,48.1,durian_orchard,NONE,97.3
AVL-YAU,2020-11-01,24.37,209.2,79.5,69.5,12.0,48.1,durian_orchard,NONE,91.3
AVL-YAU,2020-12-01,26.18,203.4,76.0,65.4,4.5,41.8,durian_orchard,NONE,95.6
AVL-YAU,2021-01-01,26.26,147.3,69.2,63.4,33.5,44.1,durian_orchard,NONE,99.7
AVL-YAU,2021-02-01,27.31,105.2,69.0,60.9,21.9,47.9,durian_orchard,NONE,95.7
AVL-YAU,2021-03-01,27.85,83.3,64.7,56.4,6.6,29.9,durian_orchard,NONE,98.6
AVL-YAU,2021-04-01,28.02,50.7,70.4,65.0,7.4,28.8,durian_orchard,NONE,97.3
AVL-YAU,2021-05-01,27.69,111.3,71.5,70.4,5.6,40.0,durian_orchard,NONE,100.0
AVL-YAU,2021-06-01,27.77,169.3,75.9,60.2,15.4,48.6,durian_orchard,NONE,96.9
AVL-YAU,2021-07-01,25.51,230.4,77.9,69.4,2.6,47.2,durian_orchard,NONE,95.9
AVL-YAU,2021-08-01,26.59,285.0,82.6,76.7,6.9,49.3,durian_orchard,NONE,100.0
AVL-YAU,2021-09-01,25.28,272.5,82.6,74.5,9.0,43.8,durian_orchard,HEAVY_RAIN,93.1
AVL-YAU,2021-10-01,24.34,307.4,84.6,74.6,10.9,47.1,durian_orchard,NONE,96.2
AVL-YAU,2021-11-01,25.0,244.8,80.2,73.7,17.5,44.7,durian_orchard,NONE,97.6
AVL-YAU,2021-12-01,25.4,158.8,72.4,60.9,23.8,40.8,durian_orchard,NONE,94.4
AVL-YAU,2022-01-01,26.17,96.1,71.6,62.0,9.1,34.6,durian_orchard,NONE,95.9
AVL-YAU,2022-02-01,26.25,87.6,67.4,59.2,13.5,51.2,durian_orchard,NONE,94.4
AVL-YAU,2022-03-01,27.21,76.6,61.5,63.4,4.8,45.1,durian_orchard,NONE,92.8
AVL-YAU,2022-04-01,28.18,51.5,62.4,57.7,9.2,51.8,durian_orchard,NONE,97.2
AVL-YAU,2022-05-01,28.4,124.6,69.4,66.0,10.7,45.3,durian_orchard,NONE,92.1
AVL-YAU,2022-06-01,26.81,179.8,74.4,74.9,20.7,34.9,durian_orchard,NONE,91.6
AVL-YAU,2022-07-01,25.64,224.5,81.8,66.1,23.3,46.2,durian_orchard,NONE,100.0
AVL-YAU,2022-08-01,25.88,297.2,79.4,75.9,6.9,34.2,durian_orchard,NONE,95.3
AVL-YAU,2022-09-01,25.5,318.7,81.3,80.7,17.7,32.1,durian_orchard,NONE,91.4
AVL-YAU,2022-10-01,24.38,258.3,80.0,73.2,17.5,45.5,durian_orchard,NONE,94.9
AVL-YAU,2022-11-01,24.15,218.6,80.7,66.9,5.0,38.7,durian_orchard,NONE,94.7
AVL-YAU,2022-12-01,26.09,165.7,73.6,71.0,14.1,40.9,durian_orchard,NONE,94.2
AVL-YAU,2023-01-01,26.97,148.0,69.7,62.4,5.5,49.0,durian_orchard,NONE,100.0
AVL-YAU,2023-02-01,26.71,66.6,71.3,52.5,10.5,44.0,durian_orchard,NONE,94.7
AVL-YAU,2023-03-01,28.14,78.8,67.4,61.4,19.9,43.3,durian_orchard,NONE,94.7
AVL-YAU,2023-04-01,27.89,117.4,61.4,55.1,19.6,35.2,durian_orchard,NONE,95.5
AVL-YAU,2023-05-01,27.97,103.4,70.4,71.9,15.8,55.5,durian_orchard,NONE,91.2
AVL-YAU,2023-06-01,26.06,221.1,76.2,72.7,16.4,27.6,durian_orchard,NONE,93.3
AVL-YAU,2023-07-01,26.0,255.4,77.6,70.7,4.3,47.3,durian_orchard,NONE,94.3
AVL-YAU,2023-08-01,25.57,259.4,82.9,72.0,6.2,32.2,durian_orchard,NONE,94.7
AVL-YAU,2023-09-01,25.61,319.5,83.1,78.2,5.7,41.9,durian_orchard,HEAVY_RAIN,88.6
AVL-YAU,2023-10-01,24.85,312.8,82.9,72.8,4.0,29.2,durian_orchard,HEAVY_RAIN,100.0
AVL-YAU,2023-11-01,24.43,239.0,81.2,75.4,18.4,53.3,durian_orchard,NONE,100.0
AVL-YAU,2023-12-01,25.87,197.5,71.5,61.1,16.9,37.9,durian_orchard,NONE,92.8
AVL-YAU,2024-01-01,26.58,101.2,66.1,62.0,7.6,41.7,durian_orchard,NONE,96.6
AVL-YAU,2024-02-01,26.89,50.9,66.2,63.6,13.5,48.9,durian_orchard,NONE,91.3
AVL-YAU,2024-03-01,27.64,59.9,65.0,60.7,17.4,51.2,durian_orchard,NONE,98.7
AVL-YAU,2024-04-01,27.83,81.0,68.0,64.1,28.4,37.3,durian_orchard,NONE,96.4
AVL-YAU,2024-05-01,28.65,132.4,69.2,65.2,7.4,49.9,durian_orchard,NONE,100.0
AVL-YAU,2024-06-01,27.21,176.9,67.3,63.8,27.8,48.5,durian_orchard,NONE,96.3
AVL-YAU,2024-07-01,26.2,226.2,79.6,70.2,9.0,41.3,durian_orchard,NONE,94.4
AVL-YAU,2024-08-01,25.78,297.2,77.4,74.2,14.5,42.4,durian_orchard,NONE,96.0
AVL-YAU,2024-09-01,24.81,287.0,88.7,72.5,4.1,43.9,durian_orchard,NONE,94.5
AVL-YAU,2024-10-01,24.38,243.9,88.4,70.1,7.8,44.4,durian_orchard,NONE,99.4
AVL-YAU,2024-11-01,25.52,246.4,78.1,73.1,12.7,37.2,durian_orchard,NONE,91.2
AVL-YAU,2024-12-01,25.41,223.1,74.7,64.5,9.1,41.9,durian_orchard,NONE,96.3
AVL-YAU,2025-01-01,26.87,149.4,71.2,64.6,12.2,32.6,durian_orchard,NONE,94.0
AVL-YAU,2025-02-01,27.74,83.6,66.6,60.4,14.8,43.1,durian_orchard,NONE,90.5
AVL-YAU,2025-03-01,27.9,83.5,61.4,59.0,0.8,40.4,durian_orchard,NONE,97.8
AVL-YAU,2025-04-01,28.25,102.5,67.4,58.5,16.4,49.5,durian_orchard,NONE,96.7
AVL-YAU,2025-05-01,28.06,145.6,64.4,62.4,11.1,38.7,durian_orchard,NONE,99.2
AVL-YAU,2025-06-01,27.71,175.6,73.2,67.7,13.9,54.7,durian_orchard,NONE,96.8
KNT-BME,2019-01-01,24.66,65.1,66.0,68.9,34.6,34.9,karst_habitat,NONE,94.1
KNT-BME,2019-02-01,25.18,90.5,64.3,68.7,41.3,38.8,karst_habitat,NONE,97.8
KNT-BME,2019-03-01,25.97,127.0,68.9,79.1,29.1,47.0,karst_habitat,NONE,97.4
KNT-BME,2019-04-01,26.83,200.5,68.9,75.3,28.6,46.5,karst_habitat,NONE,97.9
KNT-BME,2019-05-01,25.21,265.3,86.7,84.2,27.8,30.2,karst_habitat,NONE,95.6
KNT-BME,2019-06-01,26.25,278.7,84.6,83.4,27.6,35.1,karst_habitat,NONE,97.3
KNT-BME,2019-07-01,26.31,327.1,85.2,93.2,32.2,37.6,karst_habitat,HEAVY_RAIN,90.7
KNT-BME,2019-08-01,24.01,289.2,87.2,86.1,39.3,52.2,karst_habitat,NONE,91.9
KNT-BME,2019-09-01,24.28,313.2,80.6,85.6,27.0,45.1,karst_habitat,HEAVY_RAIN,97.1
KNT-BME,2019-10-01,23.58,224.3,73.4,80.9,35.6,44.9,karst_habitat,NONE,95.2
KNT-BME,2019-11-01,22.55,143.7,76.3,75.2,38.7,46.2,karst_habitat,NONE,92.8
KNT-BME,2019-12-01,24.21,63.7,69.0,73.8,32.9,40.5,karst_habitat,NONE,100.0
KNT-BME,2020-01-01,24.57,80.4,71.7,64.4,14.7,46.8,karst_habitat,NONE,97.5
KNT-BME,2020-02-01,25.71,83.8,66.6,71.7,36.4,43.0,karst_habitat,NONE,96.4
KNT-BME,2020-03-01,26.3,120.4,67.4,74.8,26.4,45.4,karst_habitat,NONE,95.1
KNT-BME,2020-04-01,26.47,227.1,80.4,81.1,30.9,36.2,karst_habitat,NONE,94.8
KNT-BME,2020-05-01,25.68,267.1,81.4,92.4,28.6,46.5,karst_habitat,NONE,99.3
KNT-BME,2020-06-01,25.58,323.1,87.4,93.2,25.0,48.4,karst_habitat,NONE,92.3
KNT-BME,2020-07-01,24.79,268.9,83.1,88.5,38.2,36.4,karst_habitat,NONE,100.0
KNT-BME,2020-08-01,24.2,303.1,84.0,80.8,30.8,58.0,karst_habitat,NONE,89.3
KNT-BME,2020-09-01,24.15,235.6,79.8,84.0,36.9,38.0,karst_habitat,NONE,97.7
KNT-BME,2020-10-01,23.29,220.9,79.2,81.8,40.2,43.2,karst_habitat,NONE,95.1
KNT-BME,2020-11-01,23.82,84.8,71.8,74.0,33.4,41.1,karst_habitat,NONE,97.4
KNT-BME,2020-12-01,24.01,99.4,68.0,73.9,27.0,37.4,karst_habitat,NONE,94.8
KNT-BME,2021-01-01,24.39,108.8,68.2,69.6,31.0,39.0,karst_habitat,NONE,95.4
KNT-BME,2021-02-01,25.73,77.8,66.6,75.8,31.1,45.1,karst_habitat,NONE,94.8
KNT-BME,2021-03-01,25.74,184.8,74.6,78.3,33.8,54.1,karst_habitat,NONE,94.5
KNT-BME,2021-04-01,26.91,223.4,74.0,85.2,27.1,48.4,karst_habitat,NONE,96.9
KNT-BME,2021-05-01,26.92,347.7,78.3,84.2,19.1,45.4,karst_habitat,NONE,100.0
KNT-BME,2021-06-01,25.92,327.3,85.4,84.5,40.0,46.1,karst_habitat,NONE,96.1
KNT-BME,2021-07-01,25.62,314.4,81.7,82.0,28.6,34.6,karst_habitat,NONE,96.0
KNT-BME,2021-08-01,24.46,282.1,85.1,86.0,36.4,33.4,karst_habitat,NONE,96.4
KNT-BME,2021-09-01,23.87,294.1,76.9,77.5,33.6,43.6,karst_habitat,HEAVY_RAIN,97.7
KNT-BME,2021-10-01,22.99,253.4,77.2,82.8,30.3,47.5,karst_habitat,HEAVY_RAIN,100.0
KNT-BME,2021-11-01,23.36,121.5,80.7,80.9,25.8,43.9,karst_habitat,NONE,95.7
KNT-BME,2021-12-01,24.08,88.5,66.6,84.4,25.2,46.7,karst_habitat,NONE,99.0
KNT-BME,2022-01-01,25.33,47.4,64.6,71.6,24.4,40.5,karst_habitat,NONE,98.0
KNT-BME,2022-02-01,26.56,94.9,66.1,70.8,28.9,39.2,karst_habitat,NONE,96.4
KNT-BME,2022-03-01,27.42,111.9,66.3,70.6,36.9,30.8,karst_habitat,NONE,100.0
KNT-BME,2022-04-01,27.94,218.1,72.0,74.0,31.6,48.3,karst_habitat,NONE,93.5
KNT-BME,2022-05-01,25.94,247.4,78.0,85.9,30.9,56.4,karst_habitat,NONE,100.0
KNT-BME,2022-06-01,26.14,294.9,89.1,76.3,30.2,39.1,karst_habitat,NONE,93.7
KNT-BME,2022-07-01,24.69,332.1,80.4,81.7,34.0,31.2,karst_habitat,NONE,96.9
KNT-BME,2022-08-01,25.1,332.4,83.5,80.9,31.4,34.1,karst_habitat,NONE,92.3
KNT-BME,2022-09-01,24.27,224.6,81.9,72.8,31.8,43.1,karst_habitat,NONE,99.7
KNT-BME,2022-10-01,24.11,200.8,79.5,85.0,26.7,42.2,karst_habitat,NONE,94.8
KNT-BME,2022-11-01,23.57,117.7,73.0,77.0,28.3,40.6,karst_habitat,NONE,96.2
KNT-BME,2022-12-01,22.82,112.5,79.6,67.8,44.6,54.2,karst_habitat,NONE,96.2
KNT-BME,2023-01-01,24.77,52.5,65.5,71.7,24.4,52.7,karst_habitat,NONE,92.7
KNT-BME,2023-02-01,26.71,54.0,69.0,75.6,44.0,41.3,karst_habitat,NONE,98.6
KNT-BME,2023-03-01,27.51,161.1,71.0,70.3,34.0,37.2,karst_habitat,NONE,93.8
KNT-BME,2023-04-01,27.02,218.0,68.6,85.0,38.6,46.3,karst_habitat,NONE,98.5
KNT-BME,2023-05-01,27.38,239.6,80.4,80.1,36.9,55.3,karst_habitat,NONE,95.6
KNT-BME,2023-06-01,26.02,318.6,87.0,81.2,32.6,36.0,karst_habitat,NONE,91.7
KNT-BME,2023-07-01,25.05,366.7,85.0,83.5,29.4,32.85,karst_habitat,HEAVY_RAIN,93.9
KNT-BME,2023-08-01,24.97,309.5,80.8,82.1,28.7,29.7,karst_habitat,HEAVY_RAIN,94.1
KNT-BME,2023-09-01,23.95,282.5,82.5,80.3,28.8,40.0,karst_habitat,NONE,95.6
KNT-BME,2023-10-01,24.12,207.4,76.9,79.3,41.1,49.6,karst_habitat,NONE,96.2
KNT-BME,2023-11-01,24.14,103.6,69.1,76.2,34.5,49.4,karst_habitat,NONE,90.0
KNT-BME,2023-12-01,25.26,105.8,70.5,79.2,33.4,49.1,karst_habitat,NONE,93.0
KNT-BME,2024-01-01,24.97,77.0,65.7,70.7,35.4,38.7,karst_habitat,NONE,97.5
KNT-BME,2024-02-01,26.9,107.4,72.2,78.3,40.8,33.5,karst_habitat,NONE,95.4
KNT-BME,2024-03-01,26.61,111.4,69.3,76.4,39.9,45.6,karst_habitat,NONE,99.5
KNT-BME,2024-04-01,26.1,245.3,76.8,72.8,31.2,46.8,karst_habitat,NONE,99.7
KNT-BME,2024-05-01,27.22,237.2,80.7,87.6,35.8,36.3,karst_habitat,NONE,94.5
KNT-BME,2024-06-01,26.56,318.1,79.4,89.6,29.5,35.3,karst_habitat,NONE,100.0
KNT-BME,2024-07-01,26.11,313.1,77.4,82.5,26.8,43.2,karst_habitat,NONE,95.6
KNT-BME,2024-08-01,24.25,335.9,84.6,81.6,31.6,42.1,karst_habitat,NONE,97.6
KNT-BME,2024-09-01,22.95,247.4,78.8,82.0,27.6,49.4,karst_habitat,NONE,94.3
KNT-BME,2024-10-01,22.38,199.9,78.5,81.0,34.9,44.5,karst_habitat,NONE,90.1
KNT-BME,2024-11-01,23.56,180.5,65.6,72.5,28.2,41.9,karst_habitat,NONE,96.4
KNT-BME,2024-12-01,24.91,101.4,69.7,81.0,31.7,30.0,karst_habitat,NONE,97.1
KNT-BME,2025-01-01,25.45,73.2,70.0,69.9,33.7,39.9,karst_habitat,NONE,96.8
KNT-BME,2025-02-01,26.01,106.0,70.5,76.5,30.3,39.8,karst_habitat,NONE,98.4
KNT-BME,2025-03-01,26.35,125.7,70.3,76.7,33.0,48.1,karst_habitat,NONE,95.1
KNT-BME,2025-04-01,26.65,187.1,75.3,81.9,31.8,31.5,karst_habitat,NONE,98.1
KNT-BME,2025-05-01,26.54,275.7,81.0,83.7,35.4,48.2,karst_habitat,NONE,97.8
KNT-BME,2025-06-01,27.36,245.4,80.6,83.0,20.4,39.2,karst_habitat,NONE,93.5
KNT-CHP,2019-01-01,24.41,65.8,72.1,62.2,7.3,12.8,karst_habitat,NONE,95.2
KNT-CHP,2019-02-01,27.24,109.2,68.0,67.9,0.0,16.9,karst_habitat,NONE,92.6
KNT-CHP,2019-03-01,26.5,95.6,73.1,71.4,7.1,11.1,karst_habitat,NONE,94.7
KNT-CHP,2019-04-01,26.49,116.7,75.0,71.2,2.8,7.6,karst_habitat,NONE,94.4
KNT-CHP,2019-05-01,26.38,189.0,81.8,78.2,6.0,15.3,karst_habitat,NONE,95.3
KNT-CHP,2019-06-01,25.32,230.3,82.5,82.6,1.8,6.8,karst_habitat,NONE,95.3
KNT-CHP,2019-07-01,25.73,174.3,86.5,80.6,9.6,0.0,karst_habitat,NONE,92.3
KNT-CHP,2019-08-01,24.47,207.4,84.9,79.5,20.7,14.6,karst_habitat,NONE,95.3
KNT-CHP,2019-09-01,23.72,195.2,80.2,71.6,11.5,21.3,karst_habitat,NONE,100.0
KNT-CHP,2019-10-01,23.43,139.7,76.1,75.2,0.0,16.0,karst_habitat,NONE,93.1
KNT-CHP,2019-11-01,24.07,98.9,74.5,77.4,0.0,11.8,karst_habitat,NONE,98.0
KNT-CHP,2019-12-01,24.28,98.3,69.6,71.6,12.6,15.7,karst_habitat,NONE,97.6
KNT-CHP,2020-01-01,25.78,69.5,70.7,62.0,6.8,16.3,karst_habitat,NONE,93.5
KNT-CHP,2020-02-01,26.22,71.4,64.4,77.0,2.2,0.0,karst_habitat,NONE,94.5
KNT-CHP,2020-03-01,26.63,83.9,72.3,75.5,8.2,16.3,karst_habitat,NONE,95.4
KNT-CHP,2020-04-01,26.74,111.2,78.1,76.1,0.8,11.9,karst_habitat,NONE,92.9
KNT-CHP,2020-05-01,27.13,176.2,79.6,86.7,0.0,16.6,karst_habitat,NONE,95.2
KNT-CHP,2020-06-01,26.21,228.8,86.5,80.2,5.4,10.7,karst_habitat,NONE,100.0
KNT-CHP,2020-07-01,24.9,282.7,89.6,80.3,8.2,8.9,karst_habitat,NONE,95.1
KNT-CHP,2020-08-01,24.0,225.1,87.3,76.4,4.3,24.3,karst_habitat,NONE,92.7
KNT-CHP,2020-09-01,23.45,160.3,87.9,82.5,4.8,2.8,karst_habitat,NONE,98.1
KNT-CHP,2020-10-01,23.78,165.6,80.2,81.3,0.0,5.9,karst_habitat,NONE,97.2
KNT-CHP,2020-11-01,23.43,95.8,71.7,69.8,6.2,24.4,karst_habitat,NONE,94.1
KNT-CHP,2020-12-01,24.07,46.1,69.4,73.0,4.2,8.1,karst_habitat,NONE,92.0
KNT-CHP,2021-01-01,25.32,34.8,75.7,60.5,0.8,4.1,karst_habitat,DRY_SPELL,96.6
KNT-CHP,2021-02-01,25.74,71.6,66.9,67.1,2.8,10.0,karst_habitat,NONE,95.9
KNT-CHP,2021-03-01,26.33,109.8,73.9,68.9,13.2,0.0,karst_habitat,NONE,100.0
KNT-CHP,2021-04-01,26.74,146.4,70.3,76.9,4.5,8.9,karst_habitat,NONE,100.0
KNT-CHP,2021-05-01,26.22,162.0,77.7,83.8,11.8,11.1,karst_habitat,NONE,92.8
KNT-CHP,2021-06-01,26.21,197.1,83.6,92.4,0.0,7.9,karst_habitat,NONE,94.1
KNT-CHP,2021-07-01,24.61,226.7,89.7,85.0,8.3,12.8,karst_habitat,NONE,98.3
KNT-CHP,2021-08-01,25.05,240.0,84.7,79.7,0.3,16.4,karst_habitat,NONE,97.5
KNT-CHP,2021-09-01,23.58,204.5,78.8,77.5,0.0,17.9,karst_habitat,NONE,97.4
KNT-CHP,2021-10-01,22.2,174.9,83.2,72.8,21.8,0.9,karst_habitat,NONE,94.0
KNT-CHP,2021-11-01,22.61,91.4,72.0,78.7,1.2,30.5,karst_habitat,NONE,95.3
KNT-CHP,2021-12-01,23.47,103.6,76.0,68.9,10.4,13.6,karst_habitat,NONE,89.9
KNT-CHP,2022-01-01,25.87,50.6,69.5,62.8,6.0,10.5,karst_habitat,NONE,97.9
KNT-CHP,2022-02-01,26.43,64.6,68.1,75.1,0.0,0.0,karst_habitat,NONE,93.5
KNT-CHP,2022-03-01,26.6,71.0,73.0,77.5,11.8,14.3,karst_habitat,NONE,98.1
KNT-CHP,2022-04-01,27.42,179.4,76.9,77.3,3.4,12.8,karst_habitat,NONE,100.0
KNT-CHP,2022-05-01,26.5,194.3,81.3,82.2,4.7,19.4,karst_habitat,NONE,94.7
KNT-CHP,2022-06-01,25.69,211.2,89.9,86.4,6.7,11.9,karst_habitat,NONE,96.0
KNT-CHP,2022-07-01,25.1,245.5,82.1,83.3,1.6,15.9,karst_habitat,NONE,96.4
KNT-CHP,2022-08-01,24.33,207.7,85.2,80.9,1.8,19.6,karst_habitat,NONE,91.7
KNT-CHP,2022-09-01,23.44,169.8,80.5,83.9,2.1,13.6,karst_habitat,NONE,98.6
KNT-CHP,2022-10-01,23.88,137.3,72.9,77.0,6.3,9.2,karst_habitat,NONE,100.0
KNT-CHP,2022-11-01,23.75,118.1,78.6,73.9,1.4,16.5,karst_habitat,NONE,93.4
KNT-CHP,2022-12-01,25.11,93.7,68.8,71.6,8.0,22.4,karst_habitat,NONE,92.5
KNT-CHP,2023-01-01,24.25,113.9,66.6,72.0,2.1,1.8,karst_habitat,NONE,100.0
KNT-CHP,2023-02-01,25.54,81.8,74.0,62.2,7.0,19.2,karst_habitat,NONE,97.7
KNT-CHP,2023-03-01,26.24,136.3,72.9,72.0,13.7,9.4,karst_habitat,NONE,96.5
KNT-CHP,2023-04-01,26.74,126.2,79.0,73.7,14.9,10.5,karst_habitat,NONE,98.0
KNT-CHP,2023-05-01,26.91,175.2,79.3,77.6,0.3,14.4,karst_habitat,NONE,95.3
KNT-CHP,2023-06-01,25.89,220.1,87.5,86.0,20.8,4.3,karst_habitat,NONE,97.1
KNT-CHP,2023-07-01,24.68,220.5,88.3,84.1,1.5,8.6,karst_habitat,NONE,94.7
KNT-CHP,2023-08-01,24.58,199.5,83.7,82.8,0.0,14.2,karst_habitat,NONE,99.6
KNT-CHP,2023-09-01,24.17,129.1,83.8,78.7,8.0,0.0,karst_habitat,NONE,98.6
KNT-CHP,2023-10-01,23.52,190.5,78.3,74.7,8.5,26.5,karst_habitat,NONE,99.3
KNT-CHP,2023-11-01,24.97,46.6,75.3,72.7,12.8,14.3,karst_habitat,NONE,96.4
KNT-CHP,2023-12-01,24.25,79.6,65.9,65.0,6.7,7.8,karst_habitat,NONE,91.0
KNT-CHP,2024-01-01,25.26,32.6,69.0,74.0,4.2,11.7,karst_habitat,DRY_SPELL,95.8
KNT-CHP,2024-02-01,26.38,77.4,71.0,75.7,7.5,21.8,karst_habitat,NONE,98.8
KNT-CHP,2024-03-01,27.9,86.4,67.5,74.6,2.9,14.1,karst_habitat,NONE,94.2
KNT-CHP,2024-04-01,27.19,181.4,83.0,79.0,15.1,13.8,karst_habitat,NONE,96.0
KNT-CHP,2024-05-01,27.74,181.0,79.4,78.5,3.6,19.0,karst_habitat,NONE,97.9
KNT-CHP,2024-06-01,26.58,161.7,85.9,86.4,2.2,10.1,karst_habitat,NONE,93.5
KNT-CHP,2024-07-01,26.06,255.8,83.2,78.2,14.0,10.7,karst_habitat,NONE,96.4
KNT-CHP,2024-08-01,23.57,221.7,84.6,87.8,2.6,13.5,karst_habitat,NONE,95.2
KNT-CHP,2024-09-01,23.99,199.5,79.6,78.6,0.0,13.2,karst_habitat,NONE,90.5
KNT-CHP,2024-10-01,23.75,199.8,81.1,79.7,13.3,10.9,karst_habitat,NONE,93.2
KNT-CHP,2024-11-01,23.07,96.4,74.6,72.9,2.1,17.6,karst_habitat,NONE,95.1
KNT-CHP,2024-12-01,24.28,91.8,75.7,70.3,6.8,27.6,karst_habitat,NONE,94.5
KNT-CHP,2025-01-01,24.97,61.4,70.4,70.8,0.0,15.9,karst_habitat,NONE,92.6
KNT-CHP,2025-02-01,25.75,47.4,74.3,77.0,18.0,22.9,karst_habitat,NONE,93.5
KNT-CHP,2025-03-01,26.65,104.5,74.6,73.3,7.4,20.1,karst_habitat,NONE,97.1
KNT-CHP,2025-04-01,26.87,163.5,73.6,83.3,11.9,18.1,karst_habitat,NONE,98.5
KNT-CHP,2025-05-01,25.7,160.3,83.5,81.5,4.9,23.6,karst_habitat,NONE,96.4
KNT-CHP,2025-06-01,25.79,188.7,82.8,77.5,0.0,10.5,karst_habitat,NONE,90.5
KNT-CYP,2019-01-01,26.26,62.7,70.9,58.1,18.0,2.2,karst_habitat,NONE,93.2
KNT-CYP,2019-02-01,26.63,63.8,72.1,53.7,14.7,11.6,karst_habitat,NONE,99.0
KNT-CYP,2019-03-01,27.2,83.1,74.5,46.7,24.4,0.5,karst_habitat,NONE,94.5
KNT-CYP,2019-04-01,27.62,129.9,73.6,55.6,27.3,0.0,karst_habitat,NONE,95.9
KNT-CYP,2019-05-01,27.7,133.2,88.4,58.5,17.7,0.0,karst_habitat,NONE,98.9
KNT-CYP,2019-06-01,26.29,203.4,85.1,66.5,20.2,14.1,karst_habitat,NONE,96.0
KNT-CYP,2019-07-01,26.64,170.3,82.6,59.5,13.6,7.6,karst_habitat,NONE,99.1
KNT-CYP,2019-08-01,25.91,207.6,88.1,55.9,16.3,0.0,karst_habitat,NONE,97.7
KNT-CYP,2019-09-01,24.56,202.3,82.5,63.1,11.6,4.2,karst_habitat,NONE,95.9
KNT-CYP,2019-10-01,23.91,137.4,81.1,56.7,18.0,14.9,karst_habitat,NONE,95.9
KNT-CYP,2019-11-01,24.23,30.4,76.3,56.1,25.4,2.3,karst_habitat,DRY_SPELL,96.4
KNT-CYP,2019-12-01,24.62,50.0,71.8,54.9,7.8,4.1,karst_habitat,NONE,89.1
KNT-CYP,2020-01-01,26.32,43.0,71.9,53.3,17.9,0.0,karst_habitat,NONE,93.5
KNT-CYP,2020-02-01,27.6,53.1,67.6,54.7,16.2,0.0,karst_habitat,NONE,100.0
KNT-CYP,2020-03-01,28.04,126.5,75.6,53.3,24.1,5.7,karst_habitat,NONE,90.7
KNT-CYP,2020-04-01,27.83,115.2,77.8,59.9,10.9,5.8,karst_habitat,NONE,92.8
KNT-CYP,2020-05-01,28.05,160.1,84.0,64.5,19.5,0.0,karst_habitat,NONE,96.6
KNT-CYP,2020-06-01,27.06,190.1,89.3,63.0,5.3,0.0,karst_habitat,NONE,97.6
KNT-CYP,2020-07-01,25.7,203.5,81.4,64.1,16.7,12.9,karst_habitat,NONE,97.5
KNT-CYP,2020-08-01,25.53,182.7,87.4,70.1,10.3,1.9,karst_habitat,NONE,98.5
KNT-CYP,2020-09-01,24.21,170.1,84.5,59.6,14.1,0.0,karst_habitat,NONE,100.0
KNT-CYP,2020-10-01,24.47,141.1,82.7,56.1,14.1,2.6,karst_habitat,NONE,93.2
KNT-CYP,2020-11-01,23.99,67.9,79.5,53.0,15.3,3.2,karst_habitat,NONE,91.9
KNT-CYP,2020-12-01,26.1,35.0,77.6,53.3,12.4,0.0,karst_habitat,DRY_SPELL,100.0
KNT-CYP,2021-01-01,26.11,53.2,73.1,45.6,18.3,4.2,karst_habitat,NONE,95.3
KNT-CYP,2021-02-01,26.39,41.2,71.4,41.7,14.5,0.0,karst_habitat,NONE,91.7
KNT-CYP,2021-03-01,27.22,115.5,73.0,48.0,21.0,12.4,karst_habitat,NONE,93.9
KNT-CYP,2021-04-01,28.36,109.3,73.7,57.0,3.4,3.1,karst_habitat,NONE,96.0
KNT-CYP,2021-05-01,26.43,175.7,88.3,58.3,13.2,0.0,karst_habitat,NONE,97.2
KNT-CYP,2021-06-01,26.92,186.0,84.6,66.2,12.1,0.0,karst_habitat,NONE,100.0
KNT-CYP,2021-07-01,26.77,185.9,81.8,69.2,22.8,7.9,karst_habitat,NONE,95.7
KNT-CYP,2021-08-01,24.41,182.7,88.8,67.0,22.0,1.0,karst_habitat,NONE,93.6
KNT-CYP,2021-09-01,23.42,170.5,86.6,55.5,13.8,0.0,karst_habitat,NONE,91.6
KNT-CYP,2021-10-01,24.54,165.9,79.8,55.7,15.3,0.0,karst_habitat,NONE,94.4
KNT-CYP,2021-11-01,24.56,153.2,76.7,54.3,23.5,5.8,karst_habitat,NONE,91.9
KNT-CYP,2021-12-01,24.09,59.8,70.9,57.5,14.6,6.8,karst_habitat,NONE,94.4
KNT-CYP,2022-01-01,25.13,42.2,69.7,45.5,17.2,0.0,karst_habitat,NONE,93.8
KNT-CYP,2022-02-01,27.02,97.0,72.0,54.1,22.2,0.0,karst_habitat,NONE,96.0
KNT-CYP,2022-03-01,27.71,87.0,75.6,55.7,15.2,0.0,karst_habitat,NONE,94.2
KNT-CYP,2022-04-01,27.93,131.3,83.0,68.6,24.4,5.3,karst_habitat,NONE,89.6
KNT-CYP,2022-05-01,27.64,163.9,80.0,60.7,22.9,0.0,karst_habitat,NONE,95.4
KNT-CYP,2022-06-01,27.49,212.4,86.2,66.3,17.9,0.0,karst_habitat,NONE,98.9
KNT-CYP,2022-07-01,25.02,253.7,87.2,65.2,15.2,2.6,karst_habitat,NONE,100.0
KNT-CYP,2022-08-01,24.63,232.7,88.0,62.0,13.6,0.0,karst_habitat,NONE,98.0
KNT-CYP,2022-09-01,25.05,186.2,81.1,63.4,22.9,0.0,karst_habitat,NONE,93.5
KNT-CYP,2022-10-01,24.1,107.5,79.2,60.4,26.2,10.4,karst_habitat,NONE,99.3
KNT-CYP,2022-11-01,24.07,129.1,75.4,54.4,11.8,0.1,karst_habitat,NONE,93.8
KNT-CYP,2022-12-01,25.71,45.1,74.3,59.5,20.3,0.0,karst_habitat,NONE,98.7
KNT-CYP,2023-01-01,26.5,74.4,69.2,50.8,12.3,5.7,karst_habitat,NONE,93.9
KNT-CYP,2023-02-01,27.19,81.3,77.0,51.2,18.8,0.0,karst_habitat,NONE,98.5
KNT-CYP,2023-03-01,28.39,90.1,78.5,49.7,17.9,5.9,karst_habitat,NONE,99.2
KNT-CYP,2023-04-01,27.63,154.9,77.6,66.3,7.6,0.0,karst_habitat,NONE,91.9
KNT-CYP,2023-05-01,27.51,155.7,83.1,67.0,15.4,2.8,karst_habitat,NONE,99.2
KNT-CYP,2023-06-01,27.09,236.1,89.5,61.5,15.7,0.0,karst_habitat,NONE,89.9
KNT-CYP,2023-07-01,25.7,201.7,90.7,65.9,16.4,0.0,karst_habitat,NONE,91.1
KNT-CYP,2023-08-01,24.6,242.2,82.6,62.0,26.1,0.0,karst_habitat,NONE,100.0
KNT-CYP,2023-09-01,25.17,183.8,81.8,61.2,29.2,5.0,karst_habitat,NONE,92.9
KNT-CYP,2023-10-01,24.29,150.0,79.8,65.5,6.8,6.4,karst_habitat,NONE,97.5
KNT-CYP,2023-11-01,25.42,68.0,76.2,50.2,9.5,9.1,karst_habitat,NONE,93.9
KNT-CYP,2023-12-01,25.45,53.2,73.5,52.2,26.0,1.6,karst_habitat,NONE,94.2
KNT-CYP,2024-01-01,26.47,41.2,69.5,50.5,4.9,3.6,karst_habitat,NONE,91.6
KNT-CYP,2024-02-01,27.35,57.0,69.4,52.7,25.1,0.0,karst_habitat,NONE,95.5
KNT-CYP,2024-03-01,26.56,76.8,73.0,53.7,26.2,0.0,karst_habitat,NONE,97.6
KNT-CYP,2024-04-01,28.05,128.7,83.9,57.9,16.4,1.0,karst_habitat,NONE,100.0
KNT-CYP,2024-05-01,26.8,188.3,83.7,64.5,20.2,17.2,karst_habitat,NONE,91.4
KNT-CYP,2024-06-01,25.41,199.0,88.5,64.6,13.4,13.0,karst_habitat,NONE,100.0
KNT-CYP,2024-07-01,26.43,244.9,86.3,60.9,20.4,0.0,karst_habitat,NONE,95.3
KNT-CYP,2024-08-01,25.21,210.0,88.9,71.5,11.6,8.2,karst_habitat,NONE,100.0
KNT-CYP,2024-09-01,26.0,188.3,79.9,63.1,25.2,0.0,karst_habitat,NONE,92.9
KNT-CYP,2024-10-01,23.98,143.3,80.5,53.9,16.0,0.0,karst_habitat,NONE,97.6
KNT-CYP,2024-11-01,24.12,93.0,77.6,53.5,21.0,17.0,karst_habitat,NONE,93.1
KNT-CYP,2024-12-01,26.2,50.3,71.8,50.5,12.1,5.2,karst_habitat,NONE,94.6
KNT-CYP,2025-01-01,27.01,29.5,71.6,41.6,11.9,6.9,karst_habitat,DRY_SPELL,96.4
KNT-CYP,2025-02-01,25.88,36.1,71.9,42.8,9.2,4.7,karst_habitat,NONE,96.7
KNT-CYP,2025-03-01,28.1,32.0,73.6,47.9,13.4,1.5,karst_habitat,DRY_SPELL,95.0
KNT-CYP,2025-04-01,27.43,114.9,78.5,59.8,18.2,0.0,karst_habitat,NONE,100.0
KNT-CYP,2025-05-01,28.23,145.8,84.9,62.2,11.4,0.0,karst_habitat,NONE,100.0
KNT-CYP,2025-06-01,27.46,228.2,87.1,65.1,2.7,1.7,karst_habitat,NONE,93.3
KNT-DMJ,2019-01-01,27.04,34.9,74.3,57.2,46.0,0.9,mixed_forest,DRY_SPELL,93.4
KNT-DMJ,2019-02-01,27.29,83.9,77.5,48.6,48.1,17.5,mixed_forest,NONE,92.1
KNT-DMJ,2019-03-01,26.9,110.7,78.6,60.9,47.0,14.4,mixed_forest,NONE,98.5
KNT-DMJ,2019-04-01,28.07,164.2,81.2,64.7,51.3,1.0,mixed_forest,NONE,98.8
KNT-DMJ,2019-05-01,27.7,176.2,84.0,67.8,58.7,8.5,mixed_forest,NONE,95.6
KNT-DMJ,2019-06-01,26.97,231.3,90.2,67.8,47.6,14.5,mixed_forest,NONE,94.6
KNT-DMJ,2019-07-01,26.9,249.2,89.1,72.6,54.7,20.2,mixed_forest,NONE,88.6
KNT-DMJ,2019-08-01,24.98,291.2,93.4,67.2,47.4,0.0,mixed_forest,NONE,88.1
KNT-DMJ,2019-09-01,24.89,211.6,89.0,61.5,58.9,13.1,mixed_forest,NONE,99.3
KNT-DMJ,2019-10-01,24.06,180.5,86.0,64.5,59.6,0.0,mixed_forest,NONE,96.7
KNT-DMJ,2019-11-01,24.95,83.3,78.5,57.4,51.3,0.0,mixed_forest,NONE,93.7
KNT-DMJ,2019-12-01,25.29,38.0,83.8,54.2,50.9,5.0,mixed_forest,NONE,94.4
KNT-DMJ,2020-01-01,26.9,53.6,81.7,50.7,46.9,0.0,mixed_forest,NONE,97.2
KNT-DMJ,2020-02-01,26.94,89.5,72.9,61.0,39.6,0.0,mixed_forest,NONE,94.6
KNT-DMJ,2020-03-01,27.59,81.3,83.0,56.2,48.1,6.6,mixed_forest,NONE,97.7
KNT-DMJ,2020-04-01,28.91,136.6,84.5,65.7,69.5,1.4,mixed_forest,NONE,95.7
KNT-DMJ,2020-05-01,27.34,194.2,85.3,64.5,48.8,0.0,mixed_forest,NONE,99.5
KNT-DMJ,2020-06-01,27.93,244.4,86.9,67.1,58.8,2.2,mixed_forest,NONE,96.4
KNT-DMJ,2020-07-01,26.88,274.8,92.3,68.7,63.6,0.0,mixed_forest,NONE,94.9
KNT-DMJ,2020-08-01,25.99,213.8,91.1,72.1,55.6,9.1,mixed_forest,NONE,97.5
KNT-DMJ,2020-09-01,24.31,192.4,86.4,65.8,63.7,1.1,mixed_forest,NONE,95.8
KNT-DMJ,2020-10-01,23.98,181.1,84.7,60.2,60.6,0.0,mixed_forest,NONE,94.2
KNT-DMJ,2020-11-01,25.59,138.7,83.5,61.8,55.1,0.0,mixed_forest,NONE,93.4
KNT-DMJ,2020-12-01,25.8,59.2,77.0,52.5,44.8,0.0,mixed_forest,NONE,93.5
KNT-DMJ,2021-01-01,26.62,41.1,79.4,57.2,47.1,6.8,mixed_forest,NONE,90.7
KNT-DMJ,2021-02-01,27.47,70.9,75.9,57.8,53.0,0.0,mixed_forest,NONE,95.9
KNT-DMJ,2021-03-01,27.17,108.1,77.2,62.5,52.8,0.0,mixed_forest,NONE,95.9
KNT-DMJ,2021-04-01,27.81,154.9,82.0,64.3,38.8,0.0,mixed_forest,NONE,91.7
KNT-DMJ,2021-05-01,28.54,176.0,90.5,71.6,49.0,2.7,mixed_forest,NONE,98.6
KNT-DMJ,2021-06-01,26.74,247.2,91.6,67.9,62.6,0.0,mixed_forest,NONE,100.0
KNT-DMJ,2021-07-01,26.62,235.5,93.4,65.9,53.8,1.6,mixed_forest,NONE,95.4
KNT-DMJ,2021-08-01,25.45,231.0,87.0,66.1,46.9,7.1,mixed_forest,NONE,96.2
KNT-DMJ,2021-09-01,25.38,231.3,88.8,70.3,55.8,6.3,mixed_forest,NONE,92.1
KNT-DMJ,2021-10-01,24.23,151.1,79.8,65.4,50.1,6.25,mixed_forest,NONE,94.8
KNT-DMJ,2021-11-01,24.84,114.7,83.4,61.5,54.1,6.2,mixed_forest,NONE,93.0
KNT-DMJ,2021-12-01,26.27,66.9,73.8,54.5,47.4,0.0,mixed_forest,NONE,90.2
KNT-DMJ,2022-01-01,26.78,27.2,72.1,59.9,44.0,3.9,mixed_forest,DRY_SPELL,100.0
KNT-DMJ,2022-02-01,26.71,39.5,76.0,56.1,57.3,0.0,mixed_forest,NONE,98.4
KNT-DMJ,2022-03-01,27.94,93.6,80.5,62.2,44.9,2.0,mixed_forest,NONE,95.9
KNT-DMJ,2022-04-01,27.5,123.6,80.9,62.3,37.8,1.8,mixed_forest,NONE,93.1
KNT-DMJ,2022-05-01,29.03,167.9,87.9,66.8,52.4,0.0,mixed_forest,NONE,100.0
KNT-DMJ,2022-06-01,27.92,224.3,90.0,72.6,46.2,0.3,mixed_forest,NONE,92.7
KNT-DMJ,2022-07-01,26.03,208.2,96.4,59.8,37.4,0.0,mixed_forest,NONE,97.9
KNT-DMJ,2022-08-01,26.25,224.2,93.3,68.9,45.6,10.2,mixed_forest,NONE,97.7
KNT-DMJ,2022-09-01,23.71,212.2,89.3,62.8,62.9,0.0,mixed_forest,NONE,100.0
KNT-DMJ,2022-10-01,23.41,143.4,88.3,61.7,48.6,12.4,mixed_forest,NONE,92.9
KNT-DMJ,2022-11-01,25.22,115.1,82.6,66.1,47.7,0.0,mixed_forest,NONE,100.0
KNT-DMJ,2022-12-01,25.51,99.2,78.2,49.2,52.8,0.0,mixed_forest,NONE,95.9
KNT-DMJ,2023-01-01,25.57,58.5,76.5,60.3,64.4,0.7,mixed_forest,NONE,96.2
KNT-DMJ,2023-02-01,27.24,53.4,76.9,58.1,55.1,0.0,mixed_forest,NONE,95.2
KNT-DMJ,2023-03-01,27.96,102.6,73.2,66.3,49.9,2.1,mixed_forest,NONE,96.8
KNT-DMJ,2023-04-01,28.34,125.4,81.9,58.4,59.9,1.1,mixed_forest,NONE,94.5
KNT-DMJ,2023-05-01,28.83,223.0,83.2,61.5,52.1,0.0,mixed_forest,NONE,93.4
KNT-DMJ,2023-06-01,26.99,228.0,92.3,64.7,52.1,0.0,mixed_forest,NONE,95.4
KNT-DMJ,2023-07-01,25.54,222.5,96.0,67.1,44.9,0.0,mixed_forest,NONE,93.1
KNT-DMJ,2023-08-01,24.63,204.0,93.8,69.2,58.3,0.0,mixed_forest,NONE,92.3
KNT-DMJ,2023-09-01,25.1,207.8,79.9,70.8,55.2,0.0,mixed_forest,NONE,96.6
KNT-DMJ,2023-10-01,25.19,147.3,81.8,58.0,42.8,0.0,mixed_forest,NONE,92.9
KNT-DMJ,2023-11-01,25.71,90.9,86.8,56.6,45.9,0.0,mixed_forest,NONE,99.3
KNT-DMJ,2023-12-01,25.57,73.5,71.7,59.7,57.3,0.0,mixed_forest,NONE,96.1
KNT-DMJ,2024-01-01,27.05,30.8,75.8,59.2,48.8,0.5,mixed_forest,DRY_SPELL,94.7
KNT-DMJ,2024-02-01,27.71,99.1,78.3,61.7,52.2,0.0,mixed_forest,NONE,93.4
KNT-DMJ,2024-03-01,28.58,103.1,74.4,52.2,53.7,0.0,mixed_forest,NONE,95.7
KNT-DMJ,2024-04-01,27.98,160.0,84.2,60.3,48.4,0.0,mixed_forest,NONE,96.1
KNT-DMJ,2024-05-01,28.66,171.9,90.3,67.0,51.8,0.0,mixed_forest,NONE,97.9
KNT-DMJ,2024-06-01,27.48,235.4,93.1,68.8,51.0,12.5,mixed_forest,NONE,96.3
KNT-DMJ,2024-07-01,25.87,198.9,92.1,70.7,49.9,0.0,mixed_forest,NONE,95.2
KNT-DMJ,2024-08-01,25.76,253.2,92.2,61.2,51.7,7.3,mixed_forest,NONE,95.0
KNT-DMJ,2024-09-01,24.77,159.2,87.7,66.4,54.2,0.0,mixed_forest,NONE,95.6
KNT-DMJ,2024-10-01,24.2,143.4,85.8,65.8,51.6,2.8,mixed_forest,NONE,100.0
KNT-DMJ,2024-11-01,23.88,135.1,78.9,52.4,55.5,0.0,mixed_forest,NONE,99.9
KNT-DMJ,2024-12-01,25.41,96.3,76.6,61.6,52.2,0.0,mixed_forest,NONE,98.4
KNT-DMJ,2025-01-01,25.18,43.6,75.3,56.5,55.9,0.0,mixed_forest,NONE,89.2
KNT-DMJ,2025-02-01,27.56,54.0,76.3,52.3,43.7,3.0,mixed_forest,NONE,100.0
KNT-DMJ,2025-03-01,27.47,112.3,77.5,54.3,46.1,0.0,mixed_forest,NONE,96.5
KNT-DMJ,2025-04-01,27.72,96.9,84.6,62.4,56.9,0.0,mixed_forest,NONE,98.9
KNT-DMJ,2025-05-01,27.41,191.8,85.9,69.4,61.8,10.8,mixed_forest,NONE,100.0
KNT-DMJ,2025-06-01,27.6,225.3,89.2,75.8,62.8,0.0,mixed_forest,NONE,96.5
KNT-GGN,2019-01-01,26.28,59.5,76.8,15.0,76.1,5.3,degraded_land,NONE,97.6
KNT-GGN,2019-02-01,27.87,76.6,70.0,23.0,72.0,12.7,degraded_land,NONE,91.1
KNT-GGN,2019-03-01,28.37,98.1,77.9,30.0,65.6,0.0,degraded_land,NONE,100.0
KNT-GGN,2019-04-01,28.17,141.3,83.8,34.4,69.6,0.0,degraded_land,NONE,94.7
KNT-GGN,2019-05-01,28.63,223.5,80.6,29.6,63.3,0.0,degraded_land,NONE,93.9
KNT-GGN,2019-06-01,27.97,245.4,82.7,33.9,69.1,12.2,degraded_land,NONE,94.4
KNT-GGN,2019-07-01,26.15,227.4,84.5,35.3,85.1,13.9,degraded_land,NONE,95.8
KNT-GGN,2019-08-01,25.27,193.2,85.0,34.0,80.5,16.1,degraded_land,NONE,97.9
KNT-GGN,2019-09-01,24.61,237.7,86.7,28.8,72.3,0.0,degraded_land,NONE,94.4
KNT-GGN,2019-10-01,25.48,137.1,80.6,29.3,72.3,0.0,degraded_land,NONE,91.8
KNT-GGN,2019-11-01,26.23,92.8,74.7,26.7,75.8,0.0,degraded_land,NONE,99.8
KNT-GGN,2019-12-01,27.21,37.1,69.2,29.4,70.6,10.5,degraded_land,NONE,92.2
KNT-GGN,2020-01-01,26.59,43.9,76.5,23.8,68.5,0.0,degraded_land,NONE,99.6
KNT-GGN,2020-02-01,26.93,56.3,69.8,20.9,66.7,6.2,degraded_land,NONE,99.0
KNT-GGN,2020-03-01,27.85,90.7,74.2,29.0,66.2,0.0,degraded_land,NONE,100.0
KNT-GGN,2020-04-01,28.5,89.3,81.5,33.3,75.6,2.9,degraded_land,NONE,99.7
KNT-GGN,2020-05-01,28.33,179.1,85.8,25.2,86.8,0.0,degraded_land,NONE,100.0
KNT-GGN,2020-06-01,26.83,242.5,84.8,36.3,72.7,4.4,degraded_land,NONE,93.6
KNT-GGN,2020-07-01,27.19,300.5,86.1,37.2,70.7,11.1,degraded_land,NONE,91.0
KNT-GGN,2020-08-01,26.29,204.8,91.2,34.1,79.0,2.3,degraded_land,NONE,96.3
KNT-GGN,2020-09-01,25.31,152.2,81.4,37.4,84.4,18.8,degraded_land,NONE,97.1
KNT-GGN,2020-10-01,25.04,103.8,79.2,26.1,77.1,16.1,degraded_land,NONE,91.0
KNT-GGN,2020-11-01,24.71,95.4,75.9,27.0,61.0,0.0,degraded_land,NONE,93.0
KNT-GGN,2020-12-01,26.11,80.0,76.4,22.0,76.0,8.7,degraded_land,NONE,92.0
KNT-GGN,2021-01-01,27.62,67.8,71.6,21.9,71.9,9.5,degraded_land,NONE,100.0
KNT-GGN,2021-02-01,28.29,115.4,72.2,15.0,72.5,0.2,degraded_land,NONE,96.1
KNT-GGN,2021-03-01,27.92,140.3,77.8,25.5,75.7,5.4,degraded_land,NONE,95.4
KNT-GGN,2021-04-01,27.94,54.6,81.6,32.5,79.5,0.0,degraded_land,NONE,92.3
KNT-GGN,2021-05-01,27.89,183.2,83.7,31.5,69.2,5.1,degraded_land,NONE,90.4
KNT-GGN,2021-06-01,27.56,201.1,87.2,36.6,69.6,0.0,degraded_land,NONE,94.4
KNT-GGN,2021-07-01,26.8,257.1,89.5,39.1,75.9,0.0,degraded_land,NONE,96.8
KNT-GGN,2021-08-01,25.77,265.4,83.1,37.9,77.5,1.4,degraded_land,NONE,94.3
KNT-GGN,2021-09-01,25.98,201.2,84.1,27.1,74.9,13.9,degraded_land,NONE,94.1
KNT-GGN,2021-10-01,24.57,84.5,81.7,29.3,80.4,0.0,degraded_land,NONE,96.8
KNT-GGN,2021-11-01,25.96,102.2,74.5,24.9,74.3,0.0,degraded_land,NONE,90.7
KNT-GGN,2021-12-01,24.69,64.1,70.6,25.0,74.8,4.9,degraded_land,NONE,95.6
KNT-GGN,2022-01-01,27.89,83.0,67.9,21.3,69.3,0.0,degraded_land,NONE,94.7
KNT-GGN,2022-02-01,27.57,102.3,76.1,21.5,78.2,0.0,degraded_land,NONE,94.8
KNT-GGN,2022-03-01,28.98,91.8,76.9,28.8,66.6,7.4,degraded_land,NONE,96.2
KNT-GGN,2022-04-01,28.23,137.8,78.7,26.6,71.9,0.0,degraded_land,NONE,96.2
KNT-GGN,2022-05-01,29.21,220.5,82.6,30.0,72.7,0.0,degraded_land,NONE,96.3
KNT-GGN,2022-06-01,27.94,243.5,86.3,30.7,67.6,8.7,degraded_land,NONE,93.7
KNT-GGN,2022-07-01,26.39,229.0,88.8,40.8,62.8,0.0,degraded_land,NONE,100.0
KNT-GGN,2022-08-01,27.5,206.3,89.2,34.6,59.2,11.2,degraded_land,NONE,96.4
KNT-GGN,2022-09-01,24.79,145.6,86.0,24.9,71.0,0.0,degraded_land,NONE,94.7
KNT-GGN,2022-10-01,25.48,151.4,81.7,30.4,76.7,0.2,degraded_land,NONE,100.0
KNT-GGN,2022-11-01,25.03,154.6,72.0,24.5,73.0,2.8,degraded_land,NONE,90.1
KNT-GGN,2022-12-01,26.67,45.7,80.5,29.5,69.7,0.0,degraded_land,NONE,100.0
KNT-GGN,2023-01-01,27.04,75.2,70.1,15.6,81.3,0.0,degraded_land,NONE,100.0
KNT-GGN,2023-02-01,28.29,53.8,71.6,27.0,65.7,5.9,degraded_land,NONE,92.8
KNT-GGN,2023-03-01,28.89,128.0,73.3,24.2,78.2,0.0,degraded_land,NONE,96.0
KNT-GGN,2023-04-01,27.63,131.4,78.9,28.7,71.7,1.6,degraded_land,NONE,96.6
KNT-GGN,2023-05-01,27.7,178.7,82.2,26.0,75.9,4.7,degraded_land,NONE,97.4
KNT-GGN,2023-06-01,28.43,268.6,82.1,40.1,81.1,6.6,degraded_land,NONE,94.8
KNT-GGN,2023-07-01,26.3,203.4,89.7,35.9,75.1,0.0,degraded_land,NONE,94.6
KNT-GGN,2023-08-01,27.25,187.8,89.5,35.3,74.0,0.0,degraded_land,NONE,94.5
KNT-GGN,2023-09-01,25.76,198.7,82.0,31.5,72.6,0.1,degraded_land,NONE,93.5
KNT-GGN,2023-10-01,25.97,140.8,80.8,24.4,69.6,6.0,degraded_land,NONE,93.9
KNT-GGN,2023-11-01,24.86,85.7,78.5,23.4,73.2,1.2,degraded_land,NONE,97.2
KNT-GGN,2023-12-01,26.88,115.3,71.1,20.0,67.2,0.0,degraded_land,NONE,100.0
KNT-GGN,2024-01-01,27.51,47.5,70.7,29.7,69.7,0.0,degraded_land,NONE,88.1
KNT-GGN,2024-02-01,28.79,60.0,69.8,24.5,71.3,0.0,degraded_land,NONE,96.8
KNT-GGN,2024-03-01,28.62,82.0,71.6,31.8,68.9,0.0,degraded_land,NONE,96.2
KNT-GGN,2024-04-01,29.14,127.9,78.5,25.0,71.6,0.0,degraded_land,NONE,94.5
KNT-GGN,2024-05-01,28.39,196.7,83.8,41.6,72.3,5.8,degraded_land,NONE,95.0
KNT-GGN,2024-06-01,27.23,196.3,90.8,36.6,63.1,0.0,degraded_land,NONE,95.5
KNT-GGN,2024-07-01,28.04,170.7,93.2,27.3,79.3,0.0,degraded_land,NONE,95.6
KNT-GGN,2024-08-01,25.8,254.5,84.9,36.4,73.0,2.3,degraded_land,NONE,94.3
KNT-GGN,2024-09-01,24.59,154.9,80.2,28.7,79.2,0.0,degraded_land,NONE,94.6
KNT-GGN,2024-10-01,25.8,167.9,78.6,28.3,76.5,8.1,degraded_land,NONE,96.2
KNT-GGN,2024-11-01,25.79,86.3,72.3,28.1,73.3,15.5,degraded_land,NONE,94.3
KNT-GGN,2024-12-01,26.31,106.4,72.9,15.0,68.3,6.1,degraded_land,NONE,95.9
KNT-GGN,2025-01-01,27.65,64.6,69.1,17.1,70.3,0.0,degraded_land,NONE,95.2
KNT-GGN,2025-02-01,27.86,68.0,74.4,17.2,66.7,0.0,degraded_land,NONE,91.7
KNT-GGN,2025-03-01,28.81,105.1,78.7,30.6,77.3,0.0,degraded_land,NONE,100.0
KNT-GGN,2025-04-01,27.28,122.5,84.7,25.9,74.0,0.0,degraded_land,NONE,100.0
KNT-GGN,2025-05-01,28.58,204.5,83.0,35.3,72.5,2.0,degraded_land,NONE,95.8
KNT-GGN,2025-06-01,28.1,241.8,90.0,34.6,73.3,4.0,degraded_land,NONE,99.4
KNT-GKR,2019-01-01,25.03,133.0,67.0,50.5,35.3,18.9,mixed_forest,NONE,91.7
KNT-GKR,2019-02-01,25.52,82.5,65.5,51.6,57.3,58.3,mixed_forest,NONE,95.5
KNT-GKR,2019-03-01,25.88,91.7,76.0,57.2,47.2,58.5,mixed_forest,NONE,96.2
KNT-GKR,2019-04-01,27.37,139.7,77.6,59.9,45.4,58.5,mixed_forest,NONE,100.0
KNT-GKR,2019-05-01,25.76,196.5,76.5,60.9,34.7,17.0,mixed_forest,NONE,95.3
KNT-GKR,2019-06-01,25.32,213.7,84.6,70.1,43.5,38.2,mixed_forest,NONE,94.2
KNT-GKR,2019-07-01,24.33,229.4,84.2,68.3,40.7,24.5,mixed_forest,NONE,94.4
KNT-GKR,2019-08-01,23.78,215.2,83.6,68.9,47.9,65.4,mixed_forest,NONE,93.6
KNT-GKR,2019-09-01,22.5,206.2,86.3,66.6,51.7,58.9,mixed_forest,NONE,94.7
KNT-GKR,2019-10-01,23.06,164.6,79.0,61.4,39.5,76.3,mixed_forest,NONE,96.6
KNT-GKR,2019-11-01,22.77,116.7,69.9,57.9,42.7,33.0,mixed_forest,NONE,95.4
KNT-GKR,2019-12-01,24.27,93.8,71.0,60.5,42.1,15.7,mixed_forest,NONE,92.1
KNT-GKR,2020-01-01,25.22,50.4,66.8,61.9,57.5,37.8,mixed_forest,NONE,94.3
KNT-GKR,2020-02-01,25.33,103.3,70.5,55.0,53.0,73.2,mixed_forest,NONE,100.0
KNT-GKR,2020-03-01,26.32,153.5,70.9,62.7,50.1,59.1,mixed_forest,NONE,100.0
KNT-GKR,2020-04-01,26.7,157.8,75.2,55.4,35.7,61.9,mixed_forest,NONE,91.9
KNT-GKR,2020-05-01,25.94,207.2,78.5,69.6,43.6,27.2,mixed_forest,NONE,99.3
KNT-GKR,2020-06-01,25.84,216.5,82.0,66.6,46.2,34.5,mixed_forest,NONE,95.8
KNT-GKR,2020-07-01,24.88,282.0,85.5,69.5,46.2,32.8,mixed_forest,NONE,95.1
KNT-GKR,2020-08-01,23.81,211.9,84.2,66.0,48.1,66.9,mixed_forest,NONE,98.4
KNT-GKR,2020-09-01,22.04,211.8,81.8,60.5,47.5,54.7,mixed_forest,NONE,100.0
KNT-GKR,2020-10-01,21.32,172.9,76.6,56.8,52.1,58.0,mixed_forest,NONE,93.3
KNT-GKR,2020-11-01,23.56,132.6,66.8,60.9,37.9,23.6,mixed_forest,NONE,98.0
KNT-GKR,2020-12-01,22.88,91.9,68.4,57.2,44.7,28.4,mixed_forest,NONE,93.5
KNT-GKR,2021-01-01,23.72,9.3,74.0,51.5,49.2,39.3,mixed_forest,DRY_SPELL,94.8
KNT-GKR,2021-02-01,24.57,78.0,66.7,54.5,51.6,60.2,mixed_forest,NONE,99.7
KNT-GKR,2021-03-01,25.85,101.0,66.8,55.0,39.2,64.1,mixed_forest,NONE,95.8
KNT-GKR,2021-04-01,26.99,127.7,80.9,62.9,40.8,63.3,mixed_forest,NONE,96.1
KNT-GKR,2021-05-01,26.16,197.5,79.8,64.4,38.5,14.4,mixed_forest,NONE,100.0
KNT-GKR,2021-06-01,24.6,259.5,80.6,72.7,47.3,28.4,mixed_forest,NONE,89.7
KNT-GKR,2021-07-01,24.68,168.1,89.7,67.7,44.2,27.5,mixed_forest,NONE,90.7
KNT-GKR,2021-08-01,24.08,226.2,83.6,68.4,45.9,62.8,mixed_forest,NONE,98.0
KNT-GKR,2021-09-01,23.54,226.7,78.1,69.6,41.4,64.0,mixed_forest,NONE,95.1
KNT-GKR,2021-10-01,23.46,158.0,79.2,59.4,42.3,61.9,mixed_forest,NONE,100.0
KNT-GKR,2021-11-01,23.49,106.3,72.1,61.4,53.3,27.9,mixed_forest,NONE,93.4
KNT-GKR,2021-12-01,23.98,98.3,69.0,58.8,42.0,28.6,mixed_forest,NONE,94.5
KNT-GKR,2022-01-01,25.14,82.6,70.0,52.2,36.4,27.3,mixed_forest,NONE,93.5
KNT-GKR,2022-02-01,26.0,87.5,68.4,58.8,51.7,62.4,mixed_forest,NONE,99.5
KNT-GKR,2022-03-01,25.65,85.9,67.4,52.2,48.0,58.8,mixed_forest,NONE,94.5
KNT-GKR,2022-04-01,27.4,164.1,75.0,70.4,46.9,63.3,mixed_forest,NONE,96.2
KNT-GKR,2022-05-01,25.86,218.4,82.7,62.8,50.2,31.2,mixed_forest,NONE,95.8
KNT-GKR,2022-06-01,25.32,210.9,81.1,68.6,47.8,30.4,mixed_forest,NONE,100.0
KNT-GKR,2022-07-01,25.5,257.0,85.0,67.3,40.0,32.8,mixed_forest,NONE,96.5
KNT-GKR,2022-08-01,24.66,240.6,82.3,68.8,40.7,51.8,mixed_forest,NONE,96.7
KNT-GKR,2022-09-01,23.38,204.7,77.5,65.4,42.1,56.2,mixed_forest,NONE,95.3
KNT-GKR,2022-10-01,23.24,143.7,74.6,61.7,57.1,54.0,mixed_forest,NONE,96.5
KNT-GKR,2022-11-01,23.4,86.7,76.8,68.2,43.1,32.6,mixed_forest,NONE,97.7
KNT-GKR,2022-12-01,24.12,55.3,63.5,55.7,37.1,35.9,mixed_forest,NONE,93.6
KNT-GKR,2023-01-01,24.14,68.3,67.8,56.9,37.6,27.4,mixed_forest,NONE,98.1
KNT-GKR,2023-02-01,25.96,144.4,69.5,51.9,42.0,64.1,mixed_forest,NONE,97.2
KNT-GKR,2023-03-01,26.29,119.7,70.4,60.8,35.5,57.3,mixed_forest,NONE,98.7
KNT-GKR,2023-04-01,27.13,164.1,79.5,59.1,33.8,52.2,mixed_forest,NONE,94.1
KNT-GKR,2023-05-01,26.37,216.7,86.7,68.7,44.9,27.4,mixed_forest,NONE,99.9
KNT-GKR,2023-06-01,25.7,233.4,78.0,66.8,38.4,44.8,mixed_forest,NONE,92.7
KNT-GKR,2023-07-01,24.76,239.4,82.5,65.6,45.1,31.2,mixed_forest,NONE,92.3
KNT-GKR,2023-08-01,24.0,212.5,85.7,66.1,42.9,68.7,mixed_forest,NONE,96.7
KNT-GKR,2023-09-01,22.36,189.8,76.5,66.5,56.4,50.7,mixed_forest,NONE,94.3
KNT-GKR,2023-10-01,23.94,175.5,81.4,59.4,45.4,54.2,mixed_forest,NONE,95.7
KNT-GKR,2023-11-01,23.08,106.7,72.2,64.2,32.9,23.2,mixed_forest,NONE,96.9
KNT-GKR,2023-12-01,24.45,87.0,70.3,52.1,47.5,26.4,mixed_forest,NONE,92.5
KNT-GKR,2024-01-01,24.81,35.7,72.1,54.8,40.7,12.4,mixed_forest,NONE,98.0
KNT-GKR,2024-02-01,25.86,79.1,66.7,60.2,45.5,77.3,mixed_forest,NONE,95.4
KNT-GKR,2024-03-01,26.17,119.6,68.4,61.1,48.2,46.4,mixed_forest,NONE,93.7
KNT-GKR,2024-04-01,27.0,160.0,76.3,66.0,37.3,59.7,mixed_forest,NONE,98.3
KNT-GKR,2024-05-01,26.11,162.4,77.3,60.2,43.7,31.8,mixed_forest,NONE,99.6
KNT-GKR,2024-06-01,25.07,213.5,83.6,67.5,27.0,24.5,mixed_forest,NONE,99.6
KNT-GKR,2024-07-01,25.19,244.1,82.5,64.5,42.5,27.6,mixed_forest,NONE,91.6
KNT-GKR,2024-08-01,23.53,250.0,80.0,60.9,41.4,65.0,mixed_forest,NONE,93.9
KNT-GKR,2024-09-01,24.75,220.6,78.1,67.2,45.3,49.2,mixed_forest,NONE,99.1
KNT-GKR,2024-10-01,23.23,141.5,80.2,62.0,37.1,66.3,mixed_forest,NONE,97.8
KNT-GKR,2024-11-01,24.05,103.5,75.0,61.5,45.9,28.5,mixed_forest,NONE,93.2
KNT-GKR,2024-12-01,24.1,110.4,67.9,62.2,38.2,19.4,mixed_forest,NONE,93.6
KNT-GKR,2025-01-01,23.8,55.4,68.9,52.4,41.4,29.6,mixed_forest,NONE,96.1
KNT-GKR,2025-02-01,26.65,99.7,67.5,55.3,54.6,55.9,mixed_forest,NONE,97.6
KNT-GKR,2025-03-01,26.24,107.2,71.3,62.7,42.2,59.2,mixed_forest,NONE,99.6
KNT-GKR,2025-04-01,26.41,169.1,77.1,69.4,36.3,69.2,mixed_forest,NONE,96.6
KNT-GKR,2025-05-01,25.44,207.4,83.5,66.9,53.3,12.7,mixed_forest,NONE,97.4
KNT-GKR,2025-06-01,25.59,264.5,82.3,71.7,48.3,19.9,mixed_forest,NONE,90.2
KNT-JAK,2019-01-01,25.24,50.1,65.1,48.9,22.7,0.0,karst_habitat,NONE,96.4
KNT-JAK,2019-02-01,25.85,17.5,61.4,51.0,28.5,2.6,karst_habitat,DRY_SPELL,94.8
KNT-JAK,2019-03-01,26.96,129.3,70.4,60.9,19.4,6.9,karst_habitat,NONE,97.7
KNT-JAK,2019-04-01,26.63,156.2,76.0,59.3,25.1,9.5,karst_habitat,NONE,93.3
KNT-JAK,2019-05-01,27.03,158.8,76.3,54.9,16.2,0.0,karst_habitat,NONE,95.2
KNT-JAK,2019-06-01,26.12,249.3,81.5,66.1,18.8,13.9,karst_habitat,HEAVY_RAIN,99.9
KNT-JAK,2019-07-01,25.1,228.7,87.8,63.1,22.0,10.6,karst_habitat,NONE,95.9
KNT-JAK,2019-08-01,23.83,186.8,80.9,69.7,26.6,0.0,karst_habitat,NONE,97.5
KNT-JAK,2019-09-01,23.77,181.7,75.5,62.6,43.0,6.0,karst_habitat,NONE,92.2
KNT-JAK,2019-10-01,22.99,173.8,73.9,55.7,18.0,4.0,karst_habitat,NONE,93.6
KNT-JAK,2019-11-01,23.57,75.7,69.3,57.2,32.7,0.0,karst_habitat,NONE,99.0
KNT-JAK,2019-12-01,24.32,81.1,66.5,54.3,28.6,0.0,karst_habitat,NONE,97.8
KNT-JAK,2020-01-01,24.89,66.2,59.1,51.3,27.7,11.1,karst_habitat,NONE,93.6
KNT-JAK,2020-02-01,25.83,87.6,60.2,46.3,17.4,11.5,karst_habitat,NONE,98.9
KNT-JAK,2020-03-01,26.15,105.4,66.2,59.1,26.0,0.0,karst_habitat,NONE,99.4
KNT-JAK,2020-04-01,26.22,149.2,71.8,55.6,28.0,0.0,karst_habitat,NONE,93.9
KNT-JAK,2020-05-01,26.88,143.6,74.7,60.6,23.5,0.1,karst_habitat,NONE,93.7
KNT-JAK,2020-06-01,25.95,182.6,75.5,70.8,20.0,0.0,karst_habitat,NONE,97.5
KNT-JAK,2020-07-01,25.98,228.0,78.5,62.2,23.0,9.5,karst_habitat,NONE,93.8
KNT-JAK,2020-08-01,24.12,197.2,81.8,65.9,15.7,3.2,karst_habitat,NONE,95.3
KNT-JAK,2020-09-01,23.56,190.2,76.1,55.2,21.3,1.8,karst_habitat,NONE,94.1
KNT-JAK,2020-10-01,23.36,141.4,67.9,66.8,22.0,0.0,karst_habitat,NONE,98.7
KNT-JAK,2020-11-01,22.92,104.3,67.7,47.4,27.1,12.1,karst_habitat,NONE,99.1
KNT-JAK,2020-12-01,24.56,54.2,65.3,52.6,26.0,10.6,karst_habitat,NONE,96.7
KNT-JAK,2021-01-01,25.53,59.9,64.7,51.9,32.7,0.0,karst_habitat,NONE,97.8
KNT-JAK,2021-02-01,27.09,80.5,66.1,44.6,23.6,20.2,karst_habitat,NONE,93.5
KNT-JAK,2021-03-01,28.03,97.4,62.1,58.0,21.3,12.0,karst_habitat,NONE,98.5
KNT-JAK,2021-04-01,27.11,141.7,72.9,55.3,32.3,5.1,karst_habitat,NONE,99.9
KNT-JAK,2021-05-01,25.54,193.2,75.0,49.6,34.7,0.0,karst_habitat,NONE,100.0
KNT-JAK,2021-06-01,26.16,226.1,77.8,70.6,35.9,2.7,karst_habitat,NONE,94.0
KNT-JAK,2021-07-01,24.59,210.7,80.3,70.1,34.6,2.4,karst_habitat,NONE,92.0
KNT-JAK,2021-08-01,24.9,220.7,78.3,60.9,28.6,7.2,karst_habitat,NONE,93.8
KNT-JAK,2021-09-01,23.86,170.7,73.5,63.3,25.7,13.9,karst_habitat,NONE,93.4
KNT-JAK,2021-10-01,23.51,151.3,74.4,60.7,25.8,12.3,karst_habitat,NONE,91.7
KNT-JAK,2021-11-01,24.66,97.8,71.5,53.7,26.0,1.6,karst_habitat,NONE,88.4
KNT-JAK,2021-12-01,24.87,81.2,64.4,61.3,36.2,8.0,karst_habitat,NONE,98.6
KNT-JAK,2022-01-01,25.6,61.4,62.1,54.3,21.3,0.0,karst_habitat,NONE,95.3
KNT-JAK,2022-02-01,26.17,55.3,63.2,56.7,28.9,0.0,karst_habitat,NONE,95.4
KNT-JAK,2022-03-01,26.32,109.0,67.5,59.1,16.5,8.8,karst_habitat,NONE,91.3
KNT-JAK,2022-04-01,27.56,126.2,70.6,57.7,33.4,11.7,karst_habitat,NONE,92.8
KNT-JAK,2022-05-01,27.55,209.4,74.2,65.2,29.4,0.9,karst_habitat,NONE,98.0
KNT-JAK,2022-06-01,25.64,237.7,81.9,68.3,23.8,5.7,karst_habitat,NONE,99.7
KNT-JAK,2022-07-01,24.68,184.4,79.3,68.4,16.6,7.2,karst_habitat,NONE,96.4
KNT-JAK,2022-08-01,24.7,242.6,81.6,62.7,40.4,6.3,karst_habitat,NONE,95.9
KNT-JAK,2022-09-01,24.21,148.6,72.7,68.7,26.0,0.0,karst_habitat,NONE,93.9
KNT-JAK,2022-10-01,23.61,143.6,75.8,58.5,16.6,0.0,karst_habitat,NONE,97.0
KNT-JAK,2022-11-01,24.41,130.0,66.4,57.7,28.3,2.6,karst_habitat,NONE,98.7
KNT-JAK,2022-12-01,23.55,63.0,68.7,48.9,28.6,10.4,karst_habitat,NONE,95.2
KNT-JAK,2023-01-01,25.22,84.1,68.2,55.4,28.9,14.4,karst_habitat,NONE,94.2
KNT-JAK,2023-02-01,26.28,99.8,62.3,50.0,37.3,10.0,karst_habitat,NONE,92.4
KNT-JAK,2023-03-01,27.52,133.1,67.3,58.6,26.7,13.0,karst_habitat,NONE,100.0
KNT-JAK,2023-04-01,27.28,141.1,74.4,63.1,24.5,19.2,karst_habitat,NONE,96.5
KNT-JAK,2023-05-01,27.42,189.6,79.1,55.5,23.8,0.0,karst_habitat,NONE,89.4
KNT-JAK,2023-06-01,26.32,249.4,78.7,64.0,25.6,8.9,karst_habitat,NONE,96.0
KNT-JAK,2023-07-01,24.88,203.5,80.3,70.0,24.2,0.0,karst_habitat,NONE,97.1
KNT-JAK,2023-08-01,25.09,203.5,76.3,69.2,25.4,8.5,karst_habitat,NONE,92.6
KNT-JAK,2023-09-01,23.38,125.2,73.7,65.6,36.5,11.1,karst_habitat,NONE,98.8
KNT-JAK,2023-10-01,23.3,123.5,70.9,68.7,29.3,15.7,karst_habitat,NONE,96.6
KNT-JAK,2023-11-01,24.31,79.2,69.0,57.4,14.0,0.0,karst_habitat,NONE,100.0
KNT-JAK,2023-12-01,24.96,124.4,59.1,57.5,28.6,0.0,karst_habitat,NONE,99.2
KNT-JAK,2024-01-01,24.32,13.7,68.6,51.3,28.4,0.7,karst_habitat,DRY_SPELL,98.9
KNT-JAK,2024-02-01,26.17,66.0,64.5,42.5,29.1,6.8,karst_habitat,NONE,96.3
KNT-JAK,2024-03-01,27.52,82.4,65.1,61.8,18.8,0.0,karst_habitat,NONE,94.8
KNT-JAK,2024-04-01,26.17,164.7,73.2,62.5,40.0,3.7,karst_habitat,NONE,93.2
KNT-JAK,2024-05-01,27.03,233.3,76.9,62.1,21.5,9.8,karst_habitat,NONE,97.6
KNT-JAK,2024-06-01,25.91,230.2,77.3,65.6,37.9,10.5,karst_habitat,NONE,90.8
KNT-JAK,2024-07-01,25.03,228.3,83.1,69.5,17.2,9.7,karst_habitat,NONE,97.7
KNT-JAK,2024-08-01,24.32,178.0,76.9,56.5,24.4,4.7,karst_habitat,NONE,100.0
KNT-JAK,2024-09-01,23.18,186.1,76.1,61.1,16.0,7.1,karst_habitat,NONE,94.6
KNT-JAK,2024-10-01,23.59,126.7,75.2,66.3,27.2,7.4,karst_habitat,NONE,98.7
KNT-JAK,2024-11-01,24.54,93.6,72.9,52.7,28.0,0.0,karst_habitat,NONE,95.1
KNT-JAK,2024-12-01,24.89,70.2,65.5,53.5,31.9,10.8,karst_habitat,NONE,92.6
KNT-JAK,2025-01-01,25.57,91.6,66.5,49.0,24.1,9.1,karst_habitat,NONE,98.0
KNT-JAK,2025-02-01,26.78,73.6,63.9,52.5,40.2,0.0,karst_habitat,NONE,98.9
KNT-JAK,2025-03-01,27.23,107.2,67.4,60.1,15.7,1.6,karst_habitat,NONE,99.3
KNT-JAK,2025-04-01,27.94,142.7,68.7,56.5,25.1,7.0,karst_habitat,NONE,95.9
KNT-JAK,2025-05-01,27.16,204.8,75.4,58.9,28.3,0.6,karst_habitat,NONE,91.0
KNT-JAK,2025-06-01,25.91,207.3,77.2,62.7,15.7,0.0,karst_habitat,NONE,96.9
KNT-JQG,2019-01-01,23.97,40.4,77.0,47.7,60.6,45.4,protected_forest,NONE,97.2
KNT-JQG,2019-02-01,24.21,101.6,78.7,47.4,49.4,36.9,protected_forest,NONE,93.3
KNT-JQG,2019-03-01,25.59,152.4,79.6,49.1,47.9,32.6,protected_forest,NONE,97.8
KNT-JQG,2019-04-01,24.74,175.9,82.3,56.4,48.3,30.9,protected_forest,NONE,95.7
KNT-JQG,2019-05-01,25.95,225.2,85.7,61.0,42.4,43.2,protected_forest,NONE,100.0
KNT-JQG,2019-06-01,23.77,227.9,88.3,62.0,50.8,30.6,protected_forest,NONE,95.3
KNT-JQG,2019-07-01,23.22,328.1,89.9,60.3,41.6,21.7,protected_forest,NONE,94.7
KNT-JQG,2019-08-01,22.88,263.3,90.2,56.6,55.6,42.7,protected_forest,NONE,100.0
KNT-JQG,2019-09-01,21.52,188.4,84.3,54.8,43.9,35.0,protected_forest,NONE,96.5
KNT-JQG,2019-10-01,21.54,171.3,83.8,49.0,57.5,36.3,protected_forest,NONE,100.0
KNT-JQG,2019-11-01,21.99,91.1,79.4,48.0,61.2,35.9,protected_forest,NONE,95.2
KNT-JQG,2019-12-01,22.71,119.3,72.5,49.3,52.0,12.7,protected_forest,NONE,96.1
KNT-JQG,2020-01-01,23.47,62.8,73.7,42.6,51.9,43.9,protected_forest,NONE,95.9
KNT-JQG,2020-02-01,24.33,37.3,71.1,42.1,47.6,34.8,protected_forest,NONE,98.6
KNT-JQG,2020-03-01,25.41,99.1,75.3,57.4,55.2,36.8,protected_forest,NONE,91.2
KNT-JQG,2020-04-01,25.56,143.6,83.9,59.3,53.5,36.4,protected_forest,NONE,94.9
KNT-JQG,2020-05-01,25.25,191.4,89.0,54.0,45.5,36.6,protected_forest,NONE,100.0
KNT-JQG,2020-06-01,25.61,257.8,89.3,60.1,59.0,43.3,protected_forest,NONE,93.4
KNT-JQG,2020-07-01,22.97,302.2,90.7,60.0,59.6,51.3,protected_forest,NONE,97.7
KNT-JQG,2020-08-01,22.31,254.7,90.2,64.2,62.7,31.9,protected_forest,NONE,93.3
KNT-JQG,2020-09-01,22.05,212.7,85.0,61.1,49.0,45.1,protected_forest,NONE,98.0
KNT-JQG,2020-10-01,23.09,158.1,86.2,56.2,52.6,40.8,protected_forest,NONE,97.0
KNT-JQG,2020-11-01,22.88,107.7,81.9,52.1,40.7,39.3,protected_forest,NONE,93.8
KNT-JQG,2020-12-01,22.56,97.3,75.6,49.2,45.6,21.4,protected_forest,NONE,93.1
KNT-JQG,2021-01-01,22.38,64.0,73.2,49.3,47.7,46.4,protected_forest,NONE,97.2
KNT-JQG,2021-02-01,23.9,79.8,75.4,41.6,51.7,43.1,protected_forest,NONE,93.9
KNT-JQG,2021-03-01,24.97,107.3,80.6,51.1,46.7,50.8,protected_forest,NONE,98.1
KNT-JQG,2021-04-01,25.33,154.4,84.6,54.7,50.6,40.0,protected_forest,NONE,96.4
KNT-JQG,2021-05-01,24.5,231.9,82.0,55.1,54.5,31.8,protected_forest,NONE,92.2
KNT-JQG,2021-06-01,24.04,262.9,88.0,60.0,40.3,43.8,protected_forest,NONE,91.4
KNT-JQG,2021-07-01,23.15,258.8,94.5,55.4,46.0,35.5,protected_forest,NONE,98.4
KNT-JQG,2021-08-01,22.66,237.4,90.5,58.5,47.5,38.1,protected_forest,NONE,93.7
KNT-JQG,2021-09-01,21.81,277.1,88.6,44.8,54.5,35.7,protected_forest,NONE,95.5
KNT-JQG,2021-10-01,22.25,174.8,84.3,51.7,51.2,42.1,protected_forest,NONE,100.0
KNT-JQG,2021-11-01,22.2,151.0,85.1,53.5,52.7,42.3,protected_forest,NONE,90.3
KNT-JQG,2021-12-01,23.73,70.7,73.9,50.9,54.5,42.6,protected_forest,NONE,97.4
KNT-JQG,2022-01-01,25.62,5.0,70.8,45.2,41.9,47.5,protected_forest,DRY_SPELL,96.4
KNT-JQG,2022-02-01,25.02,63.3,68.2,47.1,55.5,29.4,protected_forest,NONE,94.6
KNT-JQG,2022-03-01,25.15,140.8,79.2,45.7,50.9,41.6,protected_forest,NONE,100.0
KNT-JQG,2022-04-01,24.76,152.7,83.1,44.1,48.4,46.5,protected_forest,NONE,96.3
KNT-JQG,2022-05-01,25.36,217.3,84.7,53.3,50.0,30.2,protected_forest,NONE,97.8
KNT-JQG,2022-06-01,25.02,233.9,89.5,58.6,48.1,38.2,protected_forest,NONE,97.2
KNT-JQG,2022-07-01,24.26,308.3,85.3,58.5,44.1,38.9,protected_forest,NONE,94.2
KNT-JQG,2022-08-01,22.91,243.7,90.3,60.3,47.4,44.0,protected_forest,NONE,98.4
KNT-JQG,2022-09-01,22.26,232.1,90.5,60.9,55.7,42.5,protected_forest,NONE,100.0
KNT-JQG,2022-10-01,22.55,188.8,82.7,56.0,43.2,39.9,protected_forest,NONE,97.3
KNT-JQG,2022-11-01,21.94,124.0,79.8,49.8,50.3,30.2,protected_forest,NONE,95.9
KNT-JQG,2022-12-01,23.17,112.4,79.1,45.5,40.9,41.9,protected_forest,NONE,97.8
KNT-JQG,2023-01-01,24.54,71.6,73.0,43.8,46.5,46.2,protected_forest,NONE,100.0
KNT-JQG,2023-02-01,25.46,34.9,72.0,50.5,42.8,31.4,protected_forest,DRY_SPELL,92.4
KNT-JQG,2023-03-01,25.62,85.5,75.3,55.6,50.6,40.4,protected_forest,NONE,89.6
KNT-JQG,2023-04-01,25.45,116.3,81.8,61.0,45.5,34.1,protected_forest,NONE,95.8
KNT-JQG,2023-05-01,26.25,204.2,86.0,57.2,53.9,40.4,protected_forest,NONE,92.9
KNT-JQG,2023-06-01,24.47,244.5,88.0,61.5,45.8,42.6,protected_forest,NONE,97.7
KNT-JQG,2023-07-01,23.48,220.3,84.3,59.8,50.5,46.2,protected_forest,NONE,94.3
KNT-JQG,2023-08-01,22.52,263.2,88.9,55.4,51.4,36.0,protected_forest,NONE,96.2
KNT-JQG,2023-09-01,22.18,214.7,85.8,57.2,52.4,33.4,protected_forest,NONE,98.5
KNT-JQG,2023-10-01,22.34,175.0,85.4,54.2,54.1,43.5,protected_forest,NONE,97.9
KNT-JQG,2023-11-01,22.08,101.2,77.9,49.5,59.5,28.8,protected_forest,NONE,93.3
KNT-JQG,2023-12-01,22.99,76.6,72.0,41.1,52.3,27.0,protected_forest,NONE,88.7
KNT-JQG,2024-01-01,23.38,33.9,74.6,46.0,51.3,30.5,protected_forest,DRY_SPELL,95.0
KNT-JQG,2024-02-01,24.72,66.5,72.9,44.8,51.7,35.6,protected_forest,NONE,99.4
KNT-JQG,2024-03-01,25.19,132.8,77.6,52.0,53.0,49.6,protected_forest,NONE,100.0
KNT-JQG,2024-04-01,25.34,155.6,81.6,46.1,49.1,41.6,protected_forest,NONE,97.1
KNT-JQG,2024-05-01,25.88,284.7,82.8,63.5,55.8,45.1,protected_forest,NONE,100.0
KNT-JQG,2024-06-01,24.31,214.5,92.1,56.5,45.0,45.6,protected_forest,NONE,97.6
KNT-JQG,2024-07-01,23.94,293.1,84.5,57.6,48.7,45.5,protected_forest,NONE,93.5
KNT-JQG,2024-08-01,23.94,284.1,89.7,49.9,40.5,39.0,protected_forest,NONE,93.5
KNT-JQG,2024-09-01,23.57,150.9,88.2,55.1,45.7,54.3,protected_forest,NONE,94.2
KNT-JQG,2024-10-01,22.01,143.3,78.7,53.2,47.3,42.9,protected_forest,NONE,94.2
KNT-JQG,2024-11-01,21.97,140.1,75.6,48.5,50.5,36.0,protected_forest,NONE,97.1
KNT-JQG,2024-12-01,22.5,129.3,77.3,46.2,50.0,41.3,protected_forest,NONE,95.4
KNT-JQG,2025-01-01,23.66,103.1,79.7,46.6,49.0,22.5,protected_forest,NONE,93.9
KNT-JQG,2025-02-01,24.12,70.8,80.0,48.8,50.9,35.2,protected_forest,NONE,93.0
KNT-JQG,2025-03-01,25.31,158.7,75.3,47.2,49.4,51.8,protected_forest,NONE,96.7
KNT-JQG,2025-04-01,25.84,171.1,83.2,50.9,44.2,34.6,protected_forest,NONE,100.0
KNT-JQG,2025-05-01,25.97,237.0,85.7,59.2,57.6,32.3,protected_forest,NONE,99.7
KNT-JQG,2025-06-01,24.73,197.4,87.0,56.8,53.1,41.9,protected_forest,NONE,100.0
KNT-KES,2019-01-01,25.25,95.0,74.4,69.7,25.9,31.6,karst_habitat,NONE,98.6
KNT-KES,2019-02-01,25.72,78.5,67.3,64.1,23.5,19.4,karst_habitat,NONE,90.4
KNT-KES,2019-03-01,25.8,100.4,67.0,62.8,24.6,18.0,karst_habitat,NONE,100.0
KNT-KES,2019-04-01,26.68,189.2,68.8,68.5,19.0,21.7,karst_habitat,NONE,96.0
KNT-KES,2019-05-01,26.87,198.9,75.9,74.3,21.1,17.1,karst_habitat,NONE,93.9
KNT-KES,2019-06-01,25.72,169.0,77.0,74.6,16.2,15.8,karst_habitat,NONE,100.0
KNT-KES,2019-07-01,25.24,272.9,80.8,76.7,12.3,27.3,karst_habitat,NONE,90.2
KNT-KES,2019-08-01,24.56,239.8,81.1,82.4,20.4,16.0,karst_habitat,NONE,99.0
KNT-KES,2019-09-01,23.96,224.5,80.9,77.5,22.2,21.3,karst_habitat,NONE,95.1
KNT-KES,2019-10-01,23.93,153.6,73.3,65.9,25.2,14.6,karst_habitat,NONE,95.5
KNT-KES,2019-11-01,24.09,94.4,75.8,63.0,10.0,35.8,karst_habitat,NONE,96.0
KNT-KES,2019-12-01,24.87,49.7,69.7,68.5,16.2,22.0,karst_habitat,NONE,93.6
KNT-KES,2020-01-01,24.78,44.8,64.5,67.3,12.2,17.0,karst_habitat,NONE,95.6
KNT-KES,2020-02-01,25.96,114.2,71.2,62.9,12.6,24.1,karst_habitat,NONE,99.9
KNT-KES,2020-03-01,26.96,142.6,74.4,72.5,29.6,19.6,karst_habitat,NONE,100.0
KNT-KES,2020-04-01,27.51,157.1,76.9,75.2,21.3,19.9,karst_habitat,NONE,96.1
KNT-KES,2020-05-01,28.25,222.0,82.5,79.9,17.4,24.8,karst_habitat,NONE,97.2
KNT-KES,2020-06-01,26.48,219.5,84.4,82.0,26.0,18.4,karst_habitat,NONE,94.1
KNT-KES,2020-07-01,25.89,255.5,84.2,85.5,5.3,35.0,karst_habitat,NONE,99.1
KNT-KES,2020-08-01,23.81,272.2,83.6,75.8,25.3,14.8,karst_habitat,NONE,95.7
KNT-KES,2020-09-01,23.85,211.1,86.6,73.1,21.0,27.3,karst_habitat,NONE,100.0
KNT-KES,2020-10-01,23.77,177.7,74.8,72.3,18.3,13.8,karst_habitat,NONE,97.2
KNT-KES,2020-11-01,23.68,130.2,76.3,76.5,26.3,19.1,karst_habitat,NONE,94.1
KNT-KES,2020-12-01,25.57,39.3,71.6,68.2,21.0,29.4,karst_habitat,NONE,96.8
KNT-KES,2021-01-01,24.87,73.4,71.1,68.0,14.5,28.4,karst_habitat,NONE,100.0
KNT-KES,2021-02-01,25.86,48.5,64.7,65.6,30.2,21.8,karst_habitat,NONE,95.6
KNT-KES,2021-03-01,26.58,111.2,71.3,66.0,20.5,25.4,karst_habitat,NONE,97.1
KNT-KES,2021-04-01,26.75,133.2,72.2,67.3,18.6,31.9,karst_habitat,NONE,94.9
KNT-KES,2021-05-01,26.67,209.6,83.5,80.8,20.3,13.1,karst_habitat,NONE,99.4
KNT-KES,2021-06-01,26.57,157.9,85.0,80.1,31.9,25.7,karst_habitat,NONE,94.7
KNT-KES,2021-07-01,25.02,272.0,82.5,83.5,27.6,34.4,karst_habitat,NONE,99.6
KNT-KES,2021-08-01,24.18,217.3,84.3,84.3,18.5,14.4,karst_habitat,NONE,90.4
KNT-KES,2021-09-01,24.0,174.0,80.9,75.7,13.7,31.3,karst_habitat,NONE,96.8
KNT-KES,2021-10-01,24.0,120.6,74.1,75.5,21.7,23.0,karst_habitat,NONE,98.8
KNT-KES,2021-11-01,23.46,111.7,70.6,67.3,20.5,32.6,karst_habitat,NONE,95.4
KNT-KES,2021-12-01,24.23,27.3,71.3,67.7,20.1,33.3,karst_habitat,DRY_SPELL,100.0
KNT-KES,2022-01-01,24.85,61.0,68.8,65.7,22.0,0.5,karst_habitat,NONE,97.3
KNT-KES,2022-02-01,26.87,55.1,68.4,69.6,23.9,31.3,karst_habitat,NONE,92.0
KNT-KES,2022-03-01,27.19,122.4,69.3,66.2,11.9,15.1,karst_habitat,NONE,95.9
KNT-KES,2022-04-01,27.68,148.1,82.4,68.8,32.9,9.7,karst_habitat,NONE,97.6
KNT-KES,2022-05-01,26.95,214.1,73.5,66.6,17.2,26.1,karst_habitat,NONE,96.8
KNT-KES,2022-06-01,25.48,203.1,84.1,80.9,18.9,11.4,karst_habitat,NONE,97.7
KNT-KES,2022-07-01,25.4,257.5,84.1,76.8,24.8,31.7,karst_habitat,NONE,96.2
KNT-KES,2022-08-01,24.79,234.2,80.7,69.2,25.6,25.6,karst_habitat,NONE,94.5
KNT-KES,2022-09-01,24.58,173.5,78.5,69.1,16.3,21.6,karst_habitat,NONE,99.1
KNT-KES,2022-10-01,23.88,125.9,72.9,72.6,24.3,23.7,karst_habitat,NONE,93.3
KNT-KES,2022-11-01,24.61,97.7,70.1,62.8,25.1,27.3,karst_habitat,NONE,96.8
KNT-KES,2022-12-01,24.25,98.1,70.8,58.7,13.4,28.8,karst_habitat,NONE,97.8
KNT-KES,2023-01-01,26.09,57.5,72.2,67.6,22.3,32.1,karst_habitat,NONE,96.2
KNT-KES,2023-02-01,26.32,25.7,70.3,60.0,13.9,23.3,karst_habitat,DRY_SPELL,97.9
KNT-KES,2023-03-01,26.62,100.0,69.6,62.7,33.1,25.2,karst_habitat,NONE,95.3
KNT-KES,2023-04-01,27.21,132.7,76.2,69.5,16.9,38.7,karst_habitat,NONE,98.2
KNT-KES,2023-05-01,27.72,189.0,79.3,73.0,24.9,30.7,karst_habitat,NONE,99.8
KNT-KES,2023-06-01,26.58,249.8,83.1,72.0,19.2,17.7,karst_habitat,NONE,97.7
KNT-KES,2023-07-01,25.01,215.1,83.9,83.3,32.6,26.3,karst_habitat,NONE,100.0
KNT-KES,2023-08-01,24.5,247.9,81.8,79.7,18.0,23.7,karst_habitat,NONE,97.5
KNT-KES,2023-09-01,23.12,198.9,80.4,81.4,22.0,26.5,karst_habitat,NONE,92.6
KNT-KES,2023-10-01,23.23,137.8,76.1,73.3,19.1,22.0,karst_habitat,NONE,92.9
KNT-KES,2023-11-01,24.48,143.2,68.8,74.5,20.6,10.2,karst_habitat,NONE,99.1
KNT-KES,2023-12-01,23.9,102.6,66.5,62.4,31.3,27.2,karst_habitat,NONE,94.1
KNT-KES,2024-01-01,25.94,71.3,70.3,68.1,12.5,17.4,karst_habitat,NONE,91.8
KNT-KES,2024-02-01,26.02,61.2,66.1,64.9,14.6,17.6,karst_habitat,NONE,93.7
KNT-KES,2024-03-01,27.28,118.4,67.2,70.9,26.3,27.4,karst_habitat,NONE,93.1
KNT-KES,2024-04-01,28.19,140.6,73.7,69.9,7.9,19.4,karst_habitat,NONE,92.1
KNT-KES,2024-05-01,26.15,246.2,81.0,78.8,17.7,36.8,karst_habitat,NONE,95.7
KNT-KES,2024-06-01,27.18,231.3,81.6,77.2,24.9,31.8,karst_habitat,NONE,100.0
KNT-KES,2024-07-01,26.74,240.0,87.8,83.5,13.4,24.8,karst_habitat,NONE,97.0
KNT-KES,2024-08-01,24.64,252.8,78.8,83.1,16.1,21.1,karst_habitat,NONE,94.0
KNT-KES,2024-09-01,24.16,172.1,78.9,73.6,14.8,8.3,karst_habitat,NONE,97.6
KNT-KES,2024-10-01,24.53,134.3,78.2,76.5,15.9,25.6,karst_habitat,NONE,100.0
KNT-KES,2024-11-01,24.41,115.0,71.9,61.9,15.7,13.4,karst_habitat,NONE,95.0
KNT-KES,2024-12-01,25.49,47.0,68.4,61.6,13.6,30.6,karst_habitat,NONE,95.7
KNT-KES,2025-01-01,26.23,51.4,62.3,67.4,17.6,34.2,karst_habitat,NONE,100.0
KNT-KES,2025-02-01,26.31,42.0,69.2,62.5,16.5,27.4,karst_habitat,NONE,100.0
KNT-KES,2025-03-01,27.46,133.1,71.9,74.9,24.2,16.8,karst_habitat,NONE,96.4
KNT-KES,2025-04-01,27.01,153.9,73.5,75.3,29.6,23.3,karst_habitat,NONE,100.0
KNT-KES,2025-05-01,27.28,184.4,79.3,74.9,25.0,20.9,karst_habitat,NONE,91.1
KNT-KES,2025-06-01,26.31,242.3,77.4,73.3,15.4,16.8,karst_habitat,NONE,95.6
KNT-LUM,2019-01-01,26.68,67.3,63.1,43.0,54.9,9.8,karst_habitat,NONE,98.5
KNT-LUM,2019-02-01,26.48,66.4,62.8,50.4,48.7,14.8,karst_habitat,NONE,97.1
KNT-LUM,2019-03-01,27.49,122.3,70.8,56.4,52.7,0.0,karst_habitat,NONE,100.0
KNT-LUM,2019-04-01,27.78,151.6,72.5,50.2,55.2,7.2,karst_habitat,NONE,93.9
KNT-LUM,2019-05-01,28.21,216.2,78.1,56.8,50.7,17.0,karst_habitat,NONE,98.5
KNT-LUM,2019-06-01,26.24,245.2,76.8,69.2,45.0,9.6,karst_habitat,NONE,96.7
KNT-LUM,2019-07-01,26.63,261.2,83.7,64.9,57.3,13.9,karst_habitat,NONE,98.0
KNT-LUM,2019-08-01,25.96,292.2,77.6,59.4,52.9,2.2,karst_habitat,NONE,93.5
KNT-LUM,2019-09-01,24.46,241.8,78.6,63.7,39.1,20.4,karst_habitat,NONE,95.4
KNT-LUM,2019-10-01,24.34,165.8,76.4,52.9,65.9,15.2,karst_habitat,NONE,100.0
KNT-LUM,2019-11-01,23.83,75.0,71.4,53.1,51.8,6.5,karst_habitat,NONE,95.4
KNT-LUM,2019-12-01,25.8,102.0,68.2,44.7,51.1,9.1,karst_habitat,NONE,96.2
KNT-LUM,2020-01-01,26.16,60.7,64.2,44.9,47.3,24.9,karst_habitat,NONE,94.2
KNT-LUM,2020-02-01,27.85,82.9,65.1,51.9,56.2,13.6,karst_habitat,NONE,90.9
KNT-LUM,2020-03-01,26.61,157.2,68.3,49.1,49.7,9.2,karst_habitat,NONE,89.9
KNT-LUM,2020-04-01,27.62,135.5,77.0,61.4,51.3,17.8,karst_habitat,NONE,98.3
KNT-LUM,2020-05-01,26.83,212.1,77.8,58.6,52.2,6.6,karst_habitat,NONE,93.1
KNT-LUM,2020-06-01,26.86,255.0,75.4,64.2,47.3,14.0,karst_habitat,NONE,95.2
KNT-LUM,2020-07-01,26.07,293.6,78.9,73.9,54.8,1.7,karst_habitat,NONE,99.2
KNT-LUM,2020-08-01,25.2,258.0,77.9,60.8,52.0,14.7,karst_habitat,NONE,92.8
KNT-LUM,2020-09-01,24.72,197.8,82.7,56.3,45.0,13.6,karst_habitat,NONE,98.9
KNT-LUM,2020-10-01,24.64,161.3,71.2,56.0,50.5,17.4,karst_habitat,NONE,95.1
KNT-LUM,2020-11-01,24.46,72.9,72.5,49.8,56.2,8.1,karst_habitat,NONE,90.4
KNT-LUM,2020-12-01,25.81,97.8,69.8,51.8,48.3,30.7,karst_habitat,NONE,100.0
KNT-LUM,2021-01-01,25.6,107.4,63.6,51.4,51.2,12.3,karst_habitat,NONE,98.5
KNT-LUM,2021-02-01,26.73,96.8,68.0,50.6,53.6,12.5,karst_habitat,NONE,94.0
KNT-LUM,2021-03-01,27.44,99.9,66.3,52.5,48.4,26.3,karst_habitat,NONE,98.1
KNT-LUM,2021-04-01,27.44,166.0,72.1,57.1,55.6,9.1,karst_habitat,NONE,100.0
KNT-LUM,2021-05-01,27.46,249.3,73.5,65.5,52.4,16.6,karst_habitat,NONE,97.1
KNT-LUM,2021-06-01,28.03,297.0,81.7,68.0,50.6,18.3,karst_habitat,NONE,97.8
KNT-LUM,2021-07-01,25.96,304.3,83.2,59.3,56.8,2.7,karst_habitat,NONE,92.5
KNT-LUM,2021-08-01,25.11,267.0,80.4,62.3,52.6,9.5,karst_habitat,NONE,97.4
KNT-LUM,2021-09-01,25.17,221.8,80.9,67.3,49.9,16.5,karst_habitat,NONE,96.3
KNT-LUM,2021-10-01,24.31,187.1,76.4,55.7,52.4,15.4,karst_habitat,NONE,92.9
KNT-LUM,2021-11-01,24.71,78.5,70.0,50.3,54.3,15.6,karst_habitat,NONE,97.5
KNT-LUM,2021-12-01,25.36,52.1,68.2,45.7,45.8,11.9,karst_habitat,NONE,99.4
KNT-LUM,2022-01-01,25.98,83.7,70.9,48.0,48.2,24.1,karst_habitat,NONE,94.6
KNT-LUM,2022-02-01,28.2,67.3,65.0,51.6,59.8,6.6,karst_habitat,NONE,100.0
KNT-LUM,2022-03-01,27.51,102.1,70.3,49.7,57.2,13.3,karst_habitat,NONE,94.9
KNT-LUM,2022-04-01,28.27,164.5,75.2,55.9,50.5,1.0,karst_habitat,NONE,89.6
KNT-LUM,2022-05-01,27.08,270.8,77.9,54.0,37.8,13.7,karst_habitat,NONE,91.2
KNT-LUM,2022-06-01,26.85,273.1,82.5,64.0,58.1,13.4,karst_habitat,NONE,96.6
KNT-LUM,2022-07-01,27.14,253.3,76.9,60.3,48.4,24.4,karst_habitat,NONE,98.0
KNT-LUM,2022-08-01,25.99,292.4,81.4,60.9,58.4,9.6,karst_habitat,NONE,95.5
KNT-LUM,2022-09-01,24.24,217.9,79.9,57.9,47.9,0.9,karst_habitat,NONE,96.6
KNT-LUM,2022-10-01,24.59,158.0,81.1,61.1,46.3,15.1,karst_habitat,NONE,98.4
KNT-LUM,2022-11-01,25.44,123.7,69.6,55.1,56.3,13.6,karst_habitat,NONE,93.8
KNT-LUM,2022-12-01,25.26,84.7,62.1,48.4,52.0,14.0,karst_habitat,NONE,94.1
KNT-LUM,2023-01-01,26.89,86.7,67.6,47.0,65.6,14.8,karst_habitat,NONE,98.1
KNT-LUM,2023-02-01,27.19,135.9,66.7,46.7,48.4,21.2,karst_habitat,NONE,96.4
KNT-LUM,2023-03-01,27.63,158.4,70.1,50.5,53.0,2.2,karst_habitat,NONE,97.8
KNT-LUM,2023-04-01,28.14,196.1,77.0,56.9,45.4,8.3,karst_habitat,NONE,99.6
KNT-LUM,2023-05-01,27.02,172.5,79.0,61.8,46.6,10.0,karst_habitat,NONE,96.5
KNT-LUM,2023-06-01,26.99,285.1,81.6,60.0,53.1,14.6,karst_habitat,NONE,100.0
KNT-LUM,2023-07-01,25.95,321.2,82.9,63.6,48.6,11.2,karst_habitat,NONE,95.5
KNT-LUM,2023-08-01,25.98,284.7,81.4,61.9,45.9,17.5,karst_habitat,NONE,93.6
KNT-LUM,2023-09-01,25.22,230.1,75.8,66.0,53.4,13.7,karst_habitat,NONE,95.7
KNT-LUM,2023-10-01,23.75,185.5,74.4,58.0,48.3,24.4,karst_habitat,NONE,98.3
KNT-LUM,2023-11-01,25.13,105.1,65.5,57.0,58.0,12.1,karst_habitat,NONE,95.9
KNT-LUM,2023-12-01,26.08,67.5,68.2,53.2,49.6,15.8,karst_habitat,NONE,97.2
KNT-LUM,2024-01-01,25.89,68.8,59.8,51.2,45.0,11.4,karst_habitat,NONE,93.7
KNT-LUM,2024-02-01,28.53,103.5,69.0,46.3,52.5,10.3,karst_habitat,NONE,93.8
KNT-LUM,2024-03-01,27.74,115.5,68.7,56.9,37.9,5.8,karst_habitat,NONE,97.5
KNT-LUM,2024-04-01,27.2,203.6,71.2,52.5,44.0,12.1,karst_habitat,NONE,94.0
KNT-LUM,2024-05-01,28.29,273.9,78.3,60.6,60.8,22.7,karst_habitat,NONE,92.9
KNT-LUM,2024-06-01,27.31,262.3,77.8,59.6,57.6,11.2,karst_habitat,NONE,92.9
KNT-LUM,2024-07-01,26.51,266.3,85.8,61.4,51.9,19.3,karst_habitat,NONE,97.6
KNT-LUM,2024-08-01,25.47,306.9,86.5,61.6,56.1,9.9,karst_habitat,NONE,93.5
KNT-LUM,2024-09-01,24.61,254.0,71.2,54.9,55.2,15.9,karst_habitat,NONE,100.0
KNT-LUM,2024-10-01,24.28,212.8,72.4,52.9,47.5,2.0,karst_habitat,NONE,98.0
KNT-LUM,2024-11-01,25.33,115.4,72.6,52.1,40.0,7.5,karst_habitat,NONE,98.5
KNT-LUM,2024-12-01,24.84,103.2,69.9,55.3,47.4,2.4,karst_habitat,NONE,98.1
KNT-LUM,2025-01-01,25.49,37.2,62.8,52.6,47.2,10.1,karst_habitat,NONE,100.0
KNT-LUM,2025-02-01,27.01,57.5,66.1,60.1,54.9,9.0,karst_habitat,NONE,96.0
KNT-LUM,2025-03-01,27.98,117.7,65.3,51.2,55.3,22.3,karst_habitat,NONE,98.5
KNT-LUM,2025-04-01,28.15,179.0,70.1,54.3,50.0,10.1,karst_habitat,NONE,100.0
KNT-LUM,2025-05-01,28.05,207.9,81.1,62.0,52.4,4.8,karst_habitat,NONE,94.3
KNT-LUM,2025-06-01,27.43,300.7,81.9,60.7,64.4,9.5,karst_habitat,NONE,93.7
KNT-NNM,2019-01-01,25.89,66.1,70.4,53.8,28.4,34.0,karst_habitat,NONE,92.3
KNT-NNM,2019-02-01,26.86,34.8,66.2,63.1,39.8,44.2,karst_habitat,DRY_SPELL,98.3
KNT-NNM,2019-03-01,26.99,83.2,69.9,60.4,31.6,41.6,karst_habitat,NONE,98.2
KNT-NNM,2019-04-01,28.61,154.6,74.0,65.6,34.6,23.5,karst_habitat,NONE,91.5
KNT-NNM,2019-05-01,26.98,192.3,75.1,67.5,42.5,39.7,karst_habitat,NONE,88.7
KNT-NNM,2019-06-01,26.6,236.1,77.9,70.75,38.1,38.7,karst_habitat,NONE,87.8
KNT-NNM,2019-07-01,26.6,250.6,87.1,74.0,25.7,41.8,karst_habitat,NONE,93.6
KNT-NNM,2019-08-01,24.74,203.7,81.6,81.8,23.4,38.1,karst_habitat,NONE,94.7
KNT-NNM,2019-09-01,23.69,181.0,79.7,64.7,35.2,38.8,karst_habitat,NONE,92.8
KNT-NNM,2019-10-01,24.12,210.7,80.2,66.3,24.4,25.0,karst_habitat,NONE,96.4
KNT-NNM,2019-11-01,25.01,84.4,68.2,60.2,36.1,32.7,karst_habitat,NONE,98.2
KNT-NNM,2019-12-01,25.55,54.4,69.3,67.0,31.6,32.1,karst_habitat,NONE,100.0
KNT-NNM,2020-01-01,25.72,68.7,67.7,61.1,34.3,32.6,karst_habitat,NONE,98.3
KNT-NNM,2020-02-01,27.29,70.3,72.0,54.3,39.7,39.3,karst_habitat,NONE,92.1
KNT-NNM,2020-03-01,26.86,98.1,73.8,62.5,26.8,44.0,karst_habitat,NONE,93.5
KNT-NNM,2020-04-01,27.94,122.7,75.1,69.4,16.2,31.2,karst_habitat,NONE,96.8
KNT-NNM,2020-05-01,26.13,186.9,77.2,66.0,23.0,32.2,karst_habitat,NONE,95.2
KNT-NNM,2020-06-01,26.24,196.1,84.0,72.0,36.5,31.0,karst_habitat,NONE,98.2
KNT-NNM,2020-07-01,25.83,240.9,78.0,67.3,35.4,45.3,karst_habitat,NONE,100.0
KNT-NNM,2020-08-01,25.56,206.7,81.3,71.2,24.4,41.6,karst_habitat,NONE,94.7
KNT-NNM,2020-09-01,23.94,184.2,81.6,69.3,36.0,26.4,karst_habitat,NONE,96.0
KNT-NNM,2020-10-01,24.01,146.8,77.4,66.4,31.5,35.0,karst_habitat,NONE,95.1
KNT-NNM,2020-11-01,24.08,67.7,69.0,58.3,28.8,32.9,karst_habitat,NONE,99.6
KNT-NNM,2020-12-01,24.32,55.6,67.6,56.7,31.5,21.0,karst_habitat,NONE,97.5
KNT-NNM,2021-01-01,25.91,103.3,68.9,51.9,24.1,42.4,karst_habitat,NONE,96.4
KNT-NNM,2021-02-01,27.19,85.2,67.7,62.3,31.4,31.7,karst_habitat,NONE,96.1
KNT-NNM,2021-03-01,28.19,98.9,71.4,65.2,41.9,23.2,karst_habitat,NONE,96.5
KNT-NNM,2021-04-01,26.87,100.1,77.4,68.4,26.3,18.6,karst_habitat,NONE,97.6
KNT-NNM,2021-05-01,26.65,147.0,82.1,69.4,25.5,41.7,karst_habitat,NONE,100.0
KNT-NNM,2021-06-01,26.15,245.5,78.0,72.8,29.9,42.9,karst_habitat,NONE,93.1
KNT-NNM,2021-07-01,25.52,235.9,82.8,73.7,31.8,35.5,karst_habitat,NONE,100.0
KNT-NNM,2021-08-01,24.68,203.2,82.5,73.4,18.7,42.3,karst_habitat,NONE,98.9
KNT-NNM,2021-09-01,23.12,171.9,77.7,68.5,36.0,38.2,karst_habitat,NONE,96.7
KNT-NNM,2021-10-01,24.56,159.7,76.1,64.2,36.9,41.2,karst_habitat,NONE,98.2
KNT-NNM,2021-11-01,24.25,128.5,72.8,66.9,30.5,40.4,karst_habitat,NONE,94.9
KNT-NNM,2021-12-01,25.03,98.2,69.0,58.4,30.2,26.9,karst_habitat,NONE,91.1
KNT-NNM,2022-01-01,24.9,41.4,72.0,58.9,29.1,24.2,karst_habitat,NONE,100.0
KNT-NNM,2022-02-01,26.0,37.3,67.5,61.6,31.8,41.5,karst_habitat,NONE,96.4
KNT-NNM,2022-03-01,26.97,119.0,71.8,58.4,34.5,40.1,karst_habitat,NONE,97.1
KNT-NNM,2022-04-01,26.87,135.4,78.7,69.6,42.8,30.5,karst_habitat,NONE,95.6
KNT-NNM,2022-05-01,26.99,179.2,83.7,69.8,39.7,37.3,karst_habitat,NONE,96.1
KNT-NNM,2022-06-01,25.93,226.5,83.8,74.8,32.6,31.4,karst_habitat,NONE,94.1
KNT-NNM,2022-07-01,25.12,281.1,79.4,77.3,30.8,34.0,karst_habitat,NONE,96.4
KNT-NNM,2022-08-01,25.05,215.1,80.3,71.6,30.5,43.5,karst_habitat,NONE,100.0
KNT-NNM,2022-09-01,24.02,150.6,78.8,72.3,33.7,33.6,karst_habitat,NONE,98.7
KNT-NNM,2022-10-01,24.29,150.0,78.6,56.9,19.6,40.1,karst_habitat,NONE,94.4
KNT-NNM,2022-11-01,24.41,79.3,69.4,69.6,25.9,24.3,karst_habitat,NONE,94.9
KNT-NNM,2022-12-01,25.26,73.2,68.6,53.0,38.7,40.8,karst_habitat,NONE,96.5
KNT-NNM,2023-01-01,25.69,40.2,66.9,61.0,31.1,37.5,karst_habitat,NONE,97.3
KNT-NNM,2023-02-01,26.79,92.0,64.7,60.4,32.7,30.8,karst_habitat,NONE,95.2
KNT-NNM,2023-03-01,26.61,107.9,66.6,64.4,37.0,27.3,karst_habitat,NONE,100.0
KNT-NNM,2023-04-01,27.22,122.2,79.1,65.6,32.9,30.4,karst_habitat,NONE,96.7
KNT-NNM,2023-05-01,26.74,208.0,80.3,71.0,27.5,35.6,karst_habitat,NONE,94.0
KNT-NNM,2023-06-01,26.39,213.3,82.4,69.3,35.4,34.5,karst_habitat,NONE,90.2
KNT-NNM,2023-07-01,26.53,231.7,88.1,77.5,25.9,36.4,karst_habitat,NONE,92.2
KNT-NNM,2023-08-01,24.83,226.5,83.8,67.8,30.4,23.0,karst_habitat,NONE,95.3
KNT-NNM,2023-09-01,24.77,183.2,83.7,71.2,30.2,55.4,karst_habitat,NONE,93.5
KNT-NNM,2023-10-01,24.43,173.3,73.5,63.9,35.8,41.9,karst_habitat,NONE,98.5
KNT-NNM,2023-11-01,24.23,112.4,72.8,63.6,38.9,41.2,karst_habitat,NONE,98.4
KNT-NNM,2023-12-01,25.39,105.7,65.6,66.4,29.1,20.3,karst_habitat,NONE,95.7
KNT-NNM,2024-01-01,25.98,68.6,66.2,61.9,28.1,28.9,karst_habitat,NONE,94.7
KNT-NNM,2024-02-01,26.56,83.7,69.2,64.0,23.5,41.5,karst_habitat,NONE,95.7
KNT-NNM,2024-03-01,27.31,95.6,71.0,69.3,32.5,43.0,karst_habitat,NONE,91.8
KNT-NNM,2024-04-01,27.64,121.6,72.2,57.6,29.6,41.4,karst_habitat,NONE,99.2
KNT-NNM,2024-05-01,27.18,209.4,78.4,69.3,27.8,35.9,karst_habitat,NONE,97.9
KNT-NNM,2024-06-01,27.78,251.8,82.9,66.3,34.8,29.7,karst_habitat,NONE,95.3
KNT-NNM,2024-07-01,24.95,183.5,86.3,72.0,43.4,38.4,karst_habitat,NONE,93.7
KNT-NNM,2024-08-01,25.23,236.0,86.5,63.6,39.1,36.1,karst_habitat,NONE,92.9
KNT-NNM,2024-09-01,25.02,194.8,81.0,67.9,28.0,39.2,karst_habitat,NONE,90.8
KNT-NNM,2024-10-01,23.83,150.3,74.8,61.5,28.8,36.7,karst_habitat,NONE,99.4
KNT-NNM,2024-11-01,24.36,111.6,71.4,61.3,25.4,26.6,karst_habitat,NONE,94.4
KNT-NNM,2024-12-01,24.38,71.9,64.9,58.9,34.1,40.1,karst_habitat,NONE,92.1
KNT-NNM,2025-01-01,25.86,53.2,68.1,61.3,28.2,35.3,karst_habitat,NONE,98.0
KNT-NNM,2025-02-01,26.62,70.5,63.8,65.0,39.1,36.1,karst_habitat,NONE,94.8
KNT-NNM,2025-03-01,28.63,80.3,71.1,61.2,25.5,26.4,karst_habitat,NONE,93.5
KNT-NNM,2025-04-01,27.05,164.1,73.5,76.6,29.3,20.9,karst_habitat,NONE,96.7
KNT-NNM,2025-05-01,28.03,226.6,80.8,65.5,36.1,46.3,karst_habitat,NONE,98.2
KNT-NNM,2025-06-01,27.11,227.2,77.0,76.5,36.0,47.8,karst_habitat,NONE,94.3
KNT-QWU,2019-01-01,23.89,91.2,72.4,52.1,41.2,29.7,karst_habitat,NONE,90.4
KNT-QWU,2019-02-01,26.15,89.7,69.5,57.2,35.0,62.2,karst_habitat,NONE,98.7
KNT-QWU,2019-03-01,26.29,91.1,74.5,61.0,38.3,45.0,karst_habitat,NONE,98.9
KNT-QWU,2019-04-01,25.94,163.9,77.2,54.8,19.2,62.3,karst_habitat,NONE,97.5
KNT-QWU,2019-05-01,26.21,277.6,84.1,68.5,39.2,35.7,karst_habitat,NONE,89.7
KNT-QWU,2019-06-01,25.61,297.6,85.2,68.1,46.1,23.2,karst_habitat,NONE,96.2
KNT-QWU,2019-07-01,25.13,278.7,87.9,56.9,34.5,29.8,karst_habitat,NONE,95.5
KNT-QWU,2019-08-01,23.76,287.8,81.4,57.6,34.0,52.9,karst_habitat,NONE,90.6
KNT-QWU,2019-09-01,22.32,199.2,79.6,67.6,37.6,60.9,karst_habitat,NONE,94.6
KNT-QWU,2019-10-01,24.24,160.3,81.6,58.1,34.3,61.4,karst_habitat,NONE,96.4
KNT-QWU,2019-11-01,23.84,129.5,69.5,60.6,35.3,30.5,karst_habitat,NONE,96.2
KNT-QWU,2019-12-01,24.23,78.9,69.8,48.8,39.6,27.9,karst_habitat,NONE,97.8
KNT-QWU,2020-01-01,25.24,71.2,68.5,55.5,37.3,33.8,karst_habitat,NONE,98.7
KNT-QWU,2020-02-01,25.29,57.7,72.8,55.8,29.5,48.5,karst_habitat,NONE,99.5
KNT-QWU,2020-03-01,27.18,163.0,72.5,55.3,27.2,66.2,karst_habitat,NONE,92.9
KNT-QWU,2020-04-01,26.23,245.7,80.0,58.9,27.5,54.0,karst_habitat,NONE,99.2
KNT-QWU,2020-05-01,25.81,244.2,82.3,66.6,40.7,25.1,karst_habitat,NONE,100.0
KNT-QWU,2020-06-01,24.72,199.4,88.0,57.3,25.3,23.2,karst_habitat,NONE,97.0
KNT-QWU,2020-07-01,25.05,319.4,87.5,72.3,42.3,14.8,karst_habitat,NONE,94.9
KNT-QWU,2020-08-01,23.01,319.4,86.6,62.3,31.0,57.7,karst_habitat,NONE,98.0
KNT-QWU,2020-09-01,24.35,196.2,79.9,56.6,48.1,52.3,karst_habitat,NONE,94.6
KNT-QWU,2020-10-01,23.04,188.6,72.6,62.2,34.4,50.0,karst_habitat,NONE,96.6
KNT-QWU,2020-11-01,22.92,139.1,72.5,48.0,37.0,32.4,karst_habitat,NONE,94.9
KNT-QWU,2020-12-01,24.16,43.0,69.9,56.7,42.5,23.0,karst_habitat,NONE,96.3
KNT-QWU,2021-01-01,24.63,84.4,68.5,56.8,28.2,21.7,karst_habitat,NONE,94.9
KNT-QWU,2021-02-01,25.31,100.4,72.2,60.7,52.3,44.5,karst_habitat,NONE,100.0
KNT-QWU,2021-03-01,25.77,113.4,71.0,62.2,32.8,62.7,karst_habitat,NONE,99.0
KNT-QWU,2021-04-01,25.69,192.3,72.7,63.4,43.1,52.1,karst_habitat,NONE,98.2
KNT-QWU,2021-05-01,25.77,198.5,82.3,62.4,29.2,25.3,karst_habitat,NONE,97.5
KNT-QWU,2021-06-01,24.59,287.0,92.1,61.7,42.7,32.5,karst_habitat,NONE,98.7
KNT-QWU,2021-07-01,24.8,290.1,86.1,69.3,42.3,31.9,karst_habitat,NONE,97.7
KNT-QWU,2021-08-01,24.04,259.2,86.6,59.6,38.4,62.1,karst_habitat,NONE,98.8
KNT-QWU,2021-09-01,23.72,274.0,78.6,55.6,35.2,47.2,karst_habitat,NONE,95.3
KNT-QWU,2021-10-01,24.36,196.7,75.7,62.7,31.8,50.1,karst_habitat,NONE,98.2
KNT-QWU,2021-11-01,23.43,142.9,72.6,53.1,44.4,23.6,karst_habitat,NONE,98.9
KNT-QWU,2021-12-01,24.2,68.0,71.5,53.0,24.0,18.6,karst_habitat,NONE,95.8
KNT-QWU,2022-01-01,25.5,94.8,60.2,51.2,31.3,29.4,karst_habitat,NONE,98.4
KNT-QWU,2022-02-01,26.69,108.1,68.8,52.7,30.8,61.2,karst_habitat,NONE,97.1
KNT-QWU,2022-03-01,26.21,140.8,66.4,56.5,39.4,56.6,karst_habitat,NONE,96.1
KNT-QWU,2022-04-01,26.32,158.2,77.0,61.6,41.7,43.1,karst_habitat,NONE,98.3
KNT-QWU,2022-05-01,25.66,296.3,81.0,64.1,37.6,23.7,karst_habitat,NONE,97.1
KNT-QWU,2022-06-01,25.94,291.3,88.7,62.1,42.5,27.5,karst_habitat,NONE,94.3
KNT-QWU,2022-07-01,24.43,274.1,85.9,63.6,30.4,23.8,karst_habitat,NONE,97.6
KNT-QWU,2022-08-01,24.28,280.8,83.8,56.4,21.4,47.9,karst_habitat,NONE,96.8
KNT-QWU,2022-09-01,22.48,276.4,85.8,61.1,27.3,54.9,karst_habitat,NONE,93.2
KNT-QWU,2022-10-01,23.02,185.0,78.9,55.6,30.5,55.8,karst_habitat,NONE,93.6
KNT-QWU,2022-11-01,22.83,134.9,75.0,59.0,39.1,17.3,karst_habitat,NONE,92.0
KNT-QWU,2022-12-01,25.28,95.0,71.7,52.6,29.4,27.9,karst_habitat,NONE,96.6
KNT-QWU,2023-01-01,25.1,120.8,68.3,52.2,28.4,16.2,karst_habitat,NONE,97.4
KNT-QWU,2023-02-01,25.93,83.1,71.6,53.7,41.3,61.0,karst_habitat,NONE,97.4
KNT-QWU,2023-03-01,27.34,134.9,73.4,54.1,47.5,52.0,karst_habitat,NONE,96.9
KNT-QWU,2023-04-01,26.31,176.4,74.9,53.5,32.2,62.0,karst_habitat,NONE,90.9
KNT-QWU,2023-05-01,26.01,228.3,78.5,68.7,33.3,27.8,karst_habitat,NONE,92.1
KNT-QWU,2023-06-01,26.32,301.8,82.5,68.2,24.5,32.0,karst_habitat,NONE,93.7
KNT-QWU,2023-07-01,24.52,355.4,87.1,71.3,53.1,20.0,karst_habitat,NONE,100.0
KNT-QWU,2023-08-01,23.93,265.5,86.0,65.6,31.4,67.8,karst_habitat,NONE,96.1
KNT-QWU,2023-09-01,23.59,196.4,81.7,58.8,40.8,54.9,karst_habitat,NONE,98.9
KNT-QWU,2023-10-01,23.43,188.0,77.2,56.3,24.5,49.4,karst_habitat,NONE,93.2
KNT-QWU,2023-11-01,23.06,153.8,73.8,56.3,37.3,25.6,karst_habitat,NONE,94.8
KNT-QWU,2023-12-01,24.4,120.6,67.9,51.5,37.0,11.9,karst_habitat,NONE,94.0
KNT-QWU,2024-01-01,24.85,94.5,69.5,48.7,44.6,29.9,karst_habitat,NONE,93.5
KNT-QWU,2024-02-01,26.76,94.2,70.4,42.6,30.4,61.4,karst_habitat,NONE,94.6
KNT-QWU,2024-03-01,26.15,128.9,77.8,56.3,41.6,58.1,karst_habitat,NONE,97.7
KNT-QWU,2024-04-01,26.82,194.2,76.9,61.3,44.4,39.1,karst_habitat,NONE,91.9
KNT-QWU,2024-05-01,25.76,249.7,88.8,62.1,40.4,27.3,karst_habitat,NONE,96.0
KNT-QWU,2024-06-01,25.0,293.8,80.4,64.7,37.2,28.8,karst_habitat,HEAVY_RAIN,92.9
KNT-QWU,2024-07-01,24.2,330.7,80.2,64.6,32.5,10.8,karst_habitat,NONE,99.3
KNT-QWU,2024-08-01,24.02,283.3,84.2,61.2,26.7,53.8,karst_habitat,NONE,89.4
KNT-QWU,2024-09-01,23.91,266.4,82.9,65.0,36.8,65.2,karst_habitat,NONE,92.1
KNT-QWU,2024-10-01,22.99,183.5,80.8,61.5,38.0,57.0,karst_habitat,NONE,94.1
KNT-QWU,2024-11-01,24.8,132.8,78.4,56.7,39.6,19.0,karst_habitat,NONE,87.3
KNT-QWU,2024-12-01,24.01,101.3,69.8,49.5,27.3,18.6,karst_habitat,NONE,96.6
KNT-QWU,2025-01-01,24.85,81.0,71.3,54.5,30.1,20.5,karst_habitat,NONE,98.0
KNT-QWU,2025-02-01,25.18,106.6,70.7,50.1,31.6,58.4,karst_habitat,NONE,93.9
KNT-QWU,2025-03-01,27.06,120.3,70.0,55.0,38.0,52.5,karst_habitat,NONE,100.0
KNT-QWU,2025-04-01,25.5,190.3,78.3,59.0,40.8,49.6,karst_habitat,NONE,95.3
KNT-QWU,2025-05-01,26.12,252.6,84.3,57.9,37.2,18.3,karst_habitat,NONE,97.8
KNT-QWU,2025-06-01,25.26,339.1,83.2,63.2,22.4,10.7,karst_habitat,NONE,96.1
KNT-SEN,2019-01-01,24.54,69.1,73.7,56.5,20.3,32.0,karst_habitat,NONE,90.1
KNT-SEN,2019-02-01,26.57,92.4,72.9,55.8,19.9,31.2,karst_habitat,NONE,94.6
KNT-SEN,2019-03-01,27.85,111.6,75.1,61.1,28.5,27.7,karst_habitat,NONE,93.4
KNT-SEN,2019-04-01,27.09,162.1,76.7,62.9,22.5,49.1,karst_habitat,NONE,94.4
KNT-SEN,2019-05-01,28.32,217.5,79.5,64.6,9.0,28.1,karst_habitat,NONE,100.0
KNT-SEN,2019-06-01,26.05,264.6,88.9,72.9,13.9,28.8,karst_habitat,NONE,99.8
KNT-SEN,2019-07-01,25.81,263.9,86.3,74.8,16.9,16.4,karst_habitat,NONE,99.1
KNT-SEN,2019-08-01,25.1,282.2,88.5,63.1,6.5,39.6,karst_habitat,HEAVY_RAIN,92.2
KNT-SEN,2019-09-01,24.58,252.0,85.3,66.5,22.6,34.3,karst_habitat,NONE,96.3
KNT-SEN,2019-10-01,24.81,224.3,82.3,58.7,32.8,36.3,karst_habitat,NONE,100.0
KNT-SEN,2019-11-01,24.47,151.0,73.7,54.9,8.8,25.2,karst_habitat,NONE,94.2
KNT-SEN,2019-12-01,24.63,94.5,70.8,61.1,9.6,29.8,karst_habitat,NONE,99.7
KNT-SEN,2020-01-01,26.31,81.4,70.8,53.1,27.5,32.8,karst_habitat,NONE,98.3
KNT-SEN,2020-02-01,27.02,89.3,70.8,60.4,14.3,31.2,karst_habitat,NONE,100.0
KNT-SEN,2020-03-01,26.88,99.4,74.8,59.6,13.6,32.7,karst_habitat,NONE,97.4
KNT-SEN,2020-04-01,27.22,136.3,85.9,58.3,15.3,38.5,karst_habitat,NONE,98.2
KNT-SEN,2020-05-01,27.77,225.6,84.6,67.9,25.8,40.3,karst_habitat,NONE,93.6
KNT-SEN,2020-06-01,26.84,254.9,83.9,72.8,13.4,26.0,karst_habitat,NONE,95.3
KNT-SEN,2020-07-01,25.65,293.8,89.6,75.7,21.5,33.5,karst_habitat,NONE,95.6
KNT-SEN,2020-08-01,24.81,261.6,88.6,66.8,16.8,27.8,karst_habitat,NONE,98.4
KNT-SEN,2020-09-01,24.6,212.8,88.5,63.6,22.3,23.4,karst_habitat,NONE,97.7
KNT-SEN,2020-10-01,24.11,192.1,79.7,51.4,9.6,24.7,karst_habitat,NONE,100.0
KNT-SEN,2020-11-01,25.04,131.6,78.0,61.8,9.4,34.3,karst_habitat,NONE,100.0
KNT-SEN,2020-12-01,25.2,102.7,74.2,58.4,11.6,44.1,karst_habitat,NONE,98.4
KNT-SEN,2021-01-01,25.75,86.4,69.0,55.7,7.6,36.5,karst_habitat,NONE,98.0
KNT-SEN,2021-02-01,27.29,93.2,76.6,53.3,20.5,38.6,karst_habitat,NONE,96.8
KNT-SEN,2021-03-01,27.23,149.3,70.5,63.0,22.7,33.6,karst_habitat,NONE,100.0
KNT-SEN,2021-04-01,29.01,143.5,76.0,66.1,11.1,37.7,karst_habitat,NONE,97.1
KNT-SEN,2021-05-01,27.08,269.3,86.0,62.2,20.0,35.7,karst_habitat,NONE,95.5
KNT-SEN,2021-06-01,27.05,291.3,86.2,69.1,13.1,28.0,karst_habitat,NONE,96.2
KNT-SEN,2021-07-01,25.61,297.6,90.3,74.7,28.3,33.6,karst_habitat,NONE,98.2
KNT-SEN,2021-08-01,24.81,285.9,87.2,68.9,16.3,29.9,karst_habitat,NONE,98.2
KNT-SEN,2021-09-01,24.14,220.4,86.7,63.4,9.1,39.9,karst_habitat,NONE,94.5
KNT-SEN,2021-10-01,23.61,156.3,77.7,61.9,9.9,37.8,karst_habitat,NONE,98.6
KNT-SEN,2021-11-01,24.4,106.9,74.7,65.1,24.2,21.0,karst_habitat,NONE,96.3
KNT-SEN,2021-12-01,26.2,45.2,66.9,49.3,17.4,40.4,karst_habitat,NONE,100.0
KNT-SEN,2022-01-01,26.8,73.9,71.2,57.3,8.8,31.7,karst_habitat,NONE,100.0
KNT-SEN,2022-02-01,27.58,90.0,75.6,59.8,23.1,33.0,karst_habitat,NONE,98.0
KNT-SEN,2022-03-01,27.28,136.7,74.2,63.7,20.4,19.9,karst_habitat,NONE,100.0
KNT-SEN,2022-04-01,27.83,186.4,78.6,69.0,13.4,30.5,karst_habitat,NONE,99.4
KNT-SEN,2022-05-01,27.26,279.7,83.0,74.6,22.1,30.9,karst_habitat,NONE,97.7
KNT-SEN,2022-06-01,26.92,296.2,84.8,68.1,30.1,39.2,karst_habitat,NONE,92.7
KNT-SEN,2022-07-01,26.73,280.5,88.9,66.4,12.9,27.5,karst_habitat,NONE,97.6
KNT-SEN,2022-08-01,24.99,301.9,85.8,70.4,24.9,29.2,karst_habitat,NONE,97.8
KNT-SEN,2022-09-01,24.75,261.1,86.9,68.8,10.3,45.1,karst_habitat,NONE,92.3
KNT-SEN,2022-10-01,24.14,213.5,82.0,66.7,7.8,31.3,karst_habitat,NONE,100.0
KNT-SEN,2022-11-01,24.2,112.1,75.8,58.1,20.4,24.8,karst_habitat,NONE,96.8
KNT-SEN,2022-12-01,23.88,112.2,73.1,60.4,11.0,38.5,karst_habitat,NONE,94.8
KNT-SEN,2023-01-01,26.39,26.3,69.0,53.4,19.4,42.2,karst_habitat,DRY_SPELL,99.3
KNT-SEN,2023-02-01,26.53,95.1,73.7,60.2,24.5,33.7,karst_habitat,NONE,94.0
KNT-SEN,2023-03-01,27.24,146.3,76.4,66.0,31.3,31.7,karst_habitat,NONE,95.1
KNT-SEN,2023-04-01,27.45,178.9,82.0,63.6,12.1,32.8,karst_habitat,NONE,97.1
KNT-SEN,2023-05-01,26.93,234.4,89.3,64.9,17.4,30.6,karst_habitat,NONE,96.1
KNT-SEN,2023-06-01,27.42,238.7,91.5,68.1,18.1,29.5,karst_habitat,NONE,97.1
KNT-SEN,2023-07-01,26.72,254.7,92.6,73.9,9.9,27.1,karst_habitat,NONE,96.1
KNT-SEN,2023-08-01,25.4,310.1,91.9,68.3,28.3,33.1,karst_habitat,HEAVY_RAIN,96.9
KNT-SEN,2023-09-01,24.17,252.1,89.2,63.6,13.0,41.8,karst_habitat,NONE,94.5
KNT-SEN,2023-10-01,25.68,173.3,86.8,61.8,21.6,29.0,karst_habitat,NONE,93.9
KNT-SEN,2023-11-01,25.63,125.9,78.4,56.7,19.4,36.7,karst_habitat,NONE,93.6
KNT-SEN,2023-12-01,25.76,86.4,70.9,55.4,4.4,38.0,karst_habitat,NONE,96.9
KNT-SEN,2024-01-01,26.34,88.7,70.3,59.4,26.7,47.6,karst_habitat,NONE,99.1
KNT-SEN,2024-02-01,27.11,62.1,74.6,62.4,15.7,40.1,karst_habitat,NONE,95.8
KNT-SEN,2024-03-01,27.31,129.1,74.3,63.4,26.2,33.6,karst_habitat,NONE,98.9
KNT-SEN,2024-04-01,27.22,150.5,77.1,60.8,15.2,30.1,karst_habitat,NONE,100.0
KNT-SEN,2024-05-01,28.19,232.6,83.3,70.8,20.9,39.4,karst_habitat,NONE,100.0
KNT-SEN,2024-06-01,27.03,251.7,84.8,65.3,19.1,34.7,karst_habitat,NONE,93.0
KNT-SEN,2024-07-01,25.17,268.7,85.0,64.6,22.1,48.5,karst_habitat,NONE,100.0
KNT-SEN,2024-08-01,24.02,283.9,86.0,71.6,26.2,17.3,karst_habitat,NONE,96.3
KNT-SEN,2024-09-01,24.66,199.4,81.6,69.5,24.1,29.6,karst_habitat,NONE,97.7
KNT-SEN,2024-10-01,24.42,199.9,85.5,66.2,11.7,32.6,karst_habitat,NONE,92.4
KNT-SEN,2024-11-01,23.74,150.7,75.3,56.1,13.9,20.7,karst_habitat,NONE,94.9
KNT-SEN,2024-12-01,25.48,145.7,65.6,52.1,26.2,29.4,karst_habitat,NONE,99.8
KNT-SEN,2025-01-01,25.78,46.1,70.5,55.0,5.4,36.2,karst_habitat,NONE,94.0
KNT-SEN,2025-02-01,26.48,75.5,68.8,56.8,18.5,31.8,karst_habitat,NONE,95.4
KNT-SEN,2025-03-01,27.29,119.8,73.0,62.0,28.2,37.0,karst_habitat,NONE,99.4
KNT-SEN,2025-04-01,28.42,185.7,78.2,60.7,23.3,41.9,karst_habitat,NONE,96.9
KNT-SEN,2025-05-01,27.04,264.8,88.1,64.5,16.5,47.2,karst_habitat,NONE,96.4
KNT-SEN,2025-06-01,27.3,277.7,84.4,76.4,15.6,32.1,karst_habitat,NONE,98.6
KNT-TEX,2019-01-01,25.59,98.1,73.3,61.6,8.3,27.9,mixed_forest,NONE,98.8
KNT-TEX,2019-02-01,25.85,63.7,67.5,67.0,20.2,31.7,mixed_forest,NONE,98.5
KNT-TEX,2019-03-01,26.35,120.7,73.6,64.0,0.0,24.9,mixed_forest,NONE,94.6
KNT-TEX,2019-04-01,28.48,142.8,73.1,76.4,2.8,30.9,mixed_forest,NONE,89.3
KNT-TEX,2019-05-01,26.49,209.6,86.6,76.7,39.0,26.3,mixed_forest,NONE,96.6
KNT-TEX,2019-06-01,26.8,237.5,80.8,81.4,35.0,26.9,mixed_forest,NONE,94.5
KNT-TEX,2019-07-01,25.46,249.6,87.2,73.5,39.9,37.1,mixed_forest,NONE,95.0
KNT-TEX,2019-08-01,25.26,230.9,83.5,75.7,45.7,24.8,mixed_forest,NONE,97.4
KNT-TEX,2019-09-01,23.97,222.3,78.7,76.8,0.0,30.1,mixed_forest,NONE,93.1
KNT-TEX,2019-10-01,23.12,95.4,72.9,65.7,3.1,24.4,mixed_forest,NONE,99.7
KNT-TEX,2019-11-01,24.38,122.7,75.3,72.6,13.3,38.4,mixed_forest,NONE,94.6
KNT-TEX,2019-12-01,25.26,65.9,71.2,64.6,12.4,24.6,mixed_forest,NONE,92.7
KNT-TEX,2020-01-01,27.24,52.2,72.2,58.1,12.1,27.7,mixed_forest,NONE,96.9
KNT-TEX,2020-02-01,26.5,32.6,76.3,63.4,2.8,15.7,mixed_forest,DRY_SPELL,97.3
KNT-TEX,2020-03-01,26.95,118.3,71.1,70.9,5.4,27.8,mixed_forest,NONE,100.0
KNT-TEX,2020-04-01,27.94,154.1,77.0,79.7,6.1,34.6,mixed_forest,NONE,95.9
KNT-TEX,2020-05-01,26.79,192.6,81.2,73.1,43.2,26.5,mixed_forest,NONE,95.1
KNT-TEX,2020-06-01,28.12,202.7,81.3,78.0,42.4,25.9,mixed_forest,NONE,100.0
KNT-TEX,2020-07-01,25.29,225.4,80.8,79.1,40.3,27.8,mixed_forest,NONE,100.0
KNT-TEX,2020-08-01,24.17,257.8,84.7,81.1,39.6,37.6,mixed_forest,NONE,95.7
KNT-TEX,2020-09-01,24.58,220.3,82.5,81.2,8.2,20.2,mixed_forest,NONE,100.0
KNT-TEX,2020-10-01,23.82,132.2,73.2,68.3,6.4,23.7,mixed_forest,NONE,100.0
KNT-TEX,2020-11-01,24.84,124.0,76.7,63.6,6.0,24.8,mixed_forest,NONE,97.6
KNT-TEX,2020-12-01,24.6,51.7,68.9,64.6,5.1,32.1,mixed_forest,NONE,96.9
KNT-TEX,2021-01-01,25.19,29.6,67.4,66.9,3.8,21.2,mixed_forest,DRY_SPELL,96.0
KNT-TEX,2021-02-01,26.38,80.2,69.5,60.2,6.2,31.7,mixed_forest,NONE,100.0
KNT-TEX,2021-03-01,27.82,102.4,69.0,57.1,5.3,26.6,mixed_forest,NONE,96.6
KNT-TEX,2021-04-01,27.35,147.7,78.2,63.4,6.3,12.8,mixed_forest,NONE,93.5
KNT-TEX,2021-05-01,27.15,143.6,79.7,69.9,43.4,20.3,mixed_forest,NONE,93.6
KNT-TEX,2021-06-01,27.79,246.5,81.0,79.5,51.1,34.6,mixed_forest,NONE,94.2
KNT-TEX,2021-07-01,25.99,230.1,83.2,77.4,40.7,30.7,mixed_forest,NONE,98.0
KNT-TEX,2021-08-01,24.98,224.1,83.1,76.0,42.8,32.2,mixed_forest,NONE,94.0
KNT-TEX,2021-09-01,24.33,174.9,79.1,74.8,6.2,18.0,mixed_forest,NONE,100.0
KNT-TEX,2021-10-01,24.07,156.3,76.0,71.3,0.5,27.1,mixed_forest,NONE,96.5
KNT-TEX,2021-11-01,24.57,107.2,74.0,62.7,7.4,29.0,mixed_forest,NONE,95.1
KNT-TEX,2021-12-01,24.21,93.8,70.1,60.3,9.5,21.4,mixed_forest,NONE,98.0
KNT-TEX,2022-01-01,25.46,48.9,72.6,60.6,6.3,33.5,mixed_forest,NONE,95.9
KNT-TEX,2022-02-01,26.05,55.3,71.7,59.2,17.9,38.2,mixed_forest,NONE,97.6
KNT-TEX,2022-03-01,26.84,84.3,77.2,66.0,0.0,37.0,mixed_forest,NONE,92.9
KNT-TEX,2022-04-01,28.03,116.1,71.0,78.7,10.4,34.1,mixed_forest,NONE,97.5
KNT-TEX,2022-05-01,26.37,204.3,82.6,73.4,35.0,30.2,mixed_forest,NONE,96.5
KNT-TEX,2022-06-01,26.9,222.4,85.5,75.4,42.5,31.8,mixed_forest,NONE,97.6
KNT-TEX,2022-07-01,25.46,228.4,86.5,71.4,52.9,26.6,mixed_forest,NONE,97.7
KNT-TEX,2022-08-01,24.16,173.1,87.1,74.7,44.8,28.0,mixed_forest,NONE,99.7
KNT-TEX,2022-09-01,24.56,172.7,75.6,69.8,11.0,32.3,mixed_forest,NONE,95.1
KNT-TEX,2022-10-01,23.84,123.7,80.4,73.2,0.0,25.0,mixed_forest,NONE,93.0
KNT-TEX,2022-11-01,24.98,108.4,69.7,68.7,19.1,28.1,mixed_forest,NONE,96.1
KNT-TEX,2022-12-01,24.42,59.5,70.4,64.4,14.2,19.3,mixed_forest,NONE,95.6
KNT-TEX,2023-01-01,25.24,15.5,67.2,66.8,6.2,33.8,mixed_forest,DRY_SPELL,100.0
KNT-TEX,2023-02-01,27.97,99.9,70.6,61.6,5.7,22.9,mixed_forest,NONE,95.4
KNT-TEX,2023-03-01,27.56,90.3,69.4,66.3,8.3,30.9,mixed_forest,NONE,96.5
KNT-TEX,2023-04-01,28.03,138.5,75.8,70.6,0.3,29.5,mixed_forest,NONE,97.8
KNT-TEX,2023-05-01,25.55,208.9,85.7,71.9,47.7,27.8,mixed_forest,NONE,95.6
KNT-TEX,2023-06-01,27.43,224.0,83.8,68.4,43.1,40.9,mixed_forest,NONE,94.3
KNT-TEX,2023-07-01,25.64,296.1,83.6,73.6,63.7,23.8,mixed_forest,NONE,100.0
KNT-TEX,2023-08-01,25.49,262.6,86.7,74.6,38.9,40.8,mixed_forest,NONE,93.4
KNT-TEX,2023-09-01,24.85,199.6,80.2,74.0,3.5,30.9,mixed_forest,NONE,90.2
KNT-TEX,2023-10-01,24.23,113.4,75.2,69.1,14.5,28.6,mixed_forest,NONE,94.7
KNT-TEX,2023-11-01,23.38,154.9,73.4,64.6,12.1,29.4,mixed_forest,NONE,96.1
KNT-TEX,2023-12-01,24.8,94.2,71.5,67.0,10.8,32.7,mixed_forest,NONE,96.6
KNT-TEX,2024-01-01,25.03,94.2,65.7,69.0,3.8,19.4,mixed_forest,NONE,95.2
KNT-TEX,2024-02-01,27.06,83.9,73.1,62.9,0.0,30.0,mixed_forest,NONE,96.6
KNT-TEX,2024-03-01,27.45,87.9,71.2,59.1,12.0,25.7,mixed_forest,NONE,94.2
KNT-TEX,2024-04-01,27.28,134.3,79.2,72.4,4.4,30.9,mixed_forest,NONE,89.1
KNT-TEX,2024-05-01,27.19,133.4,86.1,72.8,43.2,28.2,mixed_forest,NONE,97.8
KNT-TEX,2024-06-01,26.53,219.5,82.8,73.2,40.0,33.7,mixed_forest,NONE,96.2
KNT-TEX,2024-07-01,25.32,262.0,90.8,75.0,44.4,24.9,mixed_forest,NONE,97.8
KNT-TEX,2024-08-01,24.99,184.5,81.8,82.2,42.2,21.9,mixed_forest,NONE,96.5
KNT-TEX,2024-09-01,24.48,180.3,79.2,79.6,4.4,35.1,mixed_forest,NONE,91.0
KNT-TEX,2024-10-01,23.47,151.1,78.1,65.6,0.0,27.3,mixed_forest,NONE,95.5
KNT-TEX,2024-11-01,24.05,110.9,73.0,64.5,10.5,44.0,mixed_forest,NONE,99.6
KNT-TEX,2024-12-01,25.9,79.2,71.0,59.5,13.3,28.7,mixed_forest,NONE,92.8
KNT-TEX,2025-01-01,25.92,99.0,68.3,55.9,0.5,15.0,mixed_forest,NONE,95.9
KNT-TEX,2025-02-01,27.12,60.3,75.3,67.8,0.4,32.4,mixed_forest,NONE,100.0
KNT-TEX,2025-03-01,28.08,116.2,72.6,65.1,9.9,38.0,mixed_forest,NONE,97.2
KNT-TEX,2025-04-01,28.39,134.1,72.7,73.5,15.9,26.4,mixed_forest,NONE,96.6
KNT-TEX,2025-05-01,27.24,190.1,81.0,73.1,42.4,31.2,mixed_forest,NONE,98.2
KNT-TEX,2025-06-01,27.63,196.3,85.0,76.6,46.8,36.2,mixed_forest,NONE,92.5
KNT-TLQ,2019-01-01,26.96,5.9,66.6,75.3,47.3,0.0,mixed_forest,DRY_SPELL,94.0
KNT-TLQ,2019-02-01,26.27,81.9,68.0,84.5,42.5,0.3,mixed_forest,NONE,91.7
KNT-TLQ,2019-03-01,28.39,65.0,69.2,79.0,33.2,1.9,mixed_forest,NONE,94.5
KNT-TLQ,2019-04-01,28.43,102.1,76.6,83.0,39.7,12.7,mixed_forest,NONE,99.2
KNT-TLQ,2019-05-01,28.35,149.5,81.1,80.4,43.4,0.0,mixed_forest,NONE,100.0
KNT-TLQ,2019-06-01,26.4,220.5,85.4,86.1,27.2,0.0,mixed_forest,NONE,97.4
KNT-TLQ,2019-07-01,26.37,197.5,83.0,95.7,41.1,0.0,mixed_forest,NONE,99.1
KNT-TLQ,2019-08-01,25.81,210.5,85.4,82.7,40.0,0.0,mixed_forest,NONE,95.9
KNT-TLQ,2019-09-01,25.09,193.9,83.3,86.4,24.8,1.6,mixed_forest,NONE,96.9
KNT-TLQ,2019-10-01,24.4,108.1,82.6,80.1,39.6,4.0,mixed_forest,NONE,94.1
KNT-TLQ,2019-11-01,24.52,79.2,72.3,78.6,38.4,3.37,mixed_forest,NONE,97.4
KNT-TLQ,2019-12-01,25.51,112.8,70.4,74.1,28.1,2.73,mixed_forest,NONE,95.4
KNT-TLQ,2020-01-01,25.48,85.5,72.8,72.4,40.6,2.1,mixed_forest,NONE,97.8
KNT-TLQ,2020-02-01,26.98,69.3,72.6,79.4,39.5,0.0,mixed_forest,NONE,99.6
KNT-TLQ,2020-03-01,27.18,84.4,74.5,82.7,30.0,2.2,mixed_forest,NONE,97.3
KNT-TLQ,2020-04-01,27.16,125.8,79.9,82.9,25.9,0.0,mixed_forest,NONE,100.0
KNT-TLQ,2020-05-01,28.89,200.7,80.9,83.8,42.9,0.0,mixed_forest,NONE,99.5
KNT-TLQ,2020-06-01,26.39,192.0,84.2,88.5,32.4,0.0,mixed_forest,NONE,96.3
KNT-TLQ,2020-07-01,26.56,224.8,90.8,94.1,44.5,3.9,mixed_forest,NONE,96.8
KNT-TLQ,2020-08-01,24.97,158.8,89.2,84.6,42.7,2.6,mixed_forest,NONE,96.4
KNT-TLQ,2020-09-01,26.04,159.6,86.8,83.6,29.3,1.2,mixed_forest,NONE,97.3
KNT-TLQ,2020-10-01,24.84,93.7,79.3,83.8,26.7,5.6,mixed_forest,NONE,92.6
KNT-TLQ,2020-11-01,24.18,112.6,77.6,73.9,31.7,0.0,mixed_forest,NONE,96.8
KNT-TLQ,2020-12-01,25.51,47.7,64.5,78.5,35.7,0.0,mixed_forest,NONE,99.5
KNT-TLQ,2021-01-01,26.42,5.0,71.5,72.6,43.0,6.1,mixed_forest,DRY_SPELL,97.0
KNT-TLQ,2021-02-01,26.86,48.7,72.9,71.2,39.3,0.0,mixed_forest,NONE,98.3
KNT-TLQ,2021-03-01,27.48,90.7,72.3,77.9,35.6,9.8,mixed_forest,NONE,98.5
KNT-TLQ,2021-04-01,27.63,140.8,82.5,83.4,34.0,0.0,mixed_forest,NONE,97.1
KNT-TLQ,2021-05-01,27.66,218.9,84.6,87.1,39.2,5.0,mixed_forest,NONE,99.5
KNT-TLQ,2021-06-01,26.57,177.7,77.7,84.9,46.8,0.0,mixed_forest,NONE,97.0
KNT-TLQ,2021-07-01,27.01,179.6,89.1,95.5,28.1,0.0,mixed_forest,NONE,92.7
KNT-TLQ,2021-08-01,25.13,185.0,89.5,91.4,26.3,0.0,mixed_forest,NONE,99.2
KNT-TLQ,2021-09-01,25.53,167.2,84.1,91.1,33.8,2.1,mixed_forest,NONE,97.8
KNT-TLQ,2021-10-01,22.84,125.6,81.2,81.8,28.1,0.0,mixed_forest,NONE,95.8
KNT-TLQ,2021-11-01,26.3,77.3,75.4,73.0,45.0,0.0,mixed_forest,NONE,95.9
KNT-TLQ,2021-12-01,25.15,74.6,72.1,78.6,30.2,9.2,mixed_forest,NONE,93.4
KNT-TLQ,2022-01-01,26.72,68.5,67.6,76.0,35.7,0.0,mixed_forest,NONE,99.6
KNT-TLQ,2022-02-01,27.14,55.3,67.8,74.0,42.4,4.8,mixed_forest,NONE,93.5
KNT-TLQ,2022-03-01,29.11,82.7,73.6,78.2,29.4,0.0,mixed_forest,NONE,90.4
KNT-TLQ,2022-04-01,27.77,107.9,79.1,83.2,29.0,0.0,mixed_forest,NONE,99.0
KNT-TLQ,2022-05-01,27.95,173.5,80.8,82.9,35.6,0.0,mixed_forest,NONE,96.6
KNT-TLQ,2022-06-01,27.85,181.1,87.2,89.1,40.9,3.8,mixed_forest,NONE,96.7
KNT-TLQ,2022-07-01,26.79,166.6,83.7,87.9,34.0,0.0,mixed_forest,NONE,95.2
KNT-TLQ,2022-08-01,26.09,175.5,88.3,82.6,40.8,0.0,mixed_forest,NONE,94.9
KNT-TLQ,2022-09-01,24.99,170.8,84.0,80.7,42.9,0.0,mixed_forest,NONE,98.2
KNT-TLQ,2022-10-01,25.64,89.9,74.2,84.9,40.0,3.2,mixed_forest,NONE,99.3
KNT-TLQ,2022-11-01,24.08,71.4,70.5,79.5,38.0,4.1,mixed_forest,NONE,96.4
KNT-TLQ,2022-12-01,25.07,85.5,73.3,80.9,40.3,0.0,mixed_forest,NONE,99.3
KNT-TLQ,2023-01-01,26.29,86.2,68.2,72.2,35.9,0.0,mixed_forest,NONE,95.6
KNT-TLQ,2023-02-01,27.72,88.0,67.4,80.3,29.4,3.8,mixed_forest,NONE,100.0
KNT-TLQ,2023-03-01,27.74,127.9,75.1,69.7,39.5,6.6,mixed_forest,NONE,93.2
KNT-TLQ,2023-04-01,28.14,101.3,76.7,86.6,32.5,3.6,mixed_forest,NONE,92.9
KNT-TLQ,2023-05-01,27.46,139.5,81.2,81.5,36.9,3.1,mixed_forest,NONE,95.4
KNT-TLQ,2023-06-01,26.8,196.1,82.5,94.6,37.2,8.4,mixed_forest,NONE,97.9
KNT-TLQ,2023-07-01,27.11,175.1,83.1,88.3,33.9,0.0,mixed_forest,NONE,93.8
KNT-TLQ,2023-08-01,26.41,165.3,83.2,86.3,35.4,13.6,mixed_forest,NONE,95.6
KNT-TLQ,2023-09-01,24.32,130.0,83.3,80.2,38.9,5.4,mixed_forest,NONE,94.2
KNT-TLQ,2023-10-01,25.04,93.3,76.6,81.0,33.4,3.6,mixed_forest,NONE,96.6
KNT-TLQ,2023-11-01,25.06,86.2,72.9,79.1,27.3,2.7,mixed_forest,NONE,95.9
KNT-TLQ,2023-12-01,25.6,55.8,67.4,71.3,27.0,2.7,mixed_forest,NONE,99.2
KNT-TLQ,2024-01-01,26.3,14.8,66.4,73.1,40.8,5.7,mixed_forest,DRY_SPELL,98.4
KNT-TLQ,2024-02-01,28.82,17.3,65.2,65.6,49.5,5.1,mixed_forest,DRY_SPELL,95.5
KNT-TLQ,2024-03-01,27.62,116.1,70.5,78.2,34.5,6.5,mixed_forest,NONE,95.5
KNT-TLQ,2024-04-01,27.84,116.1,79.9,86.8,43.0,8.6,mixed_forest,NONE,98.0
KNT-TLQ,2024-05-01,27.54,172.5,78.6,88.6,33.1,2.8,mixed_forest,NONE,97.5
KNT-TLQ,2024-06-01,27.23,152.8,79.3,86.7,37.9,2.0,mixed_forest,NONE,95.5
KNT-TLQ,2024-07-01,25.19,223.8,85.6,96.0,54.7,4.7,mixed_forest,NONE,98.7
KNT-TLQ,2024-08-01,25.33,199.7,82.6,83.7,42.7,0.0,mixed_forest,NONE,95.1
KNT-TLQ,2024-09-01,24.33,180.7,76.7,84.7,34.2,0.0,mixed_forest,NONE,96.4
KNT-TLQ,2024-10-01,25.13,87.1,80.1,83.3,31.3,4.4,mixed_forest,NONE,100.0
KNT-TLQ,2024-11-01,25.69,29.0,76.8,84.6,28.7,0.0,mixed_forest,DRY_SPELL,94.7
KNT-TLQ,2024-12-01,25.98,28.4,67.9,69.0,38.5,0.0,mixed_forest,DRY_SPELL,96.7
KNT-TLQ,2025-01-01,26.32,78.8,70.3,76.7,21.9,0.6,mixed_forest,NONE,91.9
KNT-TLQ,2025-02-01,26.44,60.2,71.9,64.2,33.4,0.0,mixed_forest,NONE,97.6
KNT-TLQ,2025-03-01,27.79,74.6,72.7,82.3,45.8,0.0,mixed_forest,NONE,93.3
KNT-TLQ,2025-04-01,27.42,143.8,78.2,86.2,29.8,3.7,mixed_forest,NONE,94.1
KNT-TLQ,2025-05-01,28.13,162.3,79.1,86.6,38.5,2.9,mixed_forest,NONE,100.0
KNT-TLQ,2025-06-01,27.8,181.6,79.3,91.1,47.2,0.2,mixed_forest,NONE,98.4
KNT-UJJ,2019-01-01,24.66,79.6,70.9,39.1,26.6,22.7,mixed_forest,NONE,95.6
KNT-UJJ,2019-02-01,25.98,45.2,69.2,26.9,28.5,25.1,mixed_forest,NONE,100.0
KNT-UJJ,2019-03-01,26.23,112.4,71.0,34.9,24.4,23.0,mixed_forest,NONE,95.2
KNT-UJJ,2019-04-01,28.31,161.7,73.4,36.7,13.0,32.3,mixed_forest,NONE,94.4
KNT-UJJ,2019-05-01,27.14,188.1,74.6,40.6,16.3,36.4,mixed_forest,NONE,91.2
KNT-UJJ,2019-06-01,25.85,197.3,83.5,35.6,19.2,23.7,mixed_forest,NONE,96.7
KNT-UJJ,2019-07-01,25.41,252.6,84.5,32.9,21.9,30.5,mixed_forest,NONE,97.5
KNT-UJJ,2019-08-01,24.51,248.7,83.4,47.0,13.1,27.5,mixed_forest,NONE,97.2
KNT-UJJ,2019-09-01,23.65,175.4,86.6,32.4,28.7,28.8,mixed_forest,NONE,100.0
KNT-UJJ,2019-10-01,23.67,183.5,75.2,35.7,16.2,26.6,mixed_forest,NONE,97.0
KNT-UJJ,2019-11-01,23.88,125.0,75.3,28.1,19.2,33.3,mixed_forest,NONE,96.7
KNT-UJJ,2019-12-01,24.01,99.0,70.7,29.1,34.5,43.8,mixed_forest,NONE,95.4
KNT-UJJ,2020-01-01,25.37,91.0,66.5,26.0,20.0,25.4,mixed_forest,NONE,100.0
KNT-UJJ,2020-02-01,25.11,67.2,65.7,25.3,23.5,28.9,mixed_forest,NONE,100.0
KNT-UJJ,2020-03-01,26.13,124.6,70.9,21.5,21.4,27.5,mixed_forest,NONE,90.3
KNT-UJJ,2020-04-01,27.28,165.1,76.8,36.4,24.2,38.5,mixed_forest,NONE,95.2
KNT-UJJ,2020-05-01,27.59,237.3,81.1,37.4,16.3,33.4,mixed_forest,NONE,96.8
KNT-UJJ,2020-06-01,26.76,229.0,82.6,33.6,20.8,39.5,mixed_forest,NONE,98.5
KNT-UJJ,2020-07-01,25.68,251.4,85.5,44.7,37.4,32.4,mixed_forest,NONE,100.0
KNT-UJJ,2020-08-01,24.69,256.6,79.4,38.2,19.7,27.2,mixed_forest,NONE,95.5
KNT-UJJ,2020-09-01,23.62,228.0,76.5,35.5,16.5,24.6,mixed_forest,NONE,93.4
KNT-UJJ,2020-10-01,23.48,207.7,77.7,35.2,16.2,19.1,mixed_forest,NONE,95.3
KNT-UJJ,2020-11-01,23.74,76.8,70.3,26.8,7.7,33.3,mixed_forest,NONE,97.2
KNT-UJJ,2020-12-01,23.87,99.1,66.0,30.6,18.5,28.1,mixed_forest,NONE,97.0
KNT-UJJ,2021-01-01,25.15,42.8,67.0,27.2,14.2,14.9,mixed_forest,NONE,91.5
KNT-UJJ,2021-02-01,26.11,89.4,69.7,33.4,19.2,31.3,mixed_forest,NONE,96.2
KNT-UJJ,2021-03-01,26.43,105.0,72.0,33.1,21.7,30.4,mixed_forest,NONE,95.2
KNT-UJJ,2021-04-01,27.42,171.9,74.6,40.1,26.6,27.2,mixed_forest,NONE,100.0
KNT-UJJ,2021-05-01,28.29,261.1,79.2,39.7,27.2,35.0,mixed_forest,NONE,94.4
KNT-UJJ,2021-06-01,26.36,235.9,87.9,36.3,16.7,22.6,mixed_forest,NONE,92.7
KNT-UJJ,2021-07-01,25.14,217.6,85.1,48.5,22.2,21.1,mixed_forest,NONE,91.0
KNT-UJJ,2021-08-01,24.65,277.3,76.6,41.2,18.1,25.4,mixed_forest,NONE,96.3
KNT-UJJ,2021-09-01,25.06,186.7,78.7,34.7,18.0,20.5,mixed_forest,NONE,90.1
KNT-UJJ,2021-10-01,23.54,193.4,79.4,36.9,4.8,41.6,mixed_forest,NONE,97.2
KNT-UJJ,2021-11-01,24.19,144.9,75.1,33.3,16.7,33.4,mixed_forest,NONE,93.8
KNT-UJJ,2021-12-01,24.54,63.5,70.0,25.3,22.1,25.0,mixed_forest,NONE,98.5
KNT-UJJ,2022-01-01,25.77,75.0,67.9,27.1,14.5,29.5,mixed_forest,NONE,94.4
KNT-UJJ,2022-02-01,25.93,72.5,71.8,27.1,20.9,23.8,mixed_forest,NONE,98.9
KNT-UJJ,2022-03-01,27.27,155.2,72.5,30.3,6.6,36.9,mixed_forest,NONE,95.7
KNT-UJJ,2022-04-01,27.11,155.9,78.7,30.4,15.0,18.2,mixed_forest,NONE,97.9
KNT-UJJ,2022-05-01,26.48,217.4,79.0,38.4,19.5,25.5,mixed_forest,NONE,98.9
KNT-UJJ,2022-06-01,27.02,264.4,81.3,35.4,28.2,35.8,mixed_forest,NONE,95.4
KNT-UJJ,2022-07-01,24.85,267.8,84.7,40.5,13.6,29.5,mixed_forest,HEAVY_RAIN,93.2
KNT-UJJ,2022-08-01,25.75,257.9,79.9,38.2,26.7,39.2,mixed_forest,NONE,98.3
KNT-UJJ,2022-09-01,24.04,202.5,74.1,35.4,18.0,41.7,mixed_forest,NONE,96.6
KNT-UJJ,2022-10-01,24.81,154.4,75.3,37.1,20.6,28.6,mixed_forest,NONE,99.4
KNT-UJJ,2022-11-01,23.82,110.8,74.9,28.9,20.5,29.6,mixed_forest,NONE,92.5
KNT-UJJ,2022-12-01,25.22,74.3,72.0,29.2,20.5,37.5,mixed_forest,NONE,99.5
KNT-UJJ,2023-01-01,25.75,36.5,69.5,29.3,14.3,28.0,mixed_forest,NONE,97.2
KNT-UJJ,2023-02-01,25.87,71.5,65.5,30.3,13.0,15.7,mixed_forest,NONE,95.0
KNT-UJJ,2023-03-01,27.04,131.1,68.5,28.0,22.0,28.5,mixed_forest,NONE,99.0
KNT-UJJ,2023-04-01,27.61,144.3,76.6,30.7,20.7,26.4,mixed_forest,NONE,95.3
KNT-UJJ,2023-05-01,27.26,210.2,82.4,39.0,9.1,35.8,mixed_forest,NONE,95.2
KNT-UJJ,2023-06-01,27.16,261.0,79.5,44.0,22.8,34.8,mixed_forest,NONE,91.5
KNT-UJJ,2023-07-01,25.78,292.2,81.8,37.6,19.8,31.2,mixed_forest,NONE,90.5
KNT-UJJ,2023-08-01,24.46,215.2,75.1,38.4,19.2,32.6,mixed_forest,NONE,96.4
KNT-UJJ,2023-09-01,24.27,264.0,80.9,40.1,24.3,33.0,mixed_forest,NONE,95.6
KNT-UJJ,2023-10-01,23.61,132.6,76.0,41.5,20.8,31.2,mixed_forest,NONE,98.3
KNT-UJJ,2023-11-01,24.24,119.1,71.9,29.4,21.1,26.9,mixed_forest,NONE,98.9
KNT-UJJ,2023-12-01,25.09,120.2,66.8,24.9,22.1,28.3,mixed_forest,NONE,96.4
KNT-UJJ,2024-01-01,24.36,71.8,70.7,32.8,17.1,22.5,mixed_forest,NONE,91.1
KNT-UJJ,2024-02-01,26.2,61.0,68.9,31.0,23.6,22.7,mixed_forest,NONE,93.6
KNT-UJJ,2024-03-01,26.63,144.0,69.2,32.8,25.8,27.4,mixed_forest,NONE,98.5
KNT-UJJ,2024-04-01,27.74,129.7,71.1,28.3,20.1,32.3,mixed_forest,NONE,95.5
KNT-UJJ,2024-05-01,26.73,221.7,80.8,37.5,20.5,35.0,mixed_forest,NONE,92.4
KNT-UJJ,2024-06-01,26.12,259.5,84.2,37.2,27.5,23.1,mixed_forest,NONE,99.7
KNT-UJJ,2024-07-01,24.77,250.5,78.0,36.6,11.2,29.5,mixed_forest,NONE,95.7
KNT-UJJ,2024-08-01,24.26,243.3,85.0,32.9,21.9,36.5,mixed_forest,NONE,94.5
KNT-UJJ,2024-09-01,24.57,238.6,78.4,35.1,13.3,28.4,mixed_forest,NONE,100.0
KNT-UJJ,2024-10-01,23.96,147.8,77.7,32.3,19.1,34.7,mixed_forest,NONE,92.6
KNT-UJJ,2024-11-01,24.74,88.6,74.1,30.1,16.4,26.4,mixed_forest,NONE,94.6
KNT-UJJ,2024-12-01,24.61,61.8,66.9,30.8,21.2,29.1,mixed_forest,NONE,100.0
KNT-UJJ,2025-01-01,26.07,18.5,65.3,28.8,18.6,26.9,mixed_forest,DRY_SPELL,94.2
KNT-UJJ,2025-02-01,26.3,96.7,70.2,29.8,15.7,26.5,mixed_forest,NONE,94.8
KNT-UJJ,2025-03-01,26.73,128.5,67.9,22.3,3.5,38.6,mixed_forest,NONE,90.3
KNT-UJJ,2025-04-01,27.36,173.0,74.5,34.1,21.1,17.1,mixed_forest,NONE,93.9
KNT-UJJ,2025-05-01,27.06,191.4,77.0,34.5,9.2,36.2,mixed_forest,NONE,98.0
KNT-UJJ,2025-06-01,26.74,248.9,78.0,41.5,26.9,23.2,mixed_forest,NONE,100.0
KNT-VLB,2019-01-01,23.7,39.3,73.2,66.1,18.8,23.5,mixed_forest,NONE,88.1
KNT-VLB,2019-02-01,24.38,60.7,74.5,63.2,8.7,29.1,mixed_forest,NONE,96.4
KNT-VLB,2019-03-01,25.01,43.0,76.3,55.4,27.3,19.9,mixed_forest,NONE,95.6
KNT-VLB,2019-04-01,25.3,170.4,75.6,69.6,27.0,20.8,mixed_forest,NONE,94.9
KNT-VLB,2019-05-01,25.85,174.2,78.4,70.6,13.6,28.6,mixed_forest,NONE,97.7
KNT-VLB,2019-06-01,24.3,213.5,87.7,72.9,21.2,27.7,mixed_forest,NONE,97.7
KNT-VLB,2019-07-01,23.91,238.0,91.6,77.9,16.7,26.5,mixed_forest,NONE,96.8
KNT-VLB,2019-08-01,22.77,184.9,87.0,71.5,15.1,15.0,mixed_forest,NONE,100.0
KNT-VLB,2019-09-01,22.9,166.4,84.5,73.5,20.0,29.9,mixed_forest,NONE,94.1
KNT-VLB,2019-10-01,22.25,156.3,79.1,66.7,23.5,27.7,mixed_forest,NONE,97.0
KNT-VLB,2019-11-01,21.78,82.5,78.6,71.1,25.7,22.8,mixed_forest,NONE,100.0
KNT-VLB,2019-12-01,22.26,62.8,77.3,59.0,17.9,12.4,mixed_forest,NONE,93.6
KNT-VLB,2020-01-01,24.46,60.0,72.8,56.1,22.1,20.8,mixed_forest,NONE,97.9
KNT-VLB,2020-02-01,24.76,47.0,73.3,55.6,13.2,14.4,mixed_forest,NONE,97.1
KNT-VLB,2020-03-01,25.92,82.8,76.9,68.8,20.5,26.1,mixed_forest,NONE,92.8
KNT-VLB,2020-04-01,25.63,120.7,80.0,70.6,19.8,32.6,mixed_forest,NONE,99.0
KNT-VLB,2020-05-01,26.06,219.1,84.1,66.3,28.7,25.1,mixed_forest,NONE,99.3
KNT-VLB,2020-06-01,23.69,207.4,90.4,73.2,19.9,14.0,mixed_forest,NONE,99.2
KNT-VLB,2020-07-01,23.99,224.4,88.3,72.2,19.4,39.9,mixed_forest,NONE,94.9
KNT-VLB,2020-08-01,22.71,160.9,93.8,74.0,28.2,14.1,mixed_forest,NONE,88.6
KNT-VLB,2020-09-01,22.57,180.6,90.7,67.9,28.0,20.3,mixed_forest,NONE,98.1
KNT-VLB,2020-10-01,22.66,142.5,85.2,64.5,31.4,24.9,mixed_forest,NONE,96.0
KNT-VLB,2020-11-01,21.92,125.3,82.2,63.6,30.7,12.5,mixed_forest,NONE,96.8
KNT-VLB,2020-12-01,23.33,51.7,72.1,63.9,12.3,15.8,mixed_forest,NONE,92.5
KNT-VLB,2021-01-01,22.96,45.1,70.3,61.7,20.3,20.0,mixed_forest,NONE,94.9
KNT-VLB,2021-02-01,24.11,50.0,71.4,59.9,38.1,17.5,mixed_forest,NONE,98.6
KNT-VLB,2021-03-01,25.28,125.2,79.9,57.8,25.4,21.8,mixed_forest,NONE,95.8
KNT-VLB,2021-04-01,25.11,151.8,78.6,63.4,19.7,11.6,mixed_forest,NONE,97.9
KNT-VLB,2021-05-01,25.02,186.5,87.1,70.0,26.9,23.7,mixed_forest,NONE,95.4
KNT-VLB,2021-06-01,25.58,218.7,85.8,72.2,14.9,18.1,mixed_forest,NONE,89.2
KNT-VLB,2021-07-01,24.71,207.3,87.8,72.9,18.0,26.1,mixed_forest,NONE,95.4
KNT-VLB,2021-08-01,23.34,187.0,84.5,81.9,10.8,25.1,mixed_forest,NONE,92.9
KNT-VLB,2021-09-01,22.77,192.5,88.8,70.5,15.8,27.1,mixed_forest,NONE,92.4
KNT-VLB,2021-10-01,22.53,147.9,80.1,62.4,13.7,27.4,mixed_forest,NONE,100.0
KNT-VLB,2021-11-01,23.06,113.8,73.9,62.4,12.9,32.3,mixed_forest,NONE,89.2
KNT-VLB,2021-12-01,22.98,25.1,73.3,62.6,1.2,24.3,mixed_forest,DRY_SPELL,92.1
KNT-VLB,2022-01-01,23.72,41.1,77.5,61.8,24.9,15.2,mixed_forest,NONE,100.0
KNT-VLB,2022-02-01,24.33,86.5,76.6,58.4,16.6,13.8,mixed_forest,NONE,96.2
KNT-VLB,2022-03-01,26.28,104.5,75.6,65.7,20.4,32.4,mixed_forest,NONE,93.9
KNT-VLB,2022-04-01,25.49,123.4,83.8,69.5,21.1,30.7,mixed_forest,NONE,97.2
KNT-VLB,2022-05-01,25.73,186.5,84.9,75.8,13.1,18.6,mixed_forest,NONE,99.3
KNT-VLB,2022-06-01,24.02,243.5,87.8,69.4,14.8,26.1,mixed_forest,NONE,98.4
KNT-VLB,2022-07-01,24.63,246.8,93.7,77.9,17.7,21.5,mixed_forest,NONE,95.3
KNT-VLB,2022-08-01,23.91,223.9,87.1,76.8,20.8,26.4,mixed_forest,NONE,93.8
KNT-VLB,2022-09-01,23.2,170.9,82.4,62.6,25.6,19.3,mixed_forest,NONE,99.0
KNT-VLB,2022-10-01,22.2,153.3,77.2,67.2,10.2,15.0,mixed_forest,NONE,91.7
KNT-VLB,2022-11-01,23.04,119.7,77.6,64.2,16.7,29.0,mixed_forest,NONE,94.0
KNT-VLB,2022-12-01,22.88,65.1,73.1,65.3,24.7,25.6,mixed_forest,NONE,96.8
KNT-VLB,2023-01-01,24.58,67.4,65.6,58.6,16.7,24.7,mixed_forest,NONE,100.0
KNT-VLB,2023-02-01,23.29,42.8,73.7,61.6,18.4,22.6,mixed_forest,NONE,92.2
KNT-VLB,2023-03-01,24.49,135.1,81.0,55.3,28.2,32.2,mixed_forest,NONE,94.4
KNT-VLB,2023-04-01,26.24,174.3,82.3,66.2,19.5,28.2,mixed_forest,NONE,99.3
KNT-VLB,2023-05-01,25.78,224.0,84.2,75.8,10.8,27.3,mixed_forest,NONE,99.8
KNT-VLB,2023-06-01,24.76,236.3,86.6,73.9,22.1,18.2,mixed_forest,NONE,97.0
KNT-VLB,2023-07-01,23.3,243.6,85.9,70.0,17.9,29.8,mixed_forest,NONE,94.9
KNT-VLB,2023-08-01,23.12,185.7,91.8,72.7,17.3,22.8,mixed_forest,NONE,92.4
KNT-VLB,2023-09-01,23.47,168.5,86.8,72.1,25.2,26.3,mixed_forest,NONE,97.7
KNT-VLB,2023-10-01,22.62,152.6,76.5,60.3,16.4,31.2,mixed_forest,NONE,94.9
KNT-VLB,2023-11-01,22.38,159.1,76.3,67.5,23.9,3.6,mixed_forest,NONE,94.4
KNT-VLB,2023-12-01,23.16,79.9,76.0,51.6,21.1,29.6,mixed_forest,NONE,92.8
KNT-VLB,2024-01-01,23.73,99.0,79.0,59.4,20.2,21.9,mixed_forest,NONE,96.1
KNT-VLB,2024-02-01,25.79,72.4,77.1,60.9,17.3,28.8,mixed_forest,NONE,98.7
KNT-VLB,2024-03-01,25.6,110.1,79.7,63.5,13.3,22.7,mixed_forest,NONE,100.0
KNT-VLB,2024-04-01,25.48,175.9,82.0,68.6,44.6,19.9,mixed_forest,NONE,93.9
KNT-VLB,2024-05-01,24.9,179.9,80.3,70.1,24.0,30.8,mixed_forest,NONE,97.0
KNT-VLB,2024-06-01,25.6,215.9,83.7,69.0,23.7,12.6,mixed_forest,NONE,95.8
KNT-VLB,2024-07-01,23.19,269.9,88.9,73.6,23.6,27.0,mixed_forest,NONE,92.9
KNT-VLB,2024-08-01,22.78,202.8,93.9,72.8,18.8,20.3,mixed_forest,NONE,100.0
KNT-VLB,2024-09-01,22.73,195.1,87.1,75.1,20.4,26.9,mixed_forest,NONE,96.2
KNT-VLB,2024-10-01,21.82,139.9,83.8,71.5,22.3,24.9,mixed_forest,NONE,97.2
KNT-VLB,2024-11-01,22.8,54.6,79.5,59.5,16.3,17.0,mixed_forest,NONE,92.8
KNT-VLB,2024-12-01,23.99,72.3,73.8,61.6,27.9,18.4,mixed_forest,NONE,95.4
KNT-VLB,2025-01-01,24.69,61.4,72.6,56.1,19.1,18.1,mixed_forest,NONE,94.3
KNT-VLB,2025-02-01,24.78,106.6,77.9,66.7,22.9,26.0,mixed_forest,NONE,97.3
KNT-VLB,2025-03-01,24.6,119.3,74.5,58.4,19.5,15.0,mixed_forest,NONE,97.2
KNT-VLB,2025-04-01,25.93,123.8,81.8,76.4,8.8,9.1,mixed_forest,NONE,97.5
KNT-VLB,2025-05-01,25.93,189.2,84.5,57.7,28.6,15.0,mixed_forest,NONE,95.4
KNT-VLB,2025-06-01,25.57,214.4,84.1,73.1,23.2,36.6,mixed_forest,NONE,89.3
KNT-VXR,2019-01-01,25.49,55.0,62.8,67.0,17.8,6.1,mixed_forest,NONE,97.3
KNT-VXR,2019-02-01,26.03,92.8,64.6,59.3,29.5,10.0,mixed_forest,NONE,100.0
KNT-VXR,2019-03-01,25.89,144.3,63.3,67.7,23.5,3.9,mixed_forest,NONE,95.7
KNT-VXR,2019-04-01,27.15,216.8,66.5,64.4,14.9,9.9,mixed_forest,NONE,96.2
KNT-VXR,2019-05-01,26.97,225.3,69.4,70.1,21.8,6.1,mixed_forest,NONE,100.0
KNT-VXR,2019-06-01,26.14,258.9,76.9,74.3,23.3,9.4,mixed_forest,NONE,99.9
KNT-VXR,2019-07-01,24.93,285.1,79.8,78.4,17.8,22.6,mixed_forest,NONE,96.2
KNT-VXR,2019-08-01,24.71,272.7,79.6,74.9,27.6,16.2,mixed_forest,HEAVY_RAIN,98.9
KNT-VXR,2019-09-01,23.41,253.4,70.3,61.3,18.3,31.0,mixed_forest,NONE,93.0
KNT-VXR,2019-10-01,23.55,184.1,64.7,65.0,17.5,20.5,mixed_forest,NONE,89.4
KNT-VXR,2019-11-01,24.24,139.4,58.0,61.3,30.3,9.2,mixed_forest,NONE,94.9
KNT-VXR,2019-12-01,24.45,87.5,62.3,66.8,25.7,16.9,mixed_forest,NONE,95.4
KNT-VXR,2020-01-01,25.34,55.6,58.2,62.9,26.6,11.2,mixed_forest,NONE,93.2
KNT-VXR,2020-02-01,26.69,64.6,59.8,65.8,14.3,13.8,mixed_forest,NONE,98.8
KNT-VXR,2020-03-01,26.49,93.1,63.7,66.4,23.5,16.4,mixed_forest,NONE,99.1
KNT-VXR,2020-04-01,26.97,168.4,74.0,70.6,23.2,20.0,mixed_forest,NONE,100.0
KNT-VXR,2020-05-01,26.23,281.5,76.7,70.8,27.4,11.4,mixed_forest,NONE,100.0
KNT-VXR,2020-06-01,26.13,280.3,78.1,72.4,22.9,14.9,mixed_forest,NONE,92.1
KNT-VXR,2020-07-01,25.19,257.7,74.5,69.4,19.3,21.1,mixed_forest,NONE,100.0
KNT-VXR,2020-08-01,24.69,255.9,75.3,75.6,34.9,8.7,mixed_forest,NONE,94.7
KNT-VXR,2020-09-01,23.5,251.1,72.8,67.6,23.5,0.0,mixed_forest,NONE,95.3
KNT-VXR,2020-10-01,24.52,165.6,68.4,72.1,23.4,21.2,mixed_forest,NONE,97.8
KNT-VXR,2020-11-01,23.49,113.6,67.2,60.1,17.1,13.6,mixed_forest,NONE,86.1
KNT-VXR,2020-12-01,24.99,105.7,66.1,57.0,25.5,17.6,mixed_forest,NONE,93.9
KNT-VXR,2021-01-01,25.06,49.9,61.8,64.6,18.6,8.3,mixed_forest,NONE,94.5
KNT-VXR,2021-02-01,25.91,104.4,57.0,65.3,24.3,23.4,mixed_forest,NONE,99.2
KNT-VXR,2021-03-01,26.25,146.9,66.4,69.1,17.4,16.5,mixed_forest,NONE,90.3
KNT-VXR,2021-04-01,27.3,166.0,70.5,70.9,24.8,7.6,mixed_forest,NONE,92.4
KNT-VXR,2021-05-01,27.08,247.4,71.3,71.6,13.9,20.6,mixed_forest,NONE,96.0
KNT-VXR,2021-06-01,26.34,279.3,75.7,74.2,15.9,10.5,mixed_forest,NONE,99.5
KNT-VXR,2021-07-01,25.08,272.5,75.1,72.2,14.2,12.0,mixed_forest,NONE,100.0
KNT-VXR,2021-08-01,24.62,266.0,74.2,72.7,14.8,10.1,mixed_forest,NONE,99.1
KNT-VXR,2021-09-01,23.89,192.2,71.4,73.1,16.0,14.9,mixed_forest,NONE,96.6
KNT-VXR,2021-10-01,23.5,179.2,64.7,65.7,14.9,7.2,mixed_forest,NONE,95.0
KNT-VXR,2021-11-01,24.01,141.6,64.7,62.4,16.5,23.9,mixed_forest,NONE,91.6
KNT-VXR,2021-12-01,24.58,118.9,59.6,53.0,21.3,28.1,mixed_forest,NONE,95.1
KNT-VXR,2022-01-01,25.8,72.0,62.4,60.3,20.8,3.9,mixed_forest,NONE,99.4
KNT-VXR,2022-02-01,26.63,71.1,59.9,66.9,15.5,14.2,mixed_forest,NONE,91.2
KNT-VXR,2022-03-01,27.58,160.7,62.6,71.2,25.2,15.0,mixed_forest,NONE,99.0
KNT-VXR,2022-04-01,27.19,174.2,69.2,76.0,28.2,8.5,mixed_forest,NONE,96.7
KNT-VXR,2022-05-01,26.21,220.4,66.2,65.0,18.9,16.4,mixed_forest,NONE,100.0
KNT-VXR,2022-06-01,25.78,318.1,68.9,77.2,24.9,10.0,mixed_forest,HEAVY_RAIN,89.6
KNT-VXR,2022-07-01,25.51,291.2,82.0,74.2,31.3,23.7,mixed_forest,NONE,100.0
KNT-VXR,2022-08-01,25.22,280.3,74.7,79.1,16.9,25.0,mixed_forest,NONE,99.9
KNT-VXR,2022-09-01,23.84,256.8,73.1,66.1,21.2,20.9,mixed_forest,NONE,97.7
KNT-VXR,2022-10-01,23.57,149.8,66.7,70.5,23.9,9.4,mixed_forest,NONE,92.9
KNT-VXR,2022-11-01,23.51,95.8,62.8,62.1,16.7,9.2,mixed_forest,NONE,96.0
KNT-VXR,2022-12-01,24.81,91.8,57.6,65.7,23.3,22.7,mixed_forest,NONE,92.8
KNT-VXR,2023-01-01,24.2,94.8,64.9,59.0,23.6,10.1,mixed_forest,NONE,94.1
KNT-VXR,2023-02-01,26.45,116.0,66.3,58.1,25.2,15.2,mixed_forest,NONE,99.0
KNT-VXR,2023-03-01,26.28,130.4,68.0,69.8,23.9,0.8,mixed_forest,NONE,95.5
KNT-VXR,2023-04-01,26.95,195.4,67.6,64.9,31.9,2.2,mixed_forest,NONE,99.9
KNT-VXR,2023-05-01,27.04,259.6,70.1,75.1,29.7,2.9,mixed_forest,NONE,96.6
KNT-VXR,2023-06-01,26.29,309.1,72.2,64.8,29.0,17.1,mixed_forest,NONE,92.6
KNT-VXR,2023-07-01,25.62,277.6,76.6,84.4,32.9,13.9,mixed_forest,NONE,97.1
KNT-VXR,2023-08-01,25.69,265.4,75.3,80.3,23.5,17.6,mixed_forest,NONE,93.6
KNT-VXR,2023-09-01,24.45,246.6,72.3,70.0,27.1,13.9,mixed_forest,NONE,99.1
KNT-VXR,2023-10-01,24.23,179.7,74.2,67.3,22.4,25.2,mixed_forest,NONE,96.4
KNT-VXR,2023-11-01,24.31,148.8,68.6,73.1,29.9,21.6,mixed_forest,NONE,96.7
KNT-VXR,2023-12-01,24.31,91.5,65.9,59.8,21.8,12.3,mixed_forest,NONE,97.1
KNT-VXR,2024-01-01,25.81,67.7,59.7,61.3,19.3,21.8,mixed_forest,NONE,89.8
KNT-VXR,2024-02-01,26.66,61.0,59.9,64.1,24.6,23.1,mixed_forest,NONE,93.0
KNT-VXR,2024-03-01,26.42,148.1,67.1,67.3,27.0,8.6,mixed_forest,NONE,95.7
KNT-VXR,2024-04-01,27.56,164.2,64.0,72.4,25.4,17.0,mixed_forest,NONE,99.6
KNT-VXR,2024-05-01,27.27,230.2,69.5,72.45,12.3,20.4,mixed_forest,NONE,93.3
KNT-VXR,2024-06-01,27.15,268.9,74.1,72.5,19.9,12.4,mixed_forest,NONE,98.3
KNT-VXR,2024-07-01,26.08,320.7,73.8,76.0,28.4,4.2,mixed_forest,NONE,96.2
KNT-VXR,2024-08-01,25.6,289.0,77.7,65.5,19.1,5.9,mixed_forest,NONE,88.2
KNT-VXR,2024-09-01,24.76,251.1,71.0,66.6,30.7,14.9,mixed_forest,NONE,98.7
KNT-VXR,2024-10-01,24.38,194.8,67.4,64.5,27.8,9.9,mixed_forest,NONE,94.5
KNT-VXR,2024-11-01,24.18,105.4,68.8,70.0,36.0,24.4,mixed_forest,NONE,100.0
KNT-VXR,2024-12-01,25.57,86.6,65.7,62.2,21.9,28.8,mixed_forest,NONE,98.4
KNT-VXR,2025-01-01,26.09,57.0,58.2,57.5,20.5,3.9,mixed_forest,NONE,95.8
KNT-VXR,2025-02-01,26.89,70.9,61.8,56.8,24.5,30.7,mixed_forest,NONE,95.7
KNT-VXR,2025-03-01,27.59,139.2,70.0,67.6,11.8,16.3,mixed_forest,NONE,99.5
KNT-VXR,2025-04-01,27.37,174.2,68.0,67.9,12.9,16.7,mixed_forest,NONE,96.5
KNT-VXR,2025-05-01,28.67,279.8,71.2,75.6,22.1,18.6,mixed_forest,NONE,98.9
KNT-VXR,2025-06-01,25.22,251.7,79.1,71.9,21.0,16.7,mixed_forest,NONE,88.1
KNT-WUQ,2019-01-01,26.07,5.0,64.0,51.8,41.4,27.4,protected_forest,DRY_SPELL,95.9
KNT-WUQ,2019-02-01,25.12,82.8,69.4,53.5,37.6,37.1,protected_forest,NONE,95.6
KNT-WUQ,2019-03-01,26.41,96.7,65.3,47.4,37.8,32.7,protected_forest,NONE,95.2
KNT-WUQ,2019-04-01,26.83,187.8,70.0,56.0,39.7,39.3,protected_forest,NONE,97.4
KNT-WUQ,2019-05-01,26.71,227.4,74.7,57.9,36.0,42.5,protected_forest,NONE,97.4
KNT-WUQ,2019-06-01,25.77,233.9,77.9,56.3,28.5,27.8,protected_forest,NONE,100.0
KNT-WUQ,2019-07-01,24.9,282.0,82.6,61.4,30.3,27.0,protected_forest,NONE,98.6
KNT-WUQ,2019-08-01,24.46,211.3,82.0,69.2,36.9,28.9,protected_forest,NONE,95.4
KNT-WUQ,2019-09-01,24.25,205.7,76.6,64.8,32.8,33.4,protected_forest,NONE,100.0
KNT-WUQ,2019-10-01,23.42,113.3,80.1,51.2,20.7,24.9,protected_forest,NONE,100.0
KNT-WUQ,2019-11-01,24.51,106.7,72.7,58.3,33.8,36.4,protected_forest,NONE,95.2
KNT-WUQ,2019-12-01,24.76,99.7,71.3,50.4,38.1,31.8,protected_forest,NONE,96.6
KNT-WUQ,2020-01-01,24.3,69.9,65.8,50.6,38.6,35.6,protected_forest,NONE,95.5
KNT-WUQ,2020-02-01,25.55,53.3,66.8,45.4,35.4,34.1,protected_forest,NONE,94.7
KNT-WUQ,2020-03-01,26.17,106.1,66.5,59.7,27.9,45.5,protected_forest,NONE,99.6
KNT-WUQ,2020-04-01,26.22,170.1,71.4,66.2,40.9,39.1,protected_forest,NONE,97.9
KNT-WUQ,2020-05-01,26.38,216.4,77.1,58.9,40.2,40.1,protected_forest,NONE,95.7
KNT-WUQ,2020-06-01,25.77,238.0,76.9,62.5,41.4,27.4,protected_forest,NONE,89.7
KNT-WUQ,2020-07-01,24.26,201.1,84.7,72.1,35.2,29.7,protected_forest,NONE,99.5
KNT-WUQ,2020-08-01,24.4,199.2,78.0,61.7,36.0,29.9,protected_forest,NONE,95.0
KNT-WUQ,2020-09-01,23.32,198.9,77.0,62.5,30.7,32.2,protected_forest,NONE,98.1
KNT-WUQ,2020-10-01,23.92,153.3,76.2,62.7,40.9,32.8,protected_forest,NONE,92.6
KNT-WUQ,2020-11-01,24.09,70.9,64.4,56.7,36.7,33.3,protected_forest,NONE,92.1
KNT-WUQ,2020-12-01,24.32,69.3,63.0,50.9,36.5,29.8,protected_forest,NONE,98.4
KNT-WUQ,2021-01-01,25.19,85.6,64.1,55.2,39.1,33.2,protected_forest,NONE,98.5
KNT-WUQ,2021-02-01,27.27,59.2,68.1,49.9,35.8,34.5,protected_forest,NONE,100.0
KNT-WUQ,2021-03-01,26.91,136.9,67.4,58.4,37.7,33.9,protected_forest,NONE,92.1
KNT-WUQ,2021-04-01,28.49,171.0,73.2,58.0,36.2,35.5,protected_forest,NONE,95.1
KNT-WUQ,2021-05-01,28.0,204.8,73.7,63.3,41.3,36.5,protected_forest,NONE,96.5
KNT-WUQ,2021-06-01,26.28,258.3,83.6,66.8,21.6,39.8,protected_forest,NONE,96.1
KNT-WUQ,2021-07-01,25.25,273.6,82.7,70.9,44.8,28.0,protected_forest,NONE,98.9
KNT-WUQ,2021-08-01,25.21,233.1,82.7,63.8,34.2,39.2,protected_forest,NONE,87.4
KNT-WUQ,2021-09-01,23.63,184.8,77.8,68.7,44.7,31.5,protected_forest,NONE,97.1
KNT-WUQ,2021-10-01,23.87,155.9,73.9,54.6,46.6,34.8,protected_forest,NONE,90.4
KNT-WUQ,2021-11-01,24.21,115.9,67.4,56.6,30.1,40.3,protected_forest,NONE,100.0
KNT-WUQ,2021-12-01,25.27,75.8,68.7,54.8,32.8,31.8,protected_forest,NONE,95.3
KNT-WUQ,2022-01-01,25.65,111.2,59.9,48.8,32.6,25.5,protected_forest,NONE,94.4
KNT-WUQ,2022-02-01,26.49,26.9,63.3,58.9,34.6,27.9,protected_forest,DRY_SPELL,96.2
KNT-WUQ,2022-03-01,27.4,86.8,65.5,57.6,43.1,34.5,protected_forest,NONE,95.4
KNT-WUQ,2022-04-01,27.37,136.6,67.0,62.8,32.5,30.7,protected_forest,NONE,94.0
KNT-WUQ,2022-05-01,26.91,211.4,74.3,59.0,33.2,40.0,protected_forest,NONE,98.5
KNT-WUQ,2022-06-01,25.4,234.9,77.8,61.9,37.5,37.8,protected_forest,NONE,97.3
KNT-WUQ,2022-07-01,25.16,254.3,81.4,75.5,35.5,35.6,protected_forest,NONE,96.8
KNT-WUQ,2022-08-01,24.7,259.0,79.2,64.9,51.1,27.2,protected_forest,NONE,89.0
KNT-WUQ,2022-09-01,24.25,216.8,76.9,55.5,30.8,37.2,protected_forest,NONE,91.4
KNT-WUQ,2022-10-01,24.4,139.3,70.2,61.0,37.0,31.0,protected_forest,NONE,98.7
KNT-WUQ,2022-11-01,23.67,79.1,65.7,46.8,35.4,34.7,protected_forest,NONE,92.7
KNT-WUQ,2022-12-01,25.16,96.1,65.6,52.6,24.3,30.4,protected_forest,NONE,97.6
KNT-WUQ,2023-01-01,26.06,55.7,61.0,54.9,38.4,27.5,protected_forest,NONE,96.4
KNT-WUQ,2023-02-01,26.17,51.7,65.0,50.1,28.8,44.1,protected_forest,NONE,94.2
KNT-WUQ,2023-03-01,26.63,137.8,69.9,55.9,34.1,33.9,protected_forest,NONE,95.1
KNT-WUQ,2023-04-01,26.97,132.0,75.4,51.8,40.1,36.8,protected_forest,NONE,100.0
KNT-WUQ,2023-05-01,26.63,195.0,79.2,60.2,33.4,47.6,protected_forest,NONE,89.8
KNT-WUQ,2023-06-01,26.9,255.5,79.8,59.4,36.1,25.2,protected_forest,NONE,96.6
KNT-WUQ,2023-07-01,26.49,252.8,80.2,65.7,32.9,35.6,protected_forest,NONE,95.0
KNT-WUQ,2023-08-01,24.57,215.0,86.1,71.0,45.2,36.0,protected_forest,NONE,96.8
KNT-WUQ,2023-09-01,23.15,219.6,80.0,66.7,28.9,32.0,protected_forest,NONE,90.7
KNT-WUQ,2023-10-01,22.77,173.7,76.5,59.6,33.0,46.4,protected_forest,NONE,98.0
KNT-WUQ,2023-11-01,24.09,143.2,67.7,59.8,32.7,27.8,protected_forest,NONE,94.4
KNT-WUQ,2023-12-01,24.74,39.0,64.9,48.6,28.1,28.0,protected_forest,NONE,95.0
KNT-WUQ,2024-01-01,25.91,5.1,66.2,49.8,38.5,25.6,protected_forest,DRY_SPELL,95.6
KNT-WUQ,2024-02-01,27.17,95.3,66.9,62.4,43.2,40.5,protected_forest,NONE,99.6
KNT-WUQ,2024-03-01,25.98,101.6,68.1,59.6,38.3,39.4,protected_forest,NONE,94.2
KNT-WUQ,2024-04-01,28.05,148.3,74.3,65.4,28.8,35.5,protected_forest,NONE,100.0
KNT-WUQ,2024-05-01,26.93,217.0,76.8,64.6,39.0,37.0,protected_forest,NONE,96.0
KNT-WUQ,2024-06-01,25.92,251.8,81.9,61.9,32.3,44.9,protected_forest,NONE,92.5
KNT-WUQ,2024-07-01,25.76,246.2,84.7,67.7,43.7,32.3,protected_forest,NONE,96.2
KNT-WUQ,2024-08-01,25.81,246.3,78.0,63.7,29.4,39.0,protected_forest,NONE,98.9
KNT-WUQ,2024-09-01,24.33,251.0,79.5,67.7,49.3,53.6,protected_forest,NONE,98.2
KNT-WUQ,2024-10-01,23.46,178.1,66.6,58.5,40.7,46.4,protected_forest,NONE,90.7
KNT-WUQ,2024-11-01,24.75,86.2,73.4,52.0,35.4,35.6,protected_forest,NONE,89.5
KNT-WUQ,2024-12-01,23.74,121.9,62.2,49.8,28.7,34.7,protected_forest,NONE,90.7
KNT-WUQ,2025-01-01,25.61,46.1,62.6,53.2,31.4,36.4,protected_forest,NONE,94.6
KNT-WUQ,2025-02-01,25.63,36.9,65.6,56.7,30.3,25.1,protected_forest,NONE,94.4
KNT-WUQ,2025-03-01,25.92,137.1,67.6,51.9,25.7,16.1,protected_forest,NONE,89.3
KNT-WUQ,2025-04-01,27.52,125.4,73.2,57.2,45.2,28.5,protected_forest,NONE,99.1
KNT-WUQ,2025-05-01,27.46,209.6,80.6,63.8,30.5,35.4,protected_forest,NONE,98.8
KNT-WUQ,2025-06-01,25.37,241.1,74.7,63.1,38.8,33.4,protected_forest,NONE,100.0
KNT-XAC,2019-01-01,25.32,135.7,67.1,65.9,21.3,36.4,protected_forest,NONE,96.2
KNT-XAC,2019-02-01,25.61,60.0,69.2,71.7,13.0,25.5,protected_forest,NONE,95.4
KNT-XAC,2019-03-01,26.19,100.9,70.7,65.3,10.4,45.0,protected_forest,NONE,97.4
KNT-XAC,2019-04-01,26.38,191.3,81.1,78.3,13.3,41.1,protected_forest,NONE,94.1
KNT-XAC,2019-05-01,27.16,194.4,79.9,85.4,8.0,45.2,protected_forest,NONE,95.0
KNT-XAC,2019-06-01,25.64,214.4,85.9,72.4,21.6,30.8,protected_forest,NONE,96.1
KNT-XAC,2019-07-01,24.99,294.9,85.8,75.1,15.2,29.6,protected_forest,NONE,95.8
KNT-XAC,2019-08-01,25.28,238.9,84.0,68.3,8.1,42.8,protected_forest,NONE,93.5
KNT-XAC,2019-09-01,23.18,257.2,85.5,72.9,20.9,41.8,protected_forest,NONE,98.9
KNT-XAC,2019-10-01,23.03,167.8,73.1,67.2,0.0,41.3,protected_forest,NONE,100.0
KNT-XAC,2019-11-01,24.43,136.6,75.1,66.9,4.8,36.8,protected_forest,NONE,98.9
KNT-XAC,2019-12-01,24.74,57.4,64.0,69.0,25.2,21.1,protected_forest,NONE,99.0
KNT-XAC,2020-01-01,24.33,40.3,74.3,71.9,14.8,30.7,protected_forest,NONE,95.7
KNT-XAC,2020-02-01,25.28,76.6,69.4,61.0,16.3,48.8,protected_forest,NONE,95.1
KNT-XAC,2020-03-01,26.81,175.6,70.3,59.9,12.8,36.0,protected_forest,NONE,97.4
KNT-XAC,2020-04-01,26.99,130.6,73.7,78.3,22.2,30.6,protected_forest,NONE,90.0
KNT-XAC,2020-05-01,27.68,238.0,82.3,69.7,11.7,35.7,protected_forest,NONE,94.9
KNT-XAC,2020-06-01,25.74,209.8,86.7,78.7,21.0,32.4,protected_forest,NONE,99.8
KNT-XAC,2020-07-01,24.9,225.8,83.5,77.4,7.2,38.8,protected_forest,NONE,97.9
KNT-XAC,2020-08-01,24.1,224.3,83.1,81.6,12.9,38.2,protected_forest,NONE,92.9
KNT-XAC,2020-09-01,24.2,212.3,78.9,73.6,15.8,33.8,protected_forest,NONE,98.2
KNT-XAC,2020-10-01,23.58,161.6,78.9,67.4,9.3,30.5,protected_forest,NONE,93.2
KNT-XAC,2020-11-01,23.75,113.0,72.7,55.6,8.5,45.3,protected_forest,NONE,97.5
KNT-XAC,2020-12-01,24.9,76.5,72.0,67.5,1.0,34.8,protected_forest,NONE,90.1
KNT-XAC,2021-01-01,26.03,63.3,69.3,67.7,8.3,37.6,protected_forest,NONE,92.6
KNT-XAC,2021-02-01,27.23,72.9,76.2,66.9,9.0,31.3,protected_forest,NONE,100.0
KNT-XAC,2021-03-01,26.26,94.0,71.0,66.8,10.1,43.7,protected_forest,NONE,96.2
KNT-XAC,2021-04-01,25.26,197.2,78.7,76.8,6.0,51.0,protected_forest,NONE,96.2
KNT-XAC,2021-05-01,26.64,252.3,82.7,74.3,20.9,25.0,protected_forest,NONE,96.2
KNT-XAC,2021-06-01,26.72,260.0,87.0,71.9,22.7,19.1,protected_forest,NONE,94.0
KNT-XAC,2021-07-01,25.32,222.7,83.7,80.8,11.6,32.9,protected_forest,NONE,100.0
KNT-XAC,2021-08-01,24.84,249.6,88.7,81.2,16.6,21.7,protected_forest,NONE,98.6
KNT-XAC,2021-09-01,23.62,244.3,82.9,69.5,20.9,36.1,protected_forest,NONE,100.0
KNT-XAC,2021-10-01,24.89,134.1,75.2,71.5,11.4,21.0,protected_forest,NONE,91.9
KNT-XAC,2021-11-01,24.31,78.0,74.2,69.9,19.9,31.3,protected_forest,NONE,93.0
KNT-XAC,2021-12-01,24.41,107.9,68.8,64.5,21.7,34.2,protected_forest,NONE,95.8
KNT-XAC,2022-01-01,25.09,73.2,69.4,58.4,7.5,38.4,protected_forest,NONE,100.0
KNT-XAC,2022-02-01,26.58,56.0,70.3,66.4,22.4,20.4,protected_forest,NONE,95.8
KNT-XAC,2022-03-01,26.17,115.7,73.0,66.3,14.8,37.9,protected_forest,NONE,97.0
KNT-XAC,2022-04-01,26.81,132.3,78.0,67.8,15.5,32.7,protected_forest,NONE,98.7
KNT-XAC,2022-05-01,26.98,239.6,80.9,75.3,16.7,41.4,protected_forest,NONE,91.0
KNT-XAC,2022-06-01,26.75,253.4,78.3,73.5,13.9,49.2,protected_forest,NONE,93.3
KNT-XAC,2022-07-01,25.4,290.2,86.0,75.8,16.0,48.1,protected_forest,NONE,99.2
KNT-XAC,2022-08-01,24.74,222.8,85.3,82.1,16.0,31.5,protected_forest,NONE,96.6
KNT-XAC,2022-09-01,23.53,221.2,88.2,70.7,9.5,21.6,protected_forest,NONE,98.0
KNT-XAC,2022-10-01,23.42,263.1,80.4,73.0,14.1,44.2,protected_forest,NONE,89.0
KNT-XAC,2022-11-01,24.24,111.4,71.0,71.2,11.7,40.1,protected_forest,NONE,97.1
KNT-XAC,2022-12-01,24.25,97.3,69.9,58.8,17.1,25.6,protected_forest,NONE,92.9
KNT-XAC,2023-01-01,24.25,5.0,72.0,61.85,11.6,46.3,protected_forest,DRY_SPELL,90.9
KNT-XAC,2023-02-01,26.91,70.2,74.6,64.9,13.0,44.6,protected_forest,NONE,95.0
KNT-XAC,2023-03-01,26.51,106.4,76.0,73.6,15.5,23.8,protected_forest,NONE,94.5
KNT-XAC,2023-04-01,27.14,197.7,79.6,66.2,19.9,33.4,protected_forest,NONE,92.4
KNT-XAC,2023-05-01,27.21,243.7,87.6,75.0,6.7,42.6,protected_forest,NONE,95.2
KNT-XAC,2023-06-01,25.93,256.4,80.0,77.2,5.8,27.6,protected_forest,NONE,92.7
KNT-XAC,2023-07-01,24.74,254.9,85.6,80.3,10.3,29.5,protected_forest,NONE,94.7
KNT-XAC,2023-08-01,23.97,275.8,87.8,74.8,11.1,51.6,protected_forest,NONE,94.8
KNT-XAC,2023-09-01,23.28,227.8,79.7,76.7,17.7,34.7,protected_forest,NONE,91.2
KNT-XAC,2023-10-01,23.42,197.0,80.6,70.0,15.3,33.8,protected_forest,NONE,100.0
KNT-XAC,2023-11-01,23.76,149.5,73.4,63.1,18.2,37.4,protected_forest,NONE,97.4
KNT-XAC,2023-12-01,24.67,77.6,66.1,58.4,24.0,44.4,protected_forest,NONE,95.3
KNT-XAC,2024-01-01,25.41,57.2,65.2,67.3,7.9,37.5,protected_forest,NONE,99.5
KNT-XAC,2024-02-01,27.47,55.6,71.4,58.7,8.7,41.6,protected_forest,NONE,95.2
KNT-XAC,2024-03-01,27.26,147.9,74.4,65.7,8.3,38.2,protected_forest,NONE,91.7
KNT-XAC,2024-04-01,27.15,142.5,77.6,66.3,11.5,36.1,protected_forest,NONE,98.2
KNT-XAC,2024-05-01,27.26,213.7,88.1,73.8,12.3,43.2,protected_forest,NONE,90.8
KNT-XAC,2024-06-01,26.31,277.5,86.9,79.3,8.6,40.7,protected_forest,NONE,92.9
KNT-XAC,2024-07-01,24.5,303.9,84.2,82.8,18.5,36.1,protected_forest,NONE,98.0
KNT-XAC,2024-08-01,24.16,229.6,87.3,69.9,20.1,37.9,protected_forest,NONE,93.3
KNT-XAC,2024-09-01,24.64,220.8,81.3,79.2,21.3,30.5,protected_forest,NONE,94.3
KNT-XAC,2024-10-01,23.66,127.0,81.1,67.9,9.4,45.3,protected_forest,NONE,93.5
KNT-XAC,2024-11-01,23.14,86.9,75.3,71.1,11.1,34.0,protected_forest,NONE,88.4
KNT-XAC,2024-12-01,24.17,87.4,68.7,52.2,8.5,25.5,protected_forest,NONE,97.7
KNT-XAC,2025-01-01,25.6,67.1,70.9,66.4,2.2,52.2,protected_forest,NONE,95.8
KNT-XAC,2025-02-01,26.01,106.3,73.8,72.9,7.0,35.1,protected_forest,NONE,96.0
KNT-XAC,2025-03-01,26.94,95.8,73.4,67.2,19.1,36.2,protected_forest,NONE,97.4
KNT-XAC,2025-04-01,25.88,155.5,80.3,74.9,13.9,38.2,protected_forest,NONE,96.7
KNT-XAC,2025-05-01,26.69,165.4,77.5,68.3,18.9,42.4,protected_forest,NONE,95.5
KNT-XAC,2025-06-01,25.9,267.2,83.0,68.7,27.2,39.2,protected_forest,NONE,98.4
KNT-YRG,2019-01-01,24.87,88.2,64.5,33.7,25.6,29.4,degraded_land,NONE,94.9
KNT-YRG,2019-02-01,25.4,101.6,68.2,37.6,33.3,33.9,degraded_land,NONE,94.0
KNT-YRG,2019-03-01,25.98,123.5,64.6,44.3,36.0,29.7,degraded_land,NONE,94.8
KNT-YRG,2019-04-01,26.65,244.5,71.9,46.7,29.6,39.6,degraded_land,NONE,94.1
KNT-YRG,2019-05-01,26.71,241.0,76.5,44.8,29.1,28.2,degraded_land,NONE,97.5
KNT-YRG,2019-06-01,25.06,384.3,79.6,45.9,31.2,33.1,degraded_land,NONE,98.4
KNT-YRG,2019-07-01,23.91,377.9,83.6,44.9,25.5,25.4,degraded_land,NONE,96.6
KNT-YRG,2019-08-01,24.92,280.7,81.2,55.9,23.5,15.4,degraded_land,NONE,98.3
KNT-YRG,2019-09-01,23.53,276.7,80.3,45.0,23.9,38.2,degraded_land,NONE,97.9
KNT-YRG,2019-10-01,22.92,244.9,68.1,37.3,32.2,35.6,degraded_land,NONE,94.2
KNT-YRG,2019-11-01,23.25,130.4,71.7,37.9,32.2,27.1,degraded_land,NONE,96.8
KNT-YRG,2019-12-01,23.75,102.7,63.3,33.9,21.1,26.2,degraded_land,NONE,95.9
KNT-YRG,2020-01-01,24.78,65.0,68.3,30.9,40.3,34.1,degraded_land,NONE,93.7
KNT-YRG,2020-02-01,25.29,73.8,66.1,31.3,23.3,23.0,degraded_land,NONE,92.7
KNT-YRG,2020-03-01,26.29,120.3,69.2,34.4,21.2,30.9,degraded_land,NONE,96.8
KNT-YRG,2020-04-01,27.1,255.5,70.8,40.7,34.4,27.2,degraded_land,NONE,100.0
KNT-YRG,2020-05-01,25.64,265.5,77.6,47.5,36.1,23.7,degraded_land,NONE,97.5
KNT-YRG,2020-06-01,25.97,307.0,80.1,44.3,27.4,36.9,degraded_land,NONE,92.9
KNT-YRG,2020-07-01,24.54,346.6,80.6,54.0,33.6,22.6,degraded_land,HEAVY_RAIN,95.9
KNT-YRG,2020-08-01,24.22,348.2,79.2,50.6,32.0,33.0,degraded_land,NONE,98.2
KNT-YRG,2020-09-01,23.49,269.0,79.5,49.2,31.9,23.6,degraded_land,NONE,93.3
KNT-YRG,2020-10-01,23.83,222.2,78.2,43.0,23.1,29.3,degraded_land,NONE,100.0
KNT-YRG,2020-11-01,23.73,134.7,71.0,34.8,22.1,22.0,degraded_land,NONE,99.1
KNT-YRG,2020-12-01,23.65,115.6,66.8,37.9,35.3,21.8,degraded_land,NONE,95.4
KNT-YRG,2021-01-01,25.03,84.6,64.1,25.4,34.0,31.6,degraded_land,NONE,100.0
KNT-YRG,2021-02-01,25.85,66.8,67.0,30.9,34.9,34.9,degraded_land,NONE,92.7
KNT-YRG,2021-03-01,26.4,143.5,69.7,31.6,23.5,27.1,degraded_land,NONE,99.8
KNT-YRG,2021-04-01,26.03,211.7,69.7,34.9,29.2,29.6,degraded_land,NONE,100.0
KNT-YRG,2021-05-01,26.29,308.5,75.6,43.8,35.0,31.1,degraded_land,NONE,100.0
KNT-YRG,2021-06-01,25.97,282.5,88.2,40.1,29.2,28.9,degraded_land,NONE,92.6
KNT-YRG,2021-07-01,25.47,291.4,80.0,52.5,25.6,34.1,degraded_land,NONE,91.6
KNT-YRG,2021-08-01,25.33,246.5,82.6,51.4,32.8,38.1,degraded_land,NONE,96.2
KNT-YRG,2021-09-01,24.03,241.3,74.4,47.0,43.7,37.7,degraded_land,NONE,96.3
KNT-YRG,2021-10-01,22.64,199.1,76.0,41.0,38.3,37.5,degraded_land,NONE,100.0
KNT-YRG,2021-11-01,23.04,139.5,68.7,35.9,18.4,36.2,degraded_land,NONE,98.1
KNT-YRG,2021-12-01,24.59,96.8,61.3,30.7,29.9,22.5,degraded_land,NONE,100.0
KNT-YRG,2022-01-01,25.57,93.6,67.7,38.8,42.2,41.5,degraded_land,NONE,94.4
KNT-YRG,2022-02-01,25.25,73.3,62.4,34.7,30.1,25.8,degraded_land,NONE,90.1
KNT-YRG,2022-03-01,26.31,130.8,71.3,45.1,24.2,17.4,degraded_land,NONE,94.0
KNT-YRG,2022-04-01,26.27,202.2,73.4,45.0,19.4,21.4,degraded_land,NONE,95.5
KNT-YRG,2022-05-01,26.31,258.3,73.5,40.4,33.1,28.3,degraded_land,NONE,96.0
KNT-YRG,2022-06-01,24.99,330.9,78.9,48.9,28.7,38.8,degraded_land,HEAVY_RAIN,96.4
KNT-YRG,2022-07-01,25.19,271.1,83.1,53.8,36.3,25.0,degraded_land,NONE,91.9
KNT-YRG,2022-08-01,24.19,295.7,83.1,38.9,33.4,43.1,degraded_land,NONE,95.5
KNT-YRG,2022-09-01,23.11,289.8,79.5,41.4,26.2,36.2,degraded_land,NONE,100.0
KNT-YRG,2022-10-01,23.12,206.3,73.4,44.4,34.9,28.8,degraded_land,NONE,96.9
KNT-YRG,2022-11-01,24.5,200.6,67.5,35.7,40.0,47.1,degraded_land,NONE,97.5
KNT-YRG,2022-12-01,24.82,106.9,72.1,31.7,36.4,37.3,degraded_land,NONE,96.6
KNT-YRG,2023-01-01,24.84,104.1,66.9,40.8,31.6,23.2,degraded_land,NONE,100.0
KNT-YRG,2023-02-01,25.37,35.9,64.5,38.2,41.6,28.3,degraded_land,NONE,93.7
KNT-YRG,2023-03-01,26.41,135.0,70.4,39.7,17.5,34.7,degraded_land,NONE,98.1
KNT-YRG,2023-04-01,27.04,240.3,70.3,45.6,40.5,41.2,degraded_land,NONE,91.5
KNT-YRG,2023-05-01,26.19,247.0,77.5,48.7,24.0,27.2,degraded_land,NONE,97.8
KNT-YRG,2023-06-01,25.77,331.0,77.3,46.4,40.1,28.4,degraded_land,NONE,98.2
KNT-YRG,2023-07-01,25.3,331.6,81.5,51.1,23.2,36.2,degraded_land,NONE,97.9
KNT-YRG,2023-08-01,23.66,331.7,84.7,47.1,29.2,36.8,degraded_land,NONE,92.1
KNT-YRG,2023-09-01,23.85,263.0,72.3,45.3,26.9,32.2,degraded_land,NONE,96.1
KNT-YRG,2023-10-01,22.99,176.4,74.4,42.1,33.8,37.5,degraded_land,NONE,94.2
KNT-YRG,2023-11-01,23.46,169.7,67.2,39.6,27.6,33.4,degraded_land,NONE,95.6
KNT-YRG,2023-12-01,24.65,111.1,66.8,33.3,34.6,30.7,degraded_land,NONE,90.1
KNT-YRG,2024-01-01,24.2,81.8,66.7,36.2,28.4,37.7,degraded_land,NONE,100.0
KNT-YRG,2024-02-01,26.76,117.0,66.2,42.2,32.6,25.0,degraded_land,NONE,97.0
KNT-YRG,2024-03-01,28.14,135.6,71.1,42.2,32.0,37.8,degraded_land,NONE,96.3
KNT-YRG,2024-04-01,27.0,231.0,70.0,47.4,40.4,47.4,degraded_land,NONE,93.3
KNT-YRG,2024-05-01,26.94,252.0,73.9,43.3,21.5,35.4,degraded_land,NONE,93.3
KNT-YRG,2024-06-01,26.0,284.2,76.0,44.5,35.0,33.5,degraded_land,NONE,100.0
KNT-YRG,2024-07-01,26.87,329.4,83.7,58.2,42.5,33.8,degraded_land,NONE,100.0
KNT-YRG,2024-08-01,24.45,305.8,77.2,51.0,35.3,35.2,degraded_land,NONE,98.0
KNT-YRG,2024-09-01,23.05,265.0,78.9,44.0,30.6,29.7,degraded_land,NONE,99.1
KNT-YRG,2024-10-01,24.15,205.9,74.0,45.1,26.6,29.3,degraded_land,NONE,99.8
KNT-YRG,2024-11-01,23.55,142.9,70.8,34.4,42.5,33.1,degraded_land,NONE,96.9
KNT-YRG,2024-12-01,25.14,107.2,62.7,35.2,38.4,24.9,degraded_land,NONE,96.0
KNT-YRG,2025-01-01,26.23,97.8,66.7,39.2,26.6,27.3,degraded_land,NONE,97.7
KNT-YRG,2025-02-01,25.91,108.9,68.0,35.1,38.8,39.1,degraded_land,NONE,96.2
KNT-YRG,2025-03-01,27.16,172.2,70.1,39.7,31.5,38.2,degraded_land,NONE,99.8
KNT-YRG,2025-04-01,27.56,234.5,73.8,43.2,24.6,41.3,degraded_land,NONE,98.0
KNT-YRG,2025-05-01,27.14,255.1,74.6,41.1,29.3,28.3,degraded_land,HEAVY_RAIN,99.2
KNT-YRG,2025-06-01,25.99,323.0,76.2,43.1,30.3,35.8,degraded_land,NONE,99.6
KNT-YRX,2019-01-01,25.29,68.8,71.9,27.0,44.8,22.4,mixed_forest,NONE,89.0
KNT-YRX,2019-02-01,24.66,58.7,74.4,32.3,55.1,3.4,mixed_forest,NONE,96.2
KNT-YRX,2019-03-01,25.49,70.7,74.8,34.1,54.3,17.6,mixed_forest,NONE,92.1
KNT-YRX,2019-04-01,27.11,163.4,79.6,26.5,64.1,18.8,mixed_forest,NONE,98.2
KNT-YRX,2019-05-01,26.22,179.0,84.5,38.5,50.9,6.0,mixed_forest,NONE,96.1
KNT-YRX,2019-06-01,24.65,246.0,85.7,36.1,39.9,17.6,mixed_forest,NONE,94.3
KNT-YRX,2019-07-01,23.56,244.7,94.3,38.6,38.7,26.8,mixed_forest,NONE,97.6
KNT-YRX,2019-08-01,23.32,297.6,87.2,36.7,51.1,0.0,mixed_forest,NONE,97.7
KNT-YRX,2019-09-01,22.45,243.3,86.6,37.0,56.5,18.6,mixed_forest,NONE,97.6
KNT-YRX,2019-10-01,22.89,177.8,81.7,34.4,40.8,24.6,mixed_forest,NONE,96.1
KNT-YRX,2019-11-01,22.46,131.3,75.0,29.6,50.7,23.1,mixed_forest,NONE,99.1
KNT-YRX,2019-12-01,24.02,56.7,76.2,26.5,49.5,13.2,mixed_forest,NONE,93.5
KNT-YRX,2020-01-01,23.78,83.2,73.9,27.0,43.2,17.9,mixed_forest,NONE,94.3
KNT-YRX,2020-02-01,25.8,53.4,77.3,26.7,48.4,11.0,mixed_forest,NONE,94.6
KNT-YRX,2020-03-01,25.17,121.6,73.5,28.4,39.1,16.8,mixed_forest,NONE,96.5
KNT-YRX,2020-04-01,26.07,154.9,76.6,38.4,37.6,24.9,mixed_forest,NONE,100.0
KNT-YRX,2020-05-01,25.92,187.8,88.3,40.6,50.7,29.6,mixed_forest,NONE,100.0
KNT-YRX,2020-06-01,24.68,274.6,86.0,43.6,33.6,7.6,mixed_forest,NONE,96.8
KNT-YRX,2020-07-01,23.98,245.3,85.1,36.2,41.0,13.9,mixed_forest,NONE,96.7
KNT-YRX,2020-08-01,23.94,213.8,86.5,38.8,54.4,10.8,mixed_forest,NONE,95.0
KNT-YRX,2020-09-01,23.28,178.5,83.9,39.6,44.8,10.0,mixed_forest,NONE,96.2
KNT-YRX,2020-10-01,22.9,177.5,79.2,39.6,50.4,23.3,mixed_forest,NONE,98.4
KNT-YRX,2020-11-01,22.72,98.5,79.7,26.7,46.6,24.3,mixed_forest,NONE,96.8
KNT-YRX,2020-12-01,24.53,107.3,71.8,25.9,48.6,20.8,mixed_forest,NONE,100.0
KNT-YRX,2021-01-01,24.21,40.0,71.1,28.9,37.1,16.5,mixed_forest,NONE,100.0
KNT-YRX,2021-02-01,26.2,102.2,71.4,26.6,57.5,12.3,mixed_forest,NONE,100.0
KNT-YRX,2021-03-01,26.45,68.9,79.4,33.8,41.6,20.6,mixed_forest,NONE,97.0
KNT-YRX,2021-04-01,26.22,133.7,76.3,34.4,44.3,14.9,mixed_forest,NONE,92.1
KNT-YRX,2021-05-01,26.05,198.3,82.0,35.7,50.4,19.0,mixed_forest,NONE,94.5
KNT-YRX,2021-06-01,25.27,233.7,89.5,43.3,54.9,19.2,mixed_forest,NONE,94.2
KNT-YRX,2021-07-01,24.71,267.9,89.1,33.9,36.0,19.4,mixed_forest,NONE,91.0
KNT-YRX,2021-08-01,23.8,261.3,90.4,44.3,40.1,1.6,mixed_forest,NONE,97.1
KNT-YRX,2021-09-01,22.42,214.6,85.9,38.4,51.6,13.9,mixed_forest,NONE,97.7
KNT-YRX,2021-10-01,22.27,199.0,82.2,38.1,49.7,21.0,mixed_forest,NONE,92.1
KNT-YRX,2021-11-01,23.37,120.5,76.1,42.4,46.5,11.9,mixed_forest,NONE,99.7
KNT-YRX,2021-12-01,22.95,96.5,72.6,27.8,45.9,14.7,mixed_forest,NONE,99.5
KNT-YRX,2022-01-01,24.92,79.9,75.7,30.2,48.2,10.7,mixed_forest,NONE,95.3
KNT-YRX,2022-02-01,26.17,61.0,70.0,24.6,49.2,7.4,mixed_forest,NONE,97.6
KNT-YRX,2022-03-01,26.23,122.7,80.7,34.6,44.6,18.5,mixed_forest,NONE,99.3
KNT-YRX,2022-04-01,25.85,189.7,83.6,35.3,42.3,29.0,mixed_forest,NONE,93.4
KNT-YRX,2022-05-01,25.72,180.1,82.6,40.7,45.3,24.6,mixed_forest,NONE,94.7
KNT-YRX,2022-06-01,25.63,256.8,86.6,47.9,45.4,1.2,mixed_forest,NONE,95.5
KNT-YRX,2022-07-01,24.65,271.2,91.3,39.3,52.7,15.0,mixed_forest,NONE,95.8
KNT-YRX,2022-08-01,23.5,237.6,89.6,41.7,45.2,13.5,mixed_forest,NONE,91.9
KNT-YRX,2022-09-01,23.15,197.9,79.8,31.9,52.1,10.0,mixed_forest,NONE,94.6
KNT-YRX,2022-10-01,22.77,165.6,78.5,38.6,41.1,22.3,mixed_forest,NONE,94.9
KNT-YRX,2022-11-01,22.54,86.1,77.0,32.7,37.1,21.8,mixed_forest,NONE,99.0
KNT-YRX,2022-12-01,24.1,84.8,71.7,31.8,44.9,16.9,mixed_forest,NONE,97.4
KNT-YRX,2023-01-01,24.36,74.0,72.5,36.1,46.2,10.3,mixed_forest,NONE,96.6
KNT-YRX,2023-02-01,26.35,104.2,71.9,31.1,48.3,7.6,mixed_forest,NONE,100.0
KNT-YRX,2023-03-01,25.1,173.4,76.3,36.0,56.9,15.8,mixed_forest,NONE,100.0
KNT-YRX,2023-04-01,26.81,144.9,86.5,36.3,41.1,6.8,mixed_forest,NONE,94.8
KNT-YRX,2023-05-01,25.51,241.0,85.9,38.6,50.3,6.2,mixed_forest,NONE,96.6
KNT-YRX,2023-06-01,24.9,215.2,90.2,37.1,44.2,20.2,mixed_forest,NONE,96.4
KNT-YRX,2023-07-01,24.45,212.2,86.0,42.7,51.7,23.5,mixed_forest,NONE,93.3
KNT-YRX,2023-08-01,23.13,225.2,84.6,39.5,38.6,25.0,mixed_forest,NONE,97.4
KNT-YRX,2023-09-01,23.36,175.8,89.2,45.6,35.6,29.3,mixed_forest,NONE,97.2
KNT-YRX,2023-10-01,22.7,140.4,85.8,36.8,42.9,21.2,mixed_forest,NONE,95.7
KNT-YRX,2023-11-01,22.35,97.2,79.7,27.8,48.6,26.6,mixed_forest,NONE,98.0
KNT-YRX,2023-12-01,24.15,44.8,71.3,24.7,50.0,7.0,mixed_forest,NONE,93.3
KNT-YRX,2024-01-01,23.57,79.4,71.0,29.6,61.7,9.6,mixed_forest,NONE,94.1
KNT-YRX,2024-02-01,24.97,63.9,80.2,24.8,43.2,12.6,mixed_forest,NONE,93.0
KNT-YRX,2024-03-01,25.96,103.1,74.4,34.5,55.0,20.8,mixed_forest,NONE,91.9
KNT-YRX,2024-04-01,25.87,121.9,81.1,37.3,42.4,13.2,mixed_forest,NONE,91.6
KNT-YRX,2024-05-01,26.6,209.3,87.2,39.4,41.1,29.0,mixed_forest,NONE,95.9
KNT-YRX,2024-06-01,25.25,286.0,88.4,42.1,52.5,21.7,mixed_forest,NONE,100.0
KNT-YRX,2024-07-01,26.64,270.0,91.3,43.8,54.4,22.6,mixed_forest,NONE,95.4
KNT-YRX,2024-08-01,24.61,241.0,88.5,41.1,47.2,2.2,mixed_forest,NONE,98.8
KNT-YRX,2024-09-01,23.25,201.3,80.2,42.5,52.6,11.4,mixed_forest,NONE,92.0
KNT-YRX,2024-10-01,22.58,160.8,83.3,32.2,43.8,12.3,mixed_forest,NONE,96.4
KNT-YRX,2024-11-01,23.45,122.3,74.5,42.2,49.3,17.1,mixed_forest,NONE,92.5
KNT-YRX,2024-12-01,23.79,55.6,74.8,25.5,45.9,5.2,mixed_forest,NONE,96.2
KNT-YRX,2025-01-01,24.57,66.9,68.4,24.3,46.6,20.9,mixed_forest,NONE,95.3
KNT-YRX,2025-02-01,25.49,68.7,72.1,15.0,49.9,14.5,mixed_forest,NONE,95.3
KNT-YRX,2025-03-01,26.15,105.3,80.9,35.7,48.5,16.2,mixed_forest,NONE,95.4
KNT-YRX,2025-04-01,26.56,167.3,82.4,35.4,50.7,20.4,mixed_forest,NONE,94.5
KNT-YRX,2025-05-01,25.81,229.0,81.8,37.6,46.8,13.3,mixed_forest,NONE,96.3
KNT-YRX,2025-06-01,25.93,222.9,86.8,51.0,54.8,14.2,mixed_forest,NONE,97.7
TMB-AYQ,2019-01-01,26.65,252.4,90.4,92.2,32.2,22.1,coastal_habitat,NONE,100.0
TMB-AYQ,2019-02-01,28.91,204.1,89.0,85.0,33.7,23.7,coastal_habitat,NONE,95.1
TMB-AYQ,2019-03-01,29.01,171.2,85.7,87.3,23.9,21.2,coastal_habitat,NONE,95.6
TMB-AYQ,2019-04-01,28.55,131.8,81.0,71.2,28.5,19.7,coastal_habitat,NONE,99.9
TMB-AYQ,2019-05-01,28.78,103.6,73.6,76.3,28.4,34.3,coastal_habitat,NONE,100.0
TMB-AYQ,2019-06-01,28.21,98.8,71.2,73.0,40.4,34.3,coastal_habitat,NONE,96.5
TMB-AYQ,2019-07-01,26.56,86.0,71.7,77.5,19.3,21.7,coastal_habitat,NONE,91.2
TMB-AYQ,2019-08-01,26.62,48.7,76.0,64.9,28.0,27.0,coastal_habitat,NONE,93.2
TMB-AYQ,2019-09-01,26.39,78.3,77.1,68.0,32.7,18.2,coastal_habitat,NONE,96.1
TMB-AYQ,2019-10-01,25.46,173.9,82.9,73.7,34.5,22.3,coastal_habitat,NONE,96.8
TMB-AYQ,2019-11-01,25.16,167.0,81.2,82.7,28.7,23.5,coastal_habitat,NONE,92.9
TMB-AYQ,2019-12-01,26.22,234.4,87.7,80.8,49.4,15.6,coastal_habitat,NONE,92.5
TMB-AYQ,2020-01-01,26.77,269.7,89.5,85.8,23.8,24.5,coastal_habitat,NONE,97.2
TMB-AYQ,2020-02-01,28.76,194.5,86.4,81.7,28.6,12.1,coastal_habitat,NONE,97.4
TMB-AYQ,2020-03-01,27.66,215.5,82.6,82.7,36.8,20.4,coastal_habitat,NONE,99.7
TMB-AYQ,2020-04-01,29.14,153.6,76.6,81.6,43.2,25.5,coastal_habitat,NONE,96.8
TMB-AYQ,2020-05-01,27.54,68.6,78.3,72.7,26.8,27.1,coastal_habitat,NONE,94.0
TMB-AYQ,2020-06-01,27.47,80.7,75.7,72.2,26.6,27.2,coastal_habitat,NONE,92.7
TMB-AYQ,2020-07-01,26.92,43.2,69.5,73.0,37.7,32.7,coastal_habitat,NONE,99.1
TMB-AYQ,2020-08-01,26.82,75.9,73.4,64.8,32.1,34.5,coastal_habitat,NONE,99.3
TMB-AYQ,2020-09-01,26.3,101.2,79.2,68.2,25.3,23.5,coastal_habitat,NONE,98.8
TMB-AYQ,2020-10-01,25.46,141.3,78.0,79.4,36.6,28.2,coastal_habitat,NONE,95.1
TMB-AYQ,2020-11-01,25.22,227.8,80.5,80.0,27.9,21.0,coastal_habitat,NONE,92.8
TMB-AYQ,2020-12-01,27.33,198.4,88.2,76.2,42.2,14.0,coastal_habitat,NONE,98.5
TMB-AYQ,2021-01-01,27.16,257.2,86.4,79.0,35.6,28.7,coastal_habitat,NONE,92.8
TMB-AYQ,2021-02-01,28.43,220.7,90.3,72.7,34.3,40.2,coastal_habitat,NONE,97.1
TMB-AYQ,2021-03-01,28.9,191.6,82.2,83.3,38.7,30.5,coastal_habitat,NONE,97.3
TMB-AYQ,2021-04-01,28.44,145.4,79.7,85.3,30.2,22.7,coastal_habitat,NONE,88.6
TMB-AYQ,2021-05-01,28.32,101.3,74.3,71.2,30.7,30.7,coastal_habitat,NONE,98.8
TMB-AYQ,2021-06-01,28.09,86.6,72.2,64.8,33.3,27.8,coastal_habitat,NONE,94.6
TMB-AYQ,2021-07-01,27.28,77.3,74.2,65.1,28.1,23.6,coastal_habitat,NONE,93.4
TMB-AYQ,2021-08-01,26.6,40.2,73.2,72.8,38.6,31.2,coastal_habitat,NONE,100.0
TMB-AYQ,2021-09-01,25.06,66.8,82.0,72.4,38.9,22.1,coastal_habitat,NONE,98.5
TMB-AYQ,2021-10-01,25.45,189.8,80.9,68.5,37.8,26.6,coastal_habitat,NONE,98.7
TMB-AYQ,2021-11-01,26.42,164.4,85.6,79.5,37.3,30.1,coastal_habitat,NONE,100.0
TMB-AYQ,2021-12-01,26.45,219.1,85.8,75.9,31.1,17.2,coastal_habitat,NONE,98.4
TMB-AYQ,2022-01-01,26.64,252.9,89.6,83.5,40.8,39.3,coastal_habitat,NONE,91.6
TMB-AYQ,2022-02-01,27.96,232.6,87.4,78.9,34.0,25.4,coastal_habitat,NONE,89.9
TMB-AYQ,2022-03-01,28.51,222.2,84.9,82.7,24.8,22.0,coastal_habitat,NONE,96.3
TMB-AYQ,2022-04-01,28.18,116.7,76.9,75.5,39.8,24.1,coastal_habitat,NONE,93.6
TMB-AYQ,2022-05-01,28.66,148.9,76.2,75.5,37.6,25.3,coastal_habitat,NONE,98.7
TMB-AYQ,2022-06-01,27.34,62.0,77.5,65.7,31.8,25.2,coastal_habitat,NONE,89.4
TMB-AYQ,2022-07-01,27.34,47.1,74.0,71.6,29.8,19.6,coastal_habitat,NONE,93.5
TMB-AYQ,2022-08-01,25.76,58.3,74.3,65.8,27.4,19.9,coastal_habitat,NONE,93.8
TMB-AYQ,2022-09-01,25.78,124.7,81.8,74.3,26.5,24.1,coastal_habitat,NONE,100.0
TMB-AYQ,2022-10-01,24.69,228.8,78.2,76.2,37.9,11.1,coastal_habitat,NONE,95.1
TMB-AYQ,2022-11-01,24.2,214.7,83.4,80.1,24.5,24.2,coastal_habitat,NONE,97.9
TMB-AYQ,2022-12-01,26.83,216.8,84.5,77.0,29.9,10.7,coastal_habitat,NONE,92.7
TMB-AYQ,2023-01-01,26.25,245.0,87.1,81.5,29.3,23.3,coastal_habitat,NONE,93.2
TMB-AYQ,2023-02-01,28.43,222.0,89.3,87.4,36.8,31.9,coastal_habitat,NONE,97.4
TMB-AYQ,2023-03-01,28.65,205.4,85.1,81.8,31.3,31.8,coastal_habitat,NONE,96.3
TMB-AYQ,2023-04-01,29.31,161.0,75.3,73.0,42.0,20.1,coastal_habitat,NONE,94.5
TMB-AYQ,2023-05-01,29.07,142.7,73.1,77.3,35.0,22.1,coastal_habitat,NONE,94.2
TMB-AYQ,2023-06-01,28.68,79.3,76.0,68.0,37.1,11.5,coastal_habitat,NONE,93.2
TMB-AYQ,2023-07-01,27.49,39.7,71.8,66.2,30.5,25.5,coastal_habitat,NONE,92.2
TMB-AYQ,2023-08-01,26.67,61.4,73.4,73.8,36.6,26.2,coastal_habitat,NONE,99.5
TMB-AYQ,2023-09-01,25.53,135.3,76.6,70.5,17.1,26.2,coastal_habitat,NONE,96.8
TMB-AYQ,2023-10-01,25.16,108.4,82.2,72.2,36.1,38.7,coastal_habitat,NONE,98.6
TMB-AYQ,2023-11-01,26.43,235.8,83.0,76.1,23.0,25.2,coastal_habitat,NONE,96.3
TMB-AYQ,2023-12-01,26.44,235.7,88.0,79.7,23.5,37.2,coastal_habitat,NONE,92.1
TMB-AYQ,2024-01-01,26.39,253.0,87.6,85.9,30.6,13.4,coastal_habitat,NONE,100.0
TMB-AYQ,2024-02-01,28.87,243.6,84.5,83.9,21.7,31.0,coastal_habitat,NONE,94.6
TMB-AYQ,2024-03-01,29.19,160.7,84.6,76.7,35.7,31.9,coastal_habitat,NONE,93.9
TMB-AYQ,2024-04-01,29.19,145.1,79.1,74.2,30.3,12.7,coastal_habitat,NONE,90.2
TMB-AYQ,2024-05-01,28.45,111.7,74.4,70.4,25.1,14.3,coastal_habitat,NONE,97.2
TMB-AYQ,2024-06-01,29.08,88.1,73.8,65.6,33.6,22.0,coastal_habitat,NONE,95.5
TMB-AYQ,2024-07-01,27.38,43.5,74.5,75.5,29.9,34.8,coastal_habitat,NONE,92.5
TMB-AYQ,2024-08-01,26.2,97.7,74.3,67.2,38.7,30.4,coastal_habitat,NONE,95.2
TMB-AYQ,2024-09-01,25.93,102.9,77.7,75.2,26.6,42.7,coastal_habitat,NONE,100.0
TMB-AYQ,2024-10-01,24.94,151.0,84.9,77.9,31.3,29.6,coastal_habitat,NONE,98.2
TMB-AYQ,2024-11-01,25.28,199.9,84.1,80.1,25.9,10.9,coastal_habitat,NONE,100.0
TMB-AYQ,2024-12-01,26.84,260.1,88.5,89.8,40.3,29.3,coastal_habitat,NONE,93.1
TMB-AYQ,2025-01-01,27.21,239.2,84.4,83.4,35.9,28.5,coastal_habitat,NONE,99.7
TMB-AYQ,2025-02-01,27.51,221.2,86.0,84.4,35.8,21.0,coastal_habitat,NONE,96.8
TMB-AYQ,2025-03-01,28.0,175.5,83.9,78.5,28.7,43.3,coastal_habitat,NONE,91.3
TMB-AYQ,2025-04-01,28.94,134.7,79.0,73.4,32.4,29.8,coastal_habitat,NONE,96.5
TMB-AYQ,2025-05-01,29.4,71.8,77.4,72.6,43.2,26.5,coastal_habitat,NONE,90.1
TMB-AYQ,2025-06-01,27.32,92.8,72.6,71.7,30.5,31.1,coastal_habitat,NONE,94.8
TMB-BRC,2019-01-01,26.74,279.6,78.2,81.0,29.9,0.0,durian_orchard,NONE,94.5
TMB-BRC,2019-02-01,28.25,231.2,72.2,84.4,20.9,19.4,durian_orchard,NONE,95.0
TMB-BRC,2019-03-01,28.43,213.3,71.5,79.0,23.0,14.0,durian_orchard,NONE,96.6
TMB-BRC,2019-04-01,28.8,146.2,68.3,75.7,22.5,0.0,durian_orchard,NONE,92.8
TMB-BRC,2019-05-01,29.01,141.5,67.8,69.8,21.4,0.0,durian_orchard,NONE,99.1
TMB-BRC,2019-06-01,29.26,62.8,63.4,62.6,18.5,0.0,durian_orchard,NONE,100.0
TMB-BRC,2019-07-01,28.48,86.3,62.8,61.9,19.8,1.5,durian_orchard,NONE,93.3
TMB-BRC,2019-08-01,26.26,116.3,64.2,60.2,20.2,6.2,durian_orchard,NONE,94.2
TMB-BRC,2019-09-01,24.89,105.3,71.6,60.0,12.8,10.8,durian_orchard,NONE,96.7
TMB-BRC,2019-10-01,25.73,119.2,67.4,72.9,13.7,13.1,durian_orchard,NONE,98.0
TMB-BRC,2019-11-01,25.06,228.2,80.7,74.7,11.7,0.4,durian_orchard,NONE,95.7
TMB-BRC,2019-12-01,26.76,210.2,82.9,73.4,8.5,10.6,durian_orchard,NONE,90.6
TMB-BRC,2020-01-01,27.66,251.9,80.8,74.7,31.1,7.1,durian_orchard,NONE,96.1
TMB-BRC,2020-02-01,28.3,248.0,78.7,75.8,9.2,15.4,durian_orchard,NONE,95.6
TMB-BRC,2020-03-01,29.05,205.7,68.5,78.7,23.7,8.6,durian_orchard,NONE,97.9
TMB-BRC,2020-04-01,29.21,161.9,71.2,65.4,18.9,3.9,durian_orchard,NONE,98.4
TMB-BRC,2020-05-01,28.88,90.2,72.3,76.0,23.8,4.7,durian_orchard,NONE,97.6
TMB-BRC,2020-06-01,28.51,71.3,63.2,60.2,14.5,5.7,durian_orchard,NONE,97.6
TMB-BRC,2020-07-01,28.0,80.0,59.2,60.7,17.3,0.2,durian_orchard,NONE,92.3
TMB-BRC,2020-08-01,26.36,87.1,63.4,63.9,20.0,13.5,durian_orchard,NONE,95.8
TMB-BRC,2020-09-01,25.07,163.6,68.0,69.0,11.8,1.0,durian_orchard,NONE,94.2
TMB-BRC,2020-10-01,25.67,147.1,74.8,67.3,18.5,0.7,durian_orchard,NONE,96.8
TMB-BRC,2020-11-01,25.73,161.7,78.4,73.7,25.5,11.1,durian_orchard,NONE,94.2
TMB-BRC,2020-12-01,26.07,230.9,77.5,74.4,26.1,4.7,durian_orchard,NONE,99.7
TMB-BRC,2021-01-01,27.05,242.1,76.7,74.8,18.0,12.9,durian_orchard,NONE,97.0
TMB-BRC,2021-02-01,29.49,245.0,74.4,78.5,26.1,0.0,durian_orchard,NONE,96.6
TMB-BRC,2021-03-01,29.25,217.1,71.4,74.2,22.4,0.0,durian_orchard,NONE,97.3
TMB-BRC,2021-04-01,28.91,172.8,71.2,62.1,22.0,1.4,durian_orchard,NONE,95.6
TMB-BRC,2021-05-01,30.08,83.9,68.6,62.9,20.0,21.0,durian_orchard,NONE,97.1
TMB-BRC,2021-06-01,28.46,80.6,64.9,65.4,23.4,0.0,durian_orchard,NONE,96.3
TMB-BRC,2021-07-01,28.13,40.7,58.0,64.5,13.4,0.0,durian_orchard,NONE,94.5
TMB-BRC,2021-08-01,27.69,84.0,61.5,61.6,15.2,17.4,durian_orchard,NONE,93.8
TMB-BRC,2021-09-01,25.42,115.2,66.2,66.7,12.0,4.8,durian_orchard,NONE,91.7
TMB-BRC,2021-10-01,25.71,148.2,69.1,72.9,16.4,2.0,durian_orchard,NONE,94.5
TMB-BRC,2021-11-01,25.42,162.6,77.8,72.4,14.9,4.0,durian_orchard,NONE,98.3
TMB-BRC,2021-12-01,26.71,226.4,72.7,82.5,22.4,0.3,durian_orchard,NONE,93.3
TMB-BRC,2022-01-01,27.62,274.3,79.6,77.7,23.8,8.4,durian_orchard,NONE,94.9
TMB-BRC,2022-02-01,27.89,232.2,74.9,72.0,21.1,6.5,durian_orchard,NONE,98.2
TMB-BRC,2022-03-01,30.12,184.9,67.8,71.7,10.1,21.4,durian_orchard,NONE,95.7
TMB-BRC,2022-04-01,29.21,148.6,71.3,71.3,16.5,8.7,durian_orchard,NONE,93.4
TMB-BRC,2022-05-01,29.78,95.1,61.4,70.3,19.7,4.8,durian_orchard,NONE,94.7
TMB-BRC,2022-06-01,28.42,76.0,65.5,68.3,15.5,0.0,durian_orchard,NONE,90.8
TMB-BRC,2022-07-01,29.15,53.9,59.5,62.0,27.2,23.1,durian_orchard,NONE,100.0
TMB-BRC,2022-08-01,25.36,94.3,68.6,62.7,15.6,0.5,durian_orchard,NONE,94.7
TMB-BRC,2022-09-01,25.45,125.6,65.2,66.3,8.8,2.3,durian_orchard,NONE,96.4
TMB-BRC,2022-10-01,26.67,172.0,67.4,62.2,19.4,22.2,durian_orchard,NONE,98.0
TMB-BRC,2022-11-01,26.76,207.6,75.5,76.6,19.6,8.0,durian_orchard,NONE,92.9
TMB-BRC,2022-12-01,25.83,260.6,77.0,75.2,18.9,0.0,durian_orchard,NONE,95.8
TMB-BRC,2023-01-01,28.16,169.4,76.0,75.5,27.7,0.8,durian_orchard,NONE,95.5
TMB-BRC,2023-02-01,27.98,180.5,78.5,74.0,12.6,9.5,durian_orchard,NONE,93.5
TMB-BRC,2023-03-01,29.44,218.9,69.7,72.9,16.6,15.1,durian_orchard,NONE,99.9
TMB-BRC,2023-04-01,29.32,159.4,68.3,65.4,18.8,0.1,durian_orchard,NONE,92.2
TMB-BRC,2023-05-01,28.54,119.4,66.1,71.5,26.0,9.9,durian_orchard,NONE,100.0
TMB-BRC,2023-06-01,28.18,93.9,64.9,62.0,26.7,6.9,durian_orchard,NONE,93.7
TMB-BRC,2023-07-01,28.03,45.0,63.1,66.5,21.2,13.1,durian_orchard,NONE,98.5
TMB-BRC,2023-08-01,27.65,41.0,62.0,59.9,21.0,4.9,durian_orchard,NONE,98.1
TMB-BRC,2023-09-01,25.63,125.1,66.9,63.6,32.8,0.0,durian_orchard,NONE,95.8
TMB-BRC,2023-10-01,26.27,176.0,69.2,64.9,31.4,0.0,durian_orchard,NONE,93.9
TMB-BRC,2023-11-01,26.66,215.4,75.0,74.1,22.2,16.8,durian_orchard,NONE,100.0
TMB-BRC,2023-12-01,26.82,227.1,76.7,74.5,24.5,2.5,durian_orchard,NONE,95.2
TMB-BRC,2024-01-01,28.07,240.9,74.7,86.0,14.2,18.4,durian_orchard,NONE,94.0
TMB-BRC,2024-02-01,28.1,245.2,78.8,80.0,25.1,4.3,durian_orchard,NONE,98.5
TMB-BRC,2024-03-01,29.37,229.7,76.6,78.2,22.6,0.5,durian_orchard,NONE,95.8
TMB-BRC,2024-04-01,29.79,159.0,67.0,71.7,20.8,0.0,durian_orchard,NONE,96.8
TMB-BRC,2024-05-01,28.6,83.4,67.4,69.3,8.2,6.4,durian_orchard,NONE,100.0
TMB-BRC,2024-06-01,29.01,101.9,63.9,66.4,30.4,0.0,durian_orchard,NONE,94.3
TMB-BRC,2024-07-01,26.94,33.2,61.3,66.2,23.5,9.9,durian_orchard,DRY_SPELL,97.7
TMB-BRC,2024-08-01,26.87,73.7,58.6,67.1,18.3,2.9,durian_orchard,NONE,91.9
TMB-BRC,2024-09-01,26.55,117.8,65.7,62.8,28.8,8.2,durian_orchard,NONE,93.7
TMB-BRC,2024-10-01,25.52,139.0,72.4,71.0,26.0,0.0,durian_orchard,NONE,96.6
TMB-BRC,2024-11-01,26.29,259.8,73.7,76.4,22.6,0.1,durian_orchard,NONE,95.7
TMB-BRC,2024-12-01,27.79,222.9,74.5,73.9,19.6,17.7,durian_orchard,NONE,95.9
TMB-BRC,2025-01-01,28.42,268.2,73.4,79.6,17.1,4.2,durian_orchard,HEAVY_RAIN,91.7
TMB-BRC,2025-02-01,27.74,249.8,82.6,78.3,12.0,3.7,durian_orchard,NONE,96.7
TMB-BRC,2025-03-01,29.43,243.5,76.3,68.2,20.9,6.5,durian_orchard,NONE,95.0
TMB-BRC,2025-04-01,29.66,168.3,67.3,69.2,18.2,0.0,durian_orchard,NONE,94.5
TMB-BRC,2025-05-01,28.68,113.0,65.8,68.9,26.2,16.1,durian_orchard,NONE,93.3
TMB-BRC,2025-06-01,29.65,68.2,63.4,69.1,26.1,4.8,durian_orchard,NONE,100.0
TMB-CKU,2019-01-01,26.89,210.3,81.2,62.9,35.7,8.6,coastal_habitat,NONE,100.0
TMB-CKU,2019-02-01,27.52,175.1,85.2,66.3,31.1,0.0,coastal_habitat,NONE,100.0
TMB-CKU,2019-03-01,28.54,204.3,77.9,55.5,38.7,0.0,coastal_habitat,NONE,92.3
TMB-CKU,2019-04-01,29.29,78.2,67.0,66.6,58.5,0.0,coastal_habitat,NONE,95.9
TMB-CKU,2019-05-01,28.2,130.5,73.7,59.6,42.3,0.0,coastal_habitat,NONE,100.0
TMB-CKU,2019-06-01,27.31,43.9,67.3,52.0,34.2,0.0,coastal_habitat,NONE,100.0
TMB-CKU,2019-07-01,27.25,79.4,61.7,41.6,34.0,7.5,coastal_habitat,NONE,98.1
TMB-CKU,2019-08-01,26.17,67.3,68.9,47.1,40.9,0.0,coastal_habitat,NONE,99.8
TMB-CKU,2019-09-01,25.32,102.3,63.8,46.5,43.5,5.0,coastal_habitat,NONE,100.0
TMB-CKU,2019-10-01,24.46,120.3,75.1,56.2,41.0,0.0,coastal_habitat,NONE,96.8
TMB-CKU,2019-11-01,25.69,200.5,78.4,48.8,36.2,0.6,coastal_habitat,NONE,92.5
TMB-CKU,2019-12-01,26.05,216.9,80.6,65.8,38.4,0.0,coastal_habitat,NONE,94.1
TMB-CKU,2020-01-01,26.58,229.1,77.4,65.5,39.2,0.0,coastal_habitat,NONE,91.9
TMB-CKU,2020-02-01,27.37,202.4,79.3,58.3,19.2,8.8,coastal_habitat,NONE,100.0
TMB-CKU,2020-03-01,28.81,213.3,72.2,58.2,34.5,0.0,coastal_habitat,NONE,95.6
TMB-CKU,2020-04-01,29.11,133.1,66.5,58.0,31.4,0.0,coastal_habitat,NONE,97.7
TMB-CKU,2020-05-01,28.08,121.5,72.6,48.9,44.0,3.2,coastal_habitat,NONE,95.3
TMB-CKU,2020-06-01,27.34,54.0,68.2,50.4,36.2,3.3,coastal_habitat,NONE,100.0
TMB-CKU,2020-07-01,26.28,82.6,63.1,54.6,43.9,0.0,coastal_habitat,NONE,98.0
TMB-CKU,2020-08-01,26.41,67.5,58.6,57.8,44.1,0.0,coastal_habitat,NONE,96.0
TMB-CKU,2020-09-01,25.08,103.3,72.6,53.3,32.2,3.0,coastal_habitat,NONE,98.0
TMB-CKU,2020-10-01,24.97,152.3,71.1,61.5,29.5,0.0,coastal_habitat,NONE,100.0
TMB-CKU,2020-11-01,25.25,138.0,77.8,60.7,34.3,0.0,coastal_habitat,NONE,99.2
TMB-CKU,2020-12-01,25.29,173.1,76.6,64.7,37.3,4.0,coastal_habitat,NONE,93.8
TMB-CKU,2021-01-01,25.9,214.0,79.5,61.9,35.0,0.0,coastal_habitat,NONE,90.7
TMB-CKU,2021-02-01,27.73,196.7,81.9,62.6,41.6,8.2,coastal_habitat,NONE,95.2
TMB-CKU,2021-03-01,28.5,185.9,80.9,65.0,42.4,9.1,coastal_habitat,NONE,97.1
TMB-CKU,2021-04-01,28.15,146.2,73.2,59.2,50.0,0.0,coastal_habitat,NONE,100.0
TMB-CKU,2021-05-01,27.85,136.7,66.5,50.4,34.7,6.5,coastal_habitat,NONE,96.6
TMB-CKU,2021-06-01,28.35,82.3,61.9,47.2,36.1,0.0,coastal_habitat,NONE,96.9
TMB-CKU,2021-07-01,27.34,30.7,57.6,44.9,28.0,1.7,coastal_habitat,DRY_SPELL,96.4
TMB-CKU,2021-08-01,25.39,24.7,63.1,54.0,36.1,0.0,coastal_habitat,DRY_SPELL,95.8
TMB-CKU,2021-09-01,25.55,66.1,65.8,50.0,59.1,3.6,coastal_habitat,NONE,98.5
TMB-CKU,2021-10-01,25.51,128.4,76.2,52.5,37.9,10.9,coastal_habitat,NONE,98.6
TMB-CKU,2021-11-01,26.16,227.2,76.0,60.6,45.1,7.0,coastal_habitat,NONE,95.9
TMB-CKU,2021-12-01,25.62,199.8,78.4,61.8,43.4,0.0,coastal_habitat,NONE,88.8
TMB-CKU,2022-01-01,26.91,226.7,78.0,65.8,47.4,0.0,coastal_habitat,NONE,90.4
TMB-CKU,2022-02-01,28.86,209.0,80.9,55.9,40.4,0.0,coastal_habitat,NONE,97.8
TMB-CKU,2022-03-01,28.91,179.6,72.9,56.1,39.8,10.7,coastal_habitat,NONE,95.3
TMB-CKU,2022-04-01,29.12,138.4,73.3,57.7,32.7,0.0,coastal_habitat,NONE,95.1
TMB-CKU,2022-05-01,29.32,85.8,66.6,61.2,32.3,0.0,coastal_habitat,NONE,96.6
TMB-CKU,2022-06-01,28.46,53.3,61.0,53.7,41.7,15.8,coastal_habitat,NONE,95.6
TMB-CKU,2022-07-01,26.7,70.0,59.9,45.1,38.7,1.4,coastal_habitat,NONE,96.9
TMB-CKU,2022-08-01,25.82,61.7,65.6,51.2,33.7,4.0,coastal_habitat,NONE,95.8
TMB-CKU,2022-09-01,26.07,89.0,65.2,50.9,42.9,0.0,coastal_habitat,NONE,96.5
TMB-CKU,2022-10-01,25.42,137.9,69.1,56.1,31.6,2.5,coastal_habitat,NONE,90.1
TMB-CKU,2022-11-01,25.4,199.3,75.5,55.9,50.8,0.0,coastal_habitat,NONE,99.8
TMB-CKU,2022-12-01,25.9,228.0,74.6,59.8,45.4,0.0,coastal_habitat,NONE,97.2
TMB-CKU,2023-01-01,26.64,206.6,75.4,64.4,44.8,9.1,coastal_habitat,NONE,94.7
TMB-CKU,2023-02-01,28.64,219.2,79.8,58.9,44.0,1.9,coastal_habitat,NONE,96.0
TMB-CKU,2023-03-01,28.77,229.5,76.0,53.7,44.8,0.0,coastal_habitat,NONE,97.9
TMB-CKU,2023-04-01,28.97,117.4,73.2,60.5,37.0,12.3,coastal_habitat,NONE,94.9
TMB-CKU,2023-05-01,28.35,117.6,65.4,51.4,40.8,2.7,coastal_habitat,NONE,94.8
TMB-CKU,2023-06-01,28.49,58.0,63.7,54.5,45.0,0.0,coastal_habitat,NONE,99.1
TMB-CKU,2023-07-01,27.67,49.3,59.9,43.0,42.2,0.2,coastal_habitat,NONE,98.3
TMB-CKU,2023-08-01,26.18,80.2,64.2,51.1,36.0,0.0,coastal_habitat,NONE,92.1
TMB-CKU,2023-09-01,26.18,102.1,69.2,48.9,44.1,0.0,coastal_habitat,NONE,97.3
TMB-CKU,2023-10-01,24.9,119.1,75.2,54.2,44.6,0.0,coastal_habitat,NONE,92.0
TMB-CKU,2023-11-01,25.28,174.9,81.8,68.5,34.3,0.0,coastal_habitat,NONE,97.0
TMB-CKU,2023-12-01,26.9,188.2,71.1,62.3,41.4,0.0,coastal_habitat,NONE,94.9
TMB-CKU,2024-01-01,27.59,195.2,78.0,64.9,39.1,0.0,coastal_habitat,NONE,96.8
TMB-CKU,2024-02-01,27.39,221.9,77.2,60.1,37.1,0.0,coastal_habitat,NONE,93.4
TMB-CKU,2024-03-01,29.37,192.4,72.9,56.0,35.0,5.5,coastal_habitat,NONE,93.7
TMB-CKU,2024-04-01,28.36,162.3,76.4,54.6,44.5,0.0,coastal_habitat,NONE,95.8
TMB-CKU,2024-05-01,29.15,94.2,69.7,50.4,43.3,0.0,coastal_habitat,NONE,97.5
TMB-CKU,2024-06-01,27.67,37.3,66.9,48.3,40.0,0.9,coastal_habitat,NONE,95.8
TMB-CKU,2024-07-01,26.34,42.3,61.2,45.1,37.1,5.0,coastal_habitat,NONE,98.5
TMB-CKU,2024-08-01,25.93,54.4,69.5,49.9,33.2,0.9,coastal_habitat,NONE,95.1
TMB-CKU,2024-09-01,25.75,105.9,70.1,49.9,30.2,12.3,coastal_habitat,NONE,96.3
TMB-CKU,2024-10-01,26.19,98.1,74.1,55.3,41.9,0.0,coastal_habitat,NONE,95.7
TMB-CKU,2024-11-01,25.35,170.4,77.7,61.7,45.7,6.2,coastal_habitat,NONE,93.7
TMB-CKU,2024-12-01,24.9,171.0,79.0,64.8,38.1,8.2,coastal_habitat,NONE,97.8
TMB-CKU,2025-01-01,26.89,221.4,84.9,69.3,34.8,13.0,coastal_habitat,NONE,90.7
TMB-CKU,2025-02-01,27.83,198.7,82.2,58.8,50.3,8.8,coastal_habitat,NONE,94.5
TMB-CKU,2025-03-01,28.03,162.4,81.5,56.9,42.7,9.2,coastal_habitat,NONE,97.3
TMB-CKU,2025-04-01,28.37,157.2,74.0,51.9,50.7,0.0,coastal_habitat,NONE,93.0
TMB-CKU,2025-05-01,29.06,55.8,72.9,51.4,34.6,0.0,coastal_habitat,NONE,95.1
TMB-CKU,2025-06-01,28.01,46.3,65.0,53.6,40.0,0.0,coastal_habitat,NONE,96.5
TMB-DLQ,2019-01-01,27.76,255.8,86.5,68.5,44.6,46.6,coastal_habitat,NONE,98.3
TMB-DLQ,2019-02-01,28.41,208.3,84.2,62.9,25.8,49.7,coastal_habitat,NONE,92.7
TMB-DLQ,2019-03-01,29.62,182.0,76.7,74.3,36.7,59.0,coastal_habitat,NONE,91.1
TMB-DLQ,2019-04-01,30.12,175.6,80.2,58.9,41.6,47.4,coastal_habitat,NONE,97.1
TMB-DLQ,2019-05-01,29.62,164.2,74.8,56.5,39.4,49.2,coastal_habitat,NONE,100.0
TMB-DLQ,2019-06-01,30.18,66.4,65.4,59.9,45.9,50.2,coastal_habitat,NONE,91.0
TMB-DLQ,2019-07-01,28.36,62.6,67.4,51.4,39.4,43.3,coastal_habitat,NONE,95.8
TMB-DLQ,2019-08-01,27.01,81.7,65.8,56.6,43.1,42.4,coastal_habitat,NONE,100.0
TMB-DLQ,2019-09-01,26.53,110.8,75.0,58.8,44.3,39.4,coastal_habitat,NONE,95.9
TMB-DLQ,2019-10-01,26.39,136.4,76.4,54.4,43.3,64.2,coastal_habitat,NONE,100.0
TMB-DLQ,2019-11-01,26.52,181.0,76.7,61.8,41.0,44.8,coastal_habitat,NONE,96.6
TMB-DLQ,2019-12-01,28.52,213.4,80.2,71.5,40.4,50.5,coastal_habitat,NONE,99.3
TMB-DLQ,2020-01-01,28.24,223.0,87.3,64.6,41.2,62.7,coastal_habitat,NONE,95.7
TMB-DLQ,2020-02-01,29.38,183.7,85.6,64.6,39.9,52.95,coastal_habitat,NONE,100.0
TMB-DLQ,2020-03-01,29.71,204.0,82.1,67.3,37.7,43.2,coastal_habitat,NONE,100.0
TMB-DLQ,2020-04-01,29.64,164.1,76.6,64.4,44.3,46.6,coastal_habitat,NONE,93.0
TMB-DLQ,2020-05-01,30.07,119.6,77.3,56.6,38.1,47.3,coastal_habitat,NONE,92.0
TMB-DLQ,2020-06-01,29.23,76.5,70.4,50.0,44.3,55.25,coastal_habitat,NONE,93.7
TMB-DLQ,2020-07-01,27.26,44.0,65.9,61.6,43.0,63.2,coastal_habitat,NONE,93.1
TMB-DLQ,2020-08-01,28.01,87.9,69.6,53.4,43.5,47.6,coastal_habitat,NONE,98.4
TMB-DLQ,2020-09-01,27.01,107.2,71.0,53.3,43.2,45.7,coastal_habitat,NONE,92.4
TMB-DLQ,2020-10-01,26.88,164.7,76.0,54.7,44.2,52.5,coastal_habitat,NONE,98.6
TMB-DLQ,2020-11-01,26.8,234.2,78.3,63.6,47.5,47.1,coastal_habitat,NONE,93.0
TMB-DLQ,2020-12-01,25.96,249.5,87.9,67.1,44.4,44.6,coastal_habitat,NONE,95.4
TMB-DLQ,2021-01-01,28.07,275.6,82.9,59.8,35.5,52.3,coastal_habitat,NONE,95.9
TMB-DLQ,2021-02-01,29.76,243.4,84.5,63.1,48.3,45.5,coastal_habitat,NONE,98.7
TMB-DLQ,2021-03-01,29.77,182.7,80.6,67.4,33.5,49.2,coastal_habitat,NONE,95.9
TMB-DLQ,2021-04-01,29.28,168.9,77.0,55.3,37.3,48.4,coastal_habitat,NONE,96.0
TMB-DLQ,2021-05-01,30.05,104.4,74.0,56.5,37.7,54.6,coastal_habitat,NONE,96.3
TMB-DLQ,2021-06-01,29.11,48.7,69.8,56.4,34.0,63.0,coastal_habitat,NONE,97.9
TMB-DLQ,2021-07-01,28.42,45.7,66.7,51.1,28.7,48.1,coastal_habitat,NONE,95.3
TMB-DLQ,2021-08-01,28.04,20.0,68.4,53.3,43.4,46.4,coastal_habitat,DRY_SPELL,92.7
TMB-DLQ,2021-09-01,26.72,68.3,77.4,54.0,35.2,52.5,coastal_habitat,NONE,96.0
TMB-DLQ,2021-10-01,26.32,177.5,73.4,63.6,28.0,59.3,coastal_habitat,NONE,100.0
TMB-DLQ,2021-11-01,26.24,191.0,87.8,70.1,44.6,61.0,coastal_habitat,NONE,88.6
TMB-DLQ,2021-12-01,27.76,239.5,80.7,65.4,35.8,47.4,coastal_habitat,NONE,98.6
TMB-DLQ,2022-01-01,28.79,262.8,81.2,71.7,45.1,50.1,coastal_habitat,NONE,96.1
TMB-DLQ,2022-02-01,29.21,233.3,86.0,65.6,43.8,44.4,coastal_habitat,NONE,97.4
TMB-DLQ,2022-03-01,29.45,225.7,77.1,69.7,43.0,42.0,coastal_habitat,NONE,95.9
TMB-DLQ,2022-04-01,30.9,148.7,78.7,62.8,38.5,51.7,coastal_habitat,NONE,96.8
TMB-DLQ,2022-05-01,29.78,86.9,71.6,70.6,26.9,47.3,coastal_habitat,NONE,92.6
TMB-DLQ,2022-06-01,29.25,109.3,71.5,60.5,33.7,50.5,coastal_habitat,NONE,99.1
TMB-DLQ,2022-07-01,28.16,110.6,68.1,59.5,40.2,53.8,coastal_habitat,NONE,94.8
TMB-DLQ,2022-08-01,26.36,80.1,66.7,55.7,33.5,58.0,coastal_habitat,NONE,100.0
TMB-DLQ,2022-09-01,26.95,120.8,72.2,55.5,43.0,51.3,coastal_habitat,NONE,97.5
TMB-DLQ,2022-10-01,26.4,141.0,79.7,68.8,34.4,46.0,coastal_habitat,NONE,93.1
TMB-DLQ,2022-11-01,26.35,218.8,85.3,70.6,37.9,54.6,coastal_habitat,NONE,95.4
TMB-DLQ,2022-12-01,27.56,212.8,86.8,70.1,53.4,58.1,coastal_habitat,NONE,100.0
TMB-DLQ,2023-01-01,29.39,268.5,76.2,65.0,43.4,59.2,coastal_habitat,NONE,90.2
TMB-DLQ,2023-02-01,29.71,231.6,84.2,66.8,41.0,43.5,coastal_habitat,NONE,98.8
TMB-DLQ,2023-03-01,30.47,223.5,77.2,54.4,51.3,45.6,coastal_habitat,NONE,98.5
TMB-DLQ,2023-04-01,30.12,175.9,77.9,61.6,40.1,48.3,coastal_habitat,NONE,98.6
TMB-DLQ,2023-05-01,30.53,95.7,73.2,52.4,37.6,46.9,coastal_habitat,NONE,99.9
TMB-DLQ,2023-06-01,29.5,113.0,75.5,48.9,54.6,54.1,coastal_habitat,NONE,96.7
TMB-DLQ,2023-07-01,28.56,85.2,65.9,48.1,40.0,57.8,coastal_habitat,NONE,95.2
TMB-DLQ,2023-08-01,27.42,57.2,72.7,47.9,51.5,50.0,coastal_habitat,NONE,94.9
TMB-DLQ,2023-09-01,26.6,112.9,75.7,55.7,36.3,56.4,coastal_habitat,NONE,90.0
TMB-DLQ,2023-10-01,26.49,188.6,78.4,54.8,41.2,68.2,coastal_habitat,NONE,96.9
TMB-DLQ,2023-11-01,26.5,201.0,85.2,73.3,32.3,41.2,coastal_habitat,NONE,99.0
TMB-DLQ,2023-12-01,27.71,235.4,84.0,69.6,40.8,50.6,coastal_habitat,NONE,95.3
TMB-DLQ,2024-01-01,28.95,245.4,81.7,60.4,39.3,45.6,coastal_habitat,NONE,91.7
TMB-DLQ,2024-02-01,29.5,231.0,83.3,71.8,36.8,60.1,coastal_habitat,NONE,97.0
TMB-DLQ,2024-03-01,29.71,223.4,80.8,69.6,52.9,44.3,coastal_habitat,NONE,92.3
TMB-DLQ,2024-04-01,29.97,166.0,76.9,59.1,44.6,56.7,coastal_habitat,NONE,93.7
TMB-DLQ,2024-05-01,30.07,88.9,72.9,56.7,31.7,36.3,coastal_habitat,NONE,99.4
TMB-DLQ,2024-06-01,29.23,79.5,66.8,54.4,42.1,47.8,coastal_habitat,NONE,95.8
TMB-DLQ,2024-07-01,28.25,130.9,59.1,53.9,36.4,56.2,coastal_habitat,NONE,93.0
TMB-DLQ,2024-08-01,27.98,81.4,70.3,55.6,36.2,50.0,coastal_habitat,NONE,97.9
TMB-DLQ,2024-09-01,27.94,67.0,72.8,55.5,49.8,51.1,coastal_habitat,NONE,90.9
TMB-DLQ,2024-10-01,26.86,140.6,82.1,58.3,37.3,44.1,coastal_habitat,NONE,96.4
TMB-DLQ,2024-11-01,26.3,181.6,84.9,59.7,44.0,54.8,coastal_habitat,NONE,97.5
TMB-DLQ,2024-12-01,27.73,221.5,84.8,59.1,41.6,50.3,coastal_habitat,NONE,94.4
TMB-DLQ,2025-01-01,29.17,280.4,84.1,70.8,41.7,56.8,coastal_habitat,NONE,94.1
TMB-DLQ,2025-02-01,30.08,239.5,85.7,61.7,35.3,44.2,coastal_habitat,NONE,98.3
TMB-DLQ,2025-03-01,29.81,206.3,74.4,68.7,42.3,58.9,coastal_habitat,NONE,95.6
TMB-DLQ,2025-04-01,30.06,163.8,75.1,63.0,41.7,62.0,coastal_habitat,NONE,94.2
TMB-DLQ,2025-05-01,29.33,102.4,71.0,60.8,34.9,41.4,coastal_habitat,NONE,98.1
TMB-DLQ,2025-06-01,29.84,40.7,72.2,53.7,47.0,44.4,coastal_habitat,NONE,89.4
TMB-GWP,2019-01-01,27.25,260.4,84.2,65.7,25.9,5.4,coastal_habitat,HEAVY_RAIN,91.1
TMB-GWP,2019-02-01,27.33,270.7,84.4,83.8,33.7,9.1,coastal_habitat,NONE,95.9
TMB-GWP,2019-03-01,27.65,227.6,81.4,65.7,38.5,3.6,coastal_habitat,NONE,93.9
TMB-GWP,2019-04-01,28.57,213.4,73.2,67.1,25.9,12.9,coastal_habitat,NONE,95.8
TMB-GWP,2019-05-01,27.43,123.6,76.5,57.1,30.5,13.8,coastal_habitat,NONE,95.2
TMB-GWP,2019-06-01,27.7,94.5,69.0,64.6,38.7,7.3,coastal_habitat,NONE,100.0
TMB-GWP,2019-07-01,26.1,64.3,71.2,62.6,34.1,5.5,coastal_habitat,NONE,95.8
TMB-GWP,2019-08-01,25.82,87.5,69.5,60.0,26.6,0.0,coastal_habitat,NONE,97.2
TMB-GWP,2019-09-01,25.45,122.3,70.5,66.7,35.1,3.1,coastal_habitat,NONE,96.4
TMB-GWP,2019-10-01,25.0,164.6,75.7,66.5,35.2,5.2,coastal_habitat,HEAVY_RAIN,96.8
TMB-GWP,2019-11-01,25.95,222.7,78.8,81.3,30.5,0.0,coastal_habitat,HEAVY_RAIN,93.0
TMB-GWP,2019-12-01,26.83,282.2,85.2,79.1,25.6,5.6,coastal_habitat,HEAVY_RAIN,96.4
TMB-GWP,2020-01-01,26.95,265.0,81.5,73.4,26.1,10.3,coastal_habitat,HEAVY_RAIN,97.3
TMB-GWP,2020-02-01,27.22,308.6,86.0,85.1,36.0,27.9,coastal_habitat,HEAVY_RAIN,95.4
TMB-GWP,2020-03-01,28.57,200.2,73.5,74.3,29.4,10.0,coastal_habitat,NONE,95.1
TMB-GWP,2020-04-01,28.32,152.2,75.8,67.7,34.7,4.5,coastal_habitat,NONE,99.1
TMB-GWP,2020-05-01,28.65,145.3,69.4,68.3,35.5,18.3,coastal_habitat,NONE,90.2
TMB-GWP,2020-06-01,27.23,105.5,65.6,57.4,32.6,11.0,coastal_habitat,NONE,100.0
TMB-GWP,2020-07-01,27.12,40.6,61.8,53.6,24.5,14.4,coastal_habitat,NONE,93.1
TMB-GWP,2020-08-01,25.93,104.7,71.3,59.0,16.9,8.5,coastal_habitat,NONE,99.3
TMB-GWP,2020-09-01,25.81,110.0,68.3,67.2,33.5,17.3,coastal_habitat,NONE,98.6
TMB-GWP,2020-10-01,24.31,164.0,72.0,66.7,33.1,8.2,coastal_habitat,HEAVY_RAIN,99.8
TMB-GWP,2020-11-01,25.73,244.7,77.3,69.1,34.4,14.1,coastal_habitat,HEAVY_RAIN,96.4
TMB-GWP,2020-12-01,26.23,275.0,84.7,73.7,26.5,6.9,coastal_habitat,HEAVY_RAIN,98.7
TMB-GWP,2021-01-01,26.89,278.8,83.4,70.1,29.2,5.7,coastal_habitat,HEAVY_RAIN,94.8
TMB-GWP,2021-02-01,27.33,246.2,79.9,71.8,32.9,12.5,coastal_habitat,NONE,95.7
TMB-GWP,2021-03-01,28.61,263.7,77.8,76.6,37.3,12.4,coastal_habitat,NONE,96.9
TMB-GWP,2021-04-01,28.77,204.7,73.1,64.3,37.0,8.6,coastal_habitat,NONE,96.1
TMB-GWP,2021-05-01,28.87,121.2,71.4,59.0,40.6,8.4,coastal_habitat,NONE,95.1
TMB-GWP,2021-06-01,27.82,64.8,65.3,59.6,25.1,3.3,coastal_habitat,NONE,100.0
TMB-GWP,2021-07-01,26.82,52.4,70.5,64.3,22.5,0.0,coastal_habitat,NONE,97.0
TMB-GWP,2021-08-01,26.27,75.1,69.1,69.2,33.5,0.0,coastal_habitat,NONE,100.0
TMB-GWP,2021-09-01,24.87,96.1,70.8,66.9,31.3,6.4,coastal_habitat,NONE,95.6
TMB-GWP,2021-10-01,25.04,164.1,74.5,66.4,33.8,21.4,coastal_habitat,NONE,97.2
TMB-GWP,2021-11-01,25.33,211.3,70.8,80.7,40.1,8.9,coastal_habitat,HEAVY_RAIN,97.3
TMB-GWP,2021-12-01,25.35,284.1,81.4,71.3,28.6,24.1,coastal_habitat,HEAVY_RAIN,95.5
TMB-GWP,2022-01-01,27.13,268.6,81.8,73.5,34.8,16.8,coastal_habitat,HEAVY_RAIN,98.0
TMB-GWP,2022-02-01,27.72,238.2,74.6,76.6,36.1,2.6,coastal_habitat,NONE,98.7
TMB-GWP,2022-03-01,28.69,171.9,76.0,67.7,35.4,13.5,coastal_habitat,NONE,95.2
TMB-GWP,2022-04-01,28.23,219.7,72.5,66.6,39.0,25.4,coastal_habitat,NONE,94.5
TMB-GWP,2022-05-01,28.62,179.8,66.2,68.5,30.5,16.4,coastal_habitat,NONE,95.0
TMB-GWP,2022-06-01,28.98,97.4,70.9,66.5,39.0,18.5,coastal_habitat,NONE,97.4
TMB-GWP,2022-07-01,26.83,64.7,67.4,63.0,28.2,1.5,coastal_habitat,NONE,95.3
TMB-GWP,2022-08-01,26.03,57.8,69.9,62.5,31.7,1.2,coastal_habitat,NONE,90.6
TMB-GWP,2022-09-01,24.52,120.4,72.6,59.3,32.6,20.3,coastal_habitat,NONE,98.8
TMB-GWP,2022-10-01,25.48,128.6,73.9,69.9,40.5,22.0,coastal_habitat,NONE,91.2
TMB-GWP,2022-11-01,25.8,197.7,80.6,79.1,30.2,22.7,coastal_habitat,NONE,100.0
TMB-GWP,2022-12-01,26.37,267.2,78.0,70.9,29.5,17.4,coastal_habitat,HEAVY_RAIN,95.9
TMB-GWP,2023-01-01,26.55,252.0,80.0,77.3,37.6,14.8,coastal_habitat,HEAVY_RAIN,94.9
TMB-GWP,2023-02-01,27.46,277.4,84.0,74.5,41.2,20.5,coastal_habitat,NONE,95.5
TMB-GWP,2023-03-01,28.25,203.3,78.5,64.8,22.6,12.1,coastal_habitat,NONE,92.9
TMB-GWP,2023-04-01,29.81,143.3,74.2,71.4,22.4,11.8,coastal_habitat,NONE,99.7
TMB-GWP,2023-05-01,28.38,142.8,75.7,65.7,37.6,17.3,coastal_habitat,NONE,100.0
TMB-GWP,2023-06-01,28.12,52.4,71.1,60.6,37.8,6.7,coastal_habitat,NONE,96.5
TMB-GWP,2023-07-01,26.32,12.8,66.8,62.0,32.7,7.0,coastal_habitat,DRY_SPELL,100.0
TMB-GWP,2023-08-01,25.51,5.0,71.0,63.8,35.1,10.2,coastal_habitat,DRY_SPELL,96.3
TMB-GWP,2023-09-01,25.35,105.0,71.0,60.4,29.2,5.4,coastal_habitat,NONE,95.2
TMB-GWP,2023-10-01,25.76,181.4,67.2,69.4,37.1,13.7,coastal_habitat,HEAVY_RAIN,100.0
TMB-GWP,2023-11-01,26.58,266.9,79.2,75.1,29.7,24.4,coastal_habitat,HEAVY_RAIN,92.3
TMB-GWP,2023-12-01,26.18,258.6,82.4,70.4,24.5,9.2,coastal_habitat,HEAVY_RAIN,97.0
TMB-GWP,2024-01-01,26.92,300.0,85.3,78.2,31.4,21.1,coastal_habitat,HEAVY_RAIN,94.7
TMB-GWP,2024-02-01,27.99,260.0,82.6,65.1,30.0,14.3,coastal_habitat,NONE,92.3
TMB-GWP,2024-03-01,28.86,241.9,72.2,75.6,36.3,7.2,coastal_habitat,NONE,99.1
TMB-GWP,2024-04-01,29.11,160.9,76.9,67.8,22.6,16.7,coastal_habitat,NONE,90.1
TMB-GWP,2024-05-01,28.11,142.7,69.0,67.8,33.1,9.4,coastal_habitat,NONE,100.0
TMB-GWP,2024-06-01,28.81,45.3,68.2,58.2,30.5,18.6,coastal_habitat,NONE,95.0
TMB-GWP,2024-07-01,27.9,61.2,68.5,61.7,27.2,6.6,coastal_habitat,NONE,96.8
TMB-GWP,2024-08-01,25.75,76.4,66.5,62.5,26.3,8.6,coastal_habitat,NONE,89.4
TMB-GWP,2024-09-01,25.88,128.4,70.4,68.9,23.1,13.8,coastal_habitat,NONE,97.5
TMB-GWP,2024-10-01,26.37,186.2,77.9,67.9,24.8,21.5,coastal_habitat,HEAVY_RAIN,98.9
TMB-GWP,2024-11-01,25.16,253.8,78.4,70.9,35.6,8.9,coastal_habitat,HEAVY_RAIN,92.5
TMB-GWP,2024-12-01,25.71,234.2,81.1,77.8,28.4,16.0,coastal_habitat,HEAVY_RAIN,96.7
TMB-GWP,2025-01-01,27.49,293.6,80.6,76.4,36.6,7.8,coastal_habitat,HEAVY_RAIN,96.5
TMB-GWP,2025-02-01,29.32,270.7,79.5,71.6,35.7,22.8,coastal_habitat,NONE,88.2
TMB-GWP,2025-03-01,28.21,194.8,71.7,71.1,24.5,5.2,coastal_habitat,NONE,94.9
TMB-GWP,2025-04-01,29.38,199.8,70.4,69.1,23.9,13.9,coastal_habitat,NONE,95.1
TMB-GWP,2025-05-01,28.96,135.3,75.7,63.9,32.7,14.2,coastal_habitat,NONE,92.1
TMB-GWP,2025-06-01,28.22,73.4,63.4,63.3,35.5,12.5,coastal_habitat,NONE,97.5
TMB-GZX,2019-01-01,26.7,270.7,89.0,75.4,14.7,27.4,mixed_forest,NONE,97.1
TMB-GZX,2019-02-01,26.31,288.8,86.8,83.1,13.7,32.4,mixed_forest,NONE,92.1
TMB-GZX,2019-03-01,27.78,281.4,87.2,70.1,21.7,25.0,mixed_forest,NONE,96.3
TMB-GZX,2019-04-01,27.46,138.1,77.0,69.7,15.9,20.0,mixed_forest,NONE,91.1
TMB-GZX,2019-05-01,27.55,83.3,78.2,61.8,20.0,33.2,mixed_forest,NONE,96.3
TMB-GZX,2019-06-01,27.09,64.6,70.6,63.6,25.0,13.8,mixed_forest,NONE,97.1
TMB-GZX,2019-07-01,26.36,60.9,73.6,69.9,19.6,36.7,mixed_forest,NONE,95.5
TMB-GZX,2019-08-01,24.64,109.4,70.3,69.2,18.8,22.4,mixed_forest,NONE,97.6
TMB-GZX,2019-09-01,24.35,168.9,76.0,74.8,16.0,13.8,mixed_forest,NONE,95.8
TMB-GZX,2019-10-01,23.35,159.3,77.9,68.1,17.5,27.7,mixed_forest,NONE,100.0
TMB-GZX,2019-11-01,24.26,239.7,82.6,70.8,19.5,42.6,mixed_forest,NONE,94.4
TMB-GZX,2019-12-01,25.69,257.1,84.3,69.4,25.6,19.4,mixed_forest,NONE,94.0
TMB-GZX,2020-01-01,26.53,261.1,88.1,75.6,27.5,28.1,mixed_forest,NONE,97.7
TMB-GZX,2020-02-01,26.9,261.3,89.9,81.2,28.6,21.1,mixed_forest,NONE,91.7
TMB-GZX,2020-03-01,27.23,258.2,80.7,77.0,30.2,28.2,mixed_forest,NONE,92.1
TMB-GZX,2020-04-01,28.34,232.8,81.0,70.1,20.6,22.5,mixed_forest,NONE,95.7
TMB-GZX,2020-05-01,28.07,92.2,75.0,67.9,19.4,24.5,mixed_forest,NONE,98.2
TMB-GZX,2020-06-01,26.68,41.8,75.5,69.4,25.9,26.9,mixed_forest,NONE,99.4
TMB-GZX,2020-07-01,26.59,81.5,68.4,58.0,15.6,30.8,mixed_forest,NONE,99.4
TMB-GZX,2020-08-01,25.65,104.6,73.7,66.1,25.2,29.3,mixed_forest,NONE,99.0
TMB-GZX,2020-09-01,24.61,153.3,79.0,64.8,22.7,14.2,mixed_forest,NONE,97.5
TMB-GZX,2020-10-01,24.11,182.2,80.5,71.9,8.3,14.0,mixed_forest,NONE,90.6
TMB-GZX,2020-11-01,24.34,278.2,81.1,71.1,32.8,16.5,mixed_forest,NONE,93.8
TMB-GZX,2020-12-01,24.91,305.4,89.3,73.8,13.3,18.2,mixed_forest,NONE,92.9
TMB-GZX,2021-01-01,25.59,289.2,88.9,77.6,23.5,37.1,mixed_forest,HEAVY_RAIN,94.4
TMB-GZX,2021-02-01,25.82,278.2,84.6,72.9,20.7,29.3,mixed_forest,NONE,95.9
TMB-GZX,2021-03-01,28.03,232.9,81.1,69.4,19.0,37.8,mixed_forest,NONE,97.1
TMB-GZX,2021-04-01,28.49,187.8,84.2,64.3,15.2,29.7,mixed_forest,NONE,91.6
TMB-GZX,2021-05-01,27.71,107.2,78.8,60.1,17.8,24.0,mixed_forest,NONE,98.0
TMB-GZX,2021-06-01,26.99,102.2,70.5,61.2,21.3,3.1,mixed_forest,NONE,90.8
TMB-GZX,2021-07-01,26.0,77.4,71.7,59.6,25.9,32.6,mixed_forest,NONE,99.6
TMB-GZX,2021-08-01,25.26,60.6,77.3,62.7,20.8,24.3,mixed_forest,NONE,88.9
TMB-GZX,2021-09-01,25.13,81.5,77.9,73.9,28.1,22.0,mixed_forest,NONE,100.0
TMB-GZX,2021-10-01,24.48,177.6,83.9,65.8,19.1,28.4,mixed_forest,NONE,98.2
TMB-GZX,2021-11-01,25.53,240.5,80.9,68.1,29.8,23.2,mixed_forest,NONE,97.3
TMB-GZX,2021-12-01,25.12,269.5,88.7,81.0,22.5,34.3,mixed_forest,NONE,93.0
TMB-GZX,2022-01-01,25.33,260.3,90.7,78.1,21.9,25.1,mixed_forest,NONE,100.0
TMB-GZX,2022-02-01,26.74,228.5,88.6,85.6,24.8,19.2,mixed_forest,NONE,98.0
TMB-GZX,2022-03-01,27.61,266.8,86.2,78.7,18.3,33.4,mixed_forest,NONE,96.2
TMB-GZX,2022-04-01,28.16,173.4,77.7,68.4,16.6,30.6,mixed_forest,NONE,97.7
TMB-GZX,2022-05-01,27.4,105.0,74.4,72.4,18.9,23.7,mixed_forest,NONE,97.3
TMB-GZX,2022-06-01,26.85,91.7,71.5,62.5,17.7,4.7,mixed_forest,NONE,99.5
TMB-GZX,2022-07-01,26.4,11.3,71.8,54.5,18.5,18.3,mixed_forest,DRY_SPELL,98.3
TMB-GZX,2022-08-01,25.96,73.7,76.4,71.3,10.0,17.6,mixed_forest,NONE,99.7
TMB-GZX,2022-09-01,25.79,191.1,74.4,64.5,20.0,23.8,mixed_forest,NONE,95.5
TMB-GZX,2022-10-01,23.91,137.3,82.8,72.5,28.2,19.2,mixed_forest,NONE,96.7
TMB-GZX,2022-11-01,25.52,253.4,85.7,70.8,29.8,25.7,mixed_forest,NONE,98.7
TMB-GZX,2022-12-01,25.89,261.6,89.1,76.8,23.2,22.8,mixed_forest,NONE,94.1
TMB-GZX,2023-01-01,26.32,284.3,88.2,70.5,22.2,21.8,mixed_forest,NONE,93.5
TMB-GZX,2023-02-01,27.88,271.2,87.7,79.2,19.0,14.7,mixed_forest,NONE,95.6
TMB-GZX,2023-03-01,28.5,239.4,84.7,65.5,22.5,33.9,mixed_forest,NONE,93.3
TMB-GZX,2023-04-01,27.82,183.1,75.3,67.5,22.2,25.4,mixed_forest,NONE,92.6
TMB-GZX,2023-05-01,28.56,139.8,76.2,63.3,26.8,38.4,mixed_forest,NONE,95.9
TMB-GZX,2023-06-01,27.45,75.7,72.6,66.3,18.1,20.5,mixed_forest,NONE,91.0
TMB-GZX,2023-07-01,26.47,43.3,68.6,59.1,18.5,19.8,mixed_forest,NONE,91.8
TMB-GZX,2023-08-01,25.88,37.9,76.6,63.7,18.4,22.8,mixed_forest,NONE,90.0
TMB-GZX,2023-09-01,24.84,117.1,69.3,66.3,36.0,20.6,mixed_forest,NONE,92.3
TMB-GZX,2023-10-01,24.73,205.5,75.5,70.8,21.8,19.8,mixed_forest,NONE,91.7
TMB-GZX,2023-11-01,24.99,249.2,83.3,74.9,13.2,28.0,mixed_forest,NONE,99.8
TMB-GZX,2023-12-01,24.82,315.6,88.4,75.5,15.4,26.6,mixed_forest,NONE,95.9
TMB-GZX,2024-01-01,25.21,294.6,86.4,71.9,17.4,25.5,mixed_forest,NONE,97.2
TMB-GZX,2024-02-01,27.62,269.6,89.1,78.3,27.9,35.7,mixed_forest,NONE,95.2
TMB-GZX,2024-03-01,27.86,227.9,84.7,71.6,16.8,25.2,mixed_forest,NONE,90.8
TMB-GZX,2024-04-01,27.51,170.7,83.0,73.9,12.6,13.8,mixed_forest,NONE,95.4
TMB-GZX,2024-05-01,27.59,105.6,79.7,67.5,22.4,16.5,mixed_forest,NONE,98.7
TMB-GZX,2024-06-01,27.46,101.0,73.2,64.6,20.2,25.6,mixed_forest,NONE,97.8
TMB-GZX,2024-07-01,26.61,49.3,70.4,58.9,17.3,34.2,mixed_forest,NONE,93.1
TMB-GZX,2024-08-01,25.75,80.1,74.3,65.4,16.9,32.0,mixed_forest,NONE,99.1
TMB-GZX,2024-09-01,25.28,139.5,80.0,69.9,18.8,19.5,mixed_forest,NONE,88.9
TMB-GZX,2024-10-01,23.84,260.5,83.5,67.3,21.8,24.4,mixed_forest,NONE,94.5
TMB-GZX,2024-11-01,25.43,215.5,85.1,75.6,21.0,27.2,mixed_forest,NONE,95.1
TMB-GZX,2024-12-01,26.09,220.4,82.9,71.3,17.9,34.4,mixed_forest,NONE,94.8
TMB-GZX,2025-01-01,26.81,285.5,84.9,72.8,19.0,40.0,mixed_forest,NONE,93.0
TMB-GZX,2025-02-01,26.99,296.0,89.8,79.7,20.8,29.2,mixed_forest,NONE,93.2
TMB-GZX,2025-03-01,28.53,171.2,84.3,77.5,21.9,31.3,mixed_forest,NONE,95.5
TMB-GZX,2025-04-01,27.3,158.6,79.3,60.7,23.7,24.4,mixed_forest,NONE,98.9
TMB-GZX,2025-05-01,27.93,98.5,74.6,67.3,21.9,23.3,mixed_forest,NONE,98.7
TMB-GZX,2025-06-01,27.22,29.3,74.6,67.4,17.8,18.3,mixed_forest,DRY_SPELL,97.5
TMB-HFR,2019-01-01,26.72,257.4,86.3,62.8,18.8,36.5,mixed_forest,HEAVY_RAIN,92.7
TMB-HFR,2019-02-01,27.29,226.7,89.5,54.4,13.4,23.4,mixed_forest,NONE,93.5
TMB-HFR,2019-03-01,27.53,208.8,81.1,50.0,17.7,31.6,mixed_forest,NONE,96.0
TMB-HFR,2019-04-01,28.24,117.1,78.0,45.0,18.1,29.5,mixed_forest,NONE,92.6
TMB-HFR,2019-05-01,27.06,130.8,76.5,46.1,16.2,37.6,mixed_forest,NONE,93.9
TMB-HFR,2019-06-01,26.95,63.8,71.5,42.4,13.5,37.6,mixed_forest,NONE,97.7
TMB-HFR,2019-07-01,26.83,67.6,65.7,48.7,12.8,36.4,mixed_forest,NONE,97.5
TMB-HFR,2019-08-01,24.47,80.0,68.2,45.5,17.3,28.9,mixed_forest,NONE,89.8
TMB-HFR,2019-09-01,26.43,111.5,73.3,46.1,12.4,30.5,mixed_forest,NONE,93.9
TMB-HFR,2019-10-01,24.8,138.4,79.1,47.0,11.1,29.3,mixed_forest,HEAVY_RAIN,85.5
TMB-HFR,2019-11-01,25.0,266.4,85.2,47.3,19.9,26.7,mixed_forest,HEAVY_RAIN,97.5
TMB-HFR,2019-12-01,25.52,246.8,83.5,53.8,15.7,24.3,mixed_forest,HEAVY_RAIN,94.3
TMB-HFR,2020-01-01,27.0,200.6,87.4,58.9,15.3,33.7,mixed_forest,HEAVY_RAIN,96.6
TMB-HFR,2020-02-01,26.66,253.0,86.9,56.2,14.0,23.5,mixed_forest,NONE,95.9
TMB-HFR,2020-03-01,28.44,194.2,82.2,56.9,24.7,33.3,mixed_forest,NONE,96.6
TMB-HFR,2020-04-01,28.85,146.2,80.7,47.8,4.1,33.8,mixed_forest,NONE,94.9
TMB-HFR,2020-05-01,27.76,43.6,75.4,47.3,23.7,30.1,mixed_forest,NONE,88.7
TMB-HFR,2020-06-01,27.56,112.0,68.7,48.5,19.9,42.7,mixed_forest,NONE,98.4
TMB-HFR,2020-07-01,27.12,66.3,70.5,46.6,24.9,41.4,mixed_forest,NONE,98.5
TMB-HFR,2020-08-01,25.43,69.7,72.3,41.1,14.8,37.2,mixed_forest,NONE,96.9
TMB-HFR,2020-09-01,25.39,130.5,72.2,45.1,29.0,42.5,mixed_forest,NONE,92.6
TMB-HFR,2020-10-01,25.2,143.8,80.3,59.9,11.8,19.4,mixed_forest,NONE,96.1
TMB-HFR,2020-11-01,26.24,201.2,84.6,63.1,17.1,32.3,mixed_forest,HEAVY_RAIN,98.2
TMB-HFR,2020-12-01,25.63,264.2,84.2,56.1,10.1,30.7,mixed_forest,HEAVY_RAIN,93.9
TMB-HFR,2021-01-01,25.75,276.8,88.8,64.9,19.7,30.2,mixed_forest,HEAVY_RAIN,100.0
TMB-HFR,2021-02-01,26.88,214.7,84.7,60.4,11.8,32.6,mixed_forest,NONE,98.8
TMB-HFR,2021-03-01,29.03,200.9,79.9,58.0,20.6,17.8,mixed_forest,NONE,98.2
TMB-HFR,2021-04-01,27.99,195.3,77.3,45.2,10.7,34.2,mixed_forest,NONE,96.9
TMB-HFR,2021-05-01,28.43,113.4,77.3,50.3,6.0,33.0,mixed_forest,NONE,97.2
TMB-HFR,2021-06-01,27.51,70.5,72.7,48.5,15.4,25.6,mixed_forest,NONE,99.4
TMB-HFR,2021-07-01,25.95,61.9,70.6,40.2,17.4,33.8,mixed_forest,NONE,94.5
TMB-HFR,2021-08-01,25.22,51.2,70.8,39.1,22.4,33.4,mixed_forest,NONE,91.6
TMB-HFR,2021-09-01,25.65,81.1,73.3,44.4,11.4,31.6,mixed_forest,NONE,97.3
TMB-HFR,2021-10-01,25.12,157.5,78.4,53.6,20.4,36.1,mixed_forest,HEAVY_RAIN,96.3
TMB-HFR,2021-11-01,25.33,224.6,81.1,55.9,18.2,27.3,mixed_forest,HEAVY_RAIN,99.6
TMB-HFR,2021-12-01,25.98,213.4,86.3,60.1,25.9,34.2,mixed_forest,HEAVY_RAIN,96.4
TMB-HFR,2022-01-01,25.87,244.0,82.8,63.8,19.5,43.3,mixed_forest,HEAVY_RAIN,94.9
TMB-HFR,2022-02-01,28.29,228.1,79.0,57.5,18.1,25.1,mixed_forest,NONE,96.2
TMB-HFR,2022-03-01,28.54,204.5,79.1,48.6,16.1,35.9,mixed_forest,NONE,100.0
TMB-HFR,2022-04-01,27.96,186.4,80.9,48.6,6.5,27.4,mixed_forest,NONE,98.2
TMB-HFR,2022-05-01,28.42,92.4,70.1,44.1,9.2,23.6,mixed_forest,NONE,98.4
TMB-HFR,2022-06-01,27.67,90.9,77.1,45.7,20.3,41.2,mixed_forest,NONE,94.7
TMB-HFR,2022-07-01,26.96,29.1,68.7,46.4,8.5,41.7,mixed_forest,DRY_SPELL,97.4
TMB-HFR,2022-08-01,26.47,101.3,71.5,40.3,30.9,40.8,mixed_forest,NONE,88.0
TMB-HFR,2022-09-01,24.98,165.2,69.8,46.9,17.8,38.0,mixed_forest,NONE,94.1
TMB-HFR,2022-10-01,24.42,162.4,78.5,50.2,15.8,38.6,mixed_forest,HEAVY_RAIN,99.5
TMB-HFR,2022-11-01,25.8,179.0,90.2,68.4,15.1,13.8,mixed_forest,HEAVY_RAIN,90.3
TMB-HFR,2022-12-01,25.09,221.2,86.9,55.9,13.7,36.7,mixed_forest,HEAVY_RAIN,95.9
TMB-HFR,2023-01-01,27.01,253.9,89.3,55.7,17.5,33.4,mixed_forest,HEAVY_RAIN,98.7
TMB-HFR,2023-02-01,27.31,246.1,85.4,62.6,23.5,32.1,mixed_forest,NONE,93.8
TMB-HFR,2023-03-01,27.89,201.2,79.4,53.9,16.5,24.9,mixed_forest,NONE,97.6
TMB-HFR,2023-04-01,29.07,166.4,78.3,51.0,14.7,28.1,mixed_forest,NONE,99.2
TMB-HFR,2023-05-01,28.75,115.3,78.3,42.5,21.7,30.1,mixed_forest,NONE,95.2
TMB-HFR,2023-06-01,27.0,57.2,71.6,41.4,20.2,25.8,mixed_forest,NONE,93.7
TMB-HFR,2023-07-01,26.28,71.8,71.1,44.5,11.0,41.7,mixed_forest,NONE,93.6
TMB-HFR,2023-08-01,26.24,63.2,72.1,47.5,14.7,36.9,mixed_forest,NONE,91.2
TMB-HFR,2023-09-01,25.43,107.6,68.0,49.6,9.1,38.1,mixed_forest,NONE,95.5
TMB-HFR,2023-10-01,24.46,173.4,76.4,46.7,14.4,28.3,mixed_forest,HEAVY_RAIN,97.8
TMB-HFR,2023-11-01,25.4,209.3,84.3,54.5,24.5,32.4,mixed_forest,HEAVY_RAIN,93.9
TMB-HFR,2023-12-01,25.32,221.3,93.2,61.6,8.6,24.7,mixed_forest,HEAVY_RAIN,96.4
TMB-HFR,2024-01-01,26.8,281.6,82.2,57.3,17.9,36.6,mixed_forest,HEAVY_RAIN,97.7
TMB-HFR,2024-02-01,27.97,240.0,82.1,55.6,15.5,33.9,mixed_forest,NONE,96.5
TMB-HFR,2024-03-01,28.02,185.8,79.4,58.7,19.5,33.4,mixed_forest,NONE,96.8
TMB-HFR,2024-04-01,28.66,120.8,77.0,54.1,14.8,25.6,mixed_forest,NONE,100.0
TMB-HFR,2024-05-01,28.86,118.5,73.3,49.0,10.6,23.1,mixed_forest,NONE,97.7
TMB-HFR,2024-06-01,27.02,81.1,70.2,45.5,11.8,25.4,mixed_forest,NONE,96.9
TMB-HFR,2024-07-01,27.09,79.0,68.4,43.3,17.4,25.9,mixed_forest,NONE,94.7
TMB-HFR,2024-08-01,25.01,43.8,67.9,46.2,15.8,42.5,mixed_forest,NONE,93.1
TMB-HFR,2024-09-01,24.47,104.1,71.6,54.0,12.2,26.6,mixed_forest,NONE,96.6
TMB-HFR,2024-10-01,25.12,184.5,76.9,45.1,25.0,27.6,mixed_forest,HEAVY_RAIN,97.7
TMB-HFR,2024-11-01,25.83,199.3,80.4,52.6,18.2,34.8,mixed_forest,HEAVY_RAIN,95.1
TMB-HFR,2024-12-01,24.6,278.1,86.6,57.5,14.6,35.7,mixed_forest,HEAVY_RAIN,95.5
TMB-HFR,2025-01-01,26.14,225.7,80.4,62.4,18.2,27.9,mixed_forest,HEAVY_RAIN,99.8
TMB-HFR,2025-02-01,27.4,239.2,86.5,63.9,11.9,34.9,mixed_forest,NONE,98.8
TMB-HFR,2025-03-01,28.81,200.8,79.9,58.0,17.2,23.3,mixed_forest,NONE,95.2
TMB-HFR,2025-04-01,28.84,117.6,79.0,52.9,7.7,34.2,mixed_forest,NONE,100.0
TMB-HFR,2025-05-01,27.6,117.4,77.7,52.6,11.0,26.2,mixed_forest,NONE,96.5
TMB-HFR,2025-06-01,27.47,88.6,71.3,45.9,10.4,21.3,mixed_forest,NONE,97.0
TMB-HQL,2019-01-01,25.61,316.0,83.6,77.5,41.1,39.1,durian_orchard,NONE,96.9
TMB-HQL,2019-02-01,27.33,315.4,87.8,75.0,35.0,43.8,durian_orchard,NONE,89.8
TMB-HQL,2019-03-01,27.32,266.4,76.7,72.6,39.0,34.3,durian_orchard,NONE,94.6
TMB-HQL,2019-04-01,27.97,209.1,77.2,67.4,35.9,31.6,durian_orchard,NONE,100.0
TMB-HQL,2019-05-01,27.7,152.1,74.7,68.7,36.4,44.9,durian_orchard,NONE,100.0
TMB-HQL,2019-06-01,27.27,104.9,66.8,70.2,31.7,20.2,durian_orchard,NONE,97.0
TMB-HQL,2019-07-01,27.48,84.3,68.7,65.7,34.5,43.8,durian_orchard,NONE,98.5
TMB-HQL,2019-08-01,24.73,135.4,70.5,65.4,45.3,37.7,durian_orchard,NONE,94.0
TMB-HQL,2019-09-01,24.62,110.7,71.3,70.9,27.7,35.6,durian_orchard,NONE,96.6
TMB-HQL,2019-10-01,24.21,152.5,68.5,76.3,35.2,33.5,durian_orchard,NONE,95.4
TMB-HQL,2019-11-01,25.34,210.6,83.5,73.5,32.2,32.8,durian_orchard,NONE,94.5
TMB-HQL,2019-12-01,25.92,294.2,80.1,76.4,25.9,35.6,durian_orchard,NONE,96.2
TMB-HQL,2020-01-01,26.71,305.9,83.7,73.9,33.0,28.9,durian_orchard,NONE,100.0
TMB-HQL,2020-02-01,27.04,312.9,78.6,75.9,36.6,29.3,durian_orchard,NONE,91.4
TMB-HQL,2020-03-01,28.06,220.4,81.1,75.7,40.4,35.5,durian_orchard,NONE,93.8
TMB-HQL,2020-04-01,29.08,178.5,76.8,73.7,35.9,37.8,durian_orchard,NONE,99.0
TMB-HQL,2020-05-01,27.75,118.1,76.2,72.4,33.9,25.6,durian_orchard,NONE,96.7
TMB-HQL,2020-06-01,27.81,107.8,68.3,64.4,46.8,35.0,durian_orchard,NONE,94.6
TMB-HQL,2020-07-01,26.39,69.2,69.7,66.6,37.3,39.5,durian_orchard,NONE,96.7
TMB-HQL,2020-08-01,25.65,78.0,72.0,66.3,41.4,38.4,durian_orchard,NONE,95.8
TMB-HQL,2020-09-01,25.35,163.8,78.6,68.5,32.5,29.8,durian_orchard,NONE,93.9
TMB-HQL,2020-10-01,24.98,212.0,82.6,78.1,35.3,43.0,durian_orchard,NONE,100.0
TMB-HQL,2020-11-01,24.55,269.7,82.5,71.1,34.8,30.8,durian_orchard,NONE,95.9
TMB-HQL,2020-12-01,25.65,289.3,80.8,76.1,28.3,38.2,durian_orchard,NONE,90.3
TMB-HQL,2021-01-01,26.19,333.5,86.7,86.2,24.0,41.3,durian_orchard,HEAVY_RAIN,96.5
TMB-HQL,2021-02-01,26.62,282.7,85.3,78.4,25.8,32.4,durian_orchard,NONE,97.3
TMB-HQL,2021-03-01,27.65,274.0,79.0,80.6,33.2,21.7,durian_orchard,NONE,96.9
TMB-HQL,2021-04-01,26.89,211.7,75.6,79.0,28.7,31.1,durian_orchard,NONE,91.9
TMB-HQL,2021-05-01,27.29,168.0,68.9,65.8,35.4,43.7,durian_orchard,NONE,99.1
TMB-HQL,2021-06-01,26.73,116.8,75.3,68.7,41.0,36.8,durian_orchard,NONE,92.3
TMB-HQL,2021-07-01,26.54,80.1,61.8,59.0,33.3,33.8,durian_orchard,NONE,100.0
TMB-HQL,2021-08-01,25.68,105.9,72.5,65.8,37.7,37.4,durian_orchard,NONE,93.9
TMB-HQL,2021-09-01,24.83,109.3,71.8,66.9,36.8,22.3,durian_orchard,NONE,98.2
TMB-HQL,2021-10-01,24.41,199.4,68.3,75.2,38.7,40.2,durian_orchard,NONE,92.8
TMB-HQL,2021-11-01,24.67,224.9,74.4,68.3,37.9,30.6,durian_orchard,NONE,98.1
TMB-HQL,2021-12-01,25.52,269.5,86.1,80.8,34.1,34.1,durian_orchard,NONE,99.4
TMB-HQL,2022-01-01,26.28,327.9,88.8,78.7,41.2,26.2,durian_orchard,NONE,98.9
TMB-HQL,2022-02-01,28.18,281.8,83.6,78.6,39.6,27.5,durian_orchard,NONE,97.4
TMB-HQL,2022-03-01,28.01,257.1,81.3,75.8,35.4,40.3,durian_orchard,NONE,93.2
TMB-HQL,2022-04-01,28.01,202.4,76.1,67.8,31.0,39.8,durian_orchard,NONE,100.0
TMB-HQL,2022-05-01,27.79,149.4,73.1,65.8,30.5,38.2,durian_orchard,NONE,94.2
TMB-HQL,2022-06-01,27.59,82.1,68.5,64.1,48.0,18.6,durian_orchard,NONE,94.9
TMB-HQL,2022-07-01,26.21,82.9,65.7,65.7,33.3,29.2,durian_orchard,NONE,100.0
TMB-HQL,2022-08-01,25.4,124.6,70.3,72.7,33.4,31.1,durian_orchard,NONE,93.7
TMB-HQL,2022-09-01,24.8,138.8,71.0,77.5,40.9,44.5,durian_orchard,NONE,97.4
TMB-HQL,2022-10-01,24.39,186.7,81.1,75.3,32.6,46.8,durian_orchard,NONE,91.6
TMB-HQL,2022-11-01,25.29,259.8,83.8,77.7,25.3,40.8,durian_orchard,NONE,100.0
TMB-HQL,2022-12-01,25.54,284.9,82.9,76.9,46.3,38.5,durian_orchard,NONE,100.0
TMB-HQL,2023-01-01,26.13,336.8,84.7,84.9,34.2,31.8,durian_orchard,HEAVY_RAIN,97.8
TMB-HQL,2023-02-01,26.76,305.1,79.5,78.9,32.7,39.8,durian_orchard,HEAVY_RAIN,92.9
TMB-HQL,2023-03-01,27.53,242.0,79.5,73.5,37.6,44.6,durian_orchard,NONE,98.6
TMB-HQL,2023-04-01,28.61,207.0,82.0,65.1,32.6,29.0,durian_orchard,NONE,95.5
TMB-HQL,2023-05-01,28.22,120.2,69.9,69.2,34.9,19.2,durian_orchard,NONE,89.9
TMB-HQL,2023-06-01,27.78,140.6,68.3,65.9,33.7,36.0,durian_orchard,NONE,96.2
TMB-HQL,2023-07-01,26.23,66.3,65.2,67.3,29.6,26.4,durian_orchard,NONE,100.0
TMB-HQL,2023-08-01,26.13,107.5,62.3,63.6,46.0,26.1,durian_orchard,NONE,95.9
TMB-HQL,2023-09-01,24.16,158.0,74.9,63.9,39.4,34.8,durian_orchard,NONE,94.1
TMB-HQL,2023-10-01,24.53,221.2,75.9,74.9,31.5,42.9,durian_orchard,NONE,95.3
TMB-HQL,2023-11-01,25.25,233.9,81.1,80.1,30.4,31.5,durian_orchard,NONE,94.9
TMB-HQL,2023-12-01,25.57,318.9,84.4,79.3,36.7,29.4,durian_orchard,HEAVY_RAIN,94.3
TMB-HQL,2024-01-01,27.64,356.1,78.8,85.3,32.5,58.7,durian_orchard,HEAVY_RAIN,93.5
TMB-HQL,2024-02-01,26.77,288.9,84.3,85.2,26.5,33.5,durian_orchard,NONE,97.0
TMB-HQL,2024-03-01,28.75,254.7,79.8,75.8,29.3,31.2,durian_orchard,NONE,93.3
TMB-HQL,2024-04-01,28.37,194.0,73.1,70.9,30.5,40.7,durian_orchard,NONE,94.4
TMB-HQL,2024-05-01,28.43,114.4,72.1,65.2,36.5,35.2,durian_orchard,NONE,89.6
TMB-HQL,2024-06-01,28.34,94.4,63.6,66.2,33.7,32.7,durian_orchard,NONE,100.0
TMB-HQL,2024-07-01,26.72,67.5,72.1,65.3,35.9,45.1,durian_orchard,NONE,100.0
TMB-HQL,2024-08-01,25.17,126.6,69.2,64.5,45.1,26.3,durian_orchard,NONE,99.0
TMB-HQL,2024-09-01,25.37,124.9,74.1,67.4,34.8,36.6,durian_orchard,NONE,98.9
TMB-HQL,2024-10-01,24.99,178.8,78.6,74.7,36.8,18.9,durian_orchard,NONE,91.8
TMB-HQL,2024-11-01,24.41,230.7,85.2,81.4,31.2,25.3,durian_orchard,NONE,100.0
TMB-HQL,2024-12-01,25.18,276.8,82.3,73.3,32.1,43.1,durian_orchard,NONE,93.3
TMB-HQL,2025-01-01,26.15,309.9,89.1,88.1,34.5,37.5,durian_orchard,NONE,96.2
TMB-HQL,2025-02-01,27.75,280.4,83.3,76.3,33.6,27.7,durian_orchard,NONE,100.0
TMB-HQL,2025-03-01,27.18,245.8,81.0,76.0,42.9,35.8,durian_orchard,NONE,100.0
TMB-HQL,2025-04-01,28.05,223.7,77.7,72.8,40.0,45.6,durian_orchard,NONE,99.0
TMB-HQL,2025-05-01,27.86,152.0,73.8,61.1,32.6,42.8,durian_orchard,NONE,92.7
TMB-HQL,2025-06-01,27.88,119.0,75.7,64.6,28.3,37.6,durian_orchard,NONE,93.0
TMB-HVD,2019-01-01,25.02,244.1,84.9,78.9,7.5,7.7,mixed_forest,NONE,99.4
TMB-HVD,2019-02-01,25.2,230.6,83.0,74.3,8.8,15.5,mixed_forest,NONE,99.3
TMB-HVD,2019-03-01,26.61,168.9,82.6,65.1,0.0,25.8,mixed_forest,NONE,94.3
TMB-HVD,2019-04-01,26.64,149.7,77.3,66.4,8.5,12.2,mixed_forest,NONE,94.6
TMB-HVD,2019-05-01,27.17,97.4,75.0,67.9,12.2,5.9,mixed_forest,NONE,93.0
TMB-HVD,2019-06-01,26.73,72.5,70.9,59.1,10.1,10.2,mixed_forest,NONE,97.7
TMB-HVD,2019-07-01,25.48,53.2,68.0,59.7,5.0,12.1,mixed_forest,NONE,90.9
TMB-HVD,2019-08-01,24.7,42.6,63.8,60.4,0.5,9.7,mixed_forest,NONE,91.2
TMB-HVD,2019-09-01,23.42,160.8,73.5,66.7,0.9,20.4,mixed_forest,NONE,93.7
TMB-HVD,2019-10-01,24.12,180.2,78.3,68.6,6.5,16.2,mixed_forest,NONE,98.4
TMB-HVD,2019-11-01,23.19,177.3,82.3,76.1,6.7,22.6,mixed_forest,NONE,100.0
TMB-HVD,2019-12-01,23.94,240.1,85.3,78.1,9.0,9.9,mixed_forest,NONE,98.6
TMB-HVD,2020-01-01,25.54,214.6,85.4,73.3,17.8,19.5,mixed_forest,NONE,95.5
TMB-HVD,2020-02-01,26.3,242.0,83.1,67.9,0.0,7.2,mixed_forest,NONE,92.8
TMB-HVD,2020-03-01,26.23,199.9,76.9,81.5,2.8,13.6,mixed_forest,NONE,93.1
TMB-HVD,2020-04-01,26.75,153.4,80.6,58.3,0.0,0.0,mixed_forest,NONE,94.6
TMB-HVD,2020-05-01,27.54,107.6,72.0,60.4,1.5,9.1,mixed_forest,NONE,98.6
TMB-HVD,2020-06-01,27.99,65.0,69.7,69.2,9.0,8.5,mixed_forest,NONE,93.2
TMB-HVD,2020-07-01,25.74,122.7,66.3,56.3,2.7,6.0,mixed_forest,NONE,90.8
TMB-HVD,2020-08-01,24.31,105.2,66.1,61.7,14.7,17.6,mixed_forest,NONE,91.6
TMB-HVD,2020-09-01,24.5,97.8,70.6,70.5,5.7,15.3,mixed_forest,NONE,97.7
TMB-HVD,2020-10-01,23.7,137.0,79.2,67.0,11.2,24.3,mixed_forest,NONE,100.0
TMB-HVD,2020-11-01,23.87,179.4,81.1,77.7,2.8,7.4,mixed_forest,NONE,93.8
TMB-HVD,2020-12-01,24.53,190.2,80.1,75.3,4.1,17.9,mixed_forest,NONE,96.3
TMB-HVD,2021-01-01,25.34,219.9,85.3,72.8,7.2,18.2,mixed_forest,NONE,92.9
TMB-HVD,2021-02-01,27.12,257.6,86.3,76.3,8.0,21.7,mixed_forest,NONE,100.0
TMB-HVD,2021-03-01,27.19,187.7,83.5,80.6,0.0,18.1,mixed_forest,NONE,95.5
TMB-HVD,2021-04-01,28.31,176.3,70.1,65.7,11.3,14.1,mixed_forest,NONE,97.7
TMB-HVD,2021-05-01,26.41,108.3,69.5,57.8,4.3,9.2,mixed_forest,NONE,93.5
TMB-HVD,2021-06-01,26.66,90.0,69.6,59.3,8.7,22.6,mixed_forest,NONE,98.1
TMB-HVD,2021-07-01,26.23,78.7,71.1,59.6,15.4,29.2,mixed_forest,NONE,99.0
TMB-HVD,2021-08-01,24.52,83.9,71.6,64.7,0.0,14.8,mixed_forest,NONE,90.2
TMB-HVD,2021-09-01,24.4,120.3,69.3,62.2,0.0,13.2,mixed_forest,NONE,96.9
TMB-HVD,2021-10-01,23.42,176.3,78.9,64.7,0.6,17.7,mixed_forest,NONE,91.9
TMB-HVD,2021-11-01,24.47,194.1,75.4,74.0,6.6,13.8,mixed_forest,NONE,95.8
TMB-HVD,2021-12-01,25.32,228.3,78.5,76.2,5.0,11.8,mixed_forest,NONE,92.0
TMB-HVD,2022-01-01,26.17,235.6,82.4,75.0,1.2,17.3,mixed_forest,NONE,89.0
TMB-HVD,2022-02-01,26.5,202.8,80.3,71.9,0.0,26.2,mixed_forest,NONE,96.0
TMB-HVD,2022-03-01,25.86,222.4,77.0,66.4,0.0,16.1,mixed_forest,NONE,98.8
TMB-HVD,2022-04-01,27.38,180.0,77.3,65.4,15.8,12.0,mixed_forest,NONE,92.9
TMB-HVD,2022-05-01,27.76,88.6,66.3,68.6,1.8,18.9,mixed_forest,NONE,94.6
TMB-HVD,2022-06-01,26.81,64.8,67.0,61.7,8.9,4.4,mixed_forest,NONE,97.5
TMB-HVD,2022-07-01,25.53,61.4,71.8,67.8,14.3,12.5,mixed_forest,NONE,95.9
TMB-HVD,2022-08-01,24.44,94.3,71.6,65.4,9.5,4.5,mixed_forest,NONE,100.0
TMB-HVD,2022-09-01,24.08,110.4,69.0,63.8,0.0,12.9,mixed_forest,NONE,95.5
TMB-HVD,2022-10-01,24.28,175.1,78.2,73.5,3.0,20.8,mixed_forest,NONE,94.3
TMB-HVD,2022-11-01,24.22,241.9,80.2,79.8,0.9,17.1,mixed_forest,NONE,98.0
TMB-HVD,2022-12-01,25.43,253.0,80.6,82.2,5.8,17.7,mixed_forest,NONE,94.1
TMB-HVD,2023-01-01,25.39,262.7,85.5,76.4,0.0,0.0,mixed_forest,NONE,97.9
TMB-HVD,2023-02-01,27.71,236.0,79.6,74.0,6.4,0.0,mixed_forest,NONE,96.6
TMB-HVD,2023-03-01,26.31,230.4,79.5,66.9,0.0,13.2,mixed_forest,NONE,96.4
TMB-HVD,2023-04-01,26.78,167.1,75.1,66.0,3.1,4.1,mixed_forest,NONE,99.3
TMB-HVD,2023-05-01,27.21,51.5,70.2,67.7,0.0,9.0,mixed_forest,NONE,99.4
TMB-HVD,2023-06-01,27.23,72.9,68.6,62.5,4.7,12.1,mixed_forest,NONE,95.6
TMB-HVD,2023-07-01,25.92,47.9,64.6,62.1,11.3,15.1,mixed_forest,NONE,100.0
TMB-HVD,2023-08-01,24.22,75.9,67.3,53.3,9.5,17.8,mixed_forest,NONE,96.9
TMB-HVD,2023-09-01,24.75,125.5,72.2,70.6,2.1,28.6,mixed_forest,NONE,98.1
TMB-HVD,2023-10-01,23.89,156.8,76.3,71.1,5.8,28.1,mixed_forest,NONE,99.5
TMB-HVD,2023-11-01,24.34,231.2,75.2,72.2,1.6,1.4,mixed_forest,NONE,91.0
TMB-HVD,2023-12-01,24.19,261.1,84.3,75.8,7.7,1.0,mixed_forest,NONE,98.9
TMB-HVD,2024-01-01,25.79,257.7,79.0,73.9,0.0,4.0,mixed_forest,NONE,97.6
TMB-HVD,2024-02-01,26.73,232.0,80.0,76.5,0.0,23.1,mixed_forest,NONE,98.7
TMB-HVD,2024-03-01,26.14,184.0,78.4,72.9,15.1,18.3,mixed_forest,NONE,100.0
TMB-HVD,2024-04-01,27.09,152.0,77.7,69.2,0.0,18.9,mixed_forest,NONE,99.4
TMB-HVD,2024-05-01,27.67,99.3,65.0,65.5,0.0,13.8,mixed_forest,NONE,94.9
TMB-HVD,2024-06-01,25.46,96.2,63.7,58.8,0.7,0.0,mixed_forest,NONE,93.3
TMB-HVD,2024-07-01,26.62,104.6,66.2,57.5,0.0,4.2,mixed_forest,NONE,99.7
TMB-HVD,2024-08-01,24.8,60.7,66.9,67.5,3.8,21.4,mixed_forest,NONE,95.7
TMB-HVD,2024-09-01,23.64,106.2,70.0,63.0,1.8,29.8,mixed_forest,NONE,100.0
TMB-HVD,2024-10-01,24.16,192.9,76.0,70.1,12.2,21.7,mixed_forest,NONE,98.0
TMB-HVD,2024-11-01,24.55,185.6,75.3,73.7,0.0,0.8,mixed_forest,NONE,93.6
TMB-HVD,2024-12-01,25.03,282.0,78.8,76.7,4.1,16.6,mixed_forest,NONE,100.0
TMB-HVD,2025-01-01,25.96,244.9,82.1,77.8,20.5,8.6,mixed_forest,NONE,90.8
TMB-HVD,2025-02-01,26.58,296.1,82.0,67.3,3.7,18.2,mixed_forest,NONE,97.6
TMB-HVD,2025-03-01,27.45,218.2,82.1,75.7,9.2,14.1,mixed_forest,NONE,91.6
TMB-HVD,2025-04-01,27.11,157.7,78.2,66.3,6.8,18.0,mixed_forest,NONE,100.0
TMB-HVD,2025-05-01,27.38,38.6,69.3,70.8,0.0,15.6,mixed_forest,NONE,98.4
TMB-HVD,2025-06-01,25.21,90.5,69.6,55.2,5.0,25.0,mixed_forest,NONE,94.0
TMB-NAC,2019-01-01,26.35,305.5,86.2,88.9,11.0,17.5,coastal_habitat,NONE,99.9
TMB-NAC,2019-02-01,28.49,276.3,91.6,84.0,0.0,16.2,coastal_habitat,NONE,97.5
TMB-NAC,2019-03-01,27.73,242.6,83.6,85.2,5.6,16.1,coastal_habitat,NONE,94.6
TMB-NAC,2019-04-01,28.47,155.2,78.4,77.1,4.8,16.8,coastal_habitat,NONE,96.5
TMB-NAC,2019-05-01,29.53,157.2,70.9,72.0,14.2,6.1,coastal_habitat,NONE,100.0
TMB-NAC,2019-06-01,27.04,95.3,69.6,80.9,6.3,25.9,coastal_habitat,NONE,98.7
TMB-NAC,2019-07-01,26.38,57.9,72.9,70.4,11.5,14.3,coastal_habitat,NONE,93.4
TMB-NAC,2019-08-01,25.24,76.9,73.9,71.3,0.0,7.9,coastal_habitat,NONE,97.7
TMB-NAC,2019-09-01,25.67,105.6,71.9,81.8,0.0,21.7,coastal_habitat,NONE,100.0
TMB-NAC,2019-10-01,24.39,175.2,79.8,82.3,10.7,14.6,coastal_habitat,NONE,95.2
TMB-NAC,2019-11-01,25.82,255.9,83.3,83.8,15.0,13.1,coastal_habitat,NONE,97.2
TMB-NAC,2019-12-01,25.33,312.7,84.1,90.9,0.0,25.9,coastal_habitat,NONE,97.9
TMB-NAC,2020-01-01,27.64,295.0,82.1,86.3,12.4,19.3,coastal_habitat,NONE,94.9
TMB-NAC,2020-02-01,27.81,274.1,84.9,81.8,6.7,12.5,coastal_habitat,NONE,94.8
TMB-NAC,2020-03-01,27.56,236.5,78.5,84.3,2.5,16.8,coastal_habitat,NONE,96.4
TMB-NAC,2020-04-01,28.44,231.4,80.2,81.2,10.9,17.7,coastal_habitat,NONE,93.2
TMB-NAC,2020-05-01,28.52,152.9,76.8,80.1,15.5,14.8,coastal_habitat,NONE,99.5
TMB-NAC,2020-06-01,27.11,85.7,70.6,71.1,0.0,18.2,coastal_habitat,NONE,96.6
TMB-NAC,2020-07-01,27.02,70.0,67.4,64.9,6.6,9.3,coastal_habitat,NONE,95.9
TMB-NAC,2020-08-01,26.22,68.1,70.0,80.6,15.3,6.3,coastal_habitat,NONE,95.4
TMB-NAC,2020-09-01,26.14,112.4,70.9,80.3,15.1,14.5,coastal_habitat,NONE,97.0
TMB-NAC,2020-10-01,25.56,143.4,78.1,85.6,8.4,7.1,coastal_habitat,NONE,93.4
TMB-NAC,2020-11-01,25.41,247.7,80.4,85.1,4.9,17.0,coastal_habitat,NONE,100.0
TMB-NAC,2020-12-01,26.0,300.6,85.8,93.3,12.6,9.9,coastal_habitat,NONE,93.3
TMB-NAC,2021-01-01,27.58,281.1,88.6,87.7,1.3,14.7,coastal_habitat,NONE,94.0
TMB-NAC,2021-02-01,28.19,342.5,85.2,87.6,0.6,22.8,coastal_habitat,NONE,99.3
TMB-NAC,2021-03-01,28.39,250.2,82.5,84.8,0.0,17.3,coastal_habitat,NONE,91.7
TMB-NAC,2021-04-01,28.42,216.1,74.6,81.5,0.0,25.0,coastal_habitat,NONE,94.3
TMB-NAC,2021-05-01,28.86,152.4,75.9,82.1,11.8,0.0,coastal_habitat,NONE,92.3
TMB-NAC,2021-06-01,27.23,132.1,67.6,73.2,0.0,10.9,coastal_habitat,NONE,100.0
TMB-NAC,2021-07-01,26.99,113.0,71.4,74.4,0.0,13.5,coastal_habitat,NONE,94.2
TMB-NAC,2021-08-01,25.08,56.0,70.3,66.4,14.8,17.1,coastal_habitat,NONE,100.0
TMB-NAC,2021-09-01,25.99,177.1,76.9,71.4,12.0,17.8,coastal_habitat,NONE,97.0
TMB-NAC,2021-10-01,25.69,221.3,76.8,79.0,1.8,22.7,coastal_habitat,NONE,100.0
TMB-NAC,2021-11-01,25.2,290.1,81.8,84.4,10.4,23.7,coastal_habitat,NONE,97.1
TMB-NAC,2021-12-01,25.94,302.3,83.4,87.8,7.2,16.9,coastal_habitat,NONE,93.4
TMB-NAC,2022-01-01,27.17,314.2,85.0,82.4,2.5,0.0,coastal_habitat,HEAVY_RAIN,95.3
TMB-NAC,2022-02-01,28.25,310.4,80.8,87.4,3.6,14.4,coastal_habitat,HEAVY_RAIN,90.5
TMB-NAC,2022-03-01,29.74,332.4,76.6,78.6,0.0,14.5,coastal_habitat,HEAVY_RAIN,92.6
TMB-NAC,2022-04-01,28.4,213.8,80.5,79.8,0.0,19.4,coastal_habitat,NONE,95.4
TMB-NAC,2022-05-01,29.0,92.8,66.6,79.0,6.9,19.2,coastal_habitat,NONE,100.0
TMB-NAC,2022-06-01,27.28,125.9,68.0,76.0,9.5,19.8,coastal_habitat,NONE,98.6
TMB-NAC,2022-07-01,27.5,96.9,72.6,79.5,0.0,16.5,coastal_habitat,NONE,97.5
TMB-NAC,2022-08-01,26.73,119.1,70.5,72.7,5.2,9.2,coastal_habitat,NONE,100.0
TMB-NAC,2022-09-01,25.45,103.7,76.0,75.9,7.4,21.3,coastal_habitat,NONE,92.3
TMB-NAC,2022-10-01,25.87,182.4,81.4,74.1,5.4,21.3,coastal_habitat,NONE,98.5
TMB-NAC,2022-11-01,25.24,222.9,84.3,86.3,7.0,12.7,coastal_habitat,NONE,94.2
TMB-NAC,2022-12-01,25.71,280.6,90.0,88.5,8.6,16.1,coastal_habitat,NONE,92.6
TMB-NAC,2023-01-01,28.26,301.8,84.2,84.2,4.6,24.3,coastal_habitat,NONE,94.7
TMB-NAC,2023-02-01,27.82,312.6,83.8,86.8,3.5,9.2,coastal_habitat,NONE,93.7
TMB-NAC,2023-03-01,29.23,234.1,79.6,80.7,12.0,1.8,coastal_habitat,NONE,92.5
TMB-NAC,2023-04-01,28.54,206.1,74.0,80.7,0.0,16.7,coastal_habitat,NONE,98.0
TMB-NAC,2023-05-01,28.48,153.1,76.3,76.7,0.0,13.1,coastal_habitat,NONE,94.7
TMB-NAC,2023-06-01,28.0,64.9,75.2,70.8,8.3,12.5,coastal_habitat,NONE,95.8
TMB-NAC,2023-07-01,26.92,76.3,66.5,69.3,0.0,17.8,coastal_habitat,NONE,95.2
TMB-NAC,2023-08-01,26.24,106.1,68.9,70.8,0.6,0.0,coastal_habitat,NONE,91.6
TMB-NAC,2023-09-01,25.43,121.3,71.1,77.5,10.6,18.4,coastal_habitat,NONE,99.8
TMB-NAC,2023-10-01,26.05,206.4,81.7,79.9,11.6,9.7,coastal_habitat,NONE,92.5
TMB-NAC,2023-11-01,24.88,210.6,84.2,82.4,2.3,7.3,coastal_habitat,NONE,88.1
TMB-NAC,2023-12-01,26.37,280.3,82.6,85.7,11.0,13.1,coastal_habitat,NONE,94.3
TMB-NAC,2024-01-01,27.94,292.5,84.2,77.6,7.8,18.7,coastal_habitat,NONE,99.9
TMB-NAC,2024-02-01,27.53,314.0,83.2,78.8,10.9,27.1,coastal_habitat,NONE,97.0
TMB-NAC,2024-03-01,28.38,253.1,81.2,81.8,4.3,13.1,coastal_habitat,NONE,99.7
TMB-NAC,2024-04-01,27.95,196.3,72.5,81.4,9.9,23.4,coastal_habitat,NONE,100.0
TMB-NAC,2024-05-01,29.15,152.7,70.0,81.7,10.0,6.1,coastal_habitat,NONE,99.9
TMB-NAC,2024-06-01,27.82,81.0,71.5,72.6,12.7,21.1,coastal_habitat,NONE,100.0
TMB-NAC,2024-07-01,26.99,92.9,65.4,70.4,4.3,11.0,coastal_habitat,NONE,95.7
TMB-NAC,2024-08-01,26.61,120.0,71.5,74.2,3.7,21.2,coastal_habitat,NONE,87.0
TMB-NAC,2024-09-01,25.1,125.1,74.8,72.2,15.7,10.9,coastal_habitat,NONE,98.6
TMB-NAC,2024-10-01,25.08,199.5,81.5,79.6,1.6,15.5,coastal_habitat,NONE,93.4
TMB-NAC,2024-11-01,25.48,270.1,80.7,86.8,12.0,20.7,coastal_habitat,NONE,99.0
TMB-NAC,2024-12-01,25.78,312.6,87.0,89.4,13.2,13.9,coastal_habitat,NONE,95.5
TMB-NAC,2025-01-01,26.16,270.5,83.1,98.0,6.5,24.5,coastal_habitat,NONE,98.9
TMB-NAC,2025-02-01,27.97,295.4,81.0,79.7,5.7,6.8,coastal_habitat,NONE,96.6
TMB-NAC,2025-03-01,29.02,280.2,76.0,80.7,10.3,7.0,coastal_habitat,NONE,92.4
TMB-NAC,2025-04-01,28.72,200.3,78.2,86.4,3.9,13.3,coastal_habitat,NONE,100.0
TMB-NAC,2025-05-01,29.38,133.2,68.3,74.9,11.4,19.2,coastal_habitat,NONE,100.0
TMB-NAC,2025-06-01,27.97,64.7,70.0,69.9,15.7,5.1,coastal_habitat,NONE,100.0
TMB-PEL,2019-01-01,26.13,263.7,92.0,62.8,39.5,24.0,coastal_habitat,NONE,93.0
TMB-PEL,2019-02-01,27.22,261.1,83.3,65.7,31.8,39.2,coastal_habitat,NONE,91.1
TMB-PEL,2019-03-01,28.4,224.8,80.2,69.0,40.4,26.5,coastal_habitat,NONE,98.6
TMB-PEL,2019-04-01,28.04,152.6,76.6,53.5,34.5,27.3,coastal_habitat,NONE,97.7
TMB-PEL,2019-05-01,27.53,178.5,71.7,58.1,40.6,28.7,coastal_habitat,NONE,100.0
TMB-PEL,2019-06-01,27.33,80.4,71.1,46.1,35.9,26.2,coastal_habitat,NONE,93.4
TMB-PEL,2019-07-01,26.59,89.5,69.0,49.6,36.5,33.2,coastal_habitat,NONE,95.9
TMB-PEL,2019-08-01,24.85,136.0,66.2,50.0,44.8,30.4,coastal_habitat,NONE,94.0
TMB-PEL,2019-09-01,25.58,153.1,75.5,56.6,44.6,29.3,coastal_habitat,NONE,98.4
TMB-PEL,2019-10-01,25.18,193.7,78.9,61.5,35.4,35.1,coastal_habitat,NONE,97.3
TMB-PEL,2019-11-01,25.31,222.4,76.2,50.4,37.5,22.5,coastal_habitat,NONE,98.3
TMB-PEL,2019-12-01,25.19,226.5,84.8,62.6,45.3,22.1,coastal_habitat,NONE,93.5
TMB-PEL,2020-01-01,25.96,233.3,89.1,65.2,41.4,21.5,coastal_habitat,NONE,97.8
TMB-PEL,2020-02-01,26.97,279.3,88.5,52.9,37.1,33.9,coastal_habitat,NONE,92.3
TMB-PEL,2020-03-01,27.47,239.9,78.3,61.0,44.8,25.0,coastal_habitat,NONE,100.0
TMB-PEL,2020-04-01,28.29,165.8,80.4,51.9,34.9,27.8,coastal_habitat,NONE,100.0
TMB-PEL,2020-05-01,27.4,177.0,75.1,50.9,35.3,21.0,coastal_habitat,NONE,91.3
TMB-PEL,2020-06-01,27.1,70.1,68.9,53.3,47.4,13.1,coastal_habitat,NONE,100.0
TMB-PEL,2020-07-01,26.15,46.1,74.9,53.5,38.8,27.5,coastal_habitat,NONE,95.2
TMB-PEL,2020-08-01,25.39,65.8,70.6,50.1,41.2,27.8,coastal_habitat,NONE,99.5
TMB-PEL,2020-09-01,24.85,140.7,75.2,58.6,38.2,29.2,coastal_habitat,NONE,97.3
TMB-PEL,2020-10-01,24.46,187.5,78.9,53.6,39.4,16.1,coastal_habitat,NONE,98.1
TMB-PEL,2020-11-01,24.4,242.2,78.0,62.0,25.3,26.4,coastal_habitat,NONE,92.7
TMB-PEL,2020-12-01,25.96,232.6,86.0,65.8,41.4,30.3,coastal_habitat,NONE,99.5
TMB-PEL,2021-01-01,26.21,272.7,87.3,60.2,41.7,25.8,coastal_habitat,NONE,95.3
TMB-PEL,2021-02-01,27.0,255.2,87.6,61.6,41.7,26.0,coastal_habitat,NONE,100.0
TMB-PEL,2021-03-01,27.88,223.6,74.4,63.6,38.3,38.8,coastal_habitat,NONE,97.8
TMB-PEL,2021-04-01,27.8,167.9,79.3,57.4,32.4,35.8,coastal_habitat,NONE,91.7
TMB-PEL,2021-05-01,28.55,131.1,73.6,52.0,37.3,18.1,coastal_habitat,NONE,99.4
TMB-PEL,2021-06-01,26.74,88.7,71.2,54.2,37.1,31.2,coastal_habitat,NONE,93.9
TMB-PEL,2021-07-01,25.58,52.9,72.0,47.7,40.7,28.8,coastal_habitat,NONE,100.0
TMB-PEL,2021-08-01,25.67,93.0,72.5,48.3,44.0,23.9,coastal_habitat,NONE,95.0
TMB-PEL,2021-09-01,24.69,93.4,73.7,59.2,40.8,21.4,coastal_habitat,NONE,93.2
TMB-PEL,2021-10-01,25.87,155.3,80.7,60.7,42.0,31.8,coastal_habitat,NONE,97.0
TMB-PEL,2021-11-01,25.22,222.4,85.1,57.9,33.5,28.2,coastal_habitat,NONE,93.6
TMB-PEL,2021-12-01,25.73,238.1,85.9,61.3,36.5,16.6,coastal_habitat,NONE,97.7
TMB-PEL,2022-01-01,26.33,270.9,85.2,65.8,40.1,16.7,coastal_habitat,NONE,97.7
TMB-PEL,2022-02-01,27.31,294.6,81.6,62.9,38.4,26.1,coastal_habitat,HEAVY_RAIN,91.0
TMB-PEL,2022-03-01,26.65,264.9,83.5,63.0,42.4,15.6,coastal_habitat,HEAVY_RAIN,95.2
TMB-PEL,2022-04-01,27.32,182.9,73.6,54.6,36.8,29.7,coastal_habitat,NONE,94.0
TMB-PEL,2022-05-01,28.37,174.2,79.0,58.9,22.7,26.5,coastal_habitat,NONE,95.7
TMB-PEL,2022-06-01,26.16,86.5,72.5,53.3,40.7,32.3,coastal_habitat,NONE,99.9
TMB-PEL,2022-07-01,27.46,56.1,69.9,41.1,42.7,23.5,coastal_habitat,NONE,99.0
TMB-PEL,2022-08-01,26.53,107.0,72.8,47.4,44.1,24.3,coastal_habitat,NONE,93.4
TMB-PEL,2022-09-01,25.49,117.8,78.6,56.6,40.4,31.4,coastal_habitat,NONE,94.2
TMB-PEL,2022-10-01,25.44,198.4,76.6,59.8,29.0,24.5,coastal_habitat,NONE,95.8
TMB-PEL,2022-11-01,26.02,215.6,82.9,55.9,40.3,26.3,coastal_habitat,NONE,92.6
TMB-PEL,2022-12-01,25.99,255.7,81.7,61.0,43.5,11.4,coastal_habitat,NONE,93.0
TMB-PEL,2023-01-01,26.47,298.9,87.4,70.0,33.1,29.7,coastal_habitat,NONE,99.0
TMB-PEL,2023-02-01,27.98,256.2,83.5,56.2,35.3,17.8,coastal_habitat,NONE,97.0
TMB-PEL,2023-03-01,27.62,207.5,78.7,62.4,48.9,22.5,coastal_habitat,NONE,95.5
TMB-PEL,2023-04-01,29.2,99.2,73.0,58.0,36.1,28.3,coastal_habitat,NONE,96.4
TMB-PEL,2023-05-01,27.13,141.8,75.0,55.6,49.0,14.6,coastal_habitat,NONE,97.1
TMB-PEL,2023-06-01,27.23,106.3,68.8,51.8,47.3,29.1,coastal_habitat,NONE,99.0
TMB-PEL,2023-07-01,26.31,44.0,65.9,44.1,37.9,21.5,coastal_habitat,NONE,95.8
TMB-PEL,2023-08-01,25.72,50.2,73.8,48.4,36.2,24.8,coastal_habitat,NONE,97.8
TMB-PEL,2023-09-01,24.8,115.0,76.0,51.7,35.8,24.4,coastal_habitat,NONE,98.7
TMB-PEL,2023-10-01,24.58,144.7,72.9,54.5,39.0,13.1,coastal_habitat,NONE,97.9
TMB-PEL,2023-11-01,24.91,264.0,89.0,58.4,42.2,25.2,coastal_habitat,NONE,92.9
TMB-PEL,2023-12-01,26.21,270.4,87.2,61.5,29.3,19.6,coastal_habitat,NONE,99.8
TMB-PEL,2024-01-01,26.26,330.8,90.4,58.4,32.2,24.0,coastal_habitat,NONE,97.1
TMB-PEL,2024-02-01,27.18,287.2,86.8,65.5,42.8,24.2,coastal_habitat,NONE,100.0
TMB-PEL,2024-03-01,28.6,235.0,81.5,62.2,30.7,21.9,coastal_habitat,NONE,94.8
TMB-PEL,2024-04-01,27.3,146.7,78.7,55.3,34.5,10.0,coastal_habitat,NONE,99.2
TMB-PEL,2024-05-01,28.43,93.6,74.6,60.6,40.9,32.0,coastal_habitat,NONE,95.0
TMB-PEL,2024-06-01,27.15,81.1,77.9,56.0,33.5,22.2,coastal_habitat,NONE,92.0
TMB-PEL,2024-07-01,27.33,101.0,72.3,46.4,34.7,22.4,coastal_habitat,NONE,93.7
TMB-PEL,2024-08-01,25.9,94.8,69.0,46.9,32.1,25.9,coastal_habitat,NONE,96.5
TMB-PEL,2024-09-01,24.58,136.1,75.1,60.3,28.6,20.7,coastal_habitat,NONE,93.9
TMB-PEL,2024-10-01,25.77,185.7,74.5,56.5,36.8,23.6,coastal_habitat,NONE,95.5
TMB-PEL,2024-11-01,25.59,215.9,80.0,61.0,46.9,23.1,coastal_habitat,NONE,92.5
TMB-PEL,2024-12-01,25.46,261.5,87.7,63.7,43.7,28.8,coastal_habitat,NONE,93.4
TMB-PEL,2025-01-01,27.19,250.1,85.8,55.3,48.2,27.9,coastal_habitat,NONE,98.0
TMB-PEL,2025-02-01,28.53,256.3,83.5,62.4,40.3,35.0,coastal_habitat,NONE,94.3
TMB-PEL,2025-03-01,27.77,176.9,81.5,58.1,43.2,36.3,coastal_habitat,NONE,96.5
TMB-PEL,2025-04-01,29.22,153.7,81.6,57.4,41.2,16.3,coastal_habitat,NONE,100.0
TMB-PEL,2025-05-01,27.97,155.7,72.9,53.7,24.6,35.3,coastal_habitat,NONE,96.2
TMB-PEL,2025-06-01,27.42,97.9,69.6,48.4,35.9,18.4,coastal_habitat,NONE,99.3
TMB-QCB,2019-01-01,24.66,245.4,84.4,91.4,12.1,20.3,mixed_forest,NONE,96.1
TMB-QCB,2019-02-01,25.49,254.1,78.7,83.5,13.6,20.3,mixed_forest,NONE,94.0
TMB-QCB,2019-03-01,26.98,229.0,73.1,82.1,24.2,7.9,mixed_forest,NONE,100.0
TMB-QCB,2019-04-01,26.19,144.4,73.3,82.8,22.3,13.1,mixed_forest,NONE,95.1
TMB-QCB,2019-05-01,26.66,116.6,68.4,79.0,49.4,15.8,mixed_forest,NONE,89.1
TMB-QCB,2019-06-01,25.87,106.2,72.1,77.5,54.2,30.8,mixed_forest,NONE,91.7
TMB-QCB,2019-07-01,25.11,71.2,64.4,71.9,46.8,15.5,mixed_forest,NONE,91.4
TMB-QCB,2019-08-01,23.46,108.5,62.4,70.8,43.1,6.2,mixed_forest,NONE,98.2
TMB-QCB,2019-09-01,23.06,132.6,73.4,68.3,8.8,13.5,mixed_forest,NONE,98.1
TMB-QCB,2019-10-01,23.14,131.4,79.9,82.5,9.8,7.8,mixed_forest,NONE,99.1
TMB-QCB,2019-11-01,23.91,187.2,77.1,74.6,12.9,17.9,mixed_forest,NONE,98.5
TMB-QCB,2019-12-01,24.4,242.1,81.9,85.4,12.0,6.7,mixed_forest,NONE,96.9
TMB-QCB,2020-01-01,25.65,252.4,85.2,87.8,9.9,16.7,mixed_forest,NONE,95.7
TMB-QCB,2020-02-01,25.65,288.6,81.5,78.1,7.6,6.2,mixed_forest,HEAVY_RAIN,100.0
TMB-QCB,2020-03-01,26.38,188.6,72.3,79.4,22.9,12.3,mixed_forest,NONE,93.3
TMB-QCB,2020-04-01,26.19,172.0,73.1,73.2,20.8,21.6,mixed_forest,NONE,100.0
TMB-QCB,2020-05-01,26.4,132.0,72.2,78.4,49.5,23.1,mixed_forest,NONE,94.6
TMB-QCB,2020-06-01,26.29,97.1,66.1,68.2,47.5,0.0,mixed_forest,NONE,100.0
TMB-QCB,2020-07-01,25.71,19.3,66.5,62.4,51.3,7.2,mixed_forest,DRY_SPELL,100.0
TMB-QCB,2020-08-01,24.09,59.7,62.8,68.5,51.5,9.4,mixed_forest,NONE,96.5
TMB-QCB,2020-09-01,22.47,130.4,74.1,77.3,13.0,16.3,mixed_forest,NONE,95.6
TMB-QCB,2020-10-01,22.99,160.3,75.7,72.6,15.9,14.6,mixed_forest,NONE,97.8
TMB-QCB,2020-11-01,22.97,244.7,75.6,75.9,13.0,2.1,mixed_forest,NONE,96.7
TMB-QCB,2020-12-01,24.89,229.2,80.2,85.5,10.4,19.2,mixed_forest,NONE,98.6
TMB-QCB,2021-01-01,24.82,272.9,86.8,86.7,17.0,20.1,mixed_forest,NONE,90.6
TMB-QCB,2021-02-01,26.01,260.1,80.4,89.6,19.2,14.8,mixed_forest,NONE,93.3
TMB-QCB,2021-03-01,24.98,167.8,79.1,81.0,18.9,8.1,mixed_forest,NONE,100.0
TMB-QCB,2021-04-01,26.12,158.9,69.5,81.9,18.7,11.7,mixed_forest,NONE,94.0
TMB-QCB,2021-05-01,27.15,91.4,65.6,76.1,57.0,8.9,mixed_forest,NONE,96.3
TMB-QCB,2021-06-01,26.66,70.3,64.6,70.4,52.6,26.2,mixed_forest,NONE,92.1
TMB-QCB,2021-07-01,25.18,74.9,68.0,76.5,50.2,17.7,mixed_forest,NONE,92.2
TMB-QCB,2021-08-01,24.78,60.3,68.2,67.3,55.2,6.6,mixed_forest,NONE,100.0
TMB-QCB,2021-09-01,23.79,92.3,74.3,71.0,5.0,2.3,mixed_forest,NONE,96.9
TMB-QCB,2021-10-01,22.47,166.1,73.7,72.3,6.1,20.5,mixed_forest,NONE,100.0
TMB-QCB,2021-11-01,23.52,179.6,77.8,81.0,15.4,5.2,mixed_forest,NONE,95.6
TMB-QCB,2021-12-01,23.63,279.2,82.0,85.3,15.3,25.0,mixed_forest,NONE,96.0
TMB-QCB,2022-01-01,25.19,293.7,78.5,84.3,30.7,18.4,mixed_forest,NONE,90.7
TMB-QCB,2022-02-01,25.89,270.5,78.8,85.7,11.1,17.0,mixed_forest,NONE,97.0
TMB-QCB,2022-03-01,26.06,220.0,74.7,87.0,23.7,12.2,mixed_forest,NONE,95.6
TMB-QCB,2022-04-01,26.77,145.1,73.2,80.8,10.7,16.5,mixed_forest,NONE,98.4
TMB-QCB,2022-05-01,26.71,146.3,68.9,75.5,47.4,16.3,mixed_forest,NONE,99.3
TMB-QCB,2022-06-01,26.04,70.3,63.8,68.3,52.4,8.4,mixed_forest,NONE,100.0
TMB-QCB,2022-07-01,25.68,100.5,65.1,77.0,54.7,17.6,mixed_forest,NONE,96.5
TMB-QCB,2022-08-01,24.54,69.7,65.2,80.9,53.3,20.2,mixed_forest,NONE,93.5
TMB-QCB,2022-09-01,23.73,117.2,70.4,72.2,6.2,19.1,mixed_forest,NONE,97.4
TMB-QCB,2022-10-01,23.0,136.6,71.3,75.3,6.0,22.6,mixed_forest,NONE,94.1
TMB-QCB,2022-11-01,24.39,186.2,76.3,75.8,2.9,17.6,mixed_forest,NONE,96.7
TMB-QCB,2022-12-01,24.53,193.8,84.4,82.2,19.2,11.8,mixed_forest,NONE,94.3
TMB-QCB,2023-01-01,25.37,242.5,85.6,85.5,12.9,22.7,mixed_forest,NONE,94.8
TMB-QCB,2023-02-01,25.17,220.5,81.0,81.5,19.6,12.6,mixed_forest,NONE,96.4
TMB-QCB,2023-03-01,27.11,191.1,72.9,87.7,25.0,2.1,mixed_forest,NONE,96.5
TMB-QCB,2023-04-01,26.92,161.3,69.9,81.7,23.4,6.8,mixed_forest,NONE,95.4
TMB-QCB,2023-05-01,27.13,97.5,70.1,70.1,53.7,12.1,mixed_forest,NONE,93.1
TMB-QCB,2023-06-01,25.11,105.8,65.7,71.4,55.7,1.1,mixed_forest,NONE,94.0
TMB-QCB,2023-07-01,25.16,40.2,65.6,70.0,48.8,15.4,mixed_forest,NONE,98.6
TMB-QCB,2023-08-01,24.42,97.8,61.5,72.6,48.5,14.2,mixed_forest,NONE,93.9
TMB-QCB,2023-09-01,24.07,120.9,68.4,74.4,9.9,20.2,mixed_forest,NONE,95.9
TMB-QCB,2023-10-01,23.41,197.1,75.1,76.1,16.6,17.0,mixed_forest,NONE,91.7
TMB-QCB,2023-11-01,23.33,213.9,80.6,85.7,15.2,12.6,mixed_forest,NONE,100.0
TMB-QCB,2023-12-01,24.26,263.7,79.7,84.0,18.1,7.6,mixed_forest,NONE,95.4
TMB-QCB,2024-01-01,25.16,250.3,78.9,83.2,26.3,24.7,mixed_forest,NONE,96.9
TMB-QCB,2024-02-01,26.88,290.5,82.8,83.2,10.0,18.7,mixed_forest,NONE,98.4
TMB-QCB,2024-03-01,25.55,178.0,79.2,76.1,2.5,14.2,mixed_forest,NONE,95.7
TMB-QCB,2024-04-01,26.05,173.4,71.9,76.8,14.1,19.9,mixed_forest,NONE,99.7
TMB-QCB,2024-05-01,26.84,109.2,66.1,76.8,51.1,15.3,mixed_forest,NONE,96.2
TMB-QCB,2024-06-01,25.73,111.6,68.1,74.8,45.8,18.4,mixed_forest,NONE,97.4
TMB-QCB,2024-07-01,24.16,81.3,65.5,73.3,60.9,10.9,mixed_forest,NONE,95.6
TMB-QCB,2024-08-01,25.0,91.3,64.9,74.5,59.8,12.4,mixed_forest,NONE,93.4
TMB-QCB,2024-09-01,24.21,134.7,70.6,74.7,13.1,31.8,mixed_forest,NONE,96.4
TMB-QCB,2024-10-01,23.64,141.4,75.5,79.3,21.8,14.1,mixed_forest,NONE,98.7
TMB-QCB,2024-11-01,23.73,205.7,77.0,82.6,12.6,17.0,mixed_forest,NONE,100.0
TMB-QCB,2024-12-01,24.43,217.0,75.5,83.5,12.8,13.5,mixed_forest,NONE,98.0
TMB-QCB,2025-01-01,24.31,229.0,79.3,86.0,11.4,7.8,mixed_forest,NONE,94.0
TMB-QCB,2025-02-01,26.48,241.6,81.2,83.8,20.6,29.0,mixed_forest,NONE,91.6
TMB-QCB,2025-03-01,26.56,229.0,71.4,82.0,15.0,10.3,mixed_forest,NONE,96.7
TMB-QCB,2025-04-01,26.12,119.3,71.2,77.5,16.1,14.4,mixed_forest,NONE,97.7
TMB-QCB,2025-05-01,25.96,50.8,68.7,80.2,45.9,22.6,mixed_forest,NONE,93.6
TMB-QCB,2025-06-01,25.6,106.1,61.2,73.2,42.3,17.0,mixed_forest,NONE,95.3
TMB-SKZ,2019-01-01,26.95,263.4,76.1,75.3,28.0,33.6,durian_orchard,NONE,100.0
TMB-SKZ,2019-02-01,27.76,245.7,81.8,75.6,39.1,28.2,durian_orchard,NONE,99.8
TMB-SKZ,2019-03-01,27.73,204.6,77.3,75.5,41.9,34.7,durian_orchard,NONE,99.4
TMB-SKZ,2019-04-01,29.0,156.5,78.4,74.3,29.1,31.2,durian_orchard,NONE,95.2
TMB-SKZ,2019-05-01,27.89,76.5,68.7,59.3,38.4,42.7,durian_orchard,NONE,95.1
TMB-SKZ,2019-06-01,27.89,74.6,72.1,62.9,44.9,34.6,durian_orchard,NONE,95.9
TMB-SKZ,2019-07-01,26.7,46.2,65.5,71.7,35.3,38.4,durian_orchard,NONE,96.3
TMB-SKZ,2019-08-01,25.7,98.5,66.2,65.0,43.7,29.2,durian_orchard,NONE,99.8
TMB-SKZ,2019-09-01,25.14,114.1,71.4,62.1,37.1,27.1,durian_orchard,NONE,95.0
TMB-SKZ,2019-10-01,24.69,161.4,81.2,77.1,38.8,41.1,durian_orchard,NONE,91.7
TMB-SKZ,2019-11-01,25.65,194.0,84.7,82.7,32.9,39.5,durian_orchard,NONE,97.9
TMB-SKZ,2019-12-01,26.35,314.3,85.1,72.7,40.9,32.0,durian_orchard,NONE,98.3
TMB-SKZ,2020-01-01,26.82,257.0,80.6,65.8,36.0,34.6,durian_orchard,NONE,100.0
TMB-SKZ,2020-02-01,27.28,247.7,74.8,76.2,39.8,41.7,durian_orchard,NONE,91.4
TMB-SKZ,2020-03-01,27.8,226.8,76.9,82.8,47.0,35.0,durian_orchard,NONE,100.0
TMB-SKZ,2020-04-01,28.83,175.9,77.3,69.4,50.2,30.9,durian_orchard,NONE,96.3
TMB-SKZ,2020-05-01,27.41,65.3,67.7,62.9,40.5,43.4,durian_orchard,NONE,96.2
TMB-SKZ,2020-06-01,28.3,104.9,64.6,62.9,45.4,22.8,durian_orchard,NONE,96.8
TMB-SKZ,2020-07-01,26.8,73.2,72.5,64.1,48.8,34.6,durian_orchard,NONE,98.9
TMB-SKZ,2020-08-01,25.55,77.8,68.4,68.8,57.2,32.6,durian_orchard,NONE,93.1
TMB-SKZ,2020-09-01,25.29,111.8,70.0,68.8,42.6,37.2,durian_orchard,NONE,99.2
TMB-SKZ,2020-10-01,25.55,229.3,77.2,75.9,44.7,45.7,durian_orchard,NONE,97.5
TMB-SKZ,2020-11-01,25.7,191.4,81.4,76.2,41.8,30.0,durian_orchard,NONE,100.0
TMB-SKZ,2020-12-01,26.8,212.7,75.3,76.5,35.8,36.5,durian_orchard,NONE,93.6
TMB-SKZ,2021-01-01,27.2,228.2,80.3,77.5,32.7,33.1,durian_orchard,NONE,93.3
TMB-SKZ,2021-02-01,27.89,236.1,85.5,73.9,37.1,34.5,durian_orchard,NONE,98.0
TMB-SKZ,2021-03-01,28.89,217.6,79.6,73.8,44.8,28.7,durian_orchard,NONE,95.0
TMB-SKZ,2021-04-01,28.81,181.6,72.9,66.9,42.2,15.4,durian_orchard,NONE,95.9
TMB-SKZ,2021-05-01,28.53,136.1,69.7,61.9,36.0,28.6,durian_orchard,NONE,88.9
TMB-SKZ,2021-06-01,27.57,77.0,67.3,62.9,44.1,36.5,durian_orchard,NONE,97.3
TMB-SKZ,2021-07-01,28.16,27.5,73.6,67.1,47.1,38.6,durian_orchard,DRY_SPELL,99.3
TMB-SKZ,2021-08-01,26.71,114.1,66.4,64.1,26.5,41.7,durian_orchard,NONE,98.0
TMB-SKZ,2021-09-01,25.32,132.3,72.3,61.5,40.7,32.0,durian_orchard,NONE,100.0
TMB-SKZ,2021-10-01,25.54,152.6,76.4,70.2,33.4,36.2,durian_orchard,NONE,100.0
TMB-SKZ,2021-11-01,25.75,213.2,77.2,77.0,35.7,41.6,durian_orchard,NONE,95.1
TMB-SKZ,2021-12-01,26.48,237.0,84.4,70.5,41.7,38.4,durian_orchard,NONE,99.2
TMB-SKZ,2022-01-01,27.3,234.3,84.6,69.0,40.1,38.0,durian_orchard,NONE,91.0
TMB-SKZ,2022-02-01,27.09,246.3,80.6,77.6,40.0,20.6,durian_orchard,NONE,92.2
TMB-SKZ,2022-03-01,27.51,227.4,75.0,76.1,28.3,36.5,durian_orchard,NONE,94.0
TMB-SKZ,2022-04-01,28.77,188.2,77.6,68.8,39.8,34.3,durian_orchard,NONE,94.8
TMB-SKZ,2022-05-01,29.3,74.8,66.5,66.8,37.6,40.6,durian_orchard,NONE,92.6
TMB-SKZ,2022-06-01,27.65,105.4,68.5,65.4,43.0,30.0,durian_orchard,NONE,99.0
TMB-SKZ,2022-07-01,26.81,116.6,62.2,59.8,37.3,40.8,durian_orchard,NONE,96.3
TMB-SKZ,2022-08-01,26.03,83.0,70.5,65.9,42.4,23.8,durian_orchard,NONE,99.6
TMB-SKZ,2022-09-01,25.54,112.4,72.8,60.1,37.9,44.3,durian_orchard,NONE,89.6
TMB-SKZ,2022-10-01,25.32,112.3,75.9,63.6,26.3,39.0,durian_orchard,NONE,95.4
TMB-SKZ,2022-11-01,24.87,208.0,81.0,69.1,48.6,43.2,durian_orchard,NONE,92.5
TMB-SKZ,2022-12-01,26.95,259.9,79.6,66.5,36.5,32.4,durian_orchard,NONE,89.1
TMB-SKZ,2023-01-01,27.34,265.5,81.7,71.8,31.2,37.2,durian_orchard,NONE,94.9
TMB-SKZ,2023-02-01,27.57,251.7,76.2,80.2,36.7,36.5,durian_orchard,NONE,100.0
TMB-SKZ,2023-03-01,27.54,190.6,76.4,70.7,45.1,40.6,durian_orchard,NONE,100.0
TMB-SKZ,2023-04-01,28.88,176.8,73.5,71.4,39.5,40.2,durian_orchard,NONE,95.9
TMB-SKZ,2023-05-01,28.67,124.8,64.2,67.9,47.9,37.8,durian_orchard,NONE,96.0
TMB-SKZ,2023-06-01,29.17,102.5,65.7,67.7,39.1,34.2,durian_orchard,NONE,98.2
TMB-SKZ,2023-07-01,25.8,62.9,68.1,60.6,43.3,48.0,durian_orchard,NONE,93.3
TMB-SKZ,2023-08-01,25.79,87.0,64.8,64.5,44.5,38.4,durian_orchard,NONE,97.5
TMB-SKZ,2023-09-01,25.37,126.4,70.3,68.0,39.9,31.3,durian_orchard,NONE,100.0
TMB-SKZ,2023-10-01,24.94,162.3,75.8,75.2,35.1,24.5,durian_orchard,NONE,93.1
TMB-SKZ,2023-11-01,26.12,226.5,75.7,70.7,26.3,41.2,durian_orchard,NONE,94.8
TMB-SKZ,2023-12-01,26.24,310.3,80.3,76.0,45.4,35.5,durian_orchard,NONE,98.7
TMB-SKZ,2024-01-01,27.4,293.1,84.6,83.8,36.3,33.2,durian_orchard,NONE,95.7
TMB-SKZ,2024-02-01,27.25,277.8,78.5,78.8,44.2,25.4,durian_orchard,NONE,93.8
TMB-SKZ,2024-03-01,28.67,182.8,76.3,79.7,42.7,43.0,durian_orchard,NONE,88.7
TMB-SKZ,2024-04-01,28.75,141.0,73.2,73.3,33.2,39.3,durian_orchard,NONE,100.0
TMB-SKZ,2024-05-01,28.46,113.9,67.8,70.4,44.3,36.0,durian_orchard,NONE,96.9
TMB-SKZ,2024-06-01,28.29,72.4,63.8,67.3,48.9,16.2,durian_orchard,NONE,97.5
TMB-SKZ,2024-07-01,26.92,57.2,68.1,62.1,38.1,36.3,durian_orchard,NONE,99.4
TMB-SKZ,2024-08-01,26.23,82.4,69.0,63.5,37.9,40.4,durian_orchard,NONE,95.9
TMB-SKZ,2024-09-01,26.01,134.7,75.9,71.2,44.9,30.2,durian_orchard,NONE,97.0
TMB-SKZ,2024-10-01,25.19,212.7,74.4,72.9,33.7,38.6,durian_orchard,NONE,92.3
TMB-SKZ,2024-11-01,25.58,219.2,77.7,75.8,33.4,35.8,durian_orchard,NONE,100.0
TMB-SKZ,2024-12-01,26.79,244.0,85.1,73.2,38.9,31.2,durian_orchard,NONE,96.0
TMB-SKZ,2025-01-01,26.36,246.5,79.4,72.3,50.4,31.6,durian_orchard,NONE,99.2
TMB-SKZ,2025-02-01,27.23,238.0,82.4,76.3,42.3,23.7,durian_orchard,NONE,94.3
TMB-SKZ,2025-03-01,29.58,187.0,74.5,71.2,42.3,38.3,durian_orchard,NONE,96.1
TMB-SKZ,2025-04-01,29.73,162.6,72.8,70.5,38.6,37.4,durian_orchard,NONE,100.0
TMB-SKZ,2025-05-01,29.78,118.8,71.0,56.3,32.1,39.4,durian_orchard,NONE,96.9
TMB-SKZ,2025-06-01,27.27,50.7,67.5,68.3,42.7,31.6,durian_orchard,NONE,99.2
TMB-SXP,2019-01-01,24.96,258.7,89.5,60.8,10.7,27.3,coastal_habitat,NONE,99.3
TMB-SXP,2019-02-01,28.14,205.8,88.5,64.4,21.5,41.6,coastal_habitat,NONE,92.2
TMB-SXP,2019-03-01,27.5,152.8,80.4,55.9,18.0,44.4,coastal_habitat,NONE,95.3
TMB-SXP,2019-04-01,28.12,166.2,82.3,60.0,8.2,34.7,coastal_habitat,NONE,97.6
TMB-SXP,2019-05-01,27.82,129.8,75.7,52.3,20.0,37.1,coastal_habitat,NONE,97.1
TMB-SXP,2019-06-01,25.28,78.9,72.9,58.6,7.6,25.0,coastal_habitat,NONE,96.7
TMB-SXP,2019-07-01,25.99,47.0,73.2,47.0,10.7,32.5,coastal_habitat,NONE,96.2
TMB-SXP,2019-08-01,24.9,102.1,78.9,46.0,17.3,28.4,coastal_habitat,NONE,94.6
TMB-SXP,2019-09-01,25.91,138.2,77.8,52.1,32.8,37.0,coastal_habitat,NONE,97.0
TMB-SXP,2019-10-01,24.94,176.8,84.6,57.2,13.7,41.2,coastal_habitat,NONE,94.0
TMB-SXP,2019-11-01,24.66,176.9,89.8,64.7,11.4,34.3,coastal_habitat,NONE,93.7
TMB-SXP,2019-12-01,26.04,220.6,87.5,61.2,13.0,28.1,coastal_habitat,NONE,99.2
TMB-SXP,2020-01-01,25.89,243.3,90.1,58.4,11.1,42.0,coastal_habitat,NONE,95.8
TMB-SXP,2020-02-01,26.68,228.8,82.7,65.0,13.8,30.4,coastal_habitat,NONE,99.3
TMB-SXP,2020-03-01,28.11,177.7,82.4,62.1,12.2,43.8,coastal_habitat,NONE,97.8
TMB-SXP,2020-04-01,28.11,130.7,82.5,53.2,18.9,40.2,coastal_habitat,NONE,96.8
TMB-SXP,2020-05-01,27.64,107.3,78.0,55.0,15.4,40.0,coastal_habitat,NONE,94.2
TMB-SXP,2020-06-01,26.08,79.7,71.8,54.6,12.8,47.5,coastal_habitat,NONE,93.4
TMB-SXP,2020-07-01,26.46,46.0,67.3,50.0,12.9,34.4,coastal_habitat,NONE,96.5
TMB-SXP,2020-08-01,26.1,75.2,71.2,46.3,16.2,46.9,coastal_habitat,NONE,96.3
TMB-SXP,2020-09-01,25.35,100.0,76.8,53.1,4.1,29.3,coastal_habitat,NONE,95.9
TMB-SXP,2020-10-01,24.28,140.4,80.4,55.5,20.6,39.8,coastal_habitat,NONE,97.1
TMB-SXP,2020-11-01,24.8,171.2,87.3,59.0,8.1,35.7,coastal_habitat,NONE,98.1
TMB-SXP,2020-12-01,26.8,252.2,83.7,59.3,14.6,37.8,coastal_habitat,NONE,95.7
TMB-SXP,2021-01-01,26.13,213.8,88.0,71.7,20.9,34.3,coastal_habitat,NONE,98.2
TMB-SXP,2021-02-01,27.97,211.1,82.2,58.2,15.5,46.9,coastal_habitat,NONE,98.4
TMB-SXP,2021-03-01,27.94,169.7,87.7,56.5,15.6,37.9,coastal_habitat,NONE,93.5
TMB-SXP,2021-04-01,27.52,104.7,75.3,52.1,17.3,20.9,coastal_habitat,NONE,89.4
TMB-SXP,2021-05-01,27.67,54.9,72.8,46.5,3.5,21.2,coastal_habitat,NONE,97.9
TMB-SXP,2021-06-01,27.52,16.1,71.7,49.2,22.5,32.8,coastal_habitat,DRY_SPELL,93.1
TMB-SXP,2021-07-01,25.39,27.3,71.4,52.5,21.0,31.8,coastal_habitat,DRY_SPELL,94.8
TMB-SXP,2021-08-01,25.23,58.2,70.7,50.6,15.7,38.8,coastal_habitat,NONE,100.0
TMB-SXP,2021-09-01,25.12,59.7,75.6,49.6,14.8,31.7,coastal_habitat,NONE,94.9
TMB-SXP,2021-10-01,24.56,138.7,79.1,63.3,7.3,33.0,coastal_habitat,NONE,96.0
TMB-SXP,2021-11-01,25.49,193.1,89.6,63.6,19.6,33.1,coastal_habitat,NONE,99.6
TMB-SXP,2021-12-01,25.89,227.4,88.3,72.2,4.6,34.7,coastal_habitat,NONE,98.9
TMB-SXP,2022-01-01,25.46,238.0,89.8,56.2,16.8,26.7,coastal_habitat,NONE,93.5
TMB-SXP,2022-02-01,28.57,232.1,93.6,57.0,9.3,34.5,coastal_habitat,NONE,93.2
TMB-SXP,2022-03-01,28.04,202.7,78.9,64.2,5.9,42.7,coastal_habitat,NONE,96.5
TMB-SXP,2022-04-01,27.71,96.6,84.7,53.9,13.9,35.7,coastal_habitat,NONE,98.1
TMB-SXP,2022-05-01,28.24,126.4,76.4,48.6,18.6,40.7,coastal_habitat,NONE,88.9
TMB-SXP,2022-06-01,28.34,78.9,78.0,39.5,13.4,21.5,coastal_habitat,NONE,91.3
TMB-SXP,2022-07-01,26.89,82.4,76.2,46.25,20.8,35.2,coastal_habitat,NONE,94.9
TMB-SXP,2022-08-01,25.72,90.6,68.9,53.0,15.9,51.1,coastal_habitat,NONE,100.0
TMB-SXP,2022-09-01,25.12,124.5,80.0,55.7,11.9,38.5,coastal_habitat,NONE,98.0
TMB-SXP,2022-10-01,24.74,124.7,86.4,58.4,19.6,33.5,coastal_habitat,NONE,93.5
TMB-SXP,2022-11-01,25.44,148.4,89.6,60.0,9.4,32.9,coastal_habitat,NONE,95.5
TMB-SXP,2022-12-01,25.91,235.7,88.6,60.6,26.3,35.4,coastal_habitat,NONE,96.4
TMB-SXP,2023-01-01,26.72,238.2,89.7,65.4,1.6,34.2,coastal_habitat,NONE,90.4
TMB-SXP,2023-02-01,28.16,202.2,93.7,61.4,7.1,31.0,coastal_habitat,NONE,100.0
TMB-SXP,2023-03-01,27.16,196.0,85.5,60.6,20.2,39.8,coastal_habitat,NONE,96.0
TMB-SXP,2023-04-01,28.69,126.3,80.7,52.0,24.4,36.0,coastal_habitat,NONE,98.0
TMB-SXP,2023-05-01,27.6,106.3,78.5,53.5,20.8,32.2,coastal_habitat,NONE,95.2
TMB-SXP,2023-06-01,27.98,89.5,73.2,43.0,15.9,25.7,coastal_habitat,NONE,96.9
TMB-SXP,2023-07-01,26.61,21.7,74.1,53.0,16.6,33.3,coastal_habitat,DRY_SPELL,91.3
TMB-SXP,2023-08-01,25.9,98.5,75.4,54.9,8.4,27.1,coastal_habitat,NONE,98.3
TMB-SXP,2023-09-01,24.9,94.3,79.1,47.0,6.1,37.8,coastal_habitat,NONE,99.8
TMB-SXP,2023-10-01,24.82,103.1,74.6,59.4,14.1,26.6,coastal_habitat,NONE,97.4
TMB-SXP,2023-11-01,25.11,151.4,79.0,65.4,7.7,21.7,coastal_habitat,NONE,88.6
TMB-SXP,2023-12-01,25.78,183.2,90.1,60.0,15.7,27.0,coastal_habitat,NONE,87.6
TMB-SXP,2024-01-01,25.41,248.3,86.1,58.3,19.0,42.7,coastal_habitat,NONE,97.6
TMB-SXP,2024-02-01,28.3,272.0,94.5,68.0,2.5,27.5,coastal_habitat,NONE,93.9
TMB-SXP,2024-03-01,28.16,156.2,83.2,64.3,12.1,32.5,coastal_habitat,NONE,92.0
TMB-SXP,2024-04-01,28.05,184.8,82.1,55.8,18.3,41.0,coastal_habitat,NONE,99.0
TMB-SXP,2024-05-01,28.0,108.5,74.2,50.7,2.7,21.1,coastal_habitat,NONE,97.4
TMB-SXP,2024-06-01,27.69,105.0,69.9,48.1,12.2,27.9,coastal_habitat,NONE,92.6
TMB-SXP,2024-07-01,26.78,102.5,72.1,42.9,21.6,37.4,coastal_habitat,NONE,94.9
TMB-SXP,2024-08-01,25.36,66.2,76.6,50.4,19.2,26.4,coastal_habitat,NONE,96.5
TMB-SXP,2024-09-01,25.09,64.6,76.0,50.3,14.9,29.9,coastal_habitat,NONE,88.7
TMB-SXP,2024-10-01,24.97,168.9,79.1,52.7,7.4,30.6,coastal_habitat,NONE,100.0
TMB-SXP,2024-11-01,24.73,169.3,83.0,59.5,18.8,40.7,coastal_habitat,NONE,92.3
TMB-SXP,2024-12-01,26.15,209.9,84.9,63.4,5.9,30.8,coastal_habitat,NONE,88.4
TMB-SXP,2025-01-01,26.74,252.6,87.1,62.7,20.1,40.0,coastal_habitat,NONE,96.3
TMB-SXP,2025-02-01,28.76,206.2,87.9,64.1,23.9,23.8,coastal_habitat,NONE,91.8
TMB-SXP,2025-03-01,28.14,185.5,84.2,59.9,23.5,32.1,coastal_habitat,NONE,100.0
TMB-SXP,2025-04-01,28.97,186.3,80.5,57.8,14.7,40.4,coastal_habitat,NONE,96.5
TMB-SXP,2025-05-01,28.27,120.7,80.1,54.0,18.9,28.2,coastal_habitat,NONE,95.1
TMB-SXP,2025-06-01,27.79,112.9,75.4,47.2,17.4,42.3,coastal_habitat,NONE,99.6
TMB-UVF,2019-01-01,28.46,294.5,81.4,71.3,12.7,17.4,mixed_forest,NONE,100.0
TMB-UVF,2019-02-01,29.34,260.5,78.9,68.9,26.7,18.3,mixed_forest,NONE,94.2
TMB-UVF,2019-03-01,29.82,134.2,78.0,60.0,22.5,13.4,mixed_forest,NONE,94.6
TMB-UVF,2019-04-01,30.94,119.9,73.1,56.5,28.0,39.0,mixed_forest,NONE,92.1
TMB-UVF,2019-05-01,30.41,106.4,72.9,57.5,21.0,24.7,mixed_forest,NONE,100.0
TMB-UVF,2019-06-01,29.83,86.2,68.2,55.1,24.0,27.6,mixed_forest,NONE,96.2
TMB-UVF,2019-07-01,29.35,55.1,62.3,59.0,13.9,23.8,mixed_forest,NONE,97.9
TMB-UVF,2019-08-01,27.24,102.3,73.2,57.7,22.9,27.0,mixed_forest,NONE,95.3
TMB-UVF,2019-09-01,27.42,83.9,71.2,62.8,5.6,17.4,mixed_forest,NONE,90.8
TMB-UVF,2019-10-01,28.45,125.4,75.7,57.4,16.7,13.0,mixed_forest,NONE,98.2
TMB-UVF,2019-11-01,29.41,179.1,77.4,64.0,16.0,16.0,mixed_forest,NONE,97.4
TMB-UVF,2019-12-01,28.92,250.2,78.6,65.9,23.6,13.3,mixed_forest,NONE,95.6
TMB-UVF,2020-01-01,28.57,280.4,81.8,66.2,19.8,27.4,mixed_forest,NONE,99.7
TMB-UVF,2020-02-01,30.38,241.0,85.1,56.8,12.8,26.8,mixed_forest,NONE,92.5
TMB-UVF,2020-03-01,30.28,227.1,73.7,67.6,24.2,21.6,mixed_forest,NONE,94.4
TMB-UVF,2020-04-01,30.21,156.8,72.0,62.6,23.5,11.8,mixed_forest,NONE,93.1
TMB-UVF,2020-05-01,30.79,99.2,65.5,53.2,24.0,11.3,mixed_forest,NONE,95.0
TMB-UVF,2020-06-01,30.26,75.1,69.6,57.2,16.6,30.4,mixed_forest,NONE,94.9
TMB-UVF,2020-07-01,29.25,33.2,65.5,53.4,21.7,16.1,mixed_forest,DRY_SPELL,92.3
TMB-UVF,2020-08-01,28.6,120.2,65.1,59.1,22.4,14.5,mixed_forest,NONE,95.0
TMB-UVF,2020-09-01,27.65,122.3,69.4,53.2,12.9,23.7,mixed_forest,NONE,94.8
TMB-UVF,2020-10-01,27.69,184.2,72.9,59.9,13.9,21.1,mixed_forest,NONE,97.0
TMB-UVF,2020-11-01,27.56,199.5,81.1,67.1,14.0,22.5,mixed_forest,NONE,92.6
TMB-UVF,2020-12-01,29.41,263.6,78.5,73.9,18.4,21.7,mixed_forest,NONE,98.8
TMB-UVF,2021-01-01,29.55,206.5,81.4,66.8,21.5,19.1,mixed_forest,NONE,99.7
TMB-UVF,2021-02-01,30.62,239.1,79.2,57.9,16.6,15.7,mixed_forest,NONE,86.4
TMB-UVF,2021-03-01,30.79,174.3,81.0,67.9,8.6,19.3,mixed_forest,NONE,99.4
TMB-UVF,2021-04-01,31.31,155.0,71.3,65.7,37.6,25.3,mixed_forest,NONE,95.9
TMB-UVF,2021-05-01,30.3,97.0,67.7,54.9,8.0,13.3,mixed_forest,NONE,92.7
TMB-UVF,2021-06-01,29.97,93.3,62.8,55.9,24.3,17.3,mixed_forest,NONE,98.2
TMB-UVF,2021-07-01,29.88,90.9,58.9,48.5,24.7,24.4,mixed_forest,NONE,94.7
TMB-UVF,2021-08-01,28.04,73.1,63.4,59.1,10.3,32.6,mixed_forest,NONE,99.7
TMB-UVF,2021-09-01,28.91,138.7,69.1,58.5,17.4,23.8,mixed_forest,NONE,93.7
TMB-UVF,2021-10-01,28.73,172.7,75.8,71.4,13.4,20.5,mixed_forest,NONE,94.4
TMB-UVF,2021-11-01,27.59,238.5,77.4,67.8,27.8,25.9,mixed_forest,NONE,100.0
TMB-UVF,2021-12-01,28.92,278.9,74.8,63.8,22.4,11.1,mixed_forest,NONE,99.7
TMB-UVF,2022-01-01,28.85,259.9,86.1,70.5,19.3,22.0,mixed_forest,NONE,93.2
TMB-UVF,2022-02-01,29.57,264.6,79.8,66.9,17.6,15.3,mixed_forest,NONE,95.5
TMB-UVF,2022-03-01,30.61,173.0,71.9,65.4,24.6,20.7,mixed_forest,NONE,97.9
TMB-UVF,2022-04-01,32.0,166.2,74.2,67.5,15.5,6.7,mixed_forest,NONE,97.3
TMB-UVF,2022-05-01,30.7,64.2,69.6,57.8,17.8,15.9,mixed_forest,NONE,99.3
TMB-UVF,2022-06-01,29.22,86.0,67.3,51.5,20.1,11.7,mixed_forest,NONE,100.0
TMB-UVF,2022-07-01,29.21,78.2,70.6,54.4,16.0,34.4,mixed_forest,NONE,97.0
TMB-UVF,2022-08-01,28.55,124.4,60.7,55.0,18.7,29.0,mixed_forest,NONE,92.6
TMB-UVF,2022-09-01,27.79,107.8,74.9,57.6,15.2,11.2,mixed_forest,NONE,92.8
TMB-UVF,2022-10-01,27.63,174.0,77.3,68.7,19.4,16.6,mixed_forest,NONE,100.0
TMB-UVF,2022-11-01,28.59,245.3,77.5,67.4,20.3,13.3,mixed_forest,NONE,100.0
TMB-UVF,2022-12-01,28.35,253.0,83.1,69.6,23.0,18.3,mixed_forest,NONE,93.5
TMB-UVF,2023-01-01,29.76,234.3,83.5,65.0,13.3,26.2,mixed_forest,NONE,90.9
TMB-UVF,2023-02-01,29.71,265.2,79.5,64.4,21.3,16.9,mixed_forest,NONE,94.0
TMB-UVF,2023-03-01,31.74,210.6,77.1,68.8,18.9,19.6,mixed_forest,NONE,98.5
TMB-UVF,2023-04-01,31.34,159.0,69.3,66.4,9.1,21.4,mixed_forest,NONE,98.1
TMB-UVF,2023-05-01,30.69,162.2,67.7,59.5,14.7,13.4,mixed_forest,NONE,96.7
TMB-UVF,2023-06-01,29.8,58.0,69.5,52.6,30.5,22.9,mixed_forest,NONE,97.0
TMB-UVF,2023-07-01,28.86,105.5,60.4,54.7,11.3,38.2,mixed_forest,NONE,92.0
TMB-UVF,2023-08-01,28.56,49.4,64.9,54.4,26.2,24.3,mixed_forest,NONE,91.1
TMB-UVF,2023-09-01,27.61,109.3,74.3,57.7,21.0,28.6,mixed_forest,NONE,100.0
TMB-UVF,2023-10-01,27.76,154.8,74.8,62.9,25.5,24.3,mixed_forest,NONE,97.0
TMB-UVF,2023-11-01,28.06,213.9,79.1,59.2,17.5,17.4,mixed_forest,NONE,95.8
TMB-UVF,2023-12-01,28.41,221.5,75.2,68.2,17.4,30.7,mixed_forest,NONE,98.5
TMB-UVF,2024-01-01,28.25,244.8,81.0,66.7,21.7,28.7,mixed_forest,NONE,94.2
TMB-UVF,2024-02-01,30.91,267.1,81.6,64.4,18.8,10.8,mixed_forest,NONE,91.5
TMB-UVF,2024-03-01,30.5,192.8,76.1,64.6,27.1,16.9,mixed_forest,NONE,97.4
TMB-UVF,2024-04-01,30.25,99.9,74.5,56.7,35.9,23.0,mixed_forest,NONE,94.9
TMB-UVF,2024-05-01,30.89,144.3,71.3,59.5,14.1,23.7,mixed_forest,NONE,95.4
TMB-UVF,2024-06-01,30.52,94.5,68.0,56.6,22.6,30.3,mixed_forest,NONE,92.2
TMB-UVF,2024-07-01,30.28,88.1,62.6,47.3,22.8,11.8,mixed_forest,NONE,92.3
TMB-UVF,2024-08-01,28.22,34.1,74.3,60.4,24.8,23.6,mixed_forest,DRY_SPELL,95.9
TMB-UVF,2024-09-01,27.61,95.8,66.0,54.0,7.0,8.5,mixed_forest,NONE,100.0
TMB-UVF,2024-10-01,27.58,137.1,73.3,61.4,18.6,17.1,mixed_forest,NONE,96.6
TMB-UVF,2024-11-01,27.67,208.9,77.6,65.7,25.2,16.0,mixed_forest,NONE,96.5
TMB-UVF,2024-12-01,29.33,192.7,80.0,65.4,15.5,27.2,mixed_forest,NONE,96.0
TMB-UVF,2025-01-01,29.42,252.5,73.3,68.0,22.6,26.1,mixed_forest,NONE,95.0
TMB-UVF,2025-02-01,31.31,215.7,79.2,66.9,11.0,26.9,mixed_forest,NONE,90.9
TMB-UVF,2025-03-01,31.11,182.4,75.9,66.2,11.7,24.7,mixed_forest,NONE,96.3
TMB-UVF,2025-04-01,30.09,174.5,71.2,59.5,27.0,28.4,mixed_forest,NONE,95.4
TMB-UVF,2025-05-01,30.97,140.5,68.7,56.3,21.5,30.2,mixed_forest,NONE,92.7
TMB-UVF,2025-06-01,29.4,100.8,62.4,61.5,15.3,27.4,mixed_forest,NONE,93.4
TMB-VZT,2019-01-01,26.34,307.8,80.5,85.2,29.7,35.8,coastal_habitat,NONE,100.0
TMB-VZT,2019-02-01,26.08,286.3,81.2,83.7,41.1,37.4,coastal_habitat,NONE,100.0
TMB-VZT,2019-03-01,28.21,188.8,74.7,76.8,37.3,37.8,coastal_habitat,NONE,95.1
TMB-VZT,2019-04-01,27.85,208.6,74.7,80.8,39.7,38.7,coastal_habitat,NONE,91.4
TMB-VZT,2019-05-01,27.03,79.0,71.4,75.8,49.4,24.7,coastal_habitat,NONE,95.6
TMB-VZT,2019-06-01,27.31,101.4,66.5,70.0,35.3,30.4,coastal_habitat,NONE,92.6
TMB-VZT,2019-07-01,25.87,40.6,65.3,71.1,41.1,44.8,coastal_habitat,NONE,95.1
TMB-VZT,2019-08-01,24.98,65.1,70.7,66.2,38.2,35.7,coastal_habitat,NONE,92.4
TMB-VZT,2019-09-01,25.49,140.0,67.7,72.1,31.1,40.95,coastal_habitat,NONE,100.0
TMB-VZT,2019-10-01,25.32,215.4,70.6,78.7,42.7,46.2,coastal_habitat,NONE,93.0
TMB-VZT,2019-11-01,24.74,193.5,82.3,75.9,44.8,25.1,coastal_habitat,NONE,97.8
TMB-VZT,2019-12-01,24.96,271.0,84.6,74.2,32.5,46.7,coastal_habitat,NONE,100.0
TMB-VZT,2020-01-01,26.1,290.3,77.4,75.9,42.8,35.3,coastal_habitat,NONE,96.6
TMB-VZT,2020-02-01,27.28,311.3,79.0,86.4,27.0,42.4,coastal_habitat,HEAVY_RAIN,100.0
TMB-VZT,2020-03-01,27.34,275.6,80.0,78.9,32.2,36.1,coastal_habitat,NONE,96.9
TMB-VZT,2020-04-01,27.6,210.3,76.6,80.4,41.8,30.4,coastal_habitat,NONE,97.7
TMB-VZT,2020-05-01,27.08,142.7,64.7,70.7,50.2,20.2,coastal_habitat,NONE,94.3
TMB-VZT,2020-06-01,26.2,89.9,67.9,73.1,41.7,28.1,coastal_habitat,NONE,95.9
TMB-VZT,2020-07-01,25.57,60.0,66.7,65.0,46.8,43.6,coastal_habitat,NONE,99.6
TMB-VZT,2020-08-01,25.1,110.4,65.6,72.1,42.3,39.9,coastal_habitat,NONE,97.7
TMB-VZT,2020-09-01,25.45,146.6,69.7,75.5,48.7,52.6,coastal_habitat,NONE,95.5
TMB-VZT,2020-10-01,25.27,201.6,74.5,73.8,29.6,34.8,coastal_habitat,NONE,94.7
TMB-VZT,2020-11-01,24.99,240.0,78.8,82.0,46.3,35.9,coastal_habitat,NONE,95.5
TMB-VZT,2020-12-01,24.98,249.2,83.8,80.6,37.6,44.5,coastal_habitat,NONE,92.2
TMB-VZT,2021-01-01,26.75,261.3,86.2,84.5,30.9,39.2,coastal_habitat,NONE,95.8
TMB-VZT,2021-02-01,26.55,304.6,77.2,81.9,31.4,34.2,coastal_habitat,NONE,94.5
TMB-VZT,2021-03-01,27.36,217.7,76.7,78.3,45.6,44.0,coastal_habitat,NONE,100.0
TMB-VZT,2021-04-01,28.09,202.7,76.7,72.5,40.3,38.8,coastal_habitat,NONE,97.3
TMB-VZT,2021-05-01,27.07,95.3,73.0,69.1,31.3,45.0,coastal_habitat,NONE,96.4
TMB-VZT,2021-06-01,27.83,85.7,68.9,74.1,44.7,38.8,coastal_habitat,NONE,100.0
TMB-VZT,2021-07-01,27.0,38.2,66.8,56.9,37.2,42.8,coastal_habitat,NONE,93.2
TMB-VZT,2021-08-01,25.44,103.9,63.6,69.9,42.0,40.7,coastal_habitat,NONE,91.5
TMB-VZT,2021-09-01,24.36,169.2,73.1,74.6,35.8,38.7,coastal_habitat,NONE,96.8
TMB-VZT,2021-10-01,25.04,204.6,77.8,81.2,39.8,33.1,coastal_habitat,NONE,92.9
TMB-VZT,2021-11-01,24.88,238.4,80.6,76.7,30.8,27.3,coastal_habitat,HEAVY_RAIN,96.7
TMB-VZT,2021-12-01,24.72,199.2,85.6,85.3,42.8,30.0,coastal_habitat,NONE,98.4
TMB-VZT,2022-01-01,26.03,284.2,80.6,79.2,36.9,43.3,coastal_habitat,NONE,92.9
TMB-VZT,2022-02-01,27.93,267.3,79.4,73.6,40.4,38.4,coastal_habitat,NONE,99.8
TMB-VZT,2022-03-01,27.29,273.8,80.5,77.5,35.5,41.4,coastal_habitat,NONE,97.2
TMB-VZT,2022-04-01,27.94,180.3,74.4,75.3,38.7,29.4,coastal_habitat,NONE,94.9
TMB-VZT,2022-05-01,26.76,116.1,73.9,74.3,36.9,23.7,coastal_habitat,NONE,93.7
TMB-VZT,2022-06-01,27.49,76.6,65.8,69.1,46.9,44.0,coastal_habitat,NONE,96.4
TMB-VZT,2022-07-01,26.74,45.9,64.1,68.9,47.1,38.9,coastal_habitat,NONE,92.8
TMB-VZT,2022-08-01,25.51,83.5,70.9,68.0,33.2,50.8,coastal_habitat,NONE,96.3
TMB-VZT,2022-09-01,25.26,111.1,70.6,68.0,44.6,53.2,coastal_habitat,NONE,91.9
TMB-VZT,2022-10-01,24.51,193.3,69.0,80.2,38.1,37.1,coastal_habitat,NONE,98.5
TMB-VZT,2022-11-01,25.37,218.5,79.4,77.1,42.5,27.9,coastal_habitat,NONE,100.0
TMB-VZT,2022-12-01,24.44,230.7,85.2,79.3,43.1,31.5,coastal_habitat,NONE,91.1
TMB-VZT,2023-01-01,26.03,258.9,83.7,83.3,38.3,37.0,coastal_habitat,NONE,97.4
TMB-VZT,2023-02-01,26.69,251.5,83.0,78.0,31.3,28.9,coastal_habitat,NONE,91.6
TMB-VZT,2023-03-01,27.51,274.4,77.4,73.3,45.5,43.0,coastal_habitat,NONE,98.8
TMB-VZT,2023-04-01,27.62,195.7,71.5,72.6,36.7,43.0,coastal_habitat,NONE,98.2
TMB-VZT,2023-05-01,27.88,148.9,66.4,75.6,42.5,32.1,coastal_habitat,NONE,94.7
TMB-VZT,2023-06-01,26.75,71.3,64.7,71.1,36.5,36.9,coastal_habitat,NONE,88.6
TMB-VZT,2023-07-01,27.01,84.4,67.1,63.5,37.5,31.5,coastal_habitat,NONE,93.3
TMB-VZT,2023-08-01,25.78,132.4,71.9,68.0,38.3,45.2,coastal_habitat,NONE,100.0
TMB-VZT,2023-09-01,24.92,111.2,69.2,71.4,34.5,40.1,coastal_habitat,NONE,98.8
TMB-VZT,2023-10-01,24.88,180.4,78.8,73.4,44.5,46.5,coastal_habitat,NONE,93.5
TMB-VZT,2023-11-01,25.92,179.6,78.6,74.7,40.2,39.3,coastal_habitat,NONE,99.4
TMB-VZT,2023-12-01,25.3,276.7,89.2,81.4,38.8,41.8,coastal_habitat,NONE,93.7
TMB-VZT,2024-01-01,26.69,297.9,82.3,83.3,24.0,39.5,coastal_habitat,HEAVY_RAIN,97.7
TMB-VZT,2024-02-01,27.44,256.9,78.8,83.2,38.6,37.2,coastal_habitat,NONE,94.8
TMB-VZT,2024-03-01,29.26,215.9,83.4,90.9,33.5,35.6,coastal_habitat,NONE,100.0
TMB-VZT,2024-04-01,28.16,161.3,74.4,78.5,41.6,40.9,coastal_habitat,NONE,91.9
TMB-VZT,2024-05-01,27.4,146.1,75.0,63.1,50.4,38.5,coastal_habitat,NONE,91.5
TMB-VZT,2024-06-01,26.72,86.4,67.0,61.1,41.2,41.8,coastal_habitat,NONE,95.4
TMB-VZT,2024-07-01,25.06,81.7,63.7,71.2,35.1,35.6,coastal_habitat,NONE,95.4
TMB-VZT,2024-08-01,25.3,91.3,66.9,68.9,35.0,44.2,coastal_habitat,NONE,98.0
TMB-VZT,2024-09-01,25.2,94.8,70.4,72.8,43.8,44.2,coastal_habitat,NONE,98.3
TMB-VZT,2024-10-01,25.11,148.4,75.8,76.4,32.2,43.9,coastal_habitat,NONE,94.9
TMB-VZT,2024-11-01,24.96,220.3,80.7,88.3,30.6,33.3,coastal_habitat,NONE,92.3
TMB-VZT,2024-12-01,25.41,307.9,82.8,73.8,34.9,32.2,coastal_habitat,NONE,97.3
TMB-VZT,2025-01-01,25.66,280.1,82.5,76.5,46.0,31.6,coastal_habitat,NONE,100.0
TMB-VZT,2025-02-01,27.6,289.1,83.1,81.6,38.6,34.3,coastal_habitat,NONE,91.0
TMB-VZT,2025-03-01,28.09,246.8,73.8,82.3,31.3,33.5,coastal_habitat,NONE,100.0
TMB-VZT,2025-04-01,28.47,164.2,77.7,78.1,36.8,36.6,coastal_habitat,NONE,95.0
TMB-VZT,2025-05-01,27.85,143.5,70.9,66.4,45.3,46.3,coastal_habitat,NONE,100.0
TMB-VZT,2025-06-01,27.41,47.1,65.7,62.2,45.1,53.9,coastal_habitat,NONE,96.7
TMB-WQL,2019-01-01,27.39,193.1,82.2,62.2,29.4,19.2,mixed_forest,NONE,99.7
TMB-WQL,2019-02-01,28.69,190.4,77.4,65.4,26.0,3.3,mixed_forest,NONE,94.8
TMB-WQL,2019-03-01,28.74,180.2,70.0,68.1,25.3,10.3,mixed_forest,NONE,91.5
TMB-WQL,2019-04-01,29.95,133.1,72.6,49.3,26.8,0.0,mixed_forest,NONE,100.0
TMB-WQL,2019-05-01,28.94,82.4,63.1,41.3,33.8,0.5,mixed_forest,NONE,94.7
TMB-WQL,2019-06-01,28.76,59.6,66.8,51.3,15.7,0.0,mixed_forest,NONE,91.9
TMB-WQL,2019-07-01,27.63,76.3,59.6,52.4,35.8,7.1,mixed_forest,NONE,98.5
TMB-WQL,2019-08-01,27.1,32.5,68.4,49.6,26.0,17.3,mixed_forest,DRY_SPELL,97.6
TMB-WQL,2019-09-01,26.22,152.1,66.9,56.0,27.3,16.2,mixed_forest,NONE,91.8
TMB-WQL,2019-10-01,25.56,134.0,69.2,51.4,31.7,7.4,mixed_forest,NONE,95.4
TMB-WQL,2019-11-01,25.28,166.2,77.6,64.0,39.0,20.6,mixed_forest,NONE,96.2
TMB-WQL,2019-12-01,26.65,231.1,75.3,59.4,23.5,1.5,mixed_forest,NONE,98.1
TMB-WQL,2020-01-01,27.49,240.0,76.2,63.5,30.2,4.1,mixed_forest,NONE,95.4
TMB-WQL,2020-02-01,29.07,225.0,78.3,65.2,38.3,0.0,mixed_forest,NONE,93.8
TMB-WQL,2020-03-01,29.38,179.1,72.3,58.5,29.7,5.5,mixed_forest,NONE,99.9
TMB-WQL,2020-04-01,29.75,138.7,65.2,51.0,26.2,0.0,mixed_forest,NONE,94.1
TMB-WQL,2020-05-01,28.42,110.2,67.0,53.5,30.3,11.2,mixed_forest,NONE,97.9
TMB-WQL,2020-06-01,28.8,51.9,62.1,42.6,27.4,0.0,mixed_forest,NONE,95.3
TMB-WQL,2020-07-01,27.18,43.0,65.1,43.1,44.8,3.8,mixed_forest,NONE,93.3
TMB-WQL,2020-08-01,25.56,98.8,64.0,54.2,24.0,0.0,mixed_forest,NONE,96.4
TMB-WQL,2020-09-01,26.34,55.8,63.7,50.0,28.8,9.6,mixed_forest,NONE,96.7
TMB-WQL,2020-10-01,26.51,163.0,74.5,56.1,27.4,7.7,mixed_forest,NONE,95.8
TMB-WQL,2020-11-01,26.39,176.6,77.6,54.6,35.3,2.8,mixed_forest,NONE,97.9
TMB-WQL,2020-12-01,26.51,187.1,79.2,52.5,29.2,0.4,mixed_forest,NONE,96.2
TMB-WQL,2021-01-01,27.91,269.4,77.6,62.4,23.6,4.5,mixed_forest,NONE,96.5
TMB-WQL,2021-02-01,28.31,193.2,76.3,63.1,29.8,2.6,mixed_forest,NONE,99.3
TMB-WQL,2021-03-01,28.95,175.2,71.5,60.6,36.2,9.9,mixed_forest,NONE,97.0
TMB-WQL,2021-04-01,29.67,120.7,73.9,56.1,33.6,4.5,mixed_forest,NONE,90.8
TMB-WQL,2021-05-01,29.24,115.4,66.3,44.2,28.6,0.0,mixed_forest,NONE,95.6
TMB-WQL,2021-06-01,30.09,43.3,65.2,53.7,27.3,0.0,mixed_forest,NONE,98.4
TMB-WQL,2021-07-01,28.28,57.6,64.7,47.0,24.7,0.0,mixed_forest,NONE,98.3
TMB-WQL,2021-08-01,26.56,51.6,66.7,43.3,17.9,16.3,mixed_forest,NONE,100.0
TMB-WQL,2021-09-01,26.05,67.7,68.9,47.4,20.5,7.3,mixed_forest,NONE,99.2
TMB-WQL,2021-10-01,26.97,167.6,74.4,48.4,23.3,0.0,mixed_forest,NONE,97.4
TMB-WQL,2021-11-01,27.18,186.2,73.9,58.6,30.0,0.0,mixed_forest,NONE,100.0
TMB-WQL,2021-12-01,26.68,183.5,81.2,62.4,30.1,0.0,mixed_forest,NONE,95.8
TMB-WQL,2022-01-01,27.51,223.5,81.4,62.6,36.3,0.7,mixed_forest,NONE,96.5
TMB-WQL,2022-02-01,29.45,215.9,73.3,61.8,30.2,0.0,mixed_forest,NONE,99.8
TMB-WQL,2022-03-01,29.91,210.7,75.1,54.5,31.6,5.5,mixed_forest,NONE,92.5
TMB-WQL,2022-04-01,29.31,134.3,69.3,51.2,35.5,0.0,mixed_forest,NONE,97.9
TMB-WQL,2022-05-01,29.57,92.9,65.0,54.9,42.1,0.0,mixed_forest,NONE,93.4
TMB-WQL,2022-06-01,29.03,61.9,65.7,46.1,24.7,0.0,mixed_forest,NONE,94.1
TMB-WQL,2022-07-01,28.89,79.3,64.1,48.1,22.5,0.0,mixed_forest,NONE,96.3
TMB-WQL,2022-08-01,27.0,69.9,70.3,47.2,31.5,0.0,mixed_forest,NONE,100.0
TMB-WQL,2022-09-01,26.16,92.3,65.9,52.4,36.7,3.6,mixed_forest,NONE,97.3
TMB-WQL,2022-10-01,26.12,129.1,74.6,48.3,23.9,0.0,mixed_forest,NONE,95.0
TMB-WQL,2022-11-01,26.92,157.7,76.5,55.6,18.8,0.0,mixed_forest,NONE,96.8
TMB-WQL,2022-12-01,26.58,240.1,74.9,60.3,34.6,0.0,mixed_forest,NONE,92.8
TMB-WQL,2023-01-01,27.7,258.0,72.9,62.0,16.3,10.0,mixed_forest,NONE,98.7
TMB-WQL,2023-02-01,28.07,182.4,76.3,64.2,28.4,0.0,mixed_forest,NONE,98.3
TMB-WQL,2023-03-01,29.68,147.4,76.2,59.9,23.1,4.6,mixed_forest,NONE,95.4
TMB-WQL,2023-04-01,29.16,161.7,71.4,48.9,33.3,7.2,mixed_forest,NONE,94.4
TMB-WQL,2023-05-01,29.68,95.8,63.1,46.7,16.1,2.6,mixed_forest,NONE,92.2
TMB-WQL,2023-06-01,28.75,45.0,64.5,49.2,23.3,0.0,mixed_forest,NONE,98.0
TMB-WQL,2023-07-01,27.07,19.4,66.2,40.9,26.9,0.0,mixed_forest,DRY_SPELL,92.4
TMB-WQL,2023-08-01,27.4,71.2,61.7,49.7,25.0,0.0,mixed_forest,NONE,98.4
TMB-WQL,2023-09-01,26.58,137.1,70.3,54.5,25.3,1.8,mixed_forest,NONE,93.5
TMB-WQL,2023-10-01,25.93,102.6,72.1,56.5,27.2,0.0,mixed_forest,NONE,95.8
TMB-WQL,2023-11-01,25.65,237.9,80.0,60.2,30.4,2.2,mixed_forest,NONE,100.0
TMB-WQL,2023-12-01,27.63,231.1,78.3,55.0,23.7,0.0,mixed_forest,NONE,93.9
TMB-WQL,2024-01-01,26.99,224.5,82.9,59.4,22.6,7.7,mixed_forest,NONE,99.0
TMB-WQL,2024-02-01,28.97,204.0,81.5,58.1,20.2,0.5,mixed_forest,NONE,99.1
TMB-WQL,2024-03-01,30.11,156.8,74.4,61.1,26.6,3.1,mixed_forest,NONE,96.9
TMB-WQL,2024-04-01,29.9,121.8,71.3,58.2,37.3,0.0,mixed_forest,NONE,98.6
TMB-WQL,2024-05-01,28.47,109.9,64.9,53.3,25.3,0.0,mixed_forest,NONE,88.2
TMB-WQL,2024-06-01,29.27,76.9,65.1,53.0,24.3,0.0,mixed_forest,NONE,92.5
TMB-WQL,2024-07-01,28.56,66.4,59.2,50.6,33.3,0.0,mixed_forest,NONE,100.0
TMB-WQL,2024-08-01,25.73,58.0,63.2,49.0,33.5,0.0,mixed_forest,NONE,97.6
TMB-WQL,2024-09-01,26.79,90.8,69.2,56.3,27.9,0.0,mixed_forest,NONE,97.0
TMB-WQL,2024-10-01,26.31,147.6,69.1,49.9,22.8,0.0,mixed_forest,NONE,95.8
TMB-WQL,2024-11-01,27.14,124.9,75.3,70.6,19.2,2.2,mixed_forest,NONE,96.2
TMB-WQL,2024-12-01,27.4,203.1,79.5,63.2,23.2,6.0,mixed_forest,NONE,94.9
TMB-WQL,2025-01-01,29.04,235.3,80.5,59.9,24.7,0.0,mixed_forest,NONE,95.7
TMB-WQL,2025-02-01,29.61,163.7,75.0,63.5,13.8,3.9,mixed_forest,NONE,95.8
TMB-WQL,2025-03-01,30.67,186.6,79.8,63.7,38.0,0.0,mixed_forest,NONE,94.2
TMB-WQL,2025-04-01,29.71,136.1,70.5,48.2,41.3,15.9,mixed_forest,NONE,93.8
TMB-WQL,2025-05-01,30.17,81.1,61.2,52.1,38.8,0.0,mixed_forest,NONE,97.0
TMB-WQL,2025-06-01,29.64,52.2,60.1,49.3,32.8,2.2,mixed_forest,NONE,100.0
TMB-WST,2019-01-01,28.11,255.3,87.3,46.6,48.5,3.8,coastal_habitat,NONE,96.6
TMB-WST,2019-02-01,27.68,228.8,78.9,47.2,39.1,0.0,coastal_habitat,NONE,96.7
TMB-WST,2019-03-01,27.43,165.3,75.4,48.1,46.8,0.4,coastal_habitat,NONE,99.9
TMB-WST,2019-04-01,29.39,198.2,84.3,45.2,28.9,2.9,coastal_habitat,NONE,94.4
TMB-WST,2019-05-01,27.95,102.5,73.9,39.3,33.3,14.3,coastal_habitat,NONE,97.6
TMB-WST,2019-06-01,28.28,48.1,70.6,41.4,31.5,0.0,coastal_habitat,NONE,87.9
TMB-WST,2019-07-01,27.07,75.8,72.2,34.3,49.8,14.9,coastal_habitat,NONE,98.6
TMB-WST,2019-08-01,26.36,99.8,68.8,37.9,32.8,0.0,coastal_habitat,NONE,97.6
TMB-WST,2019-09-01,26.58,70.3,72.2,39.1,48.5,0.0,coastal_habitat,NONE,98.6
TMB-WST,2019-10-01,24.75,166.4,77.7,52.9,42.0,0.0,coastal_habitat,NONE,97.0
TMB-WST,2019-11-01,26.31,203.6,84.0,49.7,42.6,6.0,coastal_habitat,NONE,97.6
TMB-WST,2019-12-01,25.53,282.5,80.7,49.4,41.7,0.0,coastal_habitat,NONE,94.9
TMB-WST,2020-01-01,27.76,266.2,81.2,48.6,45.9,0.0,coastal_habitat,NONE,98.8
TMB-WST,2020-02-01,28.01,228.4,84.7,43.2,55.9,14.1,coastal_habitat,NONE,98.8
TMB-WST,2020-03-01,29.3,238.7,81.6,46.2,39.3,0.0,coastal_habitat,NONE,95.6
TMB-WST,2020-04-01,29.19,155.8,74.4,48.4,34.4,7.0,coastal_habitat,NONE,96.9
TMB-WST,2020-05-01,28.46,126.8,75.9,42.7,36.9,0.0,coastal_habitat,NONE,93.5
TMB-WST,2020-06-01,26.59,98.5,71.0,46.8,33.6,7.7,coastal_habitat,NONE,96.8
TMB-WST,2020-07-01,27.52,112.0,74.2,37.0,36.2,0.1,coastal_habitat,NONE,90.5
TMB-WST,2020-08-01,26.08,48.9,70.1,31.7,33.7,6.8,coastal_habitat,NONE,93.5
TMB-WST,2020-09-01,25.75,102.7,76.8,37.6,26.1,12.8,coastal_habitat,NONE,96.3
TMB-WST,2020-10-01,26.14,152.5,78.1,40.5,34.8,0.0,coastal_habitat,NONE,96.5
TMB-WST,2020-11-01,26.36,201.8,80.4,57.8,48.3,0.0,coastal_habitat,NONE,95.2
TMB-WST,2020-12-01,26.04,262.3,87.1,48.4,33.7,1.4,coastal_habitat,NONE,95.1
TMB-WST,2021-01-01,26.11,241.8,82.7,54.5,41.4,3.9,coastal_habitat,NONE,95.6
TMB-WST,2021-02-01,28.54,243.1,83.5,50.0,41.8,0.0,coastal_habitat,NONE,97.2
TMB-WST,2021-03-01,29.38,188.9,83.8,44.7,33.0,0.0,coastal_habitat,NONE,92.4
TMB-WST,2021-04-01,28.04,164.0,81.2,40.7,40.3,5.2,coastal_habitat,NONE,93.8
TMB-WST,2021-05-01,28.28,142.6,73.5,40.8,34.1,4.4,coastal_habitat,NONE,99.3
TMB-WST,2021-06-01,27.79,53.0,69.6,43.0,46.0,0.0,coastal_habitat,NONE,94.7
TMB-WST,2021-07-01,27.19,94.6,73.1,37.2,39.0,0.0,coastal_habitat,NONE,95.5
TMB-WST,2021-08-01,25.94,80.9,77.8,35.9,40.6,11.6,coastal_habitat,NONE,96.6
TMB-WST,2021-09-01,26.52,115.1,71.4,41.5,34.7,0.0,coastal_habitat,NONE,97.3
TMB-WST,2021-10-01,24.86,109.1,75.9,49.6,38.4,11.8,coastal_habitat,NONE,92.5
TMB-WST,2021-11-01,25.78,191.6,79.8,49.0,33.0,0.0,coastal_habitat,NONE,95.6
TMB-WST,2021-12-01,26.44,247.3,86.9,48.7,36.4,0.0,coastal_habitat,NONE,99.3
TMB-WST,2022-01-01,27.09,270.9,82.0,47.8,39.5,10.2,coastal_habitat,NONE,93.8
TMB-WST,2022-02-01,27.41,284.0,85.1,46.1,35.7,9.1,coastal_habitat,NONE,100.0
TMB-WST,2022-03-01,28.91,216.2,78.3,52.7,37.7,0.0,coastal_habitat,NONE,94.3
TMB-WST,2022-04-01,28.72,126.6,78.0,37.4,45.7,0.0,coastal_habitat,NONE,97.1
TMB-WST,2022-05-01,29.08,125.1,73.4,41.0,42.9,10.9,coastal_habitat,NONE,98.1
TMB-WST,2022-06-01,27.29,84.6,67.9,40.4,38.9,3.8,coastal_habitat,NONE,94.9
TMB-WST,2022-07-01,26.92,85.6,71.2,29.8,31.8,4.7,coastal_habitat,NONE,96.2
TMB-WST,2022-08-01,26.16,128.3,74.1,42.3,37.7,11.2,coastal_habitat,NONE,95.9
TMB-WST,2022-09-01,25.43,112.2,79.9,39.8,45.6,1.4,coastal_habitat,NONE,100.0
TMB-WST,2022-10-01,25.85,142.1,78.4,43.3,33.1,0.0,coastal_habitat,NONE,100.0
TMB-WST,2022-11-01,26.11,162.1,81.5,46.3,43.0,0.0,coastal_habitat,NONE,92.0
TMB-WST,2022-12-01,26.18,215.0,83.5,42.5,46.8,8.0,coastal_habitat,NONE,98.1
TMB-WST,2023-01-01,27.94,255.9,86.2,49.8,26.3,8.0,coastal_habitat,NONE,94.1
TMB-WST,2023-02-01,27.8,230.0,85.3,52.5,36.7,1.2,coastal_habitat,NONE,94.9
TMB-WST,2023-03-01,28.6,211.1,78.6,50.0,43.6,3.0,coastal_habitat,NONE,92.5
TMB-WST,2023-04-01,28.12,144.9,80.4,41.7,37.0,3.4,coastal_habitat,NONE,96.3
TMB-WST,2023-05-01,29.36,113.4,74.2,40.7,39.4,0.0,coastal_habitat,NONE,94.4
TMB-WST,2023-06-01,28.24,76.5,70.3,36.1,36.2,1.2,coastal_habitat,NONE,94.0
TMB-WST,2023-07-01,27.16,92.1,71.9,38.6,42.3,0.0,coastal_habitat,NONE,94.0
TMB-WST,2023-08-01,25.55,43.6,76.7,30.4,32.0,0.0,coastal_habitat,NONE,95.6
TMB-WST,2023-09-01,24.45,120.2,72.2,41.9,42.5,0.0,coastal_habitat,NONE,98.2
TMB-WST,2023-10-01,25.01,160.1,86.5,48.4,42.7,0.3,coastal_habitat,NONE,93.3
TMB-WST,2023-11-01,25.92,224.8,83.4,52.7,36.9,2.4,coastal_habitat,NONE,97.6
TMB-WST,2023-12-01,27.07,263.7,85.2,49.4,37.6,11.2,coastal_habitat,NONE,100.0
TMB-WST,2024-01-01,26.64,276.4,82.5,45.4,28.7,7.1,coastal_habitat,NONE,88.6
TMB-WST,2024-02-01,29.55,201.7,81.9,50.4,50.4,0.0,coastal_habitat,NONE,91.0
TMB-WST,2024-03-01,28.83,219.2,79.7,47.5,35.6,0.0,coastal_habitat,NONE,95.6
TMB-WST,2024-04-01,29.03,213.2,78.0,56.6,40.6,0.0,coastal_habitat,NONE,91.9
TMB-WST,2024-05-01,27.56,121.2,75.7,39.9,24.1,0.9,coastal_habitat,NONE,95.6
TMB-WST,2024-06-01,28.48,90.4,69.7,45.6,36.2,7.2,coastal_habitat,NONE,90.6
TMB-WST,2024-07-01,26.37,80.4,77.2,34.2,42.2,0.0,coastal_habitat,NONE,100.0
TMB-WST,2024-08-01,26.49,85.5,72.0,29.3,27.4,0.0,coastal_habitat,NONE,97.7
TMB-WST,2024-09-01,25.44,133.9,70.3,45.7,48.9,0.0,coastal_habitat,NONE,91.2
TMB-WST,2024-10-01,25.77,154.3,76.2,44.5,36.3,19.7,coastal_habitat,NONE,99.1
TMB-WST,2024-11-01,25.42,200.8,82.2,44.3,48.0,0.0,coastal_habitat,NONE,100.0
TMB-WST,2024-12-01,26.43,251.8,87.8,49.6,42.6,0.0,coastal_habitat,NONE,89.5
TMB-WST,2025-01-01,27.27,275.7,87.5,58.3,31.2,0.0,coastal_habitat,NONE,99.1
TMB-WST,2025-02-01,27.4,215.1,81.5,49.7,35.5,15.9,coastal_habitat,NONE,97.0
TMB-WST,2025-03-01,27.86,206.9,84.9,46.1,36.4,14.9,coastal_habitat,NONE,95.8
TMB-WST,2025-04-01,28.52,137.9,70.0,46.0,47.5,0.0,coastal_habitat,NONE,95.1
TMB-WST,2025-05-01,30.39,105.0,71.0,36.5,27.2,0.0,coastal_habitat,NONE,94.9
TMB-WST,2025-06-01,27.44,121.7,73.0,40.0,36.2,3.1,coastal_habitat,NONE,100.0
TMB-WYT,2019-01-01,28.54,265.7,86.7,71.6,26.7,0.0,mixed_forest,NONE,93.5
TMB-WYT,2019-02-01,27.96,244.3,84.7,66.1,55.4,2.4,mixed_forest,NONE,96.1
TMB-WYT,2019-03-01,27.65,205.9,74.7,68.8,28.1,0.0,mixed_forest,NONE,100.0
TMB-WYT,2019-04-01,30.48,154.2,72.5,57.8,31.6,0.0,mixed_forest,NONE,92.7
TMB-WYT,2019-05-01,28.59,120.3,71.1,68.5,29.4,0.0,mixed_forest,NONE,94.5
TMB-WYT,2019-06-01,28.53,73.3,69.7,56.1,39.3,0.0,mixed_forest,NONE,90.7
TMB-WYT,2019-07-01,27.7,34.3,70.8,53.8,43.9,0.9,mixed_forest,DRY_SPELL,94.3
TMB-WYT,2019-08-01,26.0,98.1,70.7,53.7,43.8,0.0,mixed_forest,NONE,91.4
TMB-WYT,2019-09-01,25.51,138.4,78.8,60.4,38.9,0.0,mixed_forest,NONE,97.3
TMB-WYT,2019-10-01,26.12,173.5,79.0,66.8,34.3,7.2,mixed_forest,NONE,100.0
TMB-WYT,2019-11-01,25.56,219.1,83.2,65.1,29.5,9.0,mixed_forest,NONE,96.3
TMB-WYT,2019-12-01,27.49,273.6,84.0,71.1,41.0,0.0,mixed_forest,NONE,96.3
TMB-WYT,2020-01-01,28.08,269.6,89.6,68.7,37.7,0.0,mixed_forest,NONE,96.1
TMB-WYT,2020-02-01,29.48,249.3,82.8,76.6,41.6,0.4,mixed_forest,NONE,96.5
TMB-WYT,2020-03-01,28.91,222.9,78.6,74.0,36.0,0.0,mixed_forest,NONE,91.6
TMB-WYT,2020-04-01,29.87,170.3,78.5,71.3,34.3,0.5,mixed_forest,NONE,96.4
TMB-WYT,2020-05-01,28.9,92.3,70.0,62.9,39.0,8.3,mixed_forest,NONE,94.2
TMB-WYT,2020-06-01,27.72,89.3,70.0,54.7,34.5,0.0,mixed_forest,NONE,95.5
TMB-WYT,2020-07-01,27.45,74.0,72.9,46.6,42.2,0.0,mixed_forest,NONE,96.9
TMB-WYT,2020-08-01,27.36,87.5,71.8,54.4,36.9,0.0,mixed_forest,NONE,94.1
TMB-WYT,2020-09-01,25.9,140.7,76.2,60.9,39.1,2.3,mixed_forest,NONE,94.4
TMB-WYT,2020-10-01,25.56,200.1,80.4,65.7,29.9,0.0,mixed_forest,NONE,99.7
TMB-WYT,2020-11-01,25.76,233.1,82.7,73.5,40.9,7.7,mixed_forest,NONE,98.8
TMB-WYT,2020-12-01,26.96,262.4,84.8,69.1,38.8,3.6,mixed_forest,NONE,94.6
TMB-WYT,2021-01-01,27.84,278.8,84.7,71.2,42.1,0.0,mixed_forest,NONE,97.4
TMB-WYT,2021-02-01,28.24,238.8,83.3,71.5,44.0,6.0,mixed_forest,NONE,95.2
TMB-WYT,2021-03-01,28.69,235.4,83.1,70.5,41.7,4.5,mixed_forest,NONE,98.6
TMB-WYT,2021-04-01,28.97,212.5,78.6,61.6,36.1,4.8,mixed_forest,NONE,94.9
TMB-WYT,2021-05-01,29.32,101.2,73.0,60.8,35.4,0.0,mixed_forest,NONE,96.4
TMB-WYT,2021-06-01,28.43,109.7,66.3,60.9,47.2,11.8,mixed_forest,NONE,94.0
TMB-WYT,2021-07-01,28.19,15.8,71.4,61.8,33.3,4.9,mixed_forest,DRY_SPELL,97.9
TMB-WYT,2021-08-01,26.61,75.5,71.5,63.3,41.2,4.3,mixed_forest,NONE,100.0
TMB-WYT,2021-09-01,26.01,108.9,74.1,57.4,44.4,0.0,mixed_forest,NONE,95.0
TMB-WYT,2021-10-01,25.46,178.0,75.8,63.2,48.2,0.6,mixed_forest,NONE,96.2
TMB-WYT,2021-11-01,25.76,263.7,81.5,56.4,48.4,7.1,mixed_forest,NONE,96.7
TMB-WYT,2021-12-01,26.72,240.6,83.7,71.4,35.0,2.5,mixed_forest,NONE,96.0
TMB-WYT,2022-01-01,26.5,266.5,83.9,65.9,44.8,0.0,mixed_forest,NONE,100.0
TMB-WYT,2022-02-01,28.59,270.9,81.8,67.1,37.5,0.0,mixed_forest,NONE,96.5
TMB-WYT,2022-03-01,28.59,202.2,79.8,64.5,38.0,4.2,mixed_forest,NONE,99.0
TMB-WYT,2022-04-01,29.89,160.3,78.2,62.1,36.8,0.0,mixed_forest,NONE,100.0
TMB-WYT,2022-05-01,29.06,130.0,71.9,65.3,46.1,5.0,mixed_forest,NONE,91.6
TMB-WYT,2022-06-01,28.75,94.3,71.6,53.2,41.6,0.0,mixed_forest,NONE,97.0
TMB-WYT,2022-07-01,26.72,129.9,71.7,61.0,32.5,0.0,mixed_forest,NONE,95.3
TMB-WYT,2022-08-01,27.21,88.3,66.2,59.4,37.9,0.0,mixed_forest,NONE,93.8
TMB-WYT,2022-09-01,25.8,127.0,71.7,62.1,46.2,0.0,mixed_forest,NONE,86.1
TMB-WYT,2022-10-01,25.73,206.9,82.0,60.1,41.2,1.8,mixed_forest,NONE,92.2
TMB-WYT,2022-11-01,25.7,191.7,81.7,81.3,40.6,0.0,mixed_forest,NONE,97.2
TMB-WYT,2022-12-01,27.2,243.4,86.2,71.5,33.9,0.0,mixed_forest,NONE,98.2
TMB-WYT,2023-01-01,28.18,292.2,84.3,64.8,36.7,6.3,mixed_forest,NONE,93.6
TMB-WYT,2023-02-01,28.43,278.0,82.2,62.4,45.3,0.0,mixed_forest,NONE,98.5
TMB-WYT,2023-03-01,28.73,262.4,84.1,52.4,41.2,0.0,mixed_forest,NONE,93.2
TMB-WYT,2023-04-01,29.17,157.6,80.9,64.0,34.8,0.8,mixed_forest,NONE,88.6
TMB-WYT,2023-05-01,28.88,142.8,67.0,64.9,44.0,0.0,mixed_forest,NONE,94.8
TMB-WYT,2023-06-01,29.21,79.0,71.1,56.0,35.5,0.0,mixed_forest,NONE,98.7
TMB-WYT,2023-07-01,28.36,91.4,69.3,57.4,49.3,2.1,mixed_forest,NONE,93.3
TMB-WYT,2023-08-01,26.38,74.0,67.4,56.9,44.7,16.6,mixed_forest,NONE,94.5
TMB-WYT,2023-09-01,26.02,114.3,73.1,59.2,47.4,9.4,mixed_forest,NONE,98.6
TMB-WYT,2023-10-01,25.5,179.5,79.5,67.4,36.7,0.0,mixed_forest,NONE,90.6
TMB-WYT,2023-11-01,26.04,221.3,79.5,71.9,34.5,7.9,mixed_forest,NONE,90.0
TMB-WYT,2023-12-01,27.21,258.3,84.9,66.3,34.5,0.0,mixed_forest,NONE,87.5
TMB-WYT,2024-01-01,27.57,244.8,86.1,74.3,43.8,0.0,mixed_forest,NONE,96.2
TMB-WYT,2024-02-01,29.06,258.3,81.4,72.0,39.4,0.0,mixed_forest,NONE,91.8
TMB-WYT,2024-03-01,28.81,227.5,81.0,64.6,43.5,3.4,mixed_forest,NONE,93.3
TMB-WYT,2024-04-01,29.48,208.6,76.9,61.8,42.7,0.0,mixed_forest,NONE,95.9
TMB-WYT,2024-05-01,28.17,126.3,74.1,64.4,38.3,0.0,mixed_forest,NONE,94.7
TMB-WYT,2024-06-01,27.85,62.9,70.3,62.1,30.5,0.0,mixed_forest,NONE,100.0
TMB-WYT,2024-07-01,28.01,57.8,68.6,58.2,28.8,0.0,mixed_forest,NONE,96.8
TMB-WYT,2024-08-01,26.95,112.9,72.6,61.4,41.0,0.0,mixed_forest,NONE,94.5
TMB-WYT,2024-09-01,26.45,115.1,71.7,63.0,35.7,0.0,mixed_forest,NONE,99.3
TMB-WYT,2024-10-01,25.89,195.1,75.3,68.1,29.0,3.0,mixed_forest,NONE,99.1
TMB-WYT,2024-11-01,26.21,238.0,79.1,68.4,35.0,6.2,mixed_forest,NONE,97.3
TMB-WYT,2024-12-01,27.32,234.1,83.6,68.8,26.7,0.0,mixed_forest,NONE,90.6
TMB-WYT,2025-01-01,27.63,308.5,84.1,75.5,33.3,0.0,mixed_forest,NONE,100.0
TMB-WYT,2025-02-01,28.69,264.7,81.2,66.6,38.1,2.6,mixed_forest,NONE,92.1
TMB-WYT,2025-03-01,30.27,203.9,80.0,71.6,36.3,7.0,mixed_forest,NONE,100.0
TMB-WYT,2025-04-01,28.92,160.4,75.8,66.6,42.3,0.0,mixed_forest,NONE,93.1
TMB-WYT,2025-05-01,30.01,115.2,71.4,60.5,34.0,0.0,mixed_forest,NONE,94.2
TMB-WYT,2025-06-01,28.61,79.8,68.9,57.6,35.3,0.0,mixed_forest,NONE,100.0
TMB-XTD,2019-01-01,26.85,294.0,85.9,66.0,11.7,18.0,coastal_habitat,NONE,95.8
TMB-XTD,2019-02-01,28.9,270.6,82.1,67.5,19.3,18.7,coastal_habitat,NONE,99.5
TMB-XTD,2019-03-01,28.47,224.8,83.6,64.5,14.4,18.5,coastal_habitat,NONE,96.6
TMB-XTD,2019-04-01,28.22,179.7,76.5,57.0,21.5,15.1,coastal_habitat,NONE,91.0
TMB-XTD,2019-05-01,28.04,158.0,77.7,55.9,9.3,23.3,coastal_habitat,NONE,93.7
TMB-XTD,2019-06-01,26.73,47.5,74.2,51.0,20.4,16.1,coastal_habitat,NONE,95.6
TMB-XTD,2019-07-01,26.88,58.2,71.6,57.2,28.3,15.3,coastal_habitat,NONE,100.0
TMB-XTD,2019-08-01,26.51,81.0,74.0,54.1,9.3,17.2,coastal_habitat,NONE,93.7
TMB-XTD,2019-09-01,24.63,117.5,71.8,59.2,17.2,9.2,coastal_habitat,NONE,97.1
TMB-XTD,2019-10-01,24.93,154.1,76.2,58.0,7.7,7.6,coastal_habitat,NONE,95.9
TMB-XTD,2019-11-01,26.6,224.9,82.0,61.2,19.2,7.9,coastal_habitat,NONE,100.0
TMB-XTD,2019-12-01,26.09,258.6,79.0,64.2,23.8,9.9,coastal_habitat,NONE,94.8
TMB-XTD,2020-01-01,26.82,316.1,81.0,68.4,20.1,23.8,coastal_habitat,HEAVY_RAIN,95.3
TMB-XTD,2020-02-01,27.73,239.2,82.5,71.0,20.4,19.5,coastal_habitat,NONE,93.5
TMB-XTD,2020-03-01,28.94,252.1,78.2,67.1,21.7,0.0,coastal_habitat,NONE,92.7
TMB-XTD,2020-04-01,28.76,202.3,76.6,55.2,9.5,23.2,coastal_habitat,NONE,90.9
TMB-XTD,2020-05-01,27.6,111.6,74.0,57.7,24.6,20.1,coastal_habitat,NONE,98.4
TMB-XTD,2020-06-01,26.23,99.9,72.9,56.0,21.4,8.3,coastal_habitat,NONE,94.3
TMB-XTD,2020-07-01,27.47,75.8,70.4,52.7,17.1,8.3,coastal_habitat,NONE,98.5
TMB-XTD,2020-08-01,26.27,56.9,76.3,54.2,18.1,0.0,coastal_habitat,NONE,92.9
TMB-XTD,2020-09-01,25.43,127.7,75.3,54.1,25.1,14.3,coastal_habitat,NONE,94.1
TMB-XTD,2020-10-01,25.26,163.0,75.9,50.6,14.2,11.2,coastal_habitat,NONE,93.6
TMB-XTD,2020-11-01,25.48,195.3,87.2,63.2,16.0,17.4,coastal_habitat,NONE,97.5
TMB-XTD,2020-12-01,24.99,229.6,87.7,65.0,26.0,13.5,coastal_habitat,NONE,93.2
TMB-XTD,2021-01-01,27.51,269.4,82.3,71.8,22.0,11.5,coastal_habitat,NONE,93.3
TMB-XTD,2021-02-01,27.58,291.9,89.3,61.7,26.8,3.0,coastal_habitat,NONE,92.4
TMB-XTD,2021-03-01,28.39,245.4,82.5,67.1,29.8,7.2,coastal_habitat,NONE,94.9
TMB-XTD,2021-04-01,29.91,180.7,73.0,53.2,17.5,25.6,coastal_habitat,NONE,94.2
TMB-XTD,2021-05-01,28.32,114.1,74.7,61.3,5.7,14.6,coastal_habitat,NONE,95.9
TMB-XTD,2021-06-01,27.99,77.2,72.2,42.8,16.4,28.2,coastal_habitat,NONE,96.1
TMB-XTD,2021-07-01,27.43,104.9,62.9,54.9,20.3,15.0,coastal_habitat,NONE,91.7
TMB-XTD,2021-08-01,27.08,89.5,72.1,49.7,18.6,21.8,coastal_habitat,NONE,98.5
TMB-XTD,2021-09-01,25.08,35.1,73.4,56.6,27.9,20.6,coastal_habitat,NONE,98.6
TMB-XTD,2021-10-01,25.5,170.2,77.2,58.0,19.1,12.7,coastal_habitat,NONE,97.1
TMB-XTD,2021-11-01,25.86,196.3,82.3,64.6,19.0,10.4,coastal_habitat,NONE,93.1
TMB-XTD,2021-12-01,25.69,269.3,83.1,65.4,11.4,19.9,coastal_habitat,NONE,93.1
TMB-XTD,2022-01-01,27.61,297.8,89.4,68.9,22.0,12.2,coastal_habitat,NONE,94.5
TMB-XTD,2022-02-01,28.18,249.6,83.8,59.2,21.2,17.6,coastal_habitat,NONE,100.0
TMB-XTD,2022-03-01,27.6,229.2,83.7,69.3,16.9,16.1,coastal_habitat,NONE,99.5
TMB-XTD,2022-04-01,28.75,130.6,80.2,61.9,4.8,15.4,coastal_habitat,NONE,96.5
TMB-XTD,2022-05-01,28.74,105.0,74.5,57.7,17.2,25.9,coastal_habitat,NONE,93.4
TMB-XTD,2022-06-01,28.57,75.8,69.3,52.7,15.3,8.6,coastal_habitat,NONE,91.4
TMB-XTD,2022-07-01,27.52,52.3,69.0,54.1,15.4,18.7,coastal_habitat,NONE,92.5
TMB-XTD,2022-08-01,26.38,117.4,67.7,45.7,17.7,23.1,coastal_habitat,NONE,92.7
TMB-XTD,2022-09-01,25.95,91.2,72.8,60.6,17.5,12.4,coastal_habitat,NONE,96.6
TMB-XTD,2022-10-01,25.35,180.5,81.0,53.8,6.1,10.1,coastal_habitat,NONE,96.8
TMB-XTD,2022-11-01,26.63,233.3,84.6,63.2,17.7,19.6,coastal_habitat,NONE,99.7
TMB-XTD,2022-12-01,25.74,271.4,88.8,64.2,20.8,8.9,coastal_habitat,NONE,97.1
TMB-XTD,2023-01-01,26.36,256.4,86.8,73.2,16.6,3.5,coastal_habitat,NONE,97.8
TMB-XTD,2023-02-01,28.07,258.2,88.1,65.3,8.1,7.2,coastal_habitat,NONE,92.0
TMB-XTD,2023-03-01,27.14,239.7,79.9,67.6,24.8,22.1,coastal_habitat,NONE,100.0
TMB-XTD,2023-04-01,28.2,149.9,74.7,59.7,16.6,15.6,coastal_habitat,NONE,99.4
TMB-XTD,2023-05-01,28.54,130.7,68.9,52.0,21.9,26.4,coastal_habitat,NONE,97.5
TMB-XTD,2023-06-01,27.73,106.3,70.6,48.1,22.8,17.3,coastal_habitat,NONE,97.8
TMB-XTD,2023-07-01,26.52,60.4,70.6,58.4,34.5,15.2,coastal_habitat,NONE,93.8
TMB-XTD,2023-08-01,25.86,94.3,75.3,53.1,19.0,6.6,coastal_habitat,NONE,94.1
TMB-XTD,2023-09-01,25.85,110.4,74.8,63.6,15.7,16.3,coastal_habitat,NONE,98.0
TMB-XTD,2023-10-01,25.6,175.7,77.0,67.6,14.8,5.2,coastal_habitat,NONE,93.9
TMB-XTD,2023-11-01,26.0,255.7,81.5,64.2,15.5,22.8,coastal_habitat,NONE,90.5
TMB-XTD,2023-12-01,26.45,254.3,86.7,65.7,21.6,18.0,coastal_habitat,NONE,99.0
TMB-XTD,2024-01-01,26.79,282.3,88.9,62.5,12.6,8.5,coastal_habitat,NONE,92.1
TMB-XTD,2024-02-01,28.16,230.6,86.5,69.5,19.6,13.1,coastal_habitat,NONE,90.2
TMB-XTD,2024-03-01,29.34,216.8,81.4,62.9,19.8,8.2,coastal_habitat,NONE,92.7
TMB-XTD,2024-04-01,29.18,131.4,79.7,61.1,15.5,17.3,coastal_habitat,NONE,94.2
TMB-XTD,2024-05-01,28.09,116.5,72.5,55.5,24.6,23.8,coastal_habitat,NONE,99.0
TMB-XTD,2024-06-01,28.58,92.9,69.3,56.8,23.5,22.9,coastal_habitat,NONE,94.9
TMB-XTD,2024-07-01,26.9,50.9,73.3,53.1,15.3,10.9,coastal_habitat,NONE,95.5
TMB-XTD,2024-08-01,26.12,62.8,68.6,56.2,26.4,21.1,coastal_habitat,NONE,95.6
TMB-XTD,2024-09-01,25.11,158.2,77.3,55.7,16.7,11.4,coastal_habitat,NONE,91.3
TMB-XTD,2024-10-01,25.47,173.4,81.2,53.0,18.4,24.7,coastal_habitat,NONE,99.7
TMB-XTD,2024-11-01,25.76,234.3,82.6,56.8,19.9,22.8,coastal_habitat,NONE,96.7
TMB-XTD,2024-12-01,26.66,190.8,87.7,71.4,24.9,10.7,coastal_habitat,NONE,99.4
TMB-XTD,2025-01-01,26.5,249.3,81.5,67.9,10.6,16.1,coastal_habitat,NONE,96.4
TMB-XTD,2025-02-01,27.95,272.7,83.8,58.6,16.0,17.3,coastal_habitat,NONE,92.0
TMB-XTD,2025-03-01,28.93,231.7,81.6,65.2,19.1,17.2,coastal_habitat,NONE,96.3
TMB-XTD,2025-04-01,28.3,157.6,77.3,65.9,21.6,23.8,coastal_habitat,NONE,98.5
TMB-XTD,2025-05-01,28.07,134.7,71.2,57.6,12.6,17.9,coastal_habitat,NONE,95.1
TMB-XTD,2025-06-01,28.04,97.5,68.6,56.6,15.9,19.7,coastal_habitat,NONE,100.0
